"source_mod","source_file","id","name","Type","culture","subtype","mesh","weight","value","difficulty","appearance","item_category","Armor.material_type","Armor.modifier_group","Armor.head_armor","Armor.body_armor","Armor.arm_armor","Armor.leg_armor","Armor.covers_body","Armor.has_gender_variations","Armor.hair_cover_type","Armor.beard_cover_type","Armor.mane_cover_type","Armor.maneuver_bonus","Armor.speed_bonus","Armor.charge_bonus","Armor.family_type","Armor.reins_mesh","Weapon.weapon_class","Weapon.ammo_class","Weapon.weapon_length","Weapon.thrust_damage","Weapon.thrust_damage_type","Weapon.thrust_speed","Weapon.swing_damage","Weapon.swing_damage_type","Weapon.speed_rating","Weapon.accuracy","Weapon.missile_speed","Weapon.stack_amount","Weapon.modifier_group","Weapon.item_usage","Horse.monster","Horse.maneuver","Horse.speed","Horse.charge_damage","Horse.body_length","Horse.extra_health","Horse.is_mountable","Horse.is_pack_animal","Horse.modifier_group","AmmoOffset","Armor.body_mesh_type","Armor.covers_hands","Armor.covers_head","Armor.covers_legs","Armor.stealth_factor","Armor.tail_cover_type","body_name","Flags.CannotBePickedUp","Flags.Civilian","Flags.DoesNotHideChest","Flags.DropOnAnyAction","Flags.DropOnWeaponChange","Flags.ForceAttachOffHandPrimaryItemBone","Flags.ForceAttachOffHandSecondaryItemBone","Flags.HeldInOffHand","Flags.QuickFadeOut","Flags.Stealth","Flags.UseTeamColor","Flags.WoodenParry","flying_mesh","has_lower_holster_priority","holster_body_name","holster_mesh","holster_mesh_with_weapon","holster_position_shift","Horse.mane_mesh","Horse.skeleton_scale","is_merchandise","IsFood","item_holsters","lod_atlas_index","multiplayer_item","prefab","recalculate_body","shield_body_name","skeleton_name","static_animation_name","tier_override","Trade.morale_bonus","using_tableau","Weapon.ammo_limit","Weapon.body_armor","Weapon.center_of_mass","Weapon.fire_damage","Weapon.flying_sound_code","Weapon.hit_points","Weapon.passby_sound_code","Weapon.physics_material","Weapon.position","Weapon.reload_phase_count","Weapon.rotation","Weapon.rotation_speed","Weapon.sticking_position","Weapon.sticking_rotation","Weapon.trail_particle_name","Weapon.weapon_balance","Weapon.WeaponFlags.AffectsArea","Weapon.WeaponFlags.AffectsAreaBig","Weapon.WeaponFlags.AmmoBreaksOnBounceBack","Weapon.WeaponFlags.AmmoCanBreakOnBounceBack","Weapon.WeaponFlags.AmmoSticksWhenShot","Weapon.WeaponFlags.AttachAmmoToVisual","Weapon.WeaponFlags.AutoReload","Weapon.WeaponFlags.Burning","Weapon.WeaponFlags.CanBeUsedWhileCrouched","Weapon.WeaponFlags.CanBlockRanged","Weapon.WeaponFlags.CanKillEvenIfBlunt","Weapon.WeaponFlags.CanKnockDown","Weapon.WeaponFlags.CanPenetrateShield","Weapon.WeaponFlags.Consumable","Weapon.WeaponFlags.HasHitPoints","Weapon.WeaponFlags.HasString","Weapon.WeaponFlags.LeavesTrail","Weapon.WeaponFlags.MeleeWeapon","Weapon.WeaponFlags.MissileWithPhysics","Weapon.WeaponFlags.MultiplePenetration","Weapon.WeaponFlags.NotUsableWithOneHand","Weapon.WeaponFlags.RangedWeapon","Weapon.WeaponFlags.StringHeldByHand","Weapon.WeaponFlags.TwoHandIdleOnMount","Weapon.WeaponFlags.UnloadWhenSheathed","Weapon.WeaponFlags.UseHandAsThrowBase"
"RBM","RBMCombat_arm_armors.xml","rough_tied_bracers","{=uEPRE33m}Rough Tied Bracers","HandArmor","Culture.battania","","bandit_3_wrist","0.6","","","0.3","","Cloth","cloth","","","21","","","","","","","","","","","","","","","","","","","","","","","","","","","","","","","","","","","","","false","","","","","","","true","","","","","","","","","","","","","","","","","","","","","","","","","","","","","","","","","","","","","","","","","","","","","","","","","","","","","","","","","","","","","","","","","","","","","","","","",""
"RBM","RBMCombat_arm_armors.xml","armwraps","{=oEJnxsQ1}Armwraps","HandArmor","Culture.battania","","battania_armwraps_a","0.2","","0","0.3","","Cloth","cloth","","","22","","","","","","","","","","","","","","","","","","","","","","","","","","","","","","","","","","","","","","","","","","","","true","","","","","","","","true","","","","","","","","","","","","","","","","","","","","","","","","","","","","","","","","","","","","","","","","","","","","","","","","","","","","","","","","","","","","","","","","",""
"RBM","RBMCombat_arm_armors.xml","ragged_armwraps","{=jIwjYOVj}Ragged Armwraps","HandArmor","Culture.battania","","sneak_costume_hand","0.4","","0","0.3","","Cloth","cloth","","","22","","","","","","","","","","","","","","","","","","","","","","","","","","","","","","","","","","","","","false","","","5","","","","true","","","","","","","","","true","","","","","","","","","","","","","","","","","","","","","","","","","","","","","","","","","","","","","","","","","","","","","","","","","","","","","","","","","","","","","","","",""
"RBM","RBMCombat_arm_armors.xml","leather_gloves","{=lIJ1EVBh}Leather Gloves","HandArmor","Culture.neutral_culture","","crossbow_armor_hand","0.4","","","1","","Leather","leather","","","24","","","","","","","","","","","","","","","","","","","","","","","","","","","","","","","","","","","","","true","","","5","","","","true","","","","","","","","true","","","","","","","","","","","","","","","","","","","","","","","","","","","","","","","","","","","","","","","","","","","","","","","","","","","","","","","","","","","","","","","","",""
"RBM","RBMCombat_arm_armors.xml","buttoned_leather_bracers","{=iD0ePqi7}Buttoned Leather Bracers","HandArmor","Culture.battania","","bandit_leather_wristbands","0.5","","","1","","Leather","leather","","","24","","","","","","","","","","","","","","","","","","","","","","","","","","","","","","","","","","","","","false","","","","","","","true","","","","","","","","","","","","","","","","","","","","","","","","","","","","","","","","","","","","","","","","","","","","","","","","","","","","","","","","","","","","","","","","","","","","","","","","",""
"RBM","RBMCombat_arm_armors.xml","roughtied_leather_bracers","{=e4lKZhgv}Roughtied Leather Bracers","HandArmor","Culture.battania","","sea_raider_leather_wristband","0.5","","","1","","Leather","leather","","","24","","","","","","","","","","","","","","","","","","","","","","","","","","","","","","","","","","","","","false","","","","","","","true","","","","","","","","","","","","","","","","","","","","","","","","","","","","","","","","","","","","","","","","","","","","","","","","","","","","","","","","","","","","","","","","","","","","","","","","",""
"RBM","RBMCombat_arm_armors.xml","eastern_wrapped_armguards","{=b2EDkbhD}Wrapped Armguards","HandArmor","Culture.khuzait","","plated_leather_armor_glove_a","0.3","","","1","","Cloth","cloth","","","25","","","","","","","","","","","","","","","","","","","","","","","","","","","","","","","","","","","","","false","","","5","","","","true","","","","","","","","true","","","","","","","","","","","","","","","","","","","","","","","","","","","","","","","","","","","","","","","","","","","","","","","","","","","","","","","","","","","","","","","","",""
"RBM","RBMCombat_arm_armors.xml","guarded_armwraps","{=a1BGHdaU}Guarded Armwraps","HandArmor","Culture.battania","","battania_armwraps_b","0.4","","0","0.4","","Cloth","cloth","","","25","","","","","","","","","","","","","","","","","","","","","","","","","","","","","","","","","","","","","","","","5","","","","true","","","","","","","","true","","","","","","","","","","","","","","","","","","","","","","","","","","","","","","","","","","","","","","","","","","","","","","","","","","","","","","","","","","","","","","","","",""
"RBM","RBMCombat_arm_armors.xml","studded_vambraces","{=8uBew3nD}Studded Vambraces","HandArmor","Culture.khuzait","","bandit_1_wristband","0.7","","0","1","","Leather","leather","","","25","","","","","","","","","","","","","","","","","","","","","","","","","","","","","","","","","","","","","false","","","","","","","","","","","","","","","","","","","","","","","","","","","","","","","","","","","","","","","","","","","","","","","","","","","","","","","","","","","","","","","","","","","","","","","","","","","","","","","",""
"RBM","RBMCombat_arm_armors.xml","strapped_leather_bracers","{=DOYS7dmq}Strapped Leather Bracers","HandArmor","Culture.battania","","bandit_10_wristband","0.5","","","0.4","","Leather","leather","","","25","","","","","","","","","","","","","","","","","","","","","","","","","","","","","","","","","","","","","false","","","5","","","","true","","","","","","","","true","","","","","","","","","","","","","","","","","","","","","","","","","","","","","","","","","","","","","","","","","","","","","","","","","","","","","","","","","","","","","","","","",""
"RBM","RBMCombat_arm_armors.xml","padded_vambrace","{=MamotK0a}Padded Vambraces","HandArmor","Culture.neutral_culture","","padded_vambrace_a","0.1","","0","1","","Cloth","cloth","","","26","","","","","","","","","","","","","","","","","","","","","","","","","","","","","","","","","","","","","","","","10","","","","","","","","","","","","true","","","","","","","","","","","","","","","","","","","","","","","","","","","","","","","","","","","","","","","","","","","","","","","","","","","","","","","","","","","","","","","","",""
"RBM","RBMCombat_arm_armors.xml","woven_leather_bracers","{=fUmehyHq}Woven Leather Bracers","HandArmor","Culture.empire","","vlandia_leather_stripes_bracers","0.8","","","1","","Leather","leather","","","26","","","","","","","","","","","","","","","","","","","","","","","","","","","","","","","","","","","","","false","","","","","","","","","","","","","","","","","","","","","","","","","","","","","","","","","","","","","","","","","","","","","","","","","","","","","","","","","","","","","","","","","","","","","","","","","","","","","","","",""
"RBM","RBMCombat_arm_armors.xml","guarded_padded_vambrace","{=whvMZZba}Guarded Padded Vambraces","HandArmor","Culture.aserai","","padded_vambrace_a_handguard","0.6","","0","1","","Cloth","cloth","","","29","","","","","","","","","","","","","","","","","","","","","","","","","","","","","","","","","","","","","","","","10","","","","true","","","","","","","","true","","","","","","","","","","","","","","","","","","","","","","","","","","","","","","","","","","","","","","","","","","","","","","","","","","","","","","","","","","","","","","","","",""
"RBM","RBMCombat_arm_armors.xml","highland_gloves","{=4HcrY0S2}Fur Rimmed Leather Gloves","HandArmor","Culture.battania","","pict_armor_glove","0.8","","0","1","","Leather","leather","","","30","","","","","","","","","","","","","","","","","","","","","","","","","","","","","","","","","","","","","true","","","10","","","","true","","","","","","","","true","","","","","","","","","","","","","","","","","","","","","","","","","","","","","","","","","","","","","","","","","","","","","","","","","","","","","","","","","","","","","","","","",""
"RBM","RBMCombat_arm_armors.xml","padded_mitten","{=J3YHMkL3}Padded Mittens","HandArmor","Culture.empire","","padded_vambrace_a_mitten","0.6","","0","1","","Cloth","cloth","","","31","","","","","","","","","","","","","","","","","","","","","","","","","","","","","","","","","","","","","true","","","","","","","true","","","","","","","","","","","","","","","","","","","","","","","","","","","","","","","","","","","","","","","","","","","","","","","","","","","","","","","","","","","","","","","","","","","","","","","","",""
"RBM","RBMCombat_arm_armors.xml","studded_leather_vambraces","{=bxa4JHlU}Studded Leather Vambraces","HandArmor","Culture.khuzait","","crossbow_armor_leather_hand_a","0.9","","","1","","Leather","leather","","","32","","","","","","","","","","","","","","","","","","","","","","","","","","","","","","","","","","","","","false","","","","","","","","","","","","","","","","","","","","","","","","","","","","","","","","","","","","","","","","","","","","","","","","","","","","","","","","","","","","","","","","","","","","","","","","","","","","","","","",""
"RBM","RBMCombat_arm_armors.xml","steppe_leather_vambraces","{=LoUxaFeE}Leather Vambraces","HandArmor","Culture.khuzait","","khuzait_leather_armor_hand","0.5","","","1","","Leather","leather","","","32","","","","","","","","","","","","","","","","","","","","","","","","","","","","","","","","","","","","","false","","","","","","","true","","","","","","","","","","","","","","","","","","","","","","","","","","","","","","","","","","","","","","","","","","","","","","","","","","","","","","","","","","","","","","","","","","","","","","","","",""
"RBM","RBMCombat_arm_armors.xml","lordly_padded_mitten","{=t01v8qW7}Lordly Padded Mittens","HandArmor","Culture.empire","","padded_vambrace_a_lordly","1.3","","0","0.7","","Cloth","cloth","","","32","","","","","","","","","","","","","","","","","","","","","","","","","","","","","","","","","","","","","true","","","","","","","","","","","","","","","","","","","","","","","","","","","","","","","","","","","","","","","","","","","","","","","","","","","","","","","","","","","","","","","","","","","","","","","","","","","","","","","",""
"RBM","RBMCombat_arm_armors.xml","reinforced_padded_mitten","{=PLtQdf23}Reinforced Padded Mittens","HandArmor","Culture.empire","","padded_vambrace_a_reinforced","0.9","","0","2","","Cloth","cloth","","","37","","","","","","","","","","","","","","","","","","","","","","","","","","","","","","","","","","","","","true","","","","","","","","","","","","","","","","","","","","","","","","","","","","","","","","","","","","","","","","","","","","","","","","","","","","","","","","","","","","","","","","","","","","","","","","","","","","","","","",""
"RBM","RBMCombat_arm_armors.xml","battania_noble_bracers","{=wLAL9NRB}Fian Bracers","HandArmor","Culture.battania","","battania_noble_bracers","0.6","","0","3","","Leather","leather","","","39","","","","","","","","","","","","","","","","","","","","","","","","","","","","","","","","","","","","","true","","","","","","","true","","","","","","","","","","","","","","","","","","","","","","","","","","","","","","","","","","","","","","","","","","","","","","","","","","","","","","","","","","","","","","","","","","","","","","","","",""
"RBM","RBMCombat_arm_armors.xml","reinforced_leather_vambraces","{=2Ilvjlz9}Splint Vambraces","HandArmor","Culture.vlandia","","crossbow_armor_leather_hand_b","1","","","2","","Plate","plate","","","40","","","","","","","","","","","","","","","","","","","","","","","","","","","","","","","","","","","","","false","","","","","","","","","","","","","","","","","","","","","","","","","","","","","","","","","","","","","","","","","","","","","","","","","","","","","","","","","","","","","","","","","","","","","","","","","","","","","","","",""
"RBM","RBMCombat_arm_armors.xml","northern_brass_bracers","{=Xrb43Fv4}Bronze Bracers","HandArmor","Culture.sturgia","","sturgia_leather_brass_bracer","1.3","","","1.6","","Plate","plate","","","41","","","","","","","","","","","","","","","","","","","","","","","","","","","","","","","","","","","","","false","","","","","","","true","","","","","","","","","","","","","","","","","","","","","","","","","","","","","","","","","","","","","","","","","","","","","","","","","","","","","","","","","","","","","","","","","","","","","","","","",""
"RBM","RBMCombat_arm_armors.xml","plated_strip_gauntlets","{=ulaMq9HL}Plated Striped Vambraces","HandArmor","Culture.empire","","empire_plated_gauntlets","1.4","","","1.3","","Plate","plate","","","42","","","","","","","","","","","","","","","","","","","","","","","","","","","","","","","","","","","","","false","","","","","","","","","","","","","","","","","","","","","","","","","","","","","","","","","","","","","","","","","","","","","","","","","","","","","","","","","","","","","","","","","","","","","","","","","","","","","","","",""
"RBM","RBMCombat_arm_armors.xml","eastern_plated_leather_vambraces","{=mvTueU1y}Plated Leather Vambraces","HandArmor","Culture.khuzait","","plated_leather_armor_glove_b","1.7","","","1","","Plate","plate","","","44","","","","","","","","","","","","","","","","","","","","","","","","","","","","","","","","","","","","","false","","","10","","","","","","","","","","","","true","","","","","","","","","","","","","","","","","","","","","","","","","","","","","","","","","","","","","","","","","","","","","","","","","","","","","","","","","","","","","","","","",""
"RBM","RBMCombat_arm_armors.xml","mail_mitten","{=g51zVsKU}Mail Mittens","HandArmor","Culture.vlandia","","mail_mitten_c","1.4","","0","1.6","","Chainmail","chain","","","45","","","","","","","","","","","","","","","","","","","","","","","","","","","","","","","","","","","","","true","","","","","","","","","","","","","","","","","","","","","","","","","","","","","","","","","","","","","","","","","","","","","","","","","","","","","","","","","","","","","","","","","","","","","","","","","","","","","","","",""
"RBM","RBMCombat_arm_armors.xml","reinforced_mail_mitten","{=dPQGxmJ7}Reinforced Mail Mittens","HandArmor","Culture.vlandia","","mail_mitten_b","1.6","","0","3","","Chainmail","chain","","","48","","","","","","","","","","","","","","","","","","","","","","","","","","","","","","","","","","","","","true","","","","","","","","","","","","","","","","","","","","","","","","","","","","","","","","","","","","","","","","","","","","","","","","","","","","","","","","","","","","","","","","","","","","","","","","","","","","","","","",""
"RBM","RBMCombat_arm_armors.xml","battania_warlord_bracers","{=I0vRCZ7U}Scale Warlord Bracers","HandArmor","Culture.battania","","battania_warlord_bracers","1.5","","0","3","","Plate","plate","","","50","","","","","","","","","","","","","","","","","","","","","","","","","","","","","","","","","","","","","true","","","","","","","","","","","","","","","","","","","","","","","","","","","","","","","","","","","","","","","","","","","","","","","","","","","","","","","","","","","","","","","","","","","","","","","","","","","","","","","",""
"RBM","RBMCombat_arm_armors.xml","decorated_imperial_gauntlets","{=2XEbqNQz}Decorated Imperial Gauntlets","HandArmor","Culture.empire","","empire_plate_armor_gauntlets","1.5","","","3","","Plate","plate","","","50","","","","","","","","","","","","","","","","","","","","","","","","","","","","","","","","","","","","","true","","","","","","","true","","","","","","","","","","","","","","","","","","","","","","","","","","","","","","","","","","","","","","","","","","","","","","","","","","","","","","","","","","","","","","","","","","","","","","","","",""
"RBM","RBMCombat_arm_armors.xml","northern_plated_gloves","{=G8FQ2exX}Plate Reinforced Gloves","HandArmor","Culture.sturgia","","sturgia_plate_gauntlet","1.5","","","2","","Plate","plate","","","56","","","","","","","","","","","","","","","","","","","","","","","","","","","","","","","","","","","","","true","","","","","","","","","","","","","","","","","","","","","","","","","","","","","","","","","","","","","","","","","","","","","","","","","","","","","","","","","","","","","","","","","","","","","","","","","","","","","","","",""
"RBM","RBMCombat_arm_armors.xml","lordly_mail_mitten","{=VDMkVMxt}Heavy Mail Mittens","HandArmor","Culture.vlandia","","mail_mitten_a","1.7","","","3","","Chainmail","chain","","","60","","","","","","","","","","","","","","","","","","","","","","","","","","","","","","","","","","","","","true","","","","","","","","","","","","","","","","","","","","","","","","","","","","","","","","","","","","","","","","","","","","","","","","","","","","","","","","","","","","","","","","","","","","","","","","","","","","","","","",""
"RBM","RBMCombat_arm_armors.xml","lamellar_plate_gauntlets","{=XGX6DbFL}Lamellar Plate Gauntlets","HandArmor","Culture.empire","","imperial_gauntlets","1.8","","","3","","Plate","plate","","","63","","","","","","","","","","","","","","","","","","","","","","","","","","","","","","","","","","","","","true","","","","","","","","","","","","","","","","","","","","","","","","","","","","","","","","","","","","","","","","","","","","","","","","","","","","","","","","","","","","","","","","","","","","","","","","","","","","","","","",""
"RBM","RBMCombat_arm_armors.xml","khuzait_heavy_armor_bracer","{=NfFAgMUE}Khan's Plated Bracers","HandArmor","Culture.vlandia","","khuzait_heavy_armor_bracer","2.2","","","7","","Plate","plate","","","38","","","","","","","","","","","","","","","","","","","","","","","","","","","","","","","","","","","","","false","","","","","","","","","","","","","","","","","","","","","","","","","","","","","","","","","","","","","","","","","","","","","","","","","","","","","","","","","","","","","","","","","","","","","","","","","","","","","","","",""
"RBM","RBMCombat_arrow_visuals.xml","tournament_arrows","{=RBM_ARR_001}Flight Arrows 30 grams","Arrows","","","arrow_bl_i","0.03","","","1","","","","","","","","","","","","","","","","","","Arrow","","97","115","Cut","0","","","0","","30","30","arrow","arrow_right","","","","","","","","","","","","","","","","","bo_capsule_arrow","","true","","","","","","","","true","","","arrow_bl_flying","","bo_axe_short","arrow_bl_i_quiver","arrow_bl_i_quiver","0.0,0.0,0.15","","","true","","quiver_back_middle:quiver_bolts:quiver_bolts_2","","","","","","","","","","","","","0,0,0","","","","event:/mission/combat/missile/passby","missile","","","0, -80, 25","","0,-0.97,0","90,0,0","","","","","true","","true","","","","","","","","","true","","","","","","","","","","","",""
"RBM","RBMCombat_arrow_visuals.xml","range_arrows","{=RBM_ARR_002}Barbed Head Arrows 40 grams","Arrows","","","arrow_bl_i","0.04","","","1","","","","","","","","","","","","","","","","","","Arrow","","97","115","Cut","0","","","0","","40","30","arrow","arrow_right","","","","","","","","","","","","","","","","","bo_capsule_arrow","","true","","","","","","","","true","","","arrow_bl_flying","","bo_arrow_bl_i_quiver","arrow_bl_i_quiver","arrow_bl_i_quiver","0.0,0.0,0.15","","","true","","quiver_back_middle:quiver_bolts_2:quiver_bolts","","","","","","","","","","","","","0,0,0","","","","event:/mission/combat/missile/passby","missile","","","0, -80, 25","","0,-0.97,0","90,0,0","","","","","true","","true","","","","","","","","","true","","","","","","","","","","","",""
"RBM","RBMCombat_arrow_visuals.xml","steppe_arrows","{=RBM_ARR_003}Needle Bodkin Arrows 40 grams","Arrows","","","arrow_bl_d","0.04","","","1","","","","","","","","","","","","","","","","","","Arrow","","97","100","Pierce","0","","","0","","40","30","arrow","arrow_right","","","","","","","","","","","","","","","","","bo_capsule_arrow","","true","","","","","","","","","","","arrow_bl_flying","","bo_arrow_bl_e_quiver","arrow_bl_e_quiver","arrow_bl_e_quiver","0.0,0.0,-0.0","","","true","","quiver_back_lower:quiver_back_lower_2","","","","","","","","","","","","","0,0,0","","","","event:/mission/combat/missile/passby","missile","","","0, -80, 25","","0,-0.97,0","90,0,0","","","","","true","","true","","","","","","","","","true","","","","","","","","","","","",""
"RBM","RBMCombat_arrow_visuals.xml","tournament_bolts","{=RBM_ARR_004}Barbed Head Bolts 50 grams","Bolts","","","bolt_bl_c","0.05","","","1","","","","","","","","","","","","","","","","","","Bolt","","47","115","Cut","0","","","0","","30","30","bolt","","","","","","","","","","","","","","","","","","bo_capsule_arrow","","true","","","","true","","","","true","","","bolt_bl_flying","","bo_bolt_bl_a_quiver","bolt_bl_a_quiver","bolt_bl_a_quiver","","","","true","","quiver_bolts:quiver_bolts_2:quiver_back_middle:quiver_back_top","","","","","","","","","","","","","0,0,0","","","","event:/mission/combat/missile/passby","missile","","","180, 0, 0","","0,-0.47,0","90,0,0","","","","","true","","true","true","","","","","","","","true","","","","","","","","","","","",""
"RBM","RBMCombat_arrow_visuals.xml","bodkin_arrows_c","{=RBM_ARR_005}Needle Bodkin Arrows 50 grams","Arrows","","","arrow_bl_d","0.05","","","1","","","","","","","","","","","","","","","","","","Arrow","","97","100","Pierce","0","","","0","","50","30","arrow","arrow_right","","","","","","","","","","","","","","","","","bo_capsule_arrow","","true","","","","","","","","true","","","arrow_bl_flying","","bo_arrow_bl_d_quiver","arrow_bl_d_quiver","arrow_bl_d_quiver","0.0,0.0,0.15","","","true","","quiver_back_middle:quiver_bolts_2:quiver_bolts","","","","","","","","","","","","","0,0,0","","","","event:/mission/combat/missile/passby","missile","","","0, -80, 25","","0,-0.97,0","90,0,0","","","","","true","","true","","","","","","","","","true","","","","","","","","","","","",""
"RBM","RBMCombat_arrow_visuals.xml","default_arrows","{=RBM_ARR_006}Barbed Head Arrows 50 grams","Arrows","","","arrow_bl_i","0.05","","","1","","","","","","","","","","","","","","","","","","Arrow","","97","115","Cut","0","","","0","","50","30","arrow","arrow_right","","","","","","","","","","","","","","","","","bo_capsule_arrow","","true","","","","","","","","true","","","arrow_bl_flying","","bo_axe_short","arrow_bl_i_quiver","arrow_bl_i_quiver","0.0,0.0,0.15","","","true","","quiver_back_middle:quiver_bolts_2:quiver_bolts","","","","","","","","","","","","","0,0,0","","","","event:/mission/combat/missile/passby","missile","","","0, -80, 25","","0,-0.97,0","90,0,0","","","","","true","","true","","","","","","","","","true","","","","","","","","","","","",""
"RBM","RBMCombat_arrow_visuals.xml","bolt_e","{=RBM_ARR_007}Needle Bodkin Bolts 60 grams","Bolts","","","bolt_bl_e","0.06","","","1","","","","","","","","","","","","","","","","","","Bolt","","37","100","Pierce","0","","","0","","40","30","bolt","","","","","","","","","","","","","","","","","","bo_capsule_arrow","","true","","","","true","","","","true","","","bolt_bl_flying","","bo_bolt_bl_e_quiver","bolt_bl_e_quiver","bolt_bl_e_quiver","","","","true","","quiver_bolts:quiver_bolts_2:quiver_back_middle:quiver_back_top","","","","","","","","","","","","","0,0,0","","","","event:/mission/combat/missile/passby","missile","","","180, 0, 0","","0,-0.47,0","90,0,0","","","","","true","","true","true","","","","","","","","true","","","","","","","","","","","",""
"RBM","RBMCombat_arrow_visuals.xml","barbed_arrows","{=RBM_ARR_008}Barbed Head Arrows 60 grams","Arrows","","","arrow_bl_g","0.06","","","1","","","","","","","","","","","","","","","","","","Arrow","","97","115","Cut","0","","","0","","60","30","arrow","arrow_right","","","","","","","","","","","","","","","","","bo_capsule_arrow","","true","","","","","","","","true","","","arrow_bl_flying","","bo_axe_short","arrow_bl_h_quiver","arrow_bl_h_quiver","0.0,0.0,0.15","","","true","","quiver_back_middle:quiver_bolts_2:quiver_bolts","","","","","","","","","","","","","0,0,0","","","","event:/mission/combat/missile/passby","missile","","","0, -80, 25","","0,-0.97,0","90,0,0","","","","","true","","true","","","","","","","","","true","","","","","","","","","","","",""
"RBM","RBMCombat_arrow_visuals.xml","heavy_steppe_arrows","{=RBM_ARR_009}Needle Bodkin Arrows 60 grams","Arrows","","","arrow_bl_d","0.06","","","1","","","","","","","","","","","","","","","","","","Arrow","","97","100","Pierce","0","","","0","","60","30","arrow","arrow_right","","","","","","","","","","","","","","","","","bo_capsule_arrow","","true","","","","","","","","true","","","arrow_bl_flying","","bo_arrow_bl_f_quiver","arrow_bl_f_quiver","arrow_bl_f_quiver","0.0,0.0,-0.0","","","true","","quiver_back_lower:quiver_back_lower_2","","","","","","","","","","","","","0,0,0","","","","event:/mission/combat/missile/passby","missile","","","0, -80, 25","","0,-0.97,0","90,0,0","","","","","true","","true","","","","","","","","","true","","","","","","","","","","","",""
"RBM","RBMCombat_arrow_visuals.xml","bodkin_arrows_b","{=RBM_ARR_010}Needle Bodkin Arrows 70 grams","Arrows","","","arrow_bl_c","0.07","","","1","","","","","","","","","","","","","","","","","","Arrow","","97","100","Pierce","0","","","0","","70","30","arrow","arrow_right","","","","","","","","","","","","","","","","","bo_capsule_arrow","","true","","","","","","","","","","","arrow_bl_flying","","bo_arrow_bl_c_quiver","arrow_bl_c_quiver","arrow_bl_c_quiver","0.0,0.0,0.15","","","true","","quiver_back_middle:quiver_bolts_2:quiver_bolts","","","","","","","","","","","","","0,0,0","","","","event:/mission/combat/missile/passby","missile","","","0, -80, 25","","0,-0.97,0","90,0,0","","","","","true","","true","","","","","","","","","true","","","","","","","","","","","",""
"RBM","RBMCombat_arrow_visuals.xml","bolt_d","{=RBM_ARR_011}Needle Bodkin Bolts 75 grams","Bolts","","","bolt_bl_e","0.075","","","1","","","","","","","","","","","","","","","","","","Bolt","","37","100","Pierce","0","","","0","","50","30","bolt","","","","","","","","","","","","","","","","","","bo_capsule_arrow","","true","","","","true","","","","","","","bolt_bl_flying","","bo_bolt_bl_d_quiver","bolt_bl_d_quiver","bolt_bl_d_quiver","","","","true","","quiver_bolts:quiver_bolts_2:quiver_back_middle:quiver_back_top","","","","","","","","","","","","","0,0,0","","","","event:/mission/combat/missile/passby","missile","","","180, 0, 0","","0,-0.47,0","90,0,0","","","","","true","","true","true","","","","","","","","true","","","","","","","","","","","",""
"RBM","RBMCombat_arrow_visuals.xml","vlandic_arrows","{=RBM_ARR_012}Needle Bodkin Arrows 80 grams","Arrows","","","arrow_bl_c","0.08","","","1","","","","","","","","","","","","","","","","","","Arrow","","97","100","Pierce","0","","","0","","80","30","arrow","arrow_top","","","","","","","","","","","","","","","","","bo_capsule_arrow","","true","","","","","","","","","","","arrow_bl_flying","","bo_arrow_bl_g_quiver","arrow_bl_g_quiver","arrow_bl_g_quiver","0,0,0.1","","","true","","quiver_back_top:quiver_back_top_2","","","","","","","","","","","","","0,0,0","","","","event:/mission/combat/missile/passby","missile","","","0, -80, 25","","0,-0.97,0","90,0,0","","","","","true","","true","","","","","","","","","true","","","","","","","","","","","",""
"RBM","RBMCombat_arrow_visuals.xml","bolt_c","{=RBM_ARR_013}Needle Bodkin Bolts 90 grams","Bolts","","","bolt_bl_d","0.09","","","1","","","","","","","","","","","","","","","","","","Bolt","","37","100","Pierce","0","","","0","","65","30","bolt","","","","","","","","","","","","","","","","","","bo_capsule_arrow","","true","","","","true","","","","","","","bolt_bl_flying","","bo_bolt_bl_c_quiver","bolt_bl_c_quiver","bolt_bl_c_quiver","","","","true","","quiver_bolts:quiver_bolts_2:quiver_back_middle:quiver_back_top","","","","","","","","","","","","","0,0,0","","","","event:/mission/combat/missile/passby","missile","","","180, 0, 0","","0,-0.47,0","90,0,0","","","","","true","","true","true","","","","","","","","true","","","","","","","","","","","",""
"RBM","RBMCombat_arrow_visuals.xml","bodkin_arrows_a","{=RBM_ARR_014}Needle Bodkin Arrows 90 grams","Arrows","","","arrow_bl_b","0.09","","","1","","","","","","","","","","","","","","","","","","Arrow","","97","100","Pierce","0","","","0","","90","30","arrow","arrow_right","","","","","","","","","","","","","","","","","bo_capsule_arrow","","true","","","","","","","","","","","arrow_bl_flying","","bo_arrow_bl_b_quiver","arrow_bl_b_quiver","arrow_bl_b_quiver","0.0,0.0,0.15","","","true","","quiver_back_middle:quiver_bolts_2:quiver_bolts","","","","","","","","","","","","","0,0,0","","","","event:/mission/combat/missile/passby","missile","","","0, -80, 25","","0,-0.97,0","90,0,0","","","","","true","","true","","","","","","","","","true","","","","","","","","","","","",""
"RBM","RBMCombat_arrow_visuals.xml","arrow_emp_1_a","{=RBM_ARR_015}Needle Bodkin Arrows 100 grams","Arrows","","","arrow_bl_b","0.1","","","1","","","","","","","","","","","","","","","","","","Arrow","","97","100","Pierce","0","","","0","","100","30","arrow","arrow_top","","","","","","","","","","","","","","","","","bo_capsule_arrow","","true","","","","","","","","","","","arrow_bl_flying","","bo_axe_short","quiver_roman_a","quiver_roman_a","0.0,0.0,0.1","","","true","","quiver_back_top:quiver_back_top_2","","","","","","","","","","","","","0,0,0","","","","event:/mission/combat/missile/passby","missile","","","0, -80, 25","","0,-0.97,0","90,0,0","","","","","true","","true","","","","","","","","","true","","","","","","","","","","","",""
"RBM","RBMCombat_arrow_visuals.xml","piercing_arrows","{=RBM_ARR_016}Heavy Needle Bodkin Arrows 110 grams","Arrows","","","arrow_bl_b","0.11","","","1","","","","","","","","","","","","","","","","","","Arrow","","97","100","Pierce","0","","","0","","110","30","arrow","arrow_right","","","","","","","","","","","","","","","","","bo_capsule_arrow","","true","","","","","","","","","","","arrow_bl_flying","","bo_arrow_bl_a_quiver","arrow_bl_a_quiver","arrow_bl_a_quiver","0.0,0.0,0.15","","","true","","quiver_back_middle:quiver_bolts_2:quiver_bolts","","","","","","","","","","","","","0,0,0","","","","event:/mission/combat/missile/passby","missile","","","0, -80, 25","","0,-0.97,0","90,0,0","","","","","true","","true","","","","","","","","","true","","","","","","","","","","","",""
"RBM","RBMCombat_arrow_visuals.xml","bolt_b","{=RBM_ARR_017}Heavy Needle Bodkin Bolts 120 grams","Bolts","","","bolt_bl_d","0.12","","","1","","","","","","","","","","","","","","","","","","Bolt","","47","100","Pierce","0","","","0","","80","30","bolt","","","","","","","","","","","","","","","","","","bo_capsule_arrow","","true","","","","true","","","","","","","bolt_bl_flying","","bo_bolt_bl_b_quiver","bolt_bl_b_quiver","bolt_bl_b_quiver","","","","true","","quiver_bolts:quiver_bolts_2:quiver_back_middle:quiver_back_top","","","","","","","","","","","","","0,0,0","","","","event:/mission/combat/missile/passby","missile","","","180, 0, 0","","0,-0.47,0","90,0,0","","","","","true","","true","true","","","","","","","","true","","","","","","","","","","","",""
"RBM","RBMCombat_arrow_visuals.xml","blunt_arrows","{=RBM_ARR_018}Very Heavy Needle Bodkin Arrows 125 grams","Arrows","","","arrow_bl_b","0.125","","","1","","","","","","","","","","","","","","","","","","Arrow","","97","100","Pierce","0","","","0","","120","30","arrow","arrow_right","","","","","","","","","","","","","","","","","bo_capsule_arrow","","true","","","","","","","","","","","arrow_bl_flying","","bo_axe_short","arrow_bl_i_quiver","arrow_bl_i_quiver","0.0,0.0,0.15","","","true","","quiver_back_middle:quiver_back_top:quiver_bolts:quiver_bolts_2","","","","","","","","","","","","","0,0,0","","","","event:/mission/combat/missile/passby","missile","","","0, -80, 25","","0,-0.95,0","90,0,0","","","","","true","","true","","","","","","","","","true","","","","","","","","","","","",""
"RBM","RBMCombat_arrow_visuals.xml","bolt_a","{=RBM_ARR_019}Very Heavy Needle Bodkin Bolts 150 grams","Bolts","","","bolt_bl_d","0.15","","","1","","","","","","","","","","","","","","","","","","Bolt","","47","100","Pierce","0","","","0","","95","30","bolt","","","","","","","","","","","","","","","","","","bo_capsule_arrow","","true","","","","true","","","","","","","bolt_bl_flying","","bo_axe_short","bolt_bl_a_quiver","bolt_bl_a_quiver","","","","true","","quiver_bolts:quiver_bolts_2:quiver_back_middle:quiver_back_top","","","","","","","","","","","","","0,0,0","","","","event:/mission/combat/missile/passby","missile","","","180, 0, 0","","0,-0.47,0","90,0,0","","","","","true","","true","true","","","","","","","","true","","","","","","","","","","","",""
"RBM","RBMCombat_arrow_visuals.xml","GRE_tournament_arrows","{=RBM_ARR_020}Greased Flight Arrows 30 grams","Arrows","","","arrow_bl_i","0.03","","","1","","","","","","","","","","","","","","","","","","Arrow","","97","125","Cut","0","","","0","","30","30","arrow","arrow_right","","","","","","","","","","","","","","","","","bo_capsule_arrow","","true","","","","","","","","true","","","arrow_bl_flying","","bo_axe_short","arrow_bl_i_quiver","arrow_bl_i_quiver","0.0,0.0,0.15","","","true","","quiver_back_middle:quiver_bolts:quiver_bolts_2","","","","","","","","","","","","","0,0,0","","","","event:/mission/combat/missile/passby","missile","","","0, -80, 25","","0,-0.97,0","90,0,0","","","","","true","","true","","","","","","","","","true","","","","","","","","","","","",""
"RBM","RBMCombat_arrow_visuals.xml","GRE_range_arrows","{=RBM_ARR_021}Greased Barbed Head Arrows 40 grams","Arrows","","","arrow_bl_i","0.04","","","1","","","","","","","","","","","","","","","","","","Arrow","","97","125","Cut","0","","","0","","40","30","arrow","arrow_right","","","","","","","","","","","","","","","","","bo_capsule_arrow","","true","","","","","","","","true","","","arrow_bl_flying","","bo_arrow_bl_i_quiver","arrow_bl_i_quiver","arrow_bl_i_quiver","0.0,0.0,0.15","","","true","","quiver_back_middle:quiver_bolts_2:quiver_bolts","","","","","","","","","","","","","0,0,0","","","","event:/mission/combat/missile/passby","missile","","","0, -80, 25","","0,-0.97,0","90,0,0","","","","","true","","true","","","","","","","","","true","","","","","","","","","","","",""
"RBM","RBMCombat_arrow_visuals.xml","GRE_steppe_arrows","{=RBM_ARR_022}Greased Needle Bodkin Arrows 40 grams","Arrows","","","arrow_bl_d","0.04","","","1","","","","","","","","","","","","","","","","","","Arrow","","97","110","Pierce","0","","","0","","40","30","arrow","arrow_right","","","","","","","","","","","","","","","","","bo_capsule_arrow","","true","","","","","","","","true","","","arrow_bl_flying","","bo_arrow_bl_e_quiver","arrow_bl_e_quiver","arrow_bl_e_quiver","0.0,0.0,-0.0","","","true","","quiver_back_lower:quiver_back_lower_2","","","","","","","","","","","","","0,0,0","","","","event:/mission/combat/missile/passby","missile","","","0, -80, 25","","0,-0.97,0","90,0,0","","","","","true","","true","","","","","","","","","true","","","","","","","","","","","",""
"RBM","RBMCombat_arrow_visuals.xml","GRE_tournament_bolts","{=RBM_ARR_023}Greased Barbed Head Bolts 50 grams","Bolts","","","bolt_bl_c","0.05","","","1","","","","","","","","","","","","","","","","","","Bolt","","47","125","Cut","0","","","0","","30","30","bolt","","","","","","","","","","","","","","","","","","bo_capsule_arrow","","true","","","","true","","","","true","","","bolt_bl_flying","","bo_bolt_bl_a_quiver","bolt_bl_a_quiver","bolt_bl_a_quiver","","","","true","","quiver_bolts:quiver_bolts_2:quiver_back_middle:quiver_back_top","","","","","","","","","","","","","0,0,0","","","","event:/mission/combat/missile/passby","missile","","","180, 0, 0","","0,-0.47,0","90,0,0","","","","","true","","true","true","","","","","","","","true","","","","","","","","","","","",""
"RBM","RBMCombat_arrow_visuals.xml","GRE_bodkin_arrows_c","{=RBM_ARR_024}Greased Needle Bodkin Arrows 50 grams","Arrows","","","arrow_bl_d","0.05","","","1","","","","","","","","","","","","","","","","","","Arrow","","97","110","Pierce","0","","","0","","50","30","arrow","arrow_right","","","","","","","","","","","","","","","","","bo_capsule_arrow","","true","","","","","","","","true","","","arrow_bl_flying","","bo_arrow_bl_d_quiver","arrow_bl_d_quiver","arrow_bl_d_quiver","0.0,0.0,0.15","","","true","","quiver_back_middle:quiver_bolts_2:quiver_bolts","","","","","","","","","","","","","0,0,0","","","","event:/mission/combat/missile/passby","missile","","","0, -80, 25","","0,-0.97,0","90,0,0","","","","","true","","true","","","","","","","","","true","","","","","","","","","","","",""
"RBM","RBMCombat_arrow_visuals.xml","GRE_default_arrows","{=RBM_ARR_025}Greased Barbed Head Arrows 50 grams","Arrows","","","arrow_bl_i","0.05","","","1","","","","","","","","","","","","","","","","","","Arrow","","97","125","Cut","0","","","0","","50","30","arrow","arrow_right","","","","","","","","","","","","","","","","","bo_capsule_arrow","","true","","","","","","","","true","","","arrow_bl_flying","","bo_axe_short","arrow_bl_i_quiver","arrow_bl_i_quiver","0.0,0.0,0.15","","","true","","quiver_back_middle:quiver_bolts_2:quiver_bolts","","","","","","","","","","","","","0,0,0","","","","event:/mission/combat/missile/passby","missile","","","0, -80, 25","","0,-0.97,0","90,0,0","","","","","true","","true","","","","","","","","","true","","","","","","","","","","","",""
"RBM","RBMCombat_arrow_visuals.xml","GRE_bolt_e","{=RBM_ARR_026}Greased Needle Bodkin Bolts 60 grams","Bolts","","","bolt_bl_e","0.06","","","1","","","","","","","","","","","","","","","","","","Bolt","","37","110","Pierce","0","","","0","","40","30","bolt","","","","","","","","","","","","","","","","","","bo_capsule_arrow","","true","","","","true","","","","true","","","bolt_bl_flying","","bo_bolt_bl_e_quiver","bolt_bl_e_quiver","bolt_bl_e_quiver","","","","true","","quiver_bolts:quiver_bolts_2:quiver_back_middle:quiver_back_top","","","","","","","","","","","","","0,0,0","","","","event:/mission/combat/missile/passby","missile","","","180, 0, 0","","0,-0.47,0","90,0,0","","","","","true","","true","true","","","","","","","","true","","","","","","","","","","","",""
"RBM","RBMCombat_arrow_visuals.xml","GRE_barbed_arrows","{=RBM_ARR_027}Greased Barbed Head Arrows 60 grams","Arrows","","","arrow_bl_g","0.06","","","1","","","","","","","","","","","","","","","","","","Arrow","","97","125","Cut","0","","","0","","60","30","arrow","arrow_right","","","","","","","","","","","","","","","","","bo_capsule_arrow","","true","","","","","","","","true","","","arrow_bl_flying","","bo_axe_short","arrow_bl_h_quiver","arrow_bl_h_quiver","0.0,0.0,0.15","","","true","","quiver_back_middle:quiver_bolts_2:quiver_bolts","","","","","","","","","","","","","0,0,0","","","","event:/mission/combat/missile/passby","missile","","","0, -80, 25","","0,-0.97,0","90,0,0","","","","","true","","true","","","","","","","","","true","","","","","","","","","","","",""
"RBM","RBMCombat_arrow_visuals.xml","GRE_heavy_steppe_arrows","{=RBM_ARR_028}Greased Needle Bodkin Arrows 60 grams","Arrows","","","arrow_bl_d","0.06","","","1","","","","","","","","","","","","","","","","","","Arrow","","97","110","Pierce","0","","","0","","60","30","arrow","arrow_right","","","","","","","","","","","","","","","","","bo_capsule_arrow","","true","","","","","","","","true","","","arrow_bl_flying","","bo_arrow_bl_f_quiver","arrow_bl_f_quiver","arrow_bl_f_quiver","0.0,0.0,-0.0","","","true","","quiver_back_lower:quiver_back_lower_2","","","","","","","","","","","","","0,0,0","","","","event:/mission/combat/missile/passby","missile","","","0, -80, 25","","0,-0.97,0","90,0,0","","","","","true","","true","","","","","","","","","true","","","","","","","","","","","",""
"RBM","RBMCombat_arrow_visuals.xml","GRE_bodkin_arrows_b","{=RBM_ARR_029}Greased Needle Bodkin Arrows 70 grams","Arrows","","","arrow_bl_c","0.07","","","1","","","","","","","","","","","","","","","","","","Arrow","","97","110","Pierce","0","","","0","","70","30","arrow","arrow_right","","","","","","","","","","","","","","","","","bo_capsule_arrow","","true","","","","","","","","","","","arrow_bl_flying","","bo_arrow_bl_c_quiver","arrow_bl_c_quiver","arrow_bl_c_quiver","0.0,0.0,0.15","","","true","","quiver_back_middle:quiver_bolts_2:quiver_bolts","","","","","","","","","","","","","0,0,0","","","","event:/mission/combat/missile/passby","missile","","","0, -80, 25","","0,-0.97,0","90,0,0","","","","","true","","true","","","","","","","","","true","","","","","","","","","","","",""
"RBM","RBMCombat_arrow_visuals.xml","GRE_bolt_d","{=RBM_ARR_030}Greased Needle Bodkin Bolts 75 grams","Bolts","","","bolt_bl_e","0.075","","","1","","","","","","","","","","","","","","","","","","Bolt","","37","110","Pierce","0","","","0","","50","30","bolt","","","","","","","","","","","","","","","","","","bo_capsule_arrow","","true","","","","true","","","","","","","bolt_bl_flying","","bo_bolt_bl_d_quiver","bolt_bl_d_quiver","bolt_bl_d_quiver","","","","true","","quiver_bolts:quiver_bolts_2:quiver_back_middle:quiver_back_top","","","","","","","","","","","","","0,0,0","","","","event:/mission/combat/missile/passby","missile","","","180, 0, 0","","0,-0.47,0","90,0,0","","","","","true","","true","true","","","","","","","","true","","","","","","","","","","","",""
"RBM","RBMCombat_arrow_visuals.xml","GRE_vlandic_arrows","{=RBM_ARR_031}Greased Needle Bodkin Arrows 80 grams","Arrows","","","arrow_bl_c","0.08","","","1","","","","","","","","","","","","","","","","","","Arrow","","97","110","Pierce","0","","","0","","80","30","arrow","arrow_top","","","","","","","","","","","","","","","","","bo_capsule_arrow","","true","","","","","","","","","","","arrow_bl_flying","","bo_arrow_bl_g_quiver","arrow_bl_g_quiver","arrow_bl_g_quiver","0,0,0.1","","","true","","quiver_back_top:quiver_back_top_2","","","","","","","","","","","","","0,0,0","","","","event:/mission/combat/missile/passby","missile","","","0, -80, 25","","0,-0.97,0","90,0,0","","","","","true","","true","","","","","","","","","true","","","","","","","","","","","",""
"RBM","RBMCombat_arrow_visuals.xml","GRE_bolt_c","{=RBM_ARR_032}Greased Needle Bodkin Bolts 90 grams","Bolts","","","bolt_bl_d","0.09","","","1","","","","","","","","","","","","","","","","","","Bolt","","37","110","Pierce","0","","","0","","65","30","bolt","","","","","","","","","","","","","","","","","","bo_capsule_arrow","","true","","","","true","","","","","","","bolt_bl_flying","","bo_bolt_bl_c_quiver","bolt_bl_c_quiver","bolt_bl_c_quiver","","","","true","","quiver_bolts:quiver_bolts_2:quiver_back_middle:quiver_back_top","","","","","","","","","","","","","0,0,0","","","","event:/mission/combat/missile/passby","missile","","","180, 0, 0","","0,-0.47,0","90,0,0","","","","","true","","true","true","","","","","","","","true","","","","","","","","","","","",""
"RBM","RBMCombat_arrow_visuals.xml","GRE_bodkin_arrows_a","{=RBM_ARR_033}Greased Needle Bodkin Arrows 90 grams","Arrows","","","arrow_bl_b","0.09","","","1","","","","","","","","","","","","","","","","","","Arrow","","97","110","Pierce","0","","","0","","90","30","arrow","arrow_right","","","","","","","","","","","","","","","","","bo_capsule_arrow","","true","","","","","","","","","","","arrow_bl_flying","","bo_arrow_bl_b_quiver","arrow_bl_b_quiver","arrow_bl_b_quiver","0.0,0.0,0.15","","","true","","quiver_back_middle:quiver_bolts_2:quiver_bolts","","","","","","","","","","","","","0,0,0","","","","event:/mission/combat/missile/passby","missile","","","0, -80, 25","","0,-0.97,0","90,0,0","","","","","true","","true","","","","","","","","","true","","","","","","","","","","","",""
"RBM","RBMCombat_arrow_visuals.xml","GRE_arrow_emp_1_a","{=RBM_ARR_034}Greased Needle Bodkin Arrows 100 grams","Arrows","","","arrow_bl_b","0.1","","","1","","","","","","","","","","","","","","","","","","Arrow","","97","110","Pierce","0","","","0","","100","30","arrow","arrow_top","","","","","","","","","","","","","","","","","bo_capsule_arrow","","true","","","","","","","","","","","arrow_bl_flying","","bo_axe_short","quiver_roman_a","quiver_roman_a","0.0,0.0,0.1","","","true","","quiver_back_top:quiver_back_top_2","","","","","","","","","","","","","0,0,0","","","","event:/mission/combat/missile/passby","missile","","","0, -80, 25","","0,-0.97,0","90,0,0","","","","","true","","true","","","","","","","","","true","","","","","","","","","","","",""
"RBM","RBMCombat_arrow_visuals.xml","GRE_piercing_arrows","{=RBM_ARR_035}Greased Heavy Needle Bodkin Arrows 110 grams","Arrows","","","arrow_bl_b","0.11","","","1","","","","","","","","","","","","","","","","","","Arrow","","97","110","Pierce","0","","","0","","110","30","arrow","arrow_right","","","","","","","","","","","","","","","","","bo_capsule_arrow","","true","","","","","","","","","","","arrow_bl_flying","","bo_arrow_bl_a_quiver","arrow_bl_a_quiver","arrow_bl_a_quiver","0.0,0.0,0.15","","","true","","quiver_back_middle:quiver_bolts_2:quiver_bolts","","","","","","","","","","","","","0,0,0","","","","event:/mission/combat/missile/passby","missile","","","0, -80, 25","","0,-0.97,0","90,0,0","","","","","true","","true","","","","","","","","","true","","","","","","","","","","","",""
"RBM","RBMCombat_arrow_visuals.xml","GRE_bolt_b","{=RBM_ARR_036}Greased Heavy Needle Bodkin Bolts 120 grams","Bolts","","","bolt_bl_d","0.12","","","1","","","","","","","","","","","","","","","","","","Bolt","","47","110","Pierce","0","","","0","","80","30","bolt","","","","","","","","","","","","","","","","","","bo_capsule_arrow","","true","","","","true","","","","","","","bolt_bl_flying","","bo_bolt_bl_b_quiver","bolt_bl_b_quiver","bolt_bl_b_quiver","","","","true","","quiver_bolts:quiver_bolts_2:quiver_back_middle:quiver_back_top","","","","","","","","","","","","","0,0,0","","","","event:/mission/combat/missile/passby","missile","","","180, 0, 0","","0,-0.47,0","90,0,0","","","","","true","","true","true","","","","","","","","true","","","","","","","","","","","",""
"RBM","RBMCombat_arrow_visuals.xml","GRE_blunt_arrows","{=RBM_ARR_037}Greased Very Heavy Needle Bodkin Arrows 125 grams","Arrows","","","arrow_bl_b","0.125","","","1","","","","","","","","","","","","","","","","","","Arrow","","97","110","Pierce","0","","","0","","120","30","arrow","arrow_right","","","","","","","","","","","","","","","","","bo_capsule_arrow","","true","","","","","","","","","","","arrow_bl_flying","","bo_axe_short","arrow_bl_i_quiver","arrow_bl_i_quiver","0.0,0.0,0.15","","","true","","quiver_back_middle:quiver_back_top:quiver_bolts:quiver_bolts_2","","","","","","","","","","","","","0,0,0","","","","event:/mission/combat/missile/passby","missile","","","0, -80, 25","","0,-0.95,0","90,0,0","","","","","true","","true","","","","","","","","","true","","","","","","","","","","","",""
"RBM","RBMCombat_arrow_visuals.xml","GRE_bolt_a","{=RBM_ARR_038}Greased Very Heavy Needle Bodkin Bolts 150 grams","Bolts","","","bolt_bl_d","0.15","","","1","","","","","","","","","","","","","","","","","","Bolt","","47","110","Pierce","0","","","0","","95","30","bolt","","","","","","","","","","","","","","","","","","bo_capsule_arrow","","true","","","","true","","","","","","","bolt_bl_flying","","bo_axe_short","bolt_bl_a_quiver","bolt_bl_a_quiver","","","","true","","quiver_bolts:quiver_bolts_2:quiver_back_middle:quiver_back_top","","","","","","","","","","","","","0,0,0","","","","event:/mission/combat/missile/passby","missile","","","180, 0, 0","","0,-0.47,0","90,0,0","","","","","true","","true","true","","","","","","","","true","","","","","","","","","","","",""
"RBM","RBMCombat_arrow_visuals.xml","hardened_80_gr_arrows","{=RBM_ARR_039}Thamaskene Steel Hardened Barbed Arrows 80 grams","Arrows","Culture.aserai","","arrow_bl_g","0.08","","","1","","","","","","","","","","","","","","","","","","Arrow","","97","130","Cut","0","","","0","","80","30","arrow","arrow_top","","","","","","","","","","","","","","","","","bo_capsule_arrow","","true","","","","","","","","","","","arrow_bl_flying","","bo_axe_short","arrow_bl_g_quiver","arrow_bl_g_quiver","0,0,0.1","","","true","","quiver_back_top:quiver_back_top_2","","","","","","","","","","","","","0,0,0","","","","event:/mission/combat/missile/passby","missile","","","0, -80, 25","","0,-0.97,0","90,0,0","","","","","true","","true","","","","","","","","","true","","","","","","","","","","","",""
"RBM","RBMCombat_arrow_visuals.xml","hardened_90_gr_arrows","{=RBM_ARR_040}Thamaskene Steel Hardened Barbed Arrows 90 grams","Arrows","Culture.aserai","","arrow_bl_g","0.09","","","1","","","","","","","","","","","","","","","","","","Arrow","","97","130","Cut","0","","","0","","90","30","arrow","arrow_right","","","","","","","","","","","","","","","","","bo_capsule_arrow","","true","","","","","","","","","","","arrow_bl_flying","","bo_axe_short","arrow_bl_b_quiver","arrow_bl_b_quiver","0.0,0.0,0.15","","","true","","quiver_back_middle:quiver_bolts_2:quiver_bolts","","","","","","","","","","","","","0,0,0","","","","event:/mission/combat/missile/passby","missile","","","0, -80, 25","","0,-0.97,0","90,0,0","","","","","true","","true","","","","","","","","","true","","","","","","","","","","","",""
"RBM","RBMCombat_arrow_visuals.xml","hardened_100_gr_arrows","{=RBM_ARR_041}Thamaskene Steel Hardened Barbed Arrows 100 grams","Arrows","Culture.aserai","","arrow_bl_g","0.1","","","1","","","","","","","","","","","","","","","","","","Arrow","","97","130","Cut","0","","","0","","100","30","arrow","arrow_top","","","","","","","","","","","","","","","","","bo_capsule_arrow","","true","","","","","","","","","","","arrow_bl_flying","","bo_axe_short","quiver_roman_a","quiver_roman_a","0.0,0.0,0.1","","","true","","quiver_back_top:quiver_back_top_2","","","","","","","","","","","","","0,0,0","","","","event:/mission/combat/missile/passby","missile","","","0, -80, 25","","0,-0.97,0","90,0,0","","","","","true","","true","","","","","","","","","true","","","","","","","","","","","",""
"RBM","RBMCombat_arrow_visuals.xml","hardened_110_gr_arrows","{=RBM_ARR_042}Thamaskene Steel Hardened Barbed Arrows 110 grams","Arrows","Culture.aserai","","arrow_bl_g","0.11","","","1","","","","","","","","","","","","","","","","","","Arrow","","97","130","Cut","0","","","0","","110","30","arrow","arrow_right","","","","","","","","","","","","","","","","","bo_capsule_arrow","","true","","","","","","","","","","","arrow_bl_flying","","bo_axe_short","arrow_bl_a_quiver","arrow_bl_a_quiver","0.0,0.0,0.15","","","true","","quiver_back_middle:quiver_bolts_2:quiver_bolts","","","","","","","","","","","","","0,0,0","","","","event:/mission/combat/missile/passby","missile","","","0, -80, 25","","0,-0.97,0","90,0,0","","","","","true","","true","","","","","","","","","true","","","","","","","","","","","",""
"RBM","RBMCombat_arrow_visuals.xml","hardened_125_gr_arrows","{=RBM_ARR_043}Thamaskene Steel Hardened Barbed Arrows 125 grams","Arrows","Culture.aserai","","arrow_bl_g","0.125","","","1","","","","","","","","","","","","","","","","","","Arrow","","97","130","Cut","0","","","0","","120","30","arrow","arrow_right","","","","","","","","","","","","","","","","","bo_capsule_arrow","","true","","","","","","","","","","","arrow_bl_flying","","bo_axe_short","arrow_bl_i_quiver","arrow_bl_i_quiver","0.0,0.0,0.15","","","true","","quiver_back_middle:quiver_back_top:quiver_bolts:quiver_bolts_2","","","","","","","","","","","","","0,0,0","","","","event:/mission/combat/missile/passby","missile","","","0, -80, 25","","0,-0.95,0","90,0,0","","","","","true","","true","","","","","","","","","true","","","","","","","","","","","",""
"RBM","RBMCombat_arrow_visuals.xml","hardened_75_gr_bolts","{=RBM_ARR_044}Steel Hardened Barbed Bolts 75 grams","Bolts","Culture.Empire","","bolt_bl_c","0.075","","","1","","","","","","","","","","","","","","","","","","Bolt","","37","125","Cut","0","","","0","","75","30","bolt","","","","","","","","","","","","","","","","","","bo_capsule_arrow","","true","","","","true","","","","","","","bolt_bl_flying","","bo_bolt_bl_c_quiver","bolt_bl_d_quiver","bolt_bl_d_quiver","","","","true","","quiver_bolts:quiver_bolts_2:quiver_back_middle:quiver_back_top","","","","","","","","","","","","","0,0,0","","","","event:/mission/combat/missile/passby","missile","","","180, 0, 0","","0,-0.47,0","90,0,0","","","","","true","","true","true","","","","","","","","true","","","","","","","","","","","",""
"RBM","RBMCombat_arrow_visuals.xml","hardened_90_gr_bolts","{=RBM_ARR_045}Steel Hardened Barbed Bolts 90 grams","Bolts","Culture.Empire","","bolt_bl_a","0.09","","","1","","","","","","","","","","","","","","","","","","Bolt","","37","125","Cut","0","","","0","","90","30","bolt","","","","","","","","","","","","","","","","","","bo_capsule_arrow","","true","","","","true","","","","","","","bolt_bl_flying","","bo_axe_short","bolt_bl_c_quiver","bolt_bl_c_quiver","","","","true","","quiver_bolts:quiver_bolts_2:quiver_back_middle:quiver_back_top","","","","","","","","","","","","","0,0,0","","","","event:/mission/combat/missile/passby","missile","","","180, 0, 0","","0,-0.47,0","90,0,0","","","","","true","","true","true","","","","","","","","true","","","","","","","","","","","",""
"RBM","RBMCombat_arrow_visuals.xml","hardened_120_gr_bolts","{=RBM_ARR_046}Steel Hardened Barbed Bolts 120 grams","Bolts","Culture.Empire","","bolt_bl_b","0.12","","","1","","","","","","","","","","","","","","","","","","Bolt","","47","125","Cut","0","","","0","","120","30","bolt","","","","","","","","","","","","","","","","","","bo_capsule_arrow","","true","","","","true","","","","","","","bolt_bl_flying","","bo_axe_short","bolt_bl_b_quiver","bolt_bl_b_quiver","","","","true","","quiver_bolts:quiver_bolts_2:quiver_back_middle:quiver_back_top","","","","","","","","","","","","","0,0,0","","","","event:/mission/combat/missile/passby","missile","","","180, 0, 0","","0,-0.47,0","90,0,0","","","","","true","","true","true","","","","","","","","true","","","","","","","","","","","",""
"RBM","RBMCombat_arrow_visuals.xml","hardened_150_gr_bolts","{=RBM_ARR_047}Steel Hardened Barbed Bolts 150 grams","Bolts","Culture.Empire","","bolt_bl_b","0.15","","","1","","","","","","","","","","","","","","","","","","Bolt","","47","125","Cut","0","","","0","","150","30","bolt","","","","","","","","","","","","","","","","","","bo_capsule_arrow","","true","","","","true","","","","","","","bolt_bl_flying","","bo_axe_short","bolt_bl_a_quiver","bolt_bl_a_quiver","","","","true","","quiver_bolts:quiver_bolts_2:quiver_back_middle:quiver_back_top","","","","","","","","","","","","","0,0,0","","","","event:/mission/combat/missile/passby","missile","","","180, 0, 0","","0,-0.47,0","90,0,0","","","","","true","","true","true","","","","","","","","true","","","","","","","","","","","",""
"RBM","RBMCombat_arrow_visuals.xml","GRE_hardened_80_gr_arrows","{=RBM_ARR_048}Greased Steel Hardened Barbed Arrows 80 grams","Arrows","Culture.Empire","","arrow_roman_a","0.08","","","1","","","","","","","","","","","","","","","","","","Arrow","","97","135","Cut","0","","","0","","80","30","arrow","arrow_top","","","","","","","","","","","","","","","","","bo_capsule_arrow","","true","","","","","","","","","","","arrow_bl_flying","","bo_axe_short","arrow_bl_g_quiver","arrow_bl_g_quiver","0,0,0.1","","","true","","quiver_back_top:quiver_back_top_2","","","","","","","","","","","","","0,0,0","","","","event:/mission/combat/missile/passby","missile","","","0, -80, 25","","0,-0.97,0","90,0,0","","","","","true","","true","","","","","","","","","true","","","","","","","","","","","",""
"RBM","RBMCombat_arrow_visuals.xml","GRE_hardened_90_gr_arrows","{=RBM_ARR_049}Greased Steel Hardened Barbed Arrows 90 grams","Arrows","Culture.Empire","","arrow_roman_a","0.09","","","1","","","","","","","","","","","","","","","","","","Arrow","","97","135","Cut","0","","","0","","90","30","arrow","arrow_right","","","","","","","","","","","","","","","","","bo_capsule_arrow","","true","","","","","","","","","","","arrow_bl_flying","","bo_axe_short","arrow_bl_b_quiver","arrow_bl_b_quiver","0.0,0.0,0.15","","","true","","quiver_back_middle:quiver_bolts_2:quiver_bolts","","","","","","","","","","","","","0,0,0","","","","event:/mission/combat/missile/passby","missile","","","0, -80, 25","","0,-0.97,0","90,0,0","","","","","true","","true","","","","","","","","","true","","","","","","","","","","","",""
"RBM","RBMCombat_arrow_visuals.xml","GRE_hardened_100_gr_arrows","{=RBM_ARR_050}Greased Steel Hardened Barbed Arrows 100 grams","Arrows","Culture.Empire","","arrow_roman_a","0.1","","","1","","","","","","","","","","","","","","","","","","Arrow","","97","135","Cut","0","","","0","","100","30","arrow","arrow_top","","","","","","","","","","","","","","","","","bo_capsule_arrow","","true","","","","","","","","","","","arrow_bl_flying","","bo_axe_short","quiver_roman_a","quiver_roman_a","0.0,0.0,0.1","","","true","","quiver_back_top:quiver_back_top_2","","","","","","","","","","","","","0,0,0","","","","event:/mission/combat/missile/passby","missile","","","0, -80, 25","","0,-0.97,0","90,0,0","","","","","true","","true","","","","","","","","","true","","","","","","","","","","","",""
"RBM","RBMCombat_arrow_visuals.xml","GRE_hardened_110_gr_arrows","{=RBM_ARR_051}Greased Steel Hardened Barbed Arrows 110 grams","Arrows","Culture.Empire","","arrow_roman_a","0.11","","","1","","","","","","","","","","","","","","","","","","Arrow","","97","135","Cut","0","","","0","","110","30","arrow","arrow_right","","","","","","","","","","","","","","","","","bo_capsule_arrow","","true","","","","","","","","","","","arrow_bl_flying","","bo_axe_short","arrow_bl_a_quiver","arrow_bl_a_quiver","0.0,0.0,0.15","","","true","","quiver_back_middle:quiver_bolts_2:quiver_bolts","","","","","","","","","","","","","0,0,0","","","","event:/mission/combat/missile/passby","missile","","","0, -80, 25","","0,-0.97,0","90,0,0","","","","","true","","true","","","","","","","","","true","","","","","","","","","","","",""
"RBM","RBMCombat_arrow_visuals.xml","GRE_hardened_125_gr_arrows","{=RBM_ARR_052}Greased Steel Hardened Barbed Arrows 125 grams","Arrows","Culture.Empire","","arrow_roman_a","0.125","","","1","","","","","","","","","","","","","","","","","","Arrow","","97","135","Cut","0","","","0","","125","30","arrow","arrow_right","","","","","","","","","","","","","","","","","bo_capsule_arrow","","true","","","","","","","","","","","arrow_bl_flying","","bo_axe_short","arrow_bl_i_quiver","arrow_bl_i_quiver","0.0,0.0,0.15","","","true","","quiver_back_middle:quiver_back_top:quiver_bolts:quiver_bolts_2","","","","","","","","","","","","","0,0,0","","","","event:/mission/combat/missile/passby","missile","","","0, -80, 25","","0,-0.95,0","90,0,0","","","","","true","","true","","","","","","","","","true","","","","","","","","","","","",""
"RBM","RBMCombat_arrow_visuals.xml","GRE_hardened_75_gr_bolts","{=RBM_ARR_053}Greased Steel Hardened Barbed Bolts 75 grams","Bolts","Culture.Vlandia","","bolt_bl_c","0.075","","","1","","","","","","","","","","","","","","","","","","Bolt","","37","135","Cut","0","","","0","","50","30","bolt","","","","","","","","","","","","","","","","","","bo_capsule_arrow","","true","","","","true","","","","","","","bolt_bl_flying","","bo_axe_short","bolt_bl_d_quiver","bolt_bl_d_quiver","","","","true","","quiver_bolts:quiver_bolts_2:quiver_back_middle:quiver_back_top","","","","","","","","","","","","","0,0,0","","","","event:/mission/combat/missile/passby","missile","","","180, 0, 0","","0,-0.47,0","90,0,0","","","","","true","","true","true","","","","","","","","true","","","","","","","","","","","",""
"RBM","RBMCombat_arrow_visuals.xml","GRE_hardened_90_gr_bolts","{=RBM_ARR_054}Greased Steel Hardened Barbed Bolts 90 grams","Bolts","Culture.Vlandia","","bolt_bl_a","0.09","","","1","","","","","","","","","","","","","","","","","","Bolt","","37","135","Cut","0","","","0","","65","30","bolt","","","","","","","","","","","","","","","","","","bo_capsule_arrow","","true","","","","true","","","","","","","bolt_bl_flying","","bo_axe_short","bolt_bl_c_quiver","bolt_bl_c_quiver","","","","true","","quiver_bolts:quiver_bolts_2:quiver_back_middle:quiver_back_top","","","","","","","","","","","","","0,0,0","","","","event:/mission/combat/missile/passby","missile","","","180, 0, 0","","0,-0.47,0","90,0,0","","","","","true","","true","true","","","","","","","","true","","","","","","","","","","","",""
"RBM","RBMCombat_arrow_visuals.xml","GRE_hardened_120_gr_bolts","{=RBM_ARR_055}Greased Steel Hardened Barbed Bolts 120 grams","Bolts","Culture.Vlandia","","bolt_bl_b","0.12","","","1","","","","","","","","","","","","","","","","","","Bolt","","47","135","Cut","0","","","0","","80","30","bolt","","","","","","","","","","","","","","","","","","bo_capsule_arrow","","true","","","","true","","","","","","","bolt_bl_flying","","bo_bolt_bl_b_quiver","bolt_bl_b_quiver","bolt_bl_b_quiver","","","","true","","quiver_bolts:quiver_bolts_2:quiver_back_middle:quiver_back_top","","","","","","","","","","","","","0,0,0","","","","event:/mission/combat/missile/passby","missile","","","180, 0, 0","","0,-0.47,0","90,0,0","","","","","true","","true","true","","","","","","","","true","","","","","","","","","","","",""
"RBM","RBMCombat_arrow_visuals.xml","GRE_hardened_150_gr_bolts","{=RBM_ARR_056}Greased Steel Hardened Barbed Bolts 150 grams","Bolts","Culture.Vlandia","","bolt_bl_b","0.15","","","1","","","","","","","","","","","","","","","","","","Bolt","","47","135","Cut","0","","","0","","95","30","bolt","","","","","","","","","","","","","","","","","","bo_capsule_arrow","","true","","","","true","","","","","","","bolt_bl_flying","","bo_bolt_bl_b_quiver","bolt_bl_a_quiver","bolt_bl_a_quiver","","","","true","","quiver_bolts:quiver_bolts_2:quiver_back_middle:quiver_back_top","","","","","","","","","","","","","0,0,0","","","","event:/mission/combat/missile/passby","missile","","","180, 0, 0","","0,-0.47,0","90,0,0","","","","","true","","true","true","","","","","","","","true","","","","","","","","","","","",""
"RBM","RBMCombat_arrow_visuals.xml","fire_arrows","{=RBM_ARR_057}Calradian fire arrows","Arrows","Culture.Empire","","arrow_roman_a","0.130","","","1","","","","","","","","","","","","","","","","","","Arrow","","97","20","Blunt","0","","","0","","130","30","arrow","arrow_right","","","","","","","","","","","","","","","","","bo_capsule_arrow","","true","","","","","","","","","","","arrow_bl_flying","","bo_axe_short","arrow_bl_i_quiver","arrow_bl_i_quiver","0.0,0.0,0.15","","","false","","quiver_back_middle:quiver_back_top:quiver_bolts:quiver_bolts_2","","","","","","","","","","","","","0,0,0","","","","event:/mission/combat/missile/passby","burning_jar","","","0, -80, 25","","0,-0.95,0","90,0,0","psys_game_missile_flame","","true","","","","true","","","true","","","","true","","true","","","true","","","","","","","","",""
"RBM","RBMCombat_arrow_visuals.xml","fire_bolts","{=RBM_ARR_058}Calradian fire bolts","Bolts","Culture.Empire","","bolt_bl_b","0.130","","","1","","","","","","","","","","","","","","","","","","Bolt","","47","20","Blunt","0","","","0","","130","30","bolt","","","","","","","","","","","","","","","","","","bo_capsule_arrow","","true","","","","true","","","","","","","bolt_bl_flying","","bo_axe_short","bolt_bl_b_quiver","bolt_bl_b_quiver","","","","false","","quiver_bolts:quiver_bolts_2:quiver_back_middle:quiver_back_top","","","","","","","","","","","","","0,0,0","","","","event:/mission/combat/missile/passby","burning_jar","","","180, 0, 0","","0,-0.47,0","90,0,0","psys_game_missile_flame","","true","","","true","true","true","","true","","","","true","","true","","","true","","","","","","","","",""
"RBM","RBMCombat_arrow_visuals.xml","repeater_light_bolts","Poisoned Repeater Bolts 25 grams","Bolts","","","bolt_bl_c","0.025","","","1","","","","","","","","","","","","","","","","","","Bolt","","47","150","Pierce","0","","","0","","30","120","bolt","","","","","","","","","","","","","","","","","","bo_capsule_arrow","","true","","","","true","","","","true","","","bolt_bl_flying","","bo_bolt_bl_a_quiver","bolt_bl_a_quiver","bolt_bl_a_quiver","","","","true","","quiver_bolts:quiver_bolts_2:quiver_back_middle:quiver_back_top","","","","","","","","","","","","","0,0,0","","","","event:/mission/combat/missile/passby","missile","","","180, 0, 0","","0,-0.47,0","90,0,0","","","","","true","","true","true","","","","","","","","true","","","","","","","","","","","",""
"RBM","RBMCombat_arrow_visuals.xml","repeater_medium_bolts","Poisoned Repeater Bolts 30 grams","Bolts","","","bolt_bl_c","0.03","","","1","","","","","","","","","","","","","","","","","","Bolt","","47","150","Pierce","0","","","0","","30","100","bolt","","","","","","","","","","","","","","","","","","bo_capsule_arrow","","true","","","","true","","","","true","","","bolt_bl_flying","","bo_bolt_bl_a_quiver","bolt_bl_a_quiver","bolt_bl_a_quiver","","","","true","","quiver_bolts:quiver_bolts_2:quiver_back_middle:quiver_back_top","","","","","","","","","","","","","0,0,0","","","","event:/mission/combat/missile/passby","missile","","","180, 0, 0","","0,-0.47,0","90,0,0","","","","","true","","true","true","","","","","","","","true","","","","","","","","","","","",""
"RBM","RBMCombat_arrow_visuals.xml","repeater_heavy_bolts","Poisoned Repeater Bolts 40 grams","Bolts","","","bolt_bl_c","0.04","","","1","","","","","","","","","","","","","","","","","","Bolt","","47","150","Pierce","0","","","0","","30","80","bolt","","","","","","","","","","","","","","","","","","bo_capsule_arrow","","true","","","","true","","","","true","","","bolt_bl_flying","","bo_bolt_bl_a_quiver","bolt_bl_a_quiver","bolt_bl_a_quiver","","","","true","","quiver_bolts:quiver_bolts_2:quiver_back_middle:quiver_back_top","","","","","","","","","","","","","0,0,0","","","","event:/mission/combat/missile/passby","missile","","","180, 0, 0","","0,-0.47,0","90,0,0","","","","","true","","true","true","","","","","","","","true","","","","","","","","","","","",""
"RBM","RBMCombat_body_armors.xml","baggy_trunks","{=btrf2AXp}Baggy Trunks","BodyArmor","Culture.battania","body_armor","bandit_1_a","0.2","","0","1","","Leather","leather","","0","","22","false","false","","","","","","","","","","","","","","","","","","","","","","","","","","","","","","","","","","","","","","","","","true","true","","","","","","","","true","","","","","","","","","","","","","","","","","","","","","","","","","","","","","","","","","","","","","","","","","","","","","","","","","","","","","","","","","","","","","","","",""
"RBM","RBMCombat_body_armors.xml","dummy_armor_min","{=Zx4h7jDy}Dummy Min Armor","BodyArmor","Culture.looters","","gambeson_b","10","","","","","Cloth","cloth","0","0","0","0","true","true","","","","","","","","","","","","","","","","","","","","","","","","","","","","","","","","","","","","","","","","","","","","","","","","","","true","","","","","","","","","","false","","","","","","","","","","","","","","","","","","","","","","","","","","","","","","","","","","","","","","","","","","","","","","","","","","","","","",""
"RBM","RBMCombat_body_armors.xml","battania_light_armor_d","{=hab2DsOW}Highland Kilt over Tartan Trousers","BodyArmor","Culture.battania","body_armor","battania_light_armor_d","0.8","","0","1.7","","Chainmail","chain","","0","0","15","false","false","","","","","","","","","","","","","","","","","","","","","","","","","","","","","","","","","","","","","","","","","true","true","","","","","","","","true","","","","","","","","","","","","","","","","","","","","","","","","","","","","","","","","","","","","","","","","","","","","","","","","","","","","","","","","","","","","","","","",""
"RBM","RBMCombat_body_armors.xml","armored_baggy_trunks","{=w6j8Oaai}Armored Baggy Trunks","BodyArmor","Culture.battania","body_armor","bandit_1_b","0.3","","0","1","","Leather","leather","","2","1","24","false","false","","","","","","","","","","","","","","","","","","","","","","","","","","","","","","","","","","","","","","","","","","true","","","","","","","","true","","","","","","","","","","","","","","","","","","","","","","","","","","","","","","","","","","","","","","","","","","","","","","","","","","","","","","","","","","","","","","","",""
"RBM","RBMCombat_body_armors.xml","battanian_savage_armor","{=63jCqJPA}Wildling Armor","BodyArmor","Culture.battania","body_armor","battanian_savage_armor","0.8","","0","1","","Cloth","cloth","","4","2","32","false","false","","","","","","","","","","","","","","","","","","","","","","","","","","","","","","","","","","","","","","","","","true","true","","","","","","","","true","","","","","","","","","","","","","","","","","","","","","","","","","","","","","","","","","","","","","","","","","","","","","","","","","","","","","","","","","","","","","","","",""
"RBM","RBMCombat_body_armors.xml","burlap_sack_dress","{=IuD9SaQM}Burlap Dress","BodyArmor","Culture.looters","","burlap_sack_dress","0.5","","0","0.1","","Cloth","cloth_unarmoured","","5","5","5","false","true","","","","","","","","","","","","","","","","","","","","","","","","","","","","","","","","","","","","","","","","","true","true","","","","","","","","true","","","","","","","","","","","","","","","","","","","","","","","","","","","","","","","","","","","","","","","","","","","","","","","","","","","","","","","","","","","","","","","",""
"RBM","RBMCombat_body_armors.xml","hemp_tunic","{=yTWOMSmv}Hemp Tunic","BodyArmor","Culture.empire","body_armor","armor_hemp_tunic","0.4","","0","1","","Cloth","cloth_unarmoured","","5","5","5","true","","","","","","","","","","","","","","","","","","","","","","","","","","","","","","","","","","","","","","","","","","true","","","","","","","","","true","","","","","","","","","","","","","","","","","","","","","","","","","","","","","","","","","","","","","","","","","","","","","","","","","","","","","","","","","","","","","","","",""
"RBM","RBMCombat_body_armors.xml","aserai_villager_female_dress","{=tuEQnm2r}Villager Short Dress","BodyArmor","Culture.aserai","","aserai_villager_female_dress","0.5","","","1","","Cloth","cloth_unarmoured","","6","5","5","false","false","","","","","","","","","","","","","","","","","","","","","","","","","","","","","","","","","shoulders","","","","","","","","true","","","","","","","","","true","","","","","","","","","","","","","","","","","","","","","","","","","","","","","","","","","","","","","","","","","","","","","","","","","","","","","","","","","","","","","","","",""
"RBM","RBMCombat_body_armors.xml","bandit_envelope_dress_v2","{=qILO0HdK}Sleeveless Enveloped Padded Garments","BodyArmor","Culture.looters","","bandit_envelope_dress_v2","0.5","","0","0.1","","Cloth","cloth_unarmoured","","6","5","5","false","true","","","","","","","","","","","","","","","","","","","","","","","","","","","","","","","","","","","","","","","","","true","","","","","","","","","true","","","","","","","","","","","","","","","","","","","","","","","","","","","","","","","","","","","","","","","","","","","","","","","","","","","","","","","","","","","","","","","",""
"RBM","RBMCombat_body_armors.xml","cloth_tunic","{=OJIRIm4j}Simple Cloth Tunic","BodyArmor","Culture.vlandia","body_armor","clothing_a","0.4","","","1","","Cloth","cloth_unarmoured","","6","5","5","true","","","","","","","","","","","","","","","","","","","","","","","","","","","","","","","","","","","","","","","","","","true","","","","","","","","","true","","","","","","","","","","","","","","","","","","","","","","","","","","","","","","","","","","","","","","","","","","","","","","","","","","","","","","","","","","","","","","","",""
"RBM","RBMCombat_body_armors.xml","cut_dress","{=mzc6SKeH}Frilled Dress","BodyArmor","Culture.sturgia","","female_tavern_wench_dress_a","0.6","","","1","","Cloth","cloth_unarmoured","","6","0","6","false","true","","","","","","","","","","","","","","","","","","","","","","","","","","","","","","","","","","","","","","","","","true","","","","","","","","","true","","","","","","","","","","","","","","","","","","","","","","","","","","","","","","","","","","","","","","","","","","","","","","","","","","","","","","","","","","","","","","","",""
"RBM","RBMCombat_body_armors.xml","dress_with_overall","{=MLBA8tej}Dress","BodyArmor","Culture.sturgia","","female_peasant_dress_b","0.5","","","1","","Cloth","cloth_unarmoured","","6","5","5","true","true","","","","","","","","","","","","","","","","","","","","","","","","","","","","","","","","","","","","","","","","","true","","","","","","","","","true","","","","","","","","","","","","","","","","","","","","","","","","","","","","","","","","","","","","","","","","","","","","","","","","","","","","","","","","","","","","","","","",""
"RBM","RBMCombat_body_armors.xml","empire_dress","{=JsmnUp0T}Ladies Dress","BodyArmor","Culture.empire","","empire_dress","0.7","","","1","","Cloth","cloth_unarmoured","","6","6","5","true","true","","","","","","","","","","","","","","","","","","","","","","","","","","","","","","","","","","","","","","","","","true","","","","","","","","","true","","","","","","","","","","","","","","","","","","","","","","","","","","","","","","","","","","","","","","","","","","","","","","","","","","","","","","","","","","","","","","","",""
"RBM","RBMCombat_body_armors.xml","fine_town_tunic","{=vbPBXiPC}Rich Tunic","BodyArmor","Culture.empire","","casual_02","0.4","","","2","","Cloth","cloth_unarmoured","","6","5","5","true","","","","","","","","","","","","","","","","","","","","","","","","","","","","","","","","","","","","","","","","","","true","","","","","","","","","true","","","","","","","","","","","","","","","","","","","","","","","","","","","","","","","","","","","","","","","","","","","","","","","","","","","","","","","","","","","","","","","",""
"RBM","RBMCombat_body_armors.xml","fur_trimmed_short_tunic","{=VaqBBaQu}Fur Trimmed Short Tunic","BodyArmor","Culture.sturgia","body_armor","sturgia_light_armor_d","0.4","","0","0.6","","Cloth","cloth_unarmoured","","6","5","5","true","true","","","","","","","","","","","","","","","","","","","","","","","","","","","","","","","","","","","","","","","","","true","","","","","","","","","true","","","","","","","","","","","","","","","","","","","","","","","","","","","","","","","","","","","","","","","","","","","","","","","","","","","","","","","","","","","","","","","",""
"RBM","RBMCombat_body_armors.xml","laced_dress","{=PP5SzUx0}Laced Dress","BodyArmor","Culture.sturgia","","female_peasant_dress_c","0.6","","","1","","Cloth","cloth_unarmoured","","6","5","5","false","true","","","","","","","","","","","","","","","","","","","","","","","","","","","","","","","","","shoulders","","","","","","","","true","","","","","","","","","true","","","","","","","","","","","","","","","","","","","","","","","","","","","","","","","","","","","","","","","","","","","","","","","","","","","","","","","","","","","","","","","",""
"RBM","RBMCombat_body_armors.xml","long_desert_robe","{=bKBa7ahF}Long Simple Robe","BodyArmor","Culture.aserai","","aserai_tunic_long","0.6","","","1","","Cloth","cloth_unarmoured","","6","5","5","true","true","","","","","","","","","","","","","","","","","","","","","","","","","","","","","","","","","","","","","","","","","true","","","","","","","","","true","","","","","","","","","","","","","","","","","","","","","","","","","","","","","","","","","","","","","","","","","","","","","","","","","","","","","","","","","","","","","","","",""
"RBM","RBMCombat_body_armors.xml","long_woolen_tunic","{=U8QfF3Gw}Long Woolen Tunic","BodyArmor","Culture.vlandia","body_armor","armor_woolen_tunic","0.4","","0","1","","Cloth","cloth_unarmoured","","6","5","5","true","","","","","","","","","","","","","","","","","","","","","","","","","","","","","","","","","","","","","","","","","","true","","","","","","","","","true","","","","","","","","","","","","","","","","","","","","","","","","","","","","","","","","","","","","","","","","","","","","","","","","","","","","","","","","","","","","","","","",""
"RBM","RBMCombat_body_armors.xml","monk_robe","{=QuaE76ua}Scholar Robe","BodyArmor","Culture.vlandia","","monk_robe","0.5","","","1","","Cloth","cloth_unarmoured","","6","5","6","true","","","","","","","","","","","","","","","","","","","","","","","","","","","","","","","","","","","","","","","","","","true","","","","","","","","","true","","","","","","","","","","","","","","","","","","","","","","","","","","","","","","","","","","","","","","","","","","","","","","","","","","","","","","","","","","","","","","","",""
"RBM","RBMCombat_body_armors.xml","northern_dress","{=DUp0MKZQ}Cold Weather Dress","BodyArmor","Culture.sturgia","","female_peasant_dress_d","0.7","","","1","","Cloth","cloth_unarmoured","","6","5","6","true","true","","","","","","","","","","","","","","","","","","","","","","","","","","","","","","","","","","","","","","","","","true","","","","","","","","","true","","","","","","","","","","","","","","","","","","","","","","","","","","","","","","","","","","","","","","","","","","","","","","","","","","","","","","","","","","","","","","","",""
"RBM","RBMCombat_body_armors.xml","northern_tunic","{=W58TN2g5}Varyag Tunic","BodyArmor","Culture.sturgia","body_armor","sturgia_costume_j","0.4","","0","0.6","","Cloth","cloth_unarmoured","","6","5","5","true","true","","","","","","","","","","","","","","","","","","","","","","","","","","","","","","","","","","","","","","","","","true","","","","","","","","","true","","","","","","","","","","","","","","","","","","","","","","","","","","","","","","","","","","","","","","","","","","","","","","","","","","","","","","","","","","","","","","","",""
"RBM","RBMCombat_body_armors.xml","plain_dress","{=t695AnJU}Plain Dress","BodyArmor","Culture.sturgia","","female_peasant_dress_a","0.5","","","1","","Cloth","cloth_unarmoured","","6","5","5","true","true","","","","","","","","","","","","","","","","","","","","","","","","","","","","","","","","","","","","","","","","","true","","","","","","","","","true","","","","","","","","","","","","","","","","","","","","","","","","","","","","","","","","","","","","","","","","","","","","","","","","","","","","","","","","","","","","","","","",""
"RBM","RBMCombat_body_armors.xml","sackcloth_tunic","{=smKogclC}Sackcloth Tunic","BodyArmor","Culture.vlandia","body_armor","walker_costume_d","0.6","","0","0.3","","Cloth","cloth_unarmoured","","6","5","5","true","","","","","","","","","","","","","","","","","","","","","","","","","","","","","","","","","","","","","","","","","","true","","","","","","","","","true","","","","","","","","","","","","","","false","","","","","","","","","","","","","","","","","","","","","","","","","","","","","","","","","","","","","","","","","","","","","","","","","",""
"RBM","RBMCombat_body_armors.xml","steppe_dress","{=QfqwaRZ2}Envelope Dress","BodyArmor","Culture.khuzait","","female_khuzait_dress","0.6","","","1","","Cloth","cloth_unarmoured","","6","5","5","true","true","","","","","","","","","","","","","","","","","","","","","","","","","","","","","","","","","","","","","","","","","true","","","","","","","","","true","","","","","","","","","","","","","","","","","","","","","","","","","","","","","","","","","","","","","","","","","","","","","","","","","","","","","","","","","","","","","","","",""
"RBM","RBMCombat_body_armors.xml","steppe_robe","{=HVJ9ax8Z}Steppe Robe","BodyArmor","Culture.khuzait","body_armor","mongol_cloth_a","0.4","","0","1","","Cloth","cloth_unarmoured","","6","5","5","true","","","","","","","","","","","","","","","","","","","","","","","","","","","","","","","","","","","","","","","","","","true","","","","","","","","","true","","","","","","","","","","","","","","","","","","","","","","","","","","","","","","","","","","","","","","","","","","","","","","","","","","","","","","","","","","","","","","","",""
"RBM","RBMCombat_body_armors.xml","sturgia_light_tunic","{=lB4UF1GT}Long Tunic","BodyArmor","Culture.sturgia","body_armor","sturgia_light_armor_b","0.4","","0","0.6","","Cloth","cloth_unarmoured","","6","5","5","true","true","","","","","","","","","","","","","","","","","","","","","","","","","","","","","","","","","","","","","","","","","true","","","","","","","","","true","","","","","","","","","","","","","","","","","","","","","","","","","","","","","","","","","","","","","","","","","","","","","","","","","","","","","","","","","","","","","","","",""
"RBM","RBMCombat_body_armors.xml","torn_bandit_clothes","{=qhbOjHRI}Torn Padded Garments","BodyArmor","Culture.looters","","torn_bandit_clothes","0.5","","0","0.1","","Cloth","cloth_unarmoured","","6","5","5","false","true","","","","","","","","","","","","","","","","","","","","","","","","","","","","","","","","","shoulders","","","","","","","","true","","","","","","","","","true","","","","","","","","","","","","","","","","","","","","","","","","","","","","","","","","","","","","","","","","","","","","","","","","","","","","","","","","","","","","","","","",""
"RBM","RBMCombat_body_armors.xml","vlandian_corset_dress","{=4eSEJor3}Corseted Dress","BodyArmor","Culture.vlandia","","vlandian_corset_dress","0.5","","","3","","Cloth","cloth_unarmoured","","6","5","6","true","true","","","","","","","","","","","","","","","","","","","","","","","","","","","","","","","","","","","","","","","","","true","","","","","","","","","true","","","","","","","","","","","","","","","","","","","","","","","","","","","","","","","","","","","","","","","","","","","","","","","","","","","","","","","","","","","","","","","",""
"RBM","RBMCombat_body_armors.xml","vlandian_noble_woman_dress","{=pbxbCnVy}Silken Noble Dress","BodyArmor","Culture.vlandia","","vlandian_noble_woman_dress","0.6","","","4","","Cloth","cloth_unarmoured","","6","5","5","false","true","","","","","","","","","","","","","","","","","","","","","","","","","","","","","","","","","shoulders","","","","","","","","true","","","","","","","","","true","","","","","","","","","","","","","","","","","","","","","","","","","","","","","","","","","","","","","","","","","","","","","","","","","","","","","","","","","","","","","","","",""
"RBM","RBMCombat_body_armors.xml","vlandian_woman_dress","{=qPm3xaiP}Aproned Dress","BodyArmor","Culture.vlandia","","vlandian_woman_dress","0.7","","","2","","Cloth","cloth_unarmoured","","6","5","6","false","true","","","","","","","","","","","","","","","","","","","","","","","","","","","","","","","","","shoulders","","","","","","","","true","","","","","","","","","true","","","","","","","","","","","","","","","","","","","","","","","","","","","","","","","","","","","","","","","","","","","","","","","","","","","","","","","","","","","","","","","",""
"RBM","RBMCombat_body_armors.xml","aserai_civil_c","{=CBUdkmIw}Colored Kaftan","BodyArmor","Culture.aserai","","aserai_civil_c","0.9","","","2","","Cloth","cloth_unarmoured","","7","5","7","true","true","","","","","","","","","","","","","","","","","","","","","","","","","","","","","","","","","","","","","","","","","true","","","","","","","","","true","","","","","","","","","","","","","","","","","","","","","","","","","","","","","","","","","","","","","","","","","","","","","","","","","","","","","","","","","","","","","","","",""
"RBM","RBMCombat_body_armors.xml","aserai_civil_d","{=SW3lkPHe}Colored Bisht","BodyArmor","Culture.aserai","","aserai_civil_d","1","","","0.6","","Cloth","cloth_unarmoured","","7","6","7","true","true","","","","","","","","","","","","","","","","","","","","","","","","","","","","","","","","","","","","","","","","","true","","","","","","","","","true","","","","","","","","","","","","","","","","","","","","","","","","","","","","","","","","","","","","","","","","","","","","","","","","","","","","","","","","","","","","","","","",""
"RBM","RBMCombat_body_armors.xml","aserai_civil_e","{=FAPHmzxQ}Thawb","BodyArmor","Culture.aserai","","aserai_civil_e","1.1","","","1","","Cloth","cloth_unarmoured","","7","6","7","true","true","","","","","","","","","","","","","","","","","","","","","","","","","","","","","","","","","","","","","","","","","true","","","","","","","","","true","","","","","","","","","","","","","","","","","","","","","","","","","","","","","","","","","","","","","","","","","","","","","","","","","","","","","","","","","","","","","","","",""
"RBM","RBMCombat_body_armors.xml","aserai_civil_f","{=bLgnonyc}Simple Peasant Robe","BodyArmor","Culture.aserai","","aserai_civil_f","1.1","","","1","","Cloth","cloth_unarmoured","","7","6","7","true","true","","","","","","","","","","","","","","","","","","","","","","","","","","","","","","","","","","","","","","","","","true","","","","","","","","","true","","","","","","","","","","","","","","","","","","","","","","","","","","","","","","","","","","","","","","","","","","","","","","","","","","","","","","","","","","","","","","","",""
"RBM","RBMCombat_body_armors.xml","aserai_female_civil_b","{=i6QMSiut}Kaftan with Waistband","BodyArmor","Culture.aserai","","aserai_female_civil_b","0.8","","","3","","Cloth","cloth_unarmoured","","7","5","7","true","false","","","","","","","","","","","","","","","","","","","","","","","","","","","","","","","","","shoulders","","","","","","","","true","","","","","","","","","true","","","","","","","","","","","","","","","","","","","","","","","","","","","","","","","","","","","","","","","","","","","","","","","","","","","","","","","","","","","","","","","",""
"RBM","RBMCombat_body_armors.xml","aserai_tunic_waistcoat","{=whiQg21b}Luxury Kaftan","BodyArmor","Culture.aserai","","aserai_tunic_waistcoat","0.8","","","1","","Cloth","cloth_unarmoured","","7","5","7","true","true","","","","","","","","","","","","","","","","","","","","","","","","","","","","","","","","","","","","","","","","","true","","","","","","","","","true","","","","","","","","","","","","","","","","","","","","","","","","","","","","","","","","","","","","","","","","","","","","","","","","","","","","","","","","","","","","","","","",""
"RBM","RBMCombat_body_armors.xml","bandit_leather_water_flask","{=8hDoWBIa}Commoner Shirt","BodyArmor","Culture.looters","","bandit_leather_water_flask","0.5","","0","0.1","","Cloth","cloth_unarmoured","","7","5","7","false","true","","","","","","","","","","","","","","","","","","","","","","","","","","","","","","","","","shoulders","","","","","","","","true","","","","","","","","","true","","","","","","","","","","","","","","","","","","","","","","","","","","","","","","","","","","","","","","","","","","","","","","","","","","","","","","","","","","","","","","","",""
"RBM","RBMCombat_body_armors.xml","battania_civil_a","{=l5JDrvbW}Tartan Tunic","BodyArmor","Culture.battania","","battania_civil_a","0.6","","","0.2","","Cloth","cloth","","7","5","7","true","","","","","","","","","","","","","","","","","","","","","","","","","","","","","","","","","","","","","","","","","","true","","","","","","","","","true","","","","","","","","","","","","","","","","","","","","","","","","","","","","","","","","","","","","","","","","","","","","","","","","","","","","","","","","","","","","","","","",""
"RBM","RBMCombat_body_armors.xml","burlap_waistcoat","{=mkoMUmLh}Burlap Waistcoat","BodyArmor","Culture.battania","body_armor","walker_costume_c","0.4","","0","0.3","","Cloth","cloth_unarmoured","","7","5","7","true","","","","","","","","","","","","","","","","","","","","","","","","","","","","","","","","","","","","","","","","","","true","","","","","","","","","true","","","","","","","","","","","","","","","","","","","","","","","","","","","","","","","","","","","","","","","","","","","","","","","","","","","","","","","","","","","","","","","",""
"RBM","RBMCombat_body_armors.xml","cloth_apron","{=2WQTvOLF}Cloth Apron","BodyArmor","Culture.neutral_culture","","costume_merchant_v2","0.8","","","1","","Cloth","cloth_unarmoured","","7","0","7","true","","","","","","","","","","","","","","","","","","","","","","","","","","","","","","","","","","","","","","","","","","true","","","","","","","","","true","","","","","","","","","","","","","","","","","","","","","","","","","","","","","","","","","","","","","","","","","","","","","","","","","","","","","","","","","","","","","","","",""
"RBM","RBMCombat_body_armors.xml","cut_dress_with_pouch","{=deA729dQ}Cut Dress with Pouch","BodyArmor","Culture.sturgia","","female_tavern_wench_dress_b","0.5","","","1","","Cloth","cloth_unarmoured","","7","","7","false","true","","","","","","","","","","","","","","","","","","","","","","","","","","","","","","","","","","","","","","","","","true","","","","","","","","","true","","","","","","","","","","","","","","","","","","","","","","","","","","","","","","","","","","","","","","","","","","","","","","","","","","","","","","","","","","","","","","","",""
"RBM","RBMCombat_body_armors.xml","desert_robe","{=K2JbjKLG}Simple Kaftan","BodyArmor","Culture.aserai","body_armor","aserai_tunic_long","1.8","","0","1","","Cloth","cloth_unarmoured","","7","5","7","true","true","","","","","","","","","","","","","","","","","","","","","","","","","","","","","","","","","","","","","","","","","true","","","","","","","","","true","","","","","","","","","","","","","","","","","","","","","","","","","","","","","","","","","","","","","","","","","","","","","","","","","","","","","","","","","","","","","","","",""
"RBM","RBMCombat_body_armors.xml","eastern_silk_clothing","{=XiwTesky}Silk Kaftan","BodyArmor","Culture.aserai","","aserai_crowd_costume","0.4","","","4","","Cloth","cloth_unarmoured","","7","6","7","true","","","","","","","","","","","","","","","","","","","","","","","","","","","","","","","","","","","","","","","","","","true","","","","","","","","","true","","","","","","","","","","","","","","","","","","","","","","","","","","","","","","","","","","","","","","","","","","","","","","","","","","","","","","","","","","","","","","","",""
"RBM","RBMCombat_body_armors.xml","empire_dress_b","{=VqFV9LS4}Red Dress","BodyArmor","Culture.empire","","empire_dress_b","0.6","","","1","","Cloth","cloth_unarmoured","","7","6","7","true","true","","","","","","","","","","","","","","","","","","","","","","","","","","","","","","","","","","","","","","","","","true","","","","","","","","","true","","","","","","","","","","","","","","","","","","","","","","","","","","","","","","","","","","","","","","","","","","","","","","","","","","","","","","","","","","","","","","","",""
"RBM","RBMCombat_body_armors.xml","fine_southern_dress","{=atu9tCq8}Tailored Dress","BodyArmor","Culture.aserai","","aserai_female_costume","0.7","","","3","","Cloth","cloth_unarmoured","","7","6","7","false","false","","","","","","","","","","","","","","","","","","","","","","","","","","","","","","","","","shoulders","","","","","","","","true","","","","","","","","","true","","","","","","","","","","","","","","","","","","","","","","","","","","","","","","","","","","","","","","","","","","","","","","","","","","","","","","","","","","","","","","","",""
"RBM","RBMCombat_body_armors.xml","half_apron","{=FOJHPU5N}Half Apron","BodyArmor","Culture.neutral_culture","","costume_merchant_v3","0.7","","","1","","Cloth","cloth_unarmoured","","7","0","7","true","","","","","","","","","","","","","","","","","","","","","","","","","","","","","","","","","","","","","","","","","","true","","","","","","","","","true","","","","","","","","","","","","","","","","","","","","","","","","","","","","","","","","","","","","","","","","","","","","","","","","","","","","","","","","","","","","","","","",""
"RBM","RBMCombat_body_armors.xml","nordic_tunic","{=9aehD627}Luxury Tunic","BodyArmor","Culture.sturgia","body_armor","sturgia_costume_a","0.6","","0","0.6","","Cloth","cloth_unarmoured","","7","5","7","true","true","","","","","","","","","","","","","","","","","","","","","","","","","","","","","","","","","","","","","","","","","true","","","","","","","","","true","","","","","","","","","","","","","","","","","","","","","","","","","","","","","","","","","","","","","","","","","","","","","","","","","","","","","","","","","","","","","","","",""
"RBM","RBMCombat_body_armors.xml","peasant_costume","{=gbRVBOLH}Commoner Clothes","BodyArmor","Culture.empire","","peasant_costume_a","0.5","","","1","","Cloth","cloth_unarmoured","","7","5","7","true","false","","","","","","","","","","","","","","","","","","","","","","","","","","","","","","","","","","","","","","","","","true","","","","","","","","","true","","","","","","","","","","","","","","","","","","","","","","","","","","","","","","","","","","","","","","","","","","","","","","","","","","","","","","","","","","","","","","","",""
"RBM","RBMCombat_body_armors.xml","ragged_robes","{=tVyuxl8e}Ragged Robes","BodyArmor","Culture.looters","body_armor","sneak_costume","0.9","","0","0.3","","Cloth","cloth_unarmoured","","7","5","7","true","","","","","","","","","","","","","","","","","","","","","","","","","","","","","","","","","","","","","","","","","","true","","","","","","","","","true","","","","","","","","","","","","","","","","","","","","","","","","","","","","","","","","","","","","","","","","","","","","","","","","","","","","","","","","","","","","","","","",""
"RBM","RBMCombat_body_armors.xml","tassled_southern_robes","{=cMdtLfGB}Tassled Robes","BodyArmor","Culture.aserai","","aserai_thobe","0.9","","","1","","Cloth","cloth_unarmoured","","7","6","7","true","true","","","","","","","","","","","","","","","","","","","","","","","","","","","","","","","","","","","","","","","","","true","","","","","","","","","true","","","","","","","","","","","","","","","","","","","","","","","","","","","","","","","","","","","","","","","","","","","","","","","","","","","","","","","","","","","","","","","",""
"RBM","RBMCombat_body_armors.xml","tattered_rags","{=F9GB8lMZ}Tattered Rags","BodyArmor","Culture.looters","body_armor","battania_cloth_armor_b","0.3","","0","0.3","","Cloth","cloth_unarmoured","","7","0","7","false","true","","","","","","","","","","","","","","","","","","","","","","","","","","","","","","","","","","","","","","","","","true","true","","","","","","","","","","","","","","","","","","","","","","","","","","","","","","","","","","","","","","","","","","","","","","","","","","","","","","","","","","","","","","","","","","","","","","","",""
"RBM","RBMCombat_body_armors.xml","tunic_with_shoulder_pads","{=y3oIzUEp}Tunic with Shoulder Pads","BodyArmor","Culture.empire","","roman_cloth_tunic_b","0.6","","","1","","Cloth","cloth_unarmoured","","7","7","7","true","","","","","","","","","","","","","","","","","","","","","","","","","","","","","","","","","","","","","","","","","","true","","","","","","","","","true","","","","","","","","","","","","","","","","","","","","","","","","","","","","","","","","","","","","","","","","","","","","","","","","","","","","","","","","","","","","","","","",""
"RBM","RBMCombat_body_armors.xml","vlandian_dress","{=eRZK8Kbp}Rich Dress","BodyArmor","Culture.empire","","vlandian_dress","0.5","","","1","","Cloth","cloth_unarmoured","","7","5","7","true","true","","","","","","","","","","","","","","","","","","","","","","","","","","","","","","","","","","","","","","","","","true","","","","","","","","","true","","","","","","","","","","","","","","","","","","","","","","","","","","","","","","","","","","","","","","","","","","","","","","","","","","","","","","","","","","","","","","","",""
"RBM","RBMCombat_body_armors.xml","aserai_civil_b","{=v4THTk5O}Kaftan with Leather Belt","BodyArmor","Culture.aserai","","aserai_civil_b","1.1","","","1","","Cloth","cloth_unarmoured","","8","6","8","true","true","","","","","","","","","","","","","","","","","","","","","","","","","","","","","","","","","","","","","","","","","true","","","","","","","","","true","","","","","","","","","","","","","","","","","","","","","","","","","","","","","","","","","","","","","","","","","","","","","","","","","","","","","","","","","","","","","","","",""
"RBM","RBMCombat_body_armors.xml","bandit_envelope_dress_v1","{=jbxeZs8K}Commoner Tunic","BodyArmor","Culture.looters","","bandit_envelope_dress_v1","0.6","","0","0.3","","Cloth","cloth_unarmoured","","8","6","8","false","true","","","","","","","","","","","","","","","","","","","","","","","","","","","","","","","","","shoulders","","","","","","","","true","","","","","","","","","true","","","","","","","","","","","","","","","","","","","","","","","","","","","","","","","","","","","","","","","","","","","","","","","","","","","","","","","","","","","","","","","",""
"RBM","RBMCombat_body_armors.xml","battania_dress_a","{=RUvI70xS}Plaid Dress","BodyArmor","Culture.battania","","battania_dress_a","0.9","","","1","","Cloth","cloth_unarmoured","","8","6","8","false","true","","","","","","","","","","","","","","","","","","","","","","","","","","","","","","","","","shoulders","","","","","","","","true","","","","","","","","","true","","","","","","","","","","","","","","","","","","","","","","","","","","","","","","","","","","","","","","","","","","","","","","","","","","","","","","","","","","","","","","","",""
"RBM","RBMCombat_body_armors.xml","battania_dress_b","{=yfjqWrUx}Woodland Commoner Dress","BodyArmor","Culture.battania","","battania_dress_b","0.8","","","1","","Cloth","cloth_unarmoured","","8","6","8","false","true","","","","","","","","","","","","","","","","","","","","","","","","","","","","","","","","","shoulders","","","","","","","","true","","","","","","","","","true","","","","","","","","","","","","","","","","","","","","","","","","","","","","","","","","","","","","","","","","","","","","","","","","","","","","","","","","","","","","","","","",""
"RBM","RBMCombat_body_armors.xml","battania_dress_c","{=DMciP5z3}Tartan Long Dress","BodyArmor","Culture.battania","","battania_dress_c","0.7","","","1","","Cloth","cloth_unarmoured","","8","6","8","true","true","","","","","","","","","","","","","","","","","","","","","","","","","","","","","","","","","","","","","","","","","true","","","","","","","","","true","","","","","","","","","","","","","","","","","","","","","","","","","","","","","","","","","","","","","","","","","","","","","","","","","","","","","","","","","","","","","","","",""
"RBM","RBMCombat_body_armors.xml","battania_female_civil_a","{=7CPMZKVY}Tartan Dress","BodyArmor","Culture.battania","","battania_female_civil_a","0.7","","","1","","Cloth","cloth_unarmoured","","8","6","8","true","false","","","","","","","","","","","","","","","","","","","","","","","","","","","","","","","","","","","","","","","","","true","","","","","","","","","true","","","","","","","","","","","","","","","","","","","","","","","","","","","","","","","","","","","","","","","","","","","","","","","","","","","","","","","","","","","","","","","",""
"RBM","RBMCombat_body_armors.xml","battania_female_civil_b","{=MXpeQ7jp}Villager Thick Dress","BodyArmor","Culture.battania","","battania_female_civil_b","0.7","","","1","","Cloth","cloth_unarmoured","","8","6","8","true","false","","","","","","","","","","","","","","","","","","","","","","","","","","","","","","","","","","","","","","","","","true","","","","","","","","","true","","","","","","","","","","","","","","","","","","","","","","","","","","","","","","","","","","","","","","","","","","","","","","","","","","","","","","","","","","","","","","","",""
"RBM","RBMCombat_body_armors.xml","decorated_short_tunic","{=oQSZ0XgP}Decorated Thick Tunic","BodyArmor","Culture.sturgia","body_armor","sturgia_light_armor_e","0.6","","0","0.6","","Cloth","cloth_unarmoured","","8","6","8","true","true","","","","","","","","","","","","","","","","","","","","","","","","","","","","","","","","","","","","","","","","","true","","","","","","","","","true","","","","","","","","","","","","","","","","","","","","","","","","","","","","","","","","","","","","","","","","","","","","","","","","","","","","","","","","","","","","","","","",""
"RBM","RBMCombat_body_armors.xml","empire_short_dress","{=KdbHrcQx}Short Tunic","BodyArmor","Culture.empire","","empire_short_dress","1","","0","0.1","","Cloth","cloth_unarmoured","","8","","3","false","true","","","","","","","","","","","","","","","","","","","","","","","","","","","","","","","","","","","","","","","","","true","true","","","","","","","","true","","","","","","","","","","","","","","","","","","","","","","","","","","","","","","","","","","","","","","","","","","","","","","","","","","","","","","","","","","","","","","","",""
"RBM","RBMCombat_body_armors.xml","footmans_tunic","{=2AcfBbCR}Military Tunic","BodyArmor","Culture.empire","body_armor","armor_roman_military_tunic","0.6","","0","1","","Cloth","cloth_unarmoured","","8","8","8","true","","","","","","","","","","","","","","","","","","","","","","","","","","","","","","","","","","","","","","","","","","true","","","","","","","","","true","","","","","","","","","","","","","","","","","","","","","","","","","","","","","","","","","","","","","","","","","","","","","","","","","","","","","","","","","","","","","","","",""
"RBM","RBMCombat_body_armors.xml","fur_skirt","{=Z9RlnXrD}Fur Skirt","BodyArmor","Culture.looters","body_armor","fur_vaegir_f","0.6","","0","0.1","","Leather","leather","","8","","21","false","true","","","","","","","","","","","","","","","","","","","","","","","","","","","","","","","","","","","","","","","","","","true","","","","","","","","true","","","","","","","","","","","","","","","","","","","","","","","","","","","","","","","","","","","","","","","","","","","","","","","","","","","","","","","","","","","","","","","",""
"RBM","RBMCombat_body_armors.xml","fur_trimmed_tunic","{=SvYpE52J}Fur Trimmed Tunic","BodyArmor","Culture.sturgia","body_armor","sturgia_light_armor_c","0.8","","0","0.6","","Cloth","cloth_unarmoured","","8","6","8","true","true","","","","","","","","","","","","","","","","","","","","","","","","","","","","","","","","","","","","","","","","","true","","","","","","","","","true","","","","","","","","","","","","","","","","","","","","","","","","","","","","","","","","","","","","","","","","","","","","","","","","","","","","","","","","","","","","","","","",""
"RBM","RBMCombat_body_armors.xml","imperial_robes","{=R45H8quo}Toga","BodyArmor","Culture.empire","","empire_outfit_a","0.9","","","1","","Cloth","cloth_unarmoured","","8","6","8","true","false","","","","","","","","","","","","","","","","","","","","","","","","","","","","","","","","","","","","","","","","","true","","","","","","","","","true","","","","","","","","","","","","","","","","","","","","","","","","","","","","","","","","","","","","","","","","","","","","","","","","","","","","","","","","","","","","","","","",""
"RBM","RBMCombat_body_armors.xml","khuzait_dress","{=7uJkrHeg}Aproned Feminine Coat","BodyArmor","Culture.khuzait","","khuzait_dress","0.8","","","1","","Cloth","cloth_unarmoured","","8","6","8","true","true","","","","","","","","","","","","","","","","","","","","","","","","","","","","","","","","","","","","","","","","","true","","","","","","","","","true","","","","","","","","","","","","","","","","","","","","","","","","","","","","","","","","","","","","","","","","","","","","","","","","","","","","","","","","","","","","","","","",""
"RBM","RBMCombat_body_armors.xml","long_hemp_tunic","{=NUHzapSv}Long Hemp Tunic","BodyArmor","Culture.vlandia","","casual_01","0.6","","","1","","Cloth","cloth_unarmoured","","8","6","8","true","","","","","","","","","","","","","","","","","","","","","","","","","","","","","","","","","","","","","","","","","","true","","","","","","","","","true","","","","","","","","","","","","","","","","","","","","","","","","","","","","","","","","","","","","","","","","","","","","","","","","","","","","","","","","","","","","","","","",""
"RBM","RBMCombat_body_armors.xml","thick_sleeved_robe","{=MKT5IzWm}Thick Sleeved Robe","BodyArmor","Culture.aserai","","aserai_robe_b","1","","","1","","Cloth","cloth_unarmoured","","8","5","8","true","true","","","","","","","","","","","","","","","","","","","","","","","","","","","","","","","","","","","","","","","","","true","","","","","","","","","true","","","","","","","","","","","","","","","","","","","","","","","","","","","","","","","","","","","","","","","","","","","","","","","","","","","","","","","","","","","","","","","",""
"RBM","RBMCombat_body_armors.xml","tied_cloth_tunic","{=MQ8LCvCE}Tied Cloth Tunic","BodyArmor","Culture.empire","body_armor","roman_cloth_tunic_a","0.4","","0","1","","Cloth","cloth_unarmoured","","8","5","8","true","","","","","","","","","","","","","","","","","","","","","","","","","","","","","","","","","","","","","","","","","","true","","","","","","","","","true","","","","","","","","","","","","","","","","","","","","","","","","","","","","","","","","","","","","","","","","","","","","","","","","","","","","","","","","","","","","","","","",""
"RBM","RBMCombat_body_armors.xml","tundra_tunic","{=ya4i8G3y}Belted Tunic","BodyArmor","Culture.sturgia","body_armor","fur_vaegir_b","0.3","","0","1","","Cloth","cloth_unarmoured","","8","6","8","true","false","","","","","","","","","","","","","","","","","","","","","","","","","","","","","","","","","","","","","","","","","true","","","","","","","","","true","","","","","","","","","","","","","","","","","","","","","","","","","","","","","","","","","","","","","","","","","","","","","","","","","","","","","","","","","","","","","","","",""
"RBM","RBMCombat_body_armors.xml","vlandia_bandit_c","{=hELN8VXv}Torn Robe","BodyArmor","Culture.looters","","vlandia_bandit_c","0.4","","","0.1","","Leather","leather","","8","","8","false","true","","","","","","","","","","","","","","","","","","","","","","","","","","","","","","","","","","","","","","","","","","true","","","","","","","","true","","","","","","","","","","","","","","","","","","","","","","","","","","","","","","","","","","","","","","","","","","","","","","","","","","","","","","","","","","","","","","","",""
"RBM","RBMCombat_body_armors.xml","aserai_female_civil_a","{=qi1lkMqk}Feminine Kaftan","BodyArmor","Culture.aserai","","aserai_female_civil_a","0.9","","","2","","Cloth","cloth_unarmoured","","9","7","9","true","false","","","","","","","","","","","","","","","","","","","","","","","","","","","","","","","","","shoulders","","","","","","","","true","","","","","","","","","true","","","","","","","","","","","","","","","","","","","","","","","","","","","","","","","","","","","","","","","","","","","","","","","","","","","","","","","","","","","","","","","",""
"RBM","RBMCombat_body_armors.xml","battania_civil_c","{=mT1bvZxM}Townsman Luxury Coat","BodyArmor","Culture.battania","","battania_civil_c","0.6","","","1","","Leather","leather","","9","7","9","true","","","","","","","","","","","","","","","","","","","","","","","","","","","","","","","","","","","","","","","","","","true","","","","","","","","","true","","","","","","","","","","","","","","","","","","","","","","","","","","","","","","","","","","","","","","","","","","","","","","","","","","","","","","","","","","","","","","","",""
"RBM","RBMCombat_body_armors.xml","roughcloth_shortcoat","{=hXijcZyp}Roughcloth Shortcoat","BodyArmor","Culture.sturgia","body_armor","walker_costume_a","0.4","","0","0.3","","Cloth","cloth_unarmoured","","9","5","9","true","","","","","","","","","","","","","","","","","","","","","","","","","","","","","","","","","","","","","","","","","","true","","","","","","","","","true","","","","","","","","","","","","","","false","","","","","","","","","","","","","","","","","","","","","","","","","","","","","","","","","","","","","","","","","","","","","","","","","",""
"RBM","RBMCombat_body_armors.xml","fur_skirt_with_tunic","{=qT6jIu3v}Fur Skirt With Tunic","BodyArmor","Culture.looters","body_armor","fur_vaegir_half_tunic","0.9","","0","0.1","","Leather","leather","","10","6","10","true","false","","","","","","","","","","","","","","","","","","","","","","","","","","","","","","","","","","","","","","","","","","","","","","","","","","true","","","","","","","","","","","","","","","","","","","","","","","","","","","","","","","","","","","","","","","","","","","","","","","","","","","","","","","","","","","","","","","",""
"RBM","RBMCombat_body_armors.xml","leather_apron","{=r0Ln9bAp}Leather Apron","BodyArmor","Culture.neutral_culture","body_armor","costume_merchant","2.5","","0","0.4","","Leather","leather","","10","7","10","true","","","","","","","","","","","","","","","","","","","","","","","","","","","","","","","","","","","","","","","","","","true","","","","","","","","","true","","","","","","","","","","","","","","","","","","","","","","","","","","","","","","","","","","","","","","","","","","","","","","","","","","","","","","","","","","","","","","","",""
"RBM","RBMCombat_body_armors.xml","vlandia_bandit_b","{=BavVxSoC}Cheap Colored Clothes","BodyArmor","Culture.looters","","vlandia_bandit_b","1.8","","","1","","Leather","leather","","10","7","10","true","true","","","","","","","","","","","","","","","","","","","","","","","","","","","","","","","","","","","","","","","","","","","","","","","","","","true","","","","","","","","","","","","","","","","","","","","","","","","","","","","","","","","","","","","","","","","","","","","","","","","","","","","","","","","","","","","","","","",""
"RBM","RBMCombat_body_armors.xml","sleeveless_studded_fur_armor","{=4AfHO0BA}Sleeveless Studded Fur Armor","BodyArmor","Culture.battania","body_armor","bandit_1_c","0.4","","0","1","","Leather","leather","","10","0","10","false","","","","","","","","","","","","","","","","","","","","","","","","","","","","","","","","","","","","","","","","","","true","true","","","","","","","","true","","","","","","","","","","","","","","","","","","","","","","","","","","","","","","","","","","","","","","","","","","","","","","","","","","","","","","","","","","","","","","","",""
"RBM","RBMCombat_body_armors.xml","battania_light_armor_e","{=yDykmlS7}Tartan Toga","BodyArmor","Culture.battania","body_armor","battania_light_armor_e","0.7","","0","1.1","","Cloth","cloth","","10","0","15","false","true","","","","","","","","","","","","","","","","","","","","","","","","","","","","","","","","","","","","","","","","","true","true","","","","","","","","true","","","","","","","","","","","","","","","","","","","","","","","","","","","","","","","","","","","","","","","","","","","","","","","","","","","","","","","","","","","","","","","",""
"RBM","RBMCombat_body_armors.xml","aserai_civil_a","{=HXNb6Cqz}Luxury Kaftan with Waistband","BodyArmor","Culture.aserai","","aserai_civil_a","0.8","","","1","","Cloth","cloth_unarmoured","","11","5","11","true","true","","","","","","","","","","","","","","","","","","","","","","","","","","","","","","","","","","","","","","","","","true","","","","","","","","","true","","","","","","","","","","","","","","","","","","","","","","","","","","","","","","","","","","","","","","","","","","","","","","","","","","","","","","","","","","","","","","","",""
"RBM","RBMCombat_body_armors.xml","bandit_fur_a","{=v6W9XaDI}Old Fur Armor","BodyArmor","Culture.looters","","bandit_fur_a","0.9","","0","0.1","","Cloth","cloth_unarmoured","","11","","11","false","true","","","","","","","","","","","","","","","","","","","","","","","","","","","","","","","","","","","","","","","","","true","","","","","","","","","true","","","","","","","","","","","","","","","","","","","","","","","","","","","","","","","","","","","","","","","","","","","","","","","","","","","","","","","","","","","","","","","",""
"RBM","RBMCombat_body_armors.xml","bandit_fur_b","{=j7EZxCiG}Old Fur Coat","BodyArmor","Culture.looters","","bandit_fur_b","1","","0","0.1","","Cloth","cloth_unarmoured","","11","","5","false","true","","","","","","","","","","","","","","","","","","","","","","","","","","","","","","","","","","","","","","","","","true","true","","","","","","","","","","","","","","","","","","","","","","","","","","","","","","","","","","","","","","","","","","","","","","","","","","","","","","","","","","","","","","","","","","","","","","","",""
"RBM","RBMCombat_body_armors.xml","bandit_gambeson","{=bTUGfbH5}Rugged Gambeson","BodyArmor","Culture.looters","","bandit_gambeson","0.9","","0","0.3","","Cloth","cloth_unarmoured","","11","5","11","false","true","","","","","","","","","","","","","","","","","","","","","","","","","","","","","","","","","","","","","","","","","true","","","","","","","","","true","","","","","","","","","","","","","","","","","","","","","","","","","","","","","","","","","","","","","","","","","","","","","","","","","","","","","","","","","","","","","","","",""
"RBM","RBMCombat_body_armors.xml","heavy_nordic_coat","{=SsCM14Xu}Sleeved Heavy Tunic","BodyArmor","Culture.sturgia","body_armor","sturgia_costume_d","0.9","","0","1","","Cloth","cloth_unarmoured","","11","5","11","true","true","","","","","","","","","","","","","","","","","","","","","","","","","","","","","","","","","","","","","","","","","true","","","","","","","","","true","","","","","","","","","","","","","","","","","","","","","","","","","","","","","","","","","","","","","","","","","","","","","","","","","","","","","","","","","","","","","","","",""
"RBM","RBMCombat_body_armors.xml","heavy_nordic_tunic","{=CAO0bycV}Heavy Tunic","BodyArmor","Culture.sturgia","","sturgia_costume_e","1","","","1","","Cloth","cloth_unarmoured","","11","5","11","true","true","","","","","","","","","","","","","","","","","","","","","","","","","","","","","","","","","","","","","","","","","true","","","","","","","","","true","","","","","","","","","","","","","","","","","","","","","","","","","","","","","","","","","","","","","","","","","","","","","","","","","","","","","","","","","","","","","","","",""
"RBM","RBMCombat_body_armors.xml","merchants_fur_coat","{=2KQbV4To}Merchant Fur Coat","BodyArmor","Culture.neutral_culture","","costume_merchant_v4","2.9","","","0.7","","Leather","leather","","11","8","11","true","","","","","","","","","","","","","","","","","","","","","","","","","","","","","","","","","","","","","","","","","","true","","","","","","","","","","","","","","","","","","","","","","","","","","","","","","","","","","","","","","","","","","","","","","","","","","","","","","","","","","","","","","","","","","","","","","","","",""
"RBM","RBMCombat_body_armors.xml","steppe_armor","{=xQUi0F0k}Striped Coat","BodyArmor","Culture.khuzait","body_armor","armor_hun_a","0.6","","","1","","Cloth","cloth_unarmoured","","11","5","11","true","","","","","","","","","","","","","","","","","","","","","","","","","","","","","","","","","","","","","","","","","","true","","","","","","","","","true","","","","","","","","","","","","","","","","","","","","","","","","","","","","","","","","","","","","","","","","","","","","","","","","","","","","","","","","","","","","","","","",""
"RBM","RBMCombat_body_armors.xml","tunic_with_rolled_cloth","{=QaysED62}Tunic with Rolled Cloth","BodyArmor","Culture.empire","body_armor","armor_tunic_with_rolled_cloth","0.7","","0","1","","Cloth","cloth_unarmoured","","11","7","11","true","","","","","","","","","","","","","","","","","","","","","","","","","","","","","","","","","","","","","","","","","","true","","","","","","","","","true","","","","","","","","","","","","","","","","","","","","","","","","","","","","","","","","","","","","","","","","","","","","","","","","","","","","","","","","","","","","","","","",""
"RBM","RBMCombat_body_armors.xml","dummy_armor_lower_average","{=K2xGw3Oo}Dummy Lower Average","BodyArmor","Culture.looters","","sturgia_costume_m","20","","","","","Leather","leather","12","12","18","12","true","true","","","","","","","","","","","","","","","","","","","","","","","","","","","","","","","","","","","","","","","","","","","","","","","","","","true","","","","","","","","","","false","","","","","","","","","","","","","","","","","","","","","","","","","","","","","","","","","","","","","","","","","","","","","","","","","","","","","",""
"RBM","RBMCombat_body_armors.xml","fur_coat_over_tunic","{=dVekhkIU}Fur Coat Over Tunic","BodyArmor","Culture.looters","","fur_vaegir_c","2.1","","0","0.1","","Leather","leather","","12","8","12","true","true","","","","","","","","","","","","","","","","","","","","","","","","","","","","","","","","","","","","","","","","","","","","","","","","","","true","","","","","","","","","","","","","","","","","","","","","","","","","","","","","","","","","","","","","","","","","","","","","","","","","","","","","","","","","","","","","","","",""
"RBM","RBMCombat_body_armors.xml","fur_waistcoat_over_tunic","{=XH9f3yOX}Fur Waistcoat Over Tunic","BodyArmor","Culture.looters","body_armor","fur_vaegir_short","2.3","","0","0.1","","Leather","leather","","12","8","12","true","false","","","","","","","","","","","","","","","","","","","","","","","","","","","","","","","","","","","","","","","","","","","","","","","","","","true","","","","","","","","","","","","","","","","","","","","","","","","","","","","","","","","","","","","","","","","","","","","","","","","","","","","","","","","","","","","","","","",""
"RBM","RBMCombat_body_armors.xml","khuzait_civil_coat","{=6VW6zVa3}Luxury Coat","BodyArmor","Culture.khuzait","","khuzait_civil_coat","2.7","","","1","","Leather","leather","","12","6","12","true","true","","","","","","","","","","","","","","","","","","","","","","","","","","","","","","","","","","","","","","","","","true","","","","","","","","","true","","","","","","","","","","","","","","","","","","","","","","","","","","","","","","","","","","","","","","","","","","","","","","","","","","","","","","","","","","","","","","","",""
"RBM","RBMCombat_body_armors.xml","khuzait_civil_coat_b","{=S1XL4KJh}Luxury Thick Coat","BodyArmor","Culture.khuzait","","khuzait_civil_coat_b","2.7","","","1","","Leather","leather","","12","12","15","true","true","","","","","","","","","","","","","","","","","","","","","","","","","","","","","","","","","","","","","","","","","true","","","","","","","","","true","","","","","","","","","","","","","","","","","","","","","","","","","","","","","","","","","","","","","","","","","","","","","","","","","","","","","","","","","","","","","","","",""
"RBM","RBMCombat_body_armors.xml","sleeveless_fur_coat","{=1cYka5tR}Sleeveless Fur Coat","BodyArmor","Culture.looters","body_armor","fur_vaegir_waistcoat","1.8","","0","0.1","","Leather","leather","","12","6","12","false","","","","","","","","","","","","","","","","","","","","","","","","","","","","","","","","","","","","","","","","","","","","","","","","","","","true","","","","","","","","","","","","","","","","","","","","","","","","","","","","","","","","","","","","","","","","","","","","","","","","","","","","","","","","","","","","","","","",""
"RBM","RBMCombat_body_armors.xml","battania_civil_b","{=qH5VV8In}Villager Leather Tunic","BodyArmor","Culture.battania","","battania_civil_b","0.4","","","1","","Leather","leather","","13","7","11","true","","","","","","","","","","","","","","","","","","","","","","","","","","","","","","","","","","","","","","15","","","","true","","","","","","","","true","true","","","","","","","","","","","","","","","","","","","","","","","","","","","","","","","","","","","","","","","","","","","","","","","","","","","","","","","","","","","","","","","",""
"RBM","RBMCombat_body_armors.xml","khuzait_dress_b","{=NMSEAA4A}Dress with Fur","BodyArmor","Culture.khuzait","","khuzait_dress_b","0.9","","","1","","Cloth","cloth_unarmoured","","13","5","13","true","true","","","","","","","","","","","","","","","","","","","","","","","","","","","","","","","","","","","","","","","","","true","","","","","","","","","true","","","","","","","","","","","","","","","","","","","","","","","","","","","","","","","","","","","","","","","","","","","","","","","","","","","","","","","","","","","","","","","",""
"RBM","RBMCombat_body_armors.xml","layered_robe","{=fk42FxCE}Layered Robe","BodyArmor","Culture.aserai","","aserai_robe_c","14","","","1","","Cloth","cloth_unarmoured","","13","6","13","true","true","","","","","","","","","","","","","","","","","","","","","","","","","","","","","","","","","","","","","","","","","true","","","","","","","","","true","","","","","","","","","","","","","6","","","","","","","","","","","","","","","","","","","","","","","","","","","","","","","","","","","","","","","","","","","","","","","","","","",""
"RBM","RBMCombat_body_armors.xml","light_tunic","{=JCdVJYnQ}Light Tunic","BodyArmor","Culture.sturgia","body_armor","sturgia_light_armor_a","0.4","","0","0.6","","Cloth","cloth_unarmoured","","13","6","13","true","true","","","","","","","","","","","","","","","","","","","","","","","","","","","","","","","","","","","","","","","","","true","","","","","","","","","true","","","","","","","","","","","","","","","","","","","","","","","","","","","","","","","","","","","","","","","","","","","","","","","","","","","","","","","","","","","","","","","",""
"RBM","RBMCombat_body_armors.xml","northern_leather_vest","{=C8bVbM65}Tunic with Leather Vest","BodyArmor","Culture.sturgia","","sturgia_costume_m","0.9","","","1","","Leather","leather","","13","7","11","true","true","","","","","","","","","","","","","","","","","","","","","","","","","","","","","","","","","","","","","","","","","true","","","","","","","","","true","","","","","","","","","","","","","","","","","","","","","","","","","","","","","","","","","","","","","","","","","","","","","","","","","","","","","","","","","","","","","","","",""
"RBM","RBMCombat_body_armors.xml","fur_armor_with_strap","{=eWf7bFGo}Fur Armor With Strap","BodyArmor","Culture.battania","body_armor","pict_armor_b","1.6","","0","0.6","","Leather","leather","","14","9","12","true","","","","","","","","","","","","","","","","","","","","","","","","","","","","","","","","","","","","","","","","","","true","","","","","","","","","true","","","","","","","","","","","","","","","","","","","","","","","","","","","","","","","","","","","","","","","","","","","","","","","","","","","","","","","","","","","","","","","",""
"RBM","RBMCombat_body_armors.xml","highland_cloth","{=j1pFE61w}Woodland Cloth Armor","BodyArmor","Culture.battania","body_armor","battania_cloth_armor_a","9","","0","1","","Cloth","cloth","","14","8","14","true","true","","","","","","","","","","","","","","","","","","","","","","","","","","","","","","","","","","","","","","","","","true","","","","","","","","","true","","","","","","","","","","","","","","","","","","","","","","","","","","","","","","","","","","","","","","","","","","","","","","","","","","","","","","","","","","","","","","","",""
"RBM","RBMCombat_body_armors.xml","nordic_padded_cloth","{=WLJOnehi}Reinforced Thick Tunic","BodyArmor","Culture.sturgia","","sturgia_costume_l","1.1","","","1","","Cloth","cloth","","14","14","14","true","true","","","","","","","","","","","","","","","","","","","","","","","","","","","","","","","","","","","","","","","","","true","","","","","","","","","true","","","","","","","","","","","","","","","","","","","","","","","","","","","","","","","","","","","","","","","","","","","","","","","","","","","","","","","","","","","","","","","",""
"RBM","RBMCombat_body_armors.xml","northern_padded_cloth","{=vCywYDmp}Light Padded Armor","BodyArmor","Culture.sturgia","body_armor","sturgia_costume_g","1.6","","0","1","","Cloth","cloth","","14","14","14","true","true","","","","","","","","","","","","","","","","","","","","","","","","","","","","","","","","","","","","","","","","","true","","","","","","","","","true","","","","","","","","","","","","","","","","","","","","","","","","","","","","","","","","","","","","","","","","","","","","","","","","","","","","","","","","","","","","","","","",""
"RBM","RBMCombat_body_armors.xml","patched_gambeson","{=Jhshwa48}Patched Gambeson","BodyArmor","Culture.empire","","bandit_4","2.4","","0","0.8","","Cloth","cloth","","14","12","14","false","true","","","","","","","","","","","","","","","","","","","","","","","","","","","","","","","","","","","","","","","","","true","","","","","","","","","true","","","","","","","","","","","","","","","","","","","","","","","","","","","","","","","","","","","","","","","","","","","","","","","","","","","","","","","","","","","","","","","",""
"RBM","RBMCombat_body_armors.xml","studded_leather_waistcoat","{=dIfcfMbY}Studded Leather Waistcoat","BodyArmor","Culture.khuzait","","sea_raider_leather_armor","0.7","","","1","","Leather","leather","","14","6","14","false","true","","","","","","","","","","","","","","","","","","","","","","","","","","","","","","","","","","","","","","","","","true","true","","","","","","","","true","","","","","","","","","","","","","","","","","","","","","","","","","","","","","","","","","","","","","","","","","","","","","","","","","","","","","","","","","","","","","","","",""
"RBM","RBMCombat_body_armors.xml","vlandia_bandit_a","{=AobNdBBU}Cheap Paddings","BodyArmor","Culture.looters","","vlandia_bandit_a","2.9","","","0.1","","Leather","leather","","15","11","11","true","true","","","","","","","","","","","","","","","","","","","","","","","","","","","","","","","","","","","","","","","","","","","","","","","","","","true","","","","","","","","","","","","","","","","","","","","","","","","","","","","","","","","","","","","","","","","","","","","","","","","","","","","","","","","","","","","","","","",""
"RBM","RBMCombat_body_armors.xml","khuzait_belt_leather","{=4B2i8oxo}Coat with Mirrored Belt","BodyArmor","Culture.khuzait","","khuzait_belt_leather","2.4","","","1","","Leather","leather","","15","12","12","true","true","","","","","","","","","","","","","","","","","","","","","","","","","","","","","","","","","","","","","","","","","true","","","","","","","","","true","","","","","","","","","","","","","","","","","","","","","","","","","","","","","","","","","","","","","","","","","","","","","","","","","","","","","","","","","","","","","","","",""
"RBM","RBMCombat_body_armors.xml","battania_light_armor_c","{=kaR27kWL}Highland Long Tartan","BodyArmor","Culture.battania","body_armor","battania_light_armor_c","2.4","","0","1.7","","Chainmail","chain","","15","0","15","false","true","","","","","","","","","","","","","","","","","","","","","","","","","","","","","","","","","","","","","","","","","true","","","","","","","","","true","","","","","","","","","","","","","","","","","","","","","","","","","","","","","","","","","","","","","","","","","","","","","","","","","","","","","","","","","","","","","","","",""
"RBM","RBMCombat_body_armors.xml","crude_leather_armor","{=j2IVY6G6}Crude Hide Armor","BodyArmor","Culture.khuzait","","bandit_5","2.4","","","1","","Leather","leather","","16","16","16","true","true","","","","","","","","","","","","","","","","","","","","","","","","","","","","","","","","","","","","","","","","","","","","","","","","","","true","","","","","","","","","","","","","","","","","","","","","","","","","","","","","","","","","","","","","","","","","","","","","","","","","","","","","","","","","","","","","","","",""
"RBM","RBMCombat_body_armors.xml","imperial_padded_cloth","{=CqMQXzUd}Infantryman Rough Gambeson","BodyArmor","Culture.empire","","empire_fabric_armor","2.8","","","1","","Cloth","cloth","","16","15","16","true","","","","","","","","","","","","","","","","","","","","","","","","","","","","","","","","","","","","","","","","","","true","","","","","","","","","true","","","","","","","","","","","","","","","","","","","","","","","","","","","","","","","","","","","","","","","","","","","","","","","","","","","","","","","","","","","","","","","",""
"RBM","RBMCombat_body_armors.xml","long_fur_coat","{=VbAHQ1BS}Long Fur Coat","BodyArmor","Culture.battania","body_armor","pict_armor_long_furry","2.6","","0","1","","Leather","leather","","16","10","16","true","","","","","","","","","","","","","","","","","","","","","","","","","","","","","","","","","","","","","","","","","","true","","","","","","","","","true","","","","","","","","","","","","","","","","","","","","","","","","","","","","","","","","","","","","","","","","","","","","","","","","","","","","","","","","","","","","","","","",""
"RBM","RBMCombat_body_armors.xml","northern_padded_gambeson","{=fwxHsC1h}Short Gambeson over Tunic","BodyArmor","Culture.sturgia","","sturgia_costume_c","1.5","","","1","","Cloth","cloth","","16","13","16","true","true","","","","","","","","","","","","","","","","","","","","","","","","","","","","","","","","","","","","","","","","","true","","","","","","","","","true","","","","","","","","","","","","","","","","","","","","","","","","","","","","","","","","","","","","","","","","","","","","","","","","","","","","","","","","","","","","","","","",""
"RBM","RBMCombat_body_armors.xml","padded_leather_shirt","{=tiTTWhpW}Padded Leather Shirt","BodyArmor","Culture.vlandia","","armor_roman_padded_leather_shirt","1.8","","","1","","Leather","leather","","16","11","16","true","","","","","","","","","","","","","","","","","","","","","","","","","","","","","","","","","","","","","","","","","","true","","","","","","","","","true","","","","","","","","","","","","","","","","","","","","","","","","","","","","","","","","","","","","","","","","","","","","","","","","","","","","","","","","","","","","","","","",""
"RBM","RBMCombat_body_armors.xml","studded_fur_armor","{=tXbRb3QO}Studded Fur Armor","BodyArmor","Culture.looters","body_armor","bandit_1_d","0.6","","0","1","","Leather","leather","","16","12","19","true","","","","","","","","","","","","","","","","","","","","","","","","","","","","","","","","","","","","","","","","","","true","","","","","","","","","true","","","","","","","","","","","","","","","","","","","","","","","","","","","","","","","","","","","","","","","","","","","","","","","","","","","","","","","","","","","","","","","",""
"RBM","RBMCombat_body_armors.xml","desert_padded_cloth","{=wWqavjat}Light Long Padded Armor","BodyArmor","Culture.aserai","","aserai_fabric_armor","1.3","","","1","","Cloth","cloth","","18","16","18","true","","","","","","","","","","","","","","","","","","","","","","","","","","","","","","","","","","","","","","","","","","true","","","","","","","","","true","","","","","","","","","","","","","4","","","","","","","","","","","","","","","","","","","","","","","","","","","","","","","","","","","","","","","","","","","","","","","","","","",""
"RBM","RBMCombat_body_armors.xml","empire_warrior_padded_armor_a","{=aJLikenm}Infantryman Gambeson","BodyArmor","Culture.empire","","empire_warrior_padded_armor_a","2.1","","","1","","Cloth","cloth","","18","14","18","true","","","","","","","","","","","","","","","","","","","","","","","","","","","","","","","","","","","","","","","","","","true","","","","","","","","","true","","","","","","","","","","","","","","","","","","","","","","","","","","","","","","","","","","","","","","","","","","","","","","","","","","","","","","","","","","","","","","","",""
"RBM","RBMCombat_body_armors.xml","empire_warrior_padded_armor_e","{=1BXuUR3s}Infantryman Long Gambeson","BodyArmor","Culture.empire","","empire_warrior_padded_armor_e","1.5","","","1","","Cloth","cloth","","18","15","18","true","","","","","","","","","","","","","","","","","","","","","","","","","","","","","","","","","","","","","","","","","","true","","","","","","","","","true","","","","","","","","","","","","","","","","","","","","","","","","","","","","","","","","","","","","","","","","","","","","","","","","","","","","","","","","","","","","","","","",""
"RBM","RBMCombat_body_armors.xml","gambeson_b","{=7b8Cwogx}Aketon","BodyArmor","Culture.vlandia","","gambeson_b","2","","","1","","Cloth","cloth","","18","18","18","true","false","","","","","","","","","","","","","","","","","","","","","","","","","","","","","","","","","","","","","5","","","","true","","","","","","","","true","true","","","","","","","","","","","","","","","","","","","","","","","","","","","","","","","","","","","","","","","","","","","","","","","","","","","","","","","","","","","","","","","",""
"RBM","RBMCombat_body_armors.xml","leather_coat_over_cloth","{=wKucIANJ}Leather Coat Over Cloth","BodyArmor","Culture.vlandia","body_armor","walker_costume_b","0.7","","0","1","","Cloth","cloth","","18","7","18","true","","","","","","","","","","","","","","","","","","","","","","","","","","","","","","","","","","","","","","","","","","true","","","","","","","","","true","","","","","","","","","","","","","","false","","","","","","","","","","","","","","","","","","","","","","","","","","","","","","","","","","","","","","","","","","","","","","","","","",""
"RBM","RBMCombat_body_armors.xml","leather_tunic","{=ZqTFQeai}Leather Tunic","BodyArmor","Culture.empire","","leather_tunic","2.1","","","1","","Leather","leather","","18","15","23","true","true","","","","","","","","","","","","","","","","","","","","","","","","","","","","","","","","","","","","","15","","","","true","","","","","","","","true","true","","","","","","","","","","","","","","","","","","","","","","","","","","","","","","","","","","","","","","","","","","","","","","","","","","","","","","","","","","","","","","","",""
"RBM","RBMCombat_body_armors.xml","short_padded_robe","{=QzAvlan7}Short Padded Robe","BodyArmor","Culture.aserai","body_armor","sarranid_gambeson_v3","1","","0","1","","Cloth","cloth","","18","11","18","true","false","","","","","","","","","","","","","","","","","","","","","","","","","","","","","","","","","","","","","","","","","true","","","","","","","","","true","","","","","","","","","","","","","11","","","","","","","","","","","","","","","","","","","","","","","","","","","","","","","","","","","","","","","","","","","","","","","","","","",""
"RBM","RBMCombat_body_armors.xml","stitched_leather_vest","{=xa7KRSCy}Stitched Leather Vest","BodyArmor","Culture.sturgia","body_armor","armor_leather_chain_a","1.5","","0","1","","Leather","leather","","18","16","18","true","","","","","","","","","","","","","","","","","","","","","","","","","","","","","","","","","","","","","","","","","","true","","","","","","","","","true","","","","","","","","","","","","","","","","","","","","","","","","","","","","","","","","","","","","","","","","","","","","","","","","","","","","","","","","","","","","","","","",""
"RBM","RBMCombat_body_armors.xml","studded_steppe_leather","{=Qd0tQLpA}Studded Leather Armor","BodyArmor","Culture.khuzait","body_armor","khuzait_leather_armor","2.4","","0","1","","Leather","leather","","18","12","19","true","false","","","","","","","","","","","","","","","","","","","","","","","","","","","","","","","","","","","","","","","","","","","","","","","","","","true","","","","","","","","","","","","","","","","","","","","","","","","","","","","","","","","","","","","","","","","","","","","","","","","","","","","","","","","","","","","","","","",""
"RBM","RBMCombat_body_armors.xml","aketon","{=aQN4Dlx2}Heavy Aketon","BodyArmor","Culture.vlandia","","crossbow_armor","2.4","","","1","","Cloth","cloth","","19","19","19","true","","","","","","","","","","","","","","","","","","","","","","","","","","","","","","","","","","","","","","","","","","","","","","","","","","","true","","","","","","","","","","","","","","","","","","","","","","","","","","","","","","","","","","","","","","","","","","","","","","","","","","","","","","","","","","","","","","","",""
"RBM","RBMCombat_body_armors.xml","fur_armor","{=VSMpadvq}Fur Armor","BodyArmor","Culture.battania","body_armor","battania_fur_armor_a","13.6","","0","0.6","","Leather","leather","","19","11","19","true","true","","","","","","","","","","","","","","","","","","","","","","","","","","","","","","","","","","","","","","","","","","","","","","","","","","true","","","","","","","","","","","","","","","","","","","","","","","","","","","","","","","","","","","","","","","","","","","","","","","","","","","","","","","","","","","","","","","",""
"RBM","RBMCombat_body_armors.xml","leather_coat","{=ZqTFQeai}Leather Tunic","BodyArmor","Culture.vlandia","body_armor","leather_coat","2.3","","0","1","","Leather","leather","","20","15","20","true","true","","","","","","","","","","","","","","","","","","","","","","","","","","","","","","","","","","","","","","","","","true","","","","","","","","","true","","","","","","","","","","","","","","","","","","","","","","","","","","","","","","","","","","","","","","","","","","","","","","","","","","","","","","","","","","","","","","","",""
"RBM","RBMCombat_body_armors.xml","battania_light_armor_b","{=zG4Ms3f4}Highland Tartan","BodyArmor","Culture.battania","body_armor","battania_light_armor_b","3.2","","0","1.7","","Cloth","cloth","","20","10","17","false","true","","","","","","","","","","","","","","","","","","","","","","","","","","","","","","","","","shoulders","","","","","","","","true","","","","","","","","","true","","","","","","","","","","","","","","","","","","","","","","","","","","","","","","","","","","","","","","","","","","","","","","","","","","","","","","","","","","","","","","","",""
"RBM","RBMCombat_body_armors.xml","battania_woodland_outfit","{=46orXtt0}Woodland Garments","BodyArmor","Culture.battania","body_armor","battania_woodland_outfit","1.2","","0","1.2","","Leather","leather","","20","14","22","true","true","","","","","","","","","","","","","","","","","","","","","","","","","","","","","","","","","","","","","15","","","","true","","","","","","","","true","true","","","","","","","","","","","","","","","","","","","","","","","","","","","","","","","","","","","","","","","","","","","","","","","","","","","","","","","","","","","","","","","",""
"RBM","RBMCombat_body_armors.xml","belted_leather_cuirass","{=CLYcnUra}Belted Leather Cuirass","BodyArmor","Culture.khuzait","","bandit_11","1.9","","","1","","Leather","leather","","20","12","20","true","true","","","","","","","","","","","","","","","","","","","","","","","","","","","","","","","","","","","","","5","","","","","","","","","","","","true","true","","","","","","","","","","","","","","","","","","","","","","","","","","","","","","","","","","","","","","","","","","","","","","","","","","","","","","","","","","","","","","","",""
"RBM","RBMCombat_body_armors.xml","layered_leather_tunic","{=4KYF5iCd}Layered Leather Tunic","BodyArmor","Culture.sturgia","body_armor","leather_tunic_2","1.2","","0","1","","Leather","leather","","20","14","21","true","","","","","","","","","","","","","","","","","","","","","","","","","","","","","","","","","","","","","","15","","","","true","","","","","","","","true","true","","","","","","","","","","","","","","","","","","","","","","","","","","","","","","","","","","","","","","","","","","","","","","","","","","","","","","","","","","","","","","","",""
"RBM","RBMCombat_body_armors.xml","long_padded_robe","{=0SsLGsXk}Long Padded Robe","BodyArmor","Culture.aserai","","sarranid_gambeson_v2","22.3","","","1","","Cloth","cloth","","20","10","20","true","false","","","","","","","","","","","","","","","","","","","","","","","","","","","","","","","","","","","","","","","","","true","","","","","","","","","true","","","","","","","","","","","","","10","","","","","","","","","","","","","","","","","","","","","","","","","","","","","","","","","","","","","","","","","","","","","","","","","","",""
"RBM","RBMCombat_body_armors.xml","rough_fur_armor","{=qo8hwDNU}Rough Fur Armor","BodyArmor","Culture.looters","","bandit_3_a","1.3","","","1","","Leather","leather","","20","13","21","true","","","","","","","","","","","","","","","","","","","","","","","","","","","","","","","","","","","","","","10","","","","","","","","","","","","true","true","","","","","","","","","","","","","","","","","","","","","","","","","","","","","","","","","","","","","","","","","","","","","","","","","","","","","","","","","","","","","","","",""
"RBM","RBMCombat_body_armors.xml","khuzait_sturdy_armor","{=1WLiLoL5}Mirrored Leather Armor","BodyArmor","Culture.khuzait","","khuzait_sturdy_armor","2.4","","","1","","Leather","leather","","21","10","18","true","true","","","","","","","","","","","","","","","","","","","","","","","","","","","","","","","","","","","","","","","","","","","","","","","","","","true","","","","","","","","","","","","","","","","","","","","","","","","","","","","","","","","","","","","","","","","","","","","","","","","","","","","","","","","","","","","","","","",""
"RBM","RBMCombat_body_armors.xml","studded_leather_coat","{=XkL1Re8b}Studded Leather Coat","BodyArmor","Culture.aserai","","bandit_leather_a","1.6","","","1","","Leather","leather","","21","13","20","true","true","","","","","","","","","","","","","","","","","","","","","","","","","","","","","","","","","","","","","","","","","","","","","","","","","","true","","","","","","","","","","","","","12","","","","","","","","","","","","","","","","","","","","","","","","","","","","","","","","","","","","","","","","","","","","","","","","","","",""
"RBM","RBMCombat_body_armors.xml","khuzait_leather_stitched","{=z7oMeRl3}Thick Brigandine Vest","BodyArmor","Culture.empire","","khuzait_leather_stitch_a","2.5","","","1","","Leather","leather","","22","10","22","true","false","","","","","","","","","","","","","","","","","","","","","","","","","","","","","","","","","","","","","15","","","","true","","","","","","","","true","true","","","","","","","","","","","","","","","","","","","","","","","","","","","","","","","","","","","","","","","","","","","","","","","","","","","","","","","","","","","","","","","",""
"RBM","RBMCombat_body_armors.xml","empire_warrior_padded_armor_c","{=cEhDJAQp}Infantryman Gambeson with Skirts","BodyArmor","Culture.empire","","empire_warrior_padded_armor_c","2","","","1","","Cloth","cloth","","22","13","23","true","","","","","","","","","","","","","","","","","","","","","","","","","","","","","","","","","","","","","","","","","","true","","","","","","","","","true","","","","","","","","","","","","","","","","","","","","","","","","","","","","","","","","","","","","","","","","","","","","","","","","","","","","","","","","","","","","","","","",""
"RBM","RBMCombat_body_armors.xml","empire_warrior_padded_armor_d","{=CLTk2CMs}Infantryman Gambeson with Straps","BodyArmor","Culture.empire","","empire_warrior_padded_armor_d","1.6","","","1","","Cloth","cloth","","22","11","19","true","","","","","","","","","","","","","","","","","","","","","","","","","","","","","","","","","","","","","","","","","","true","","","","","","","","","true","","","","","","","","","","","","","","","","","","","","","","","","","","","","","","","","","","","","","","","","","","","","","","","","","","","","","","","","","","","","","","","",""
"RBM","RBMCombat_body_armors.xml","khuzait_fortified_armor","{=KVG0Tzaa}Reinforced Mirror Armor","BodyArmor","Culture.khuzait","","khuzait_fortified_armor","2.4","","","1","","Leather","leather","","22","13","21","true","true","","","","","","","","","","","","","","","","","","","","","","","","","","","","","","","","","","","","","","","","","true","","","","","","","","","true","","","","","","","","","","","","","","","","","","","","","","","","","","","","","","","","","","","","","","","","","","","","","","","","","","","","","","","","","","","","","","","",""
"RBM","RBMCombat_body_armors.xml","padded_cloth_with_strips","{=JKRQ8RDA}Padded Cloth With Strips","BodyArmor","Culture.empire","body_armor","empire_armor_a","2.2","","0","1","","Cloth","cloth","","22","13","25","true","","","","","","","","","","","","","","","","","","","","","","","","","","","","","","","","","","","","","","","","","","","","","","","","","","","true","","","","","","","","","","","","","","","","","","","","","","","","","","","","","","","","","","","","","","","","","","","","","","","","","","","","","","","","","","","","","","","",""
"RBM","RBMCombat_body_armors.xml","padded_leather_overcoat","{=CtJPuRDa}Padded Leather Overcoat","BodyArmor","Culture.looters","","bandit_10","3.2","","","1","","Leather","leather","","22","17","20","true","true","","","","","","","","","","","","","","","","","","","","","","","","","","","","","","","","","","","","","","","","","","","","","","","","","","true","","","","","","","","","","","","","","","","","","","","","","","","","","","","","","","","","","","","","","","","","","","","","","","","","","","","","","","","","","","","","","","",""
"RBM","RBMCombat_body_armors.xml","woven_leather_vest","{=LgftnHPs}Woven Leather Vest","BodyArmor","Culture.vlandia","body_armor","archers_leather_vest","4.7","","0","1","","Leather","leather","","22","12","18","true","true","","","","","","","","","","","","","","","","","","","","","","","","","","","","","","","","","","","","","10","","","","","","","","","","","","true","true","","","","","","","","","","","","","","","","","","","","","","","","","","","","","","","","","","","","","","","","","","","","","","","","","","","","","","","","","","","","","","","",""
"RBM","RBMCombat_body_armors.xml","padded_short_coat","{=4pqIsPhp}Padded Short Coat","BodyArmor","Culture.vlandia","","padded_coat_c","2.2","","","1","","Cloth","cloth","","23","18","19","true","true","","","","","","","","","","","","","","","","","","","","","","","","","","","","","","","","","","","","","10","","","","","","","","","","","","true","true","","","","","","","","","","","","","","","","","","","","","","","","","","","","","","","","","","","","","","","","","","","","","","","","","","","","","","","","","","","","","","","",""
"RBM","RBMCombat_body_armors.xml","sleeveless_padded_coat","{=lZ93DOrn}Sleeveless Padded Coat","BodyArmor","Culture.vlandia","body_armor","padded_coat_b","2.2","","0","1","","Cloth","cloth","","23","10","25","true","true","","","","","","","","","","","","","","","","","","","","","","","","","","","","","","","","","","","","","","","","","","","","","","","","","","true","","","","","","","","","","","","","","","","","","","","","","","","","","","","","","","","","","","","","","","","","","","","","","","","","","","","","","","","","","","","","","","",""
"RBM","RBMCombat_body_armors.xml","sleeveless_padded_short_coat","{=bz5lXkHS}Sleeveless Padded Short Coat","BodyArmor","Culture.vlandia","body_armor","padded_coat_d","2","","0","1","","Cloth","cloth","","23","10","20","true","true","","","","","","","","","","","","","","","","","","","","","","","","","","","","","","","","","","","","","15","","","","true","","","","","","","","true","true","","","","","","","","","","","","","","","","","","","","","","","","","","","","","","","","","","","","","","","","","","","","","","","","","","","","","","","","","","","","","","","",""
"RBM","RBMCombat_body_armors.xml","leather_scale_armor","{=PL5SG9hI}Leather Scale Armor","BodyArmor","Culture.vlandia","body_armor","vlandia_leather_scale_armor","8.6","","0","1","","Leather","leather","","24","18","22","true","","","","","","","","","","","","","","","","","","","","","","","","","","","","","","","","","","","","","","15","","","","true","","","","","","","","true","true","","","","","","","","","","","","","","false","","","","","","","","","","","","","","","","","","","","","","","","","","","","","","","","","","","","","","","","","","","","","","","","","",""
"RBM","RBMCombat_body_armors.xml","reinforced_suede_armor","{=XU9WgcIO}Reinforced Suede Armor","BodyArmor","Culture.khuzait","body_armor","khuzait_suede_leather","2.3","","0","1","","Leather","cloth","","24","10","23","true","false","","","","","","","","","","","","","","","","","","","","","","","","","","","","","","","","","","","","","","","","","","","","","","","","","","true","","","","","","","","","","","","","","","","","","","","","","","","","","","","","","","","","","","","","","","","","","","","","","","","","","","","","","","","","","","","","","","",""
"RBM","RBMCombat_body_armors.xml","nordic_sloven_leather","{=FRWm800F}Sloven Leather","BodyArmor","Culture.sturgia","","nordic_sloven_c","2.9","","","1","","Leather","leather","","25","25","25","true","true","","","","","","","","","","","","","","","","","","","","","","","","","","","","","","","","","","","","","20","","","","","","","","","","","","true","true","","","","","","","","","","","","","","","","","","","","","","","","","","","","","","","","","","","","","","","","","","","","","","","","","","","","","","","","","","","","","","","",""
"RBM","RBMCombat_body_armors.xml","nordic_sloven","{=c7wcTevc}Leather Armor over Heavy Cloth","BodyArmor","Culture.sturgia","body_armor","nordic_sloven_b","1.8","","0","1","","Leather","leather","","25","22","25","true","true","","","","","","","","","","","","","","","","","","","","","","","","","","","","","","","","","","","","","20","","","","true","","","","","","","","true","true","","","","","","","","","","","","","","","","","","","","","","","","","","","","","","","","","","","","","","","","","","","","","","","","","","","","","","","","","","","","","","","",""
"RBM","RBMCombat_body_armors.xml","battania_light_armor_a","{=aSJbMKdb}Highland Tartan with Chest Plate","BodyArmor","Culture.battania","body_armor","battania_light_armor_a","6.5","","0","1.7","","Cloth","cloth","","25","10","17","false","true","","","","","","","","","","","","","","","","","","","","","","","","","","","","","","","","","shoulders","","","","","","","","true","","","","","","","","","true","","","","","","","","","","","","","","","","","","","","","","","","","","","","","","","","","","","","","","","","","","","","","","","","","","","","","","","","","","","","","","","",""
"RBM","RBMCombat_body_armors.xml","empire_warrior_padded_armor_f","{=GTaxqBcv}Auxiliary Armor","BodyArmor","Culture.empire","","empire_warrior_padded_armor_f","1.9","","","1","","Cloth","cloth","","25","18","23","true","","","","","","","","","","","","","","","","","","","","","","","","","","","","","","","","","","","","","","","","","","","","","","","","","","","true","","","","","","","","","","","","","","","","","","","","","","","","","","","","","","","","","","","","","","","","","","","","","","","","","","","","","","","","","","","","","","","",""
"RBM","RBMCombat_body_armors.xml","leather_strips_over_padded_robe","{=iVataLxL}Leather Strips Over Padded Robe","BodyArmor","Culture.aserai","body_armor","sarranid_gambeson_v1","4.1","","0","1","","Cloth","cloth","","25","15","24","true","false","","","","","","","","","","","","","","","","","","","","","","","","","","","","","","","","","","","","","","","","","true","","","","","","","","","true","","","","","","","","","","","","","9","","","","","","","","","","","","","","","","","","","","","","","","","","","","","","","","","","","","","","","","","","","","","","","","","","",""
"RBM","RBMCombat_body_armors.xml","aserai_horseman_armor","{=NTaol1uQ}Ring Mail","BodyArmor","Culture.aserai","body_armor","aserai_horseman","4.4","","0","1","","Leather","leather","","26","12","10","true","true","","","","","","","","","","","","","","","","","","","","","","","","","","","","","","","","","","","","","","","","","","","","","","","","","","true","","","","","","","","","","","","","2","","","","","","","","","","","","","","","","","","","","","","","","","","","","","","","","","","","","","","","","","","","","","","","","","","",""
"RBM","RBMCombat_body_armors.xml","empire_warrior_padded_armor_g","{=T2POVRtg}Auxiliary Armor with Straps","BodyArmor","Culture.empire","","empire_warrior_padded_armor_g","2","","","1","","Cloth","cloth","","26","19","25","true","","","","","","","","","","","","","","","","","","","","","","","","","","","","","","","","","","","","","","","","","","","","","","","","","","","true","","","","","","","","","","","","","","","","","","","","","","","","","","","","","","","","","","","","","","","","","","","","","","","","","","","","","","","","","","","","","","","",""
"RBM","RBMCombat_body_armors.xml","northern_leather_tabard","{=0a6Vz7wi}Leather Tabard","BodyArmor","Culture.sturgia","","sturgia_leather_brass","1.7","","","1","","Leather","leather","","26","12","22","true","","","","","","","","","","","","","","","","","","","","","","","","","","","","","","","","","","","","","","","","","","","","","","","","","","","true","","","","","","","","","","","","","","","","","","","","","","","","","","","","","","","","","","","","","","","","","","","","","","","","","","","","","","","","","","","","","","","",""
"RBM","RBMCombat_body_armors.xml","empire_warrior_padded_armor_b","{=XNQPPIaA}Infantryman Gambeson over Leather Jacket","BodyArmor","Culture.empire","","empire_warrior_padded_armor_b","1.8","","","1","","Cloth","cloth","","28","16","27","true","","","","","","","","","","","","","","","","","","","","","","","","","","","","","","","","","","","","","","","","","","true","","","","","","","","","true","","","","","","","","","","","","","","","","","","","","","","","","","","","","","","","","","","","","","","","","","","","","","","","","","","","","","","","","","","","","","","","",""
"RBM","RBMCombat_body_armors.xml","basic_imperial_leather_armor","{=LSaIs3DB}Leather Armor","BodyArmor","Culture.empire","","empire_leather_armor","3.1","","","1.3","","Leather","leather","","28","25","22","true","","","","","","","","","","","","","","","","","","","","","","","","","","","","","","","","","","","","","","","","","","","","","","","","","","","true","","","","","","","","","","","","","","","","","","","","","","","","","","","","","","","","","","","","","","","","","","","","","","","","","","","","","","","","","","","","","","","",""
"RBM","RBMCombat_body_armors.xml","leather_lamellar_armor","{=cjhhuTZD}Cured Leather Lamellar Armor","BodyArmor","Culture.khuzait","","leather_lamellar_armor","2.6","","","1.2","","Leather","leather","","28","17","22","true","","","","","","","","","","","","","","","","","","","","","","","","","","","","","","","","","","","","","","","","","","","","","","","","","","","true","","","","","","","","","","","","","","","","","","","","","","","","","","","","","","","","","","","","","","","","","","","","","","","","","","","","","","","","","","","","","","","",""
"RBM","RBMCombat_body_armors.xml","padded_coat","{=QbfOXJas}Padded Footman Coat","BodyArmor","Culture.vlandia","body_armor","padded_coat_a","2.4","","0","1","","Cloth","cloth","","28","26","32","true","true","","","","","","","","","","","","","","","","","","","","","","","","","","","","","","","","","","","","","","","","","","","","","","","","","","true","","","","","","","","","","","","","","","","","","","","","","","","","","","","","","","","","","","","","","","","","","","","","","","","","","","","","","","","","","","","","","","",""
"RBM","RBMCombat_body_armors.xml","woven_leather_coat","{=wE7RWmIF}Boarskin Leather Coat","BodyArmor","Culture.empire","","vlandia_leather_stripes","5.1","","","1","","Leather","leather","","30","30","30","true","","","","","","","","","","","","","","","","","","","","","","","","","","","","","","","","","","","","","","","","","","","","","","","","","","","true","","","","","","","","","","","","","","","","","","","","","","","","","","","","","","","","","","","","","","","","","","","","","","","","","","","","","","","","","","","","","","","",""
"RBM","RBMCombat_body_armors.xml","eastern_stitched_leather_coat","{=PeozdF9h}Stitched Cured Leather Coat","BodyArmor","Culture.khuzait","","khuzait_leather_plate","13.9","","","1","","Leather","leather","","32","25","38","true","","","","","","","","","","","","","","","","","","","","","","","","","","","","","","","","","","","","","","5","","","","","","","","","","","","true","true","","","","","","","","","","","","","","","","","","","","","","","","","","","","","","","","","","","","","","","","","","","","","","","","","","","","","","","","","","","","","","","",""
"RBM","RBMCombat_body_armors.xml","eastern_studded_leather","{=n7e0y95m}Cured Studded Leather Armor","BodyArmor","Culture.empire","","khuzait_leather_armor_b","3","","","1","","Leather","leather","","32","27","24","true","","","","","","","","","","","","","","","","","","","","","","","","","","","","","","","","","","","","","","","","","","","","","","","","","","","true","","","","","","","","","","","","","","","","","","","","","","","","","","","","","","","","","","","","","","","","","","","","","","","","","","","","","","","","","","","","","","","",""
"RBM","RBMCombat_body_armors.xml","leather_and_iron_plate_armor","{=camFHYrN}Leather Armor with Iron Plates","BodyArmor","Culture.sturgia","body_armor","armor_leather_iron_plate_a","9.6","","0","1.2","","Plate","plate","","32","32","25","true","","","","","","","","","","","","","","","","","","","","","","","","","","","","","","","","","","","","","","","","","","","","","","","","","","","true","","","","","","","","","","","","","","","","","","","","","","","","","","","","","","","","","","","","","","","","","","","","","","","","","","","","","","","","","","","","","","","",""
"RBM","RBMCombat_body_armors.xml","studded_leather_over_aketon","{=dS4zm0UT}Studded Leather Over Aketon","BodyArmor","Culture.khuzait","","crossbow_armor_leather","3.8","","","1","","Leather","leather","","32","27","32","true","","","","","","","","","","","","","","","","","","","","","","","","","","","","","","","","","","","","","","","","","","","","","","","","","","","true","","","","","","","","","","","","","","","","","","","","","","","","","","","","","","","","","","","","","","","","","","","","","","","","","","","","","","","","","","","","","","","",""
"RBM","RBMCombat_body_armors.xml","eastern_plated_leather_vest","{=BbhGL8XT}Brigandine Vest","BodyArmor","Culture.khuzait","","plated_leather_armor_a","10","","","1","","Plate","plate","","34","12","12","true","","","","","","","","","","","","","","","","","","","","","","","","","","","","","","","","","","","","","","","","","","","","","","","","","","","true","","","","","","","","","","","","","","","","","","","","","","","","","","","","","","","","","","","","","","","","","","","","","","","","","","","","","","","","","","","","","","","",""
"RBM","RBMCombat_body_armors.xml","scale_armor","{=4eOHPops}Rugged Scale Armor","BodyArmor","Culture.battania","body_armor","battania_scale_armor_a","10.7","","0","1.4","","Plate","plate","","34","0","20","false","true","","","","","","","","","","","","","","","","","","","","","","","","","","","","","","","","","","","","","","","","","","","","","","","","","","true","","","","","","","","","","","","","","","","","","","","","","","","","","","","","","","","","","","","","","","","","","","","","","","","","","","","","","","","","","","","","","","",""
"RBM","RBMCombat_body_armors.xml","sturgian_chainmale_shortsleeve","{=eHyxxxoK}Huscarl Hauberk","BodyArmor","Culture.sturgia","body_armor","sturgian_chainmale_shortsleeve","8.3","","0","1.8","","Chainmail","chain","","35","29","33","true","true","","","","","","","","","","","","","","","","","","","","","","","","","","","","","","","","","","","","","","","","","","","","","","","","","","true","","","","","","","","","","","","","","","","","","","","","","","","","","","","","","","","","","","","","","","","","","","","","","","","","","","","","","","","","","","","","","","",""
"RBM","RBMCombat_body_armors.xml","battanian_chainmail_armor_b","{=y3CwqUDR}Highland Mail Shirt","BodyArmor","Culture.battania","body_armor","battanian_chainmail_armor_b","10.7","","0","1.8","","Chainmail","chain","","36","16","22","true","true","","","","","","","","","","","","","","","","","","","","","","","","","","","","","","","","","","","","","","","","","","","","","","","","","","true","","","","","","","","","","","","","","","","","","","","","","","","","","","","","","","","","","","","","","","","","","","","","","","","","","","","","","","","","","","","","","","",""
"RBM","RBMCombat_body_armors.xml","northern_lamellar_armor","{=hXB6gvD2}Light Lamellar Shirt","BodyArmor","Culture.sturgia","body_armor","sturgia_costume_h","1.9","","0","1.6","","Plate","plate","","36","12","20","true","true","","","","","","","","","","","","","","","","","","","","","","","","","","","","","","","","","","","","","","","","","","","","","","","","","","true","","","","","","","","","","","","","","","","","","","","","","","","","","","","","","","","","","","","","","","","","","","","","","","","","","","","","","","","","","","","","","","",""
"RBM","RBMCombat_body_armors.xml","veteran_mercenary_armor","{=EezWSI6v}Fortified Mercenary Armor","BodyArmor","Culture.vlandia","body_armor","veteran_mercenary_armor","8.2","","0","1.4","","Chainmail","chain","","37","13","33","true","true","","","","","","","","","","","","","","","","","","","","","","","","","","","","","","","","","","","","","15","","","","","","","","","","","","true","true","","","","","","","","","","","","","","","","","","","","","","","","","","","","","","","","","","","","","","","","","","","","","","","","","","","","","","","","","","","","","","","",""
"RBM","RBMCombat_body_armors.xml","nordic_lamellar_vest","{=QaTkvy56}Bronze Scale Vest","BodyArmor","Culture.sturgia","","sturgia_costume_k","12","","","1.2","","Plate","plate","","37","12","14","true","true","","","","","","","","","","","","","","","","","","","","","","","","","","","","","","","","","","","","","","","","","","","","","","","","","","true","","","","","","","","","","","","","","","","","","","","","","","","","","","","","","","","","","","","","","","","","","","","","","","","","","","","","","","","","","","","","","","",""
"RBM","RBMCombat_body_armors.xml","empire_plate_vest_armor","{=TOf8dVcn}Ornate Scale Armor","BodyArmor","Culture.empire","body_armor","empire_plate_vest_armor","16","","0","6","","Plate","plate","","37","12","30","true","","","","","","","","","","","","","","","","","","","","","","","","","","","","","","","","","","","","","","","","","","","","","","","","","","","true","","","","","","","","","","","","","","","","","","","","","","","","","","","","","","","","","","","","","","","","","","","","","","","","","","","","","","","","","","","","","","","",""
"RBM","RBMCombat_body_armors.xml","ringed_desert_armor","{=7EAEIUIY}Heavy Ring Mail","BodyArmor","Culture.aserai","","aserai_bigchain_armor","7.5","","","1","","Chainmail","chain","","38","33","31","true","","","","","","","","","","","","","","","","","","","","","","","","","","","","","","","","","","","","","","","","","","","","","","","","","","","true","","","","","","","","","","","","","","","","","","","","","","","","","","","","","","","","","","","","","","","","","","","","","","","","","","","","","","","","","","","","","","","",""
"RBM","RBMCombat_body_armors.xml","vlandia_chainmail","{=atSRQkCE}Heavy Mail Hauberk","BodyArmor","Culture.vlandia","","vlandia_chainmail_a","10","","","1","","Chainmail","chain","","40","40","44","true","true","","","","","","","","","","","","","","","","","","","","","","","","","","","","","","","","","","","","","","","","","","","","","","","","","","true","","","","","","","","","","","","","","","","","","","","","","","","","","","","","","","","","","","","","","","","","","","","","","","","","","","","","","","","","","","","","","","",""
"RBM","RBMCombat_body_armors.xml","battanian_chainmail_armor_a","{=6fA31IxF}Heavy Mail Vest","BodyArmor","Culture.battania","body_armor","battanian_chainmail_armor_a","10.7","","0","1.5","","Chainmail","chain","","40","16","25","true","true","","","","","","","","","","","","","","","","","","","","","","","","","","","","","","","","","","","","","","","","","","","","","","","","","","true","","","","","","","","","","","","","","","","","","","","","","","","","","","","","","","","","","","","","","","","","","","","","","","","","","","","","","","","","","","","","","","",""
"RBM","RBMCombat_body_armors.xml","buckled_wildsman_armor","{=puNpMCgX}Buckled Mail Armor","BodyArmor","Culture.looters","body_armor","bandit_2","12.3","","0","0.8","","Chainmail","chain","","40","28","12","true","","","","","","","","","","","","","","","","","","","","","","","","","","","","","","","","","","","","","","","","","","","","","","","","","","","true","","","","","","","","","","","","","","","","","","","","","","","","","","","","","","","","","","","","","","","","","","","","","","","","","","","","","","","","","","","","","","","",""
"RBM","RBMCombat_body_armors.xml","khuzait_lamellar_strapped","{=jimBaHvz}Reinforced Leather Armor","BodyArmor","Culture.khuzait","","khuzait_lamellar_strap","15","","","1.4","","Plate","plate","","40","15","32","true","true","","","","","","","","","","","","","","","","","","","","","","","","","","","","","","","","","","","","","","","","","","","","","","","","","","true","","","","","","","","","","","","","","","","","","","","","","","","","","","","","","","","","","","","","","","","","","","","","","","","","","","","","","","","","","","","","","","",""
"RBM","RBMCombat_body_armors.xml","sturgian_lamellar_gambeson","{=RBM_ARM_009}Short Lamellar Vest","BodyArmor","Culture.sturgia","body_armor","sturgian_lamellar_gambeson","6.2","","0","1.8","","Plate","plate","","40","15","15","true","true","","","","","","","","","","","","","","","","","","","","","","","","","","","","","","","","","","","","","","","","","true","","","","","","","","","true","","","","","","","","","","","","","","","","","","","","","","","","","","","","","","","","","","","","","","","","","","","","","","","","","","","","","","","","","","","","","","","",""
"RBM","RBMCombat_body_armors.xml","mail_shirt","{=GzgUzrFY}Mail Shirt","BodyArmor","Culture.vlandia","body_armor","armor_roman_mail_shirt","7.5","","0","1.2","","Chainmail","chain","","41","36","33","true","","","","","","","","","","","","","","","","","","","","","","","","","","","","","","","","","","","","","","","","","","","","","","","","","","","true","","","","","","","","","","","","","","","","","","","","","","","","","","","","","","","","","","","","","","","","","","","","","","","","","","","","","","","","","","","","","","","",""
"RBM","RBMCombat_body_armors.xml","decorated_nordic_hauberk","{=bAidg8fV}Huscarl Decorated Mail Shirt","BodyArmor","Culture.sturgia","body_armor","sturgia_costume_f","10.5","","0","2","","Chainmail","chain","","44","38","22","true","true","","","","","","","","","","","","","","","","","","","","","","","","","","","","","","","","","","","","","","","","","true","","","","","","","","","true","","","","","","","","","","","","","","","","","","","","","","","","","","","","","","","","","","","","","","","","","","","","","","","","","","","","","","","","","","","","","","","",""
"RBM","RBMCombat_body_armors.xml","nordic_hauberk","{=1jX7yxSW}Huscarl Mail Shirt","BodyArmor","Culture.sturgia","body_armor","sturgia_costume_b","8.3","","0","1.6","","Chainmail","chain","","44","38","22","true","true","","","","","","","","","","","","","","","","","","","","","","","","","","","","","","","","","","","","","","","","","","","","","","","","","","true","","","","","","","","","","","","","","","","","","","","","","","","","","","","","","","","","","","","","","","","","","","","","","","","","","","","","","","","","","","","","","","",""
"RBM","RBMCombat_body_armors.xml","battania_woodland_chainmail","{=CcWpkREW}Heavy Mail Shirt with Wide Belt","BodyArmor","Culture.battania","body_armor","battania_woodland_chainmail","10.3","","0","1.2","","Chainmail","chain","","45","38","27","true","true","","","","","","","","","","","","","","","","","","","","","","","","","","","","","","","","","","","","","","","","","","","","","","","","","","true","","","","","","","","","","","","","","","","","","","","","","","","","","","","","","","","","","","","","","","","","","","","","","","","","","","","","","","","","","","","","","","",""
"RBM","RBMCombat_body_armors.xml","imperial_mail_vest","{=Kr8b1bxY}Infantryman Mail Vest","BodyArmor","Culture.empire","body_armor","empire_armor_e","9.8","","0","1.5","","Chainmail","chain","","45","39","34","true","","","","","","","","","","","","","","","","","","","","","","","","","","","","","","","","","","","","","","","","","","","","","","","","","","","true","","","","","","","","","","","","","","","","","","","","","","","","","","","","","","","","","","","","","","","","","","","","","","","","","","","","","","","","","","","","","","","",""
"RBM","RBMCombat_body_armors.xml","red_coat_over_mail","{=aM2EPdXj}Red Tabard over Mail Hauberk","BodyArmor","Culture.vlandia","body_armor","templar_a_red","8.6","","0","1.2","","Chainmail","chain","","45","42","38","true","true","","","","","","","","","","","","","","","","","","","","","","","","","","","","","","","","","","","","","","","","","true","","","","","","","","","","","","","","","","","","","","","","","","","","","","","","","","","","","","","","","","","","","","","","","","","","","","","","","","","","","","","","","","","","","","","","","","",""
"RBM","RBMCombat_body_armors.xml","white_coat_over_mail","{=YxglkaXU}White Tabard over Mail Hauberk","BodyArmor","Culture.vlandia","body_armor","templar_a_white","9.6","","0","1.2","","Chainmail","chain","","45","42","38","true","true","","","","","","","","","","","","","","","","","","","","","","","","","","","","","","","","","","","","","","","","","true","","","","","","","","","true","","","","","","","","","","","","","","","","","","","","","","","","","","","","","","","","","","","","","","","","","","","","","","","","","","","","","","","","","","","","","","","",""
"RBM","RBMCombat_body_armors.xml","imperial_mail_over_stripped_leather","{=zadVVah1}Infantryman Mail over Striped Leather","BodyArmor","Culture.empire","body_armor","empire_armor_d","10.2","","0","1.3","","Chainmail","chain","","46","30","27","true","","","","","","","","","","","","","","","","","","","","","","","","","","","","","","","","","","","","","","","","","","","","","","","","","","","true","","","","","","","","","","","","","","","","","","","","","","","","","","","","","","","","","","","","","","","","","","","","","","","","","","","","","","","","","","","","","","","",""
"RBM","RBMCombat_body_armors.xml","rough_fur_over_chain","{=ZMPw2IPy}Rough Fur over Mail","BodyArmor","Culture.looters","","bandit_3_b","14","","","1.6","","Chainmail","chain","","46","38","38","true","","","","","","","","","","","","","","","","","","","","","","","","","","","","","","","","","","","","","","","","","","","","","","","","","","","","","","","","","","","","","","","","","","","","","","","","","","","","","","","","","","","","","","","","","","","","","","","","","","","","","","","","","","","","","","","","","","",""
"RBM","RBMCombat_body_armors.xml","ranger_mail","{=HKRGEXqy}Ranger Mail","BodyArmor","Culture.battania","body_armor","armor_pict_a","12","","0","2","","Chainmail","chain","","47","18","15","true","","","","","","","","","","","","","","","","","","","","","","","","","","","","","","","","","","","","","","","","","","","","","","","","","","","true","","","","","","","","","","","","","","","","","","","","","","","","","","","","","","","","","","","","","","","","","","","","","","","","","","","","","","","","","","","","","","","",""
"RBM","RBMCombat_body_armors.xml","dummy_armor_higher_average","{=gT8WENO3}Dummy Higher Average","BodyArmor","Culture.looters","","vlandia_leather_armor","30","","","","","Chainmail","chain","40","47","40","40","true","","","","","","","","","","","","","","","","","","","","","","","","","","","","","","","","","","","","","","","","","","","","","","","","","","","true","","","","","","","","","","false","","","","","","","","","","","","","","","","","","","","","","","","","","","","","","","","","","","","","","","","","","","","","","","","","","","","","",""
"RBM","RBMCombat_body_armors.xml","imperial_mail_over_leather","{=l5PPS5lG}Infantryman Mail over Leather","BodyArmor","Culture.empire","","empire_armor_c","8.6","","","10.1","","Chainmail","chain","","47","33","22","true","","","","","","","","","","","","","","","","","","","","","","","","","","","","","","","","","","","","","","","","","","","","","","","","","","","true","","","","","","","","","","","","","","","","","","","","","","","","","","","","","","","","","","","","","","","","","","","","","","","","","","","","","","","","","","","","","","","",""
"RBM","RBMCombat_body_armors.xml","nordic_sloven_over_mail","{=6XxiMU52}Leather Tabard over Mail","BodyArmor","Culture.sturgia","","nordic_sloven_a","8.4","","","1.6","","Chainmail","chain","","47","41","22","true","true","","","","","","","","","","","","","","","","","","","","","","","","","","","","","","","","","","","","","","","","","","","","","","","","","","true","","","","","","","","","","","","","","","","","","","","","","","","","","","","","","","","","","","","","","","","","","","","","","","","","","","","","","","","","","","","","","","",""
"RBM","RBMCombat_body_armors.xml","stitched_leather_over_mail","{=omLMiX89}Stitched Leather Over Mail","BodyArmor","Culture.aserai","","aserai_plated_skirt","11.1","","","1","","Chainmail","chain","","47","44","55","true","","","","","","","","","","","","","","","","","","","","","","","","","","","","","","","","","","","","","","","","","","","","","","","","","","","true","","","","","","","","","","","","","7","","","","","","","","","","","","","","","","","","","","","","","","","","","","","","","","","","","","","","","","","","","","","","","","","","",""
"RBM","RBMCombat_body_armors.xml","sturgian_lamellar_gambeson_heavy","{=luoXhz19}Heavy Lamellar Vest","BodyArmor","Culture.sturgia","body_armor","sturgian_lamellar_gambeson_heavy","8.3","","0","1.8","","Plate","plate","","73","25","40","true","true","","","","","","","","","","","","","","","","","","","","","","","","","","","","","","","","","","","","","","","","","","","","","","","","","","true","","","","","","","","","","","","","","","","","","","","","","","","","","","","","","","","","","","","","","","","","","","","","","","","","","","","","","","","","","","","","","","",""
"RBM","RBMCombat_body_armors.xml","kilt_over_plated_leather","{=fptsl0Qn}Kilt Over Plated Leather","BodyArmor","Culture.battania","body_armor","leather_armor_kilt","10.8","","0","1","","Leather","leather","","48","12","48","true","","","","","","","","","","","","","","","","","","","","","","","","","","","","","","","","","","","","","","","","","","","","","","","","","","","true","","","","","","","","","","","","","","","","","","","","","","","","","","","","","","","","","","","","","","","","","","","","","","","","","","","","","","","","","","","","","","","",""
"RBM","RBMCombat_body_armors.xml","aserai_armor_02","{=blEEEOdy}Southern Chain Mail","BodyArmor","Culture.aserai","","aserai_armor_02","17","","","2","","Chainmail","chain","","49","49","44","true","","","","","","","","","","","","","","","","","","","","","","","","","","","","","","","","","","","","","","","","","","","","","","","","","","","true","","","","","","","","","","","","","3","","","","","","","","","","","","","","","","","","","","","","","","","","","","","","","","","","","","","","","","","","","","","","","","","","",""
"RBM","RBMCombat_body_armors.xml","battanian_chainmail_armor_c","{=MTB2BunA}Highland Reinforced Mail Over Tartan","BodyArmor","Culture.battania","body_armor","battanian_chainmail_armor_c","14.7","","0","1.7","","Chainmail","chain","","49","16","22","true","true","","","","","","","","","","","","","","","","","","","","","","","","","","","","","","","","","","","","","","","","","true","","","","","","","","","true","","","","","","","","","","","","","","","","","","","","","","","","","","","","","","","","","","","","","","","","","","","","","","","","","","","","","","","","","","","","","","","",""
"RBM","RBMCombat_body_armors.xml","desert_robe_over_mail","{=k71X3WNK}Robe Over Mail Hauberk","BodyArmor","Culture.aserai","","aserai_chain_tunic_a","8.9","","","1","","Chainmail","chain","","49","49","49","true","","","","","","","","","","","","","","","","","","","","","","","","","","","","","","","","","","","","","","","","","","true","","","","","","","","","true","","","","","","","","","","","","","8","","","","","","","","","","","","","","","","","","","","","","","","","","","","","","","","","","","","","","","","","","","","","","","","","","",""
"RBM","RBMCombat_body_armors.xml","aserai_robe_c_chain","{=gSWtpl8a}Robe over Mail Shirt","BodyArmor","Culture.aserai","","aserai_robe_c_chain","8.2","","","1","","Chainmail","cloth","","50","44","38","true","true","","","","","","","","","","","","","","","","","","","","","","","","","","","","","","","","","","","","","","","","","true","","","","","","","","","true","","","","","","","","","","","","","5","","","","","","","","","","","","","","","","","","","","","","","","","","","","","","","","","","","","","","","","","","","","","","","","","","",""
"RBM","RBMCombat_body_armors.xml","southern_lamellar_armor","{=3lauB1HH}Bronze Lamellar Vest over Gambeson","BodyArmor","Culture.aserai","body_armor","sturgia_costume_i_yellow","11","","0","1.5","","Plate","plate","","50","15","25","true","true","","","","","","","","","","","","","","","","","","","","","","","","","","","","","","","","","","","","","","","","","","","","","","","","","","true","","","","","","","","","","","","","","","","","","","","","","","","","","","","","","","","","","","","","","","","","","","","","","","","","","","","","","","","","","","","","","","",""
"RBM","RBMCombat_body_armors.xml","western_scale_mail","{=qrCVMyEk}Rough Scale Mail","BodyArmor","Culture.battania","","vlandia_scale_armor","14","","","1","","Plate","plate","","50","38","38","true","","","","","","","","","","","","","","","","","","","","","","","","","","","","","","","","","","","","","","","","","","","","","","","","","","","true","","","","","","","","","","","","","","","","","","","","","","","","","","","","","","","","","","","","","","","","","","","","","","","","","","","","","","","","","","","","","","","",""
"RBM","RBMCombat_body_armors.xml","battanian_chainmail_armor_d","{=Gcrqt90P}Highland Reinforced Mail","BodyArmor","Culture.battania","body_armor","battanian_chainmail_armor_d","16.6","","0","1.7","","Chainmail","chain","","51","16","22","true","true","","","","","","","","","","","","","","","","","","","","","","","","","","","","","","","","","","","","","","","","","","","","","","","","","","true","","","","","","","","","","","","","","","","","","","","","","","","","","","","","","","","","","","","","","","","","","","","","","","","","","","","","","","","","","","","","","","",""
"RBM","RBMCombat_body_armors.xml","banded_leather_over_mail","{=iAWzr8Q0}Banded Leather Over Mail","BodyArmor","Culture.vlandia","","vlandia_leather_armor","8.6","","","1.6","","Chainmail","chain","","52","27","27","true","","","","","","","","","","","","","","","","","","","","","","","","","","","","","","","","","","","","","","","","","","","","","","","","","","","true","","","","","","","","","","","","","","","","","","","","","","","","","","","","","","","","","","","","","","","","","","","","","","","","","","","","","","","","","","","","","","","",""
"RBM","RBMCombat_body_armors.xml","legionary_mail","{=PTKyNh2O}Legionary Mail","BodyArmor","Culture.empire","body_armor","empire_armor_b","10.5","","0","1.3","","Chainmail","chain","","55","44","49","true","","","","","","","","","","","","","","","","","","","","","","","","","","","","","","","","","","","","","","","","","","","","","","","","","","","true","","","","","","","","","","","","","","","","","","","","","","","","","","","","","","","","","","","","","","","","","","","","","","","","","","","","","","","","","","","","","","","",""
"RBM","RBMCombat_body_armors.xml","aserai_armor_02_b","{=dAgxHUsJ}Southern Decorated Chain Mail","BodyArmor","Culture.aserai","","aserai_armor_02_b","18","","","4","","Chainmail","chain","","55","44","44","true","","","","","","","","","","","","","","","","","","","","","","","","","","","","","","","","","","","","","","","","","","","","","","","","","","","true","","","","","","","","","","","","","3","","","","","","","","","","","","","","","","","","","","","","","","","","","","","","","","","","","","","","","","","","","","","","","","","","",""
"RBM","RBMCombat_body_armors.xml","battania_mercenary_armor","{=sAml91Z3}Luxury Brigandine","BodyArmor","Culture.battania","body_armor","battania_mercenary_armor","10.6","","0","1.6","","Chainmail","chain","","55","33","27","true","true","","","","","","","","","","","","","","","","","","","","","","","","","","","","","","","","","","","","","","","","","","","","","","","","","","true","","","","","","","","","","","","","","","","","","","","","","","","","","","","","","","","","","","","","","","","","","","","","","","","","","","","","","","","","","","","","","","",""
"RBM","RBMCombat_body_armors.xml","empire_horseman_armor","{=wJ4Y9IFc}Cavalryman Mail Shirt","BodyArmor","Culture.empire","body_armor","empire_horseman_armor","8.3","","0","1.3","","Chainmail","chain","","55","38","27","true","true","","","","","","","","","","","","","","","","","","","","","","","","","","","","","","","","","","","","","","","","","","","","","","","","","","true","","","","","","","","","","","","","","","","","","","","","","","","","","","","","","","","","","","","","","","","","","","","","","","","","","","","","","","","","","","","","","","",""
"RBM","RBMCombat_body_armors.xml","empire_legion_a","{=mBVCyRY5}Decorated Legionary Mail","BodyArmor","Culture.empire","body_armor","empire_legion_a","22","","0","5.5","","Chainmail","chain","","55","18","44","true","","","","","","","","","","","","","","","","","","","","","","","","","","","","","","","","","","","","","","","","","","true","","","","","","","","","true","","","","","","","","","","","","","","","","","","","","","","","","","","","","","","","","","","","","","","","","","","","","","","","","","","","","","","","","","","","","","","","",""
"RBM","RBMCombat_body_armors.xml","aserai_brass_plate_a","{=bxzrU99N}Southern Mail Shirt with Brass Plates","BodyArmor","Culture.aserai","","aserai_brass_plate_a","18","","","4","","Chainmail","chain","","55","46","37","true","","","","","","","","","","","","","","","","","","","","","","","","","","","","","","","","","","","","","","","","","","","","","","","","","","","true","","","","","","","","","","","","","3","","","","","","","","","","","","","","","","","","","","","","","","","","","","","","","","","","","","","","","","","","","","","","","","","","",""
"RBM","RBMCombat_body_armors.xml","dummy_armor_max","{=wSUN0Dmo}Dummy Max Armor","BodyArmor","Culture.looters","","vlandia_scale_armor","40","","","","","Plate","plate","55","55","55","55","true","","","","","","","","","","","","","","","","","","","","","","","","","","","","","","","","","","","","","","","","","","","","","","","","","","","true","","","","","","","","","","false","","","","","","","","","","","","","","","","","","","","","","","","","","","","","","","","","","","","","","","","","","","","","","","","","","","","","",""
"RBM","RBMCombat_body_armors.xml","nordic_lamellar_armor","{=wRZ3LExm}Bronze Scale Vest over Gambeson","BodyArmor","Culture.sturgia","body_armor","sturgia_costume_i","15","","0","1.3","","Plate","plate","","55","15","24","true","true","","","","","","","","","","","","","","","","","","","","","","","","","","","","","","","","","","","","","","","","","","","","","","","","","","true","","","","","","","","","","","","","","","","","","","","","","","","","","","","","","","","","","","","","","","","","","","","","","","","","","","","","","","","","","","","","","","",""
"RBM","RBMCombat_body_armors.xml","aserai_brass_plate_b","{=OyBdFyeV}Southern Sleeveless Mail Shirt with Brass Plates","BodyArmor","Culture.aserai","","aserai_brass_plate_b","15","","","4","","Chainmail","chain","","55","13","37","true","","","","","","","","","","","","","","","","","","","","","","","","","","","","","","","","","","","","","","","","","","","","","","","","","","","true","","","","","","","","","","","","","3","","","","","","","","","","","","","","","","","","","","","","","","","","","","","","","","","","","","","","","","","","","","","","","","","","",""
"RBM","RBMCombat_body_armors.xml","battanian_scale_armor_b","{=oJKXjRJ3}Highland Scale Armor Over Cloth","BodyArmor","Culture.battania","body_armor","battanian_scale_armor_b","14.5","","0","3","","Plate","plate","","60","15","30","true","true","","","","","","","","","","","","","","","","","","","","","","","","","","","","","","","","","","","","","","","","","","","","","","","","","","true","","","","","","","","","","","","","","","","","","","","","","","","","","","","","","","","","","","","","","","","","","","","","","","","","","","","","","","","","","","","","","","",""
"RBM","RBMCombat_body_armors.xml","eastern_plated_leather","{=FDEIHpIN}Mirrored Brigandine Armor","BodyArmor","Culture.khuzait","","plated_leather_armor_b","18","","","1","","Plate","plate","","60","35","40","true","","","","","","","","","","","","","","","","","","","","","","","","","","","","","","","","","","","","","","","","","","","","","","","","","","","true","","","","","","","","","","","","","","","","","","","","","","","","","","","","","","","","","","","","","","","","","","","","","","","","","","","","","","","","","","","","","","","",""
"RBM","RBMCombat_body_armors.xml","aserai_archer_armor","{=2cSOn9qb}Gambeson over Mail Armor","BodyArmor","Culture.aserai","body_armor","aserai_archer_armor","9.3","","0","2","","Chainmail","cloth","","60","55","44","true","true","","","","","","","","","","","","","","","","","","","","","","","","","","","","","","","","","","","","","","","","","","","","","","","","","","true","","","","","","","","","","","","","1","","","","","","","","","","","","","","","","","","","","","","","","","","","","","","","","","","","","","","","","","","","","","","","","","","",""
"RBM","RBMCombat_body_armors.xml","battania_noble_armor","{=p9cQARqf}Highborn Mail Armor","BodyArmor","Culture.battania","body_armor","battania_noble_armor","13.6","","0","3","","Chainmail","chain","","66","33","33","true","true","","","","","","","","","","","","","","","","","","","","","","","","","","","","","","","","","","","","","","","","","","","","","","","","","","true","","","","","","","","","","","","","","","","","","","","","","","","","","","","","","","","","","","","","","","","","","","","","","","","","","","","","","","","","","","","","","","",""
"RBM","RBMCombat_body_armors.xml","aserai_chain_plate_armor_a","{=YTST4rdh}Southern Reinforced Mail Armor","BodyArmor","Culture.aserai","","aserai_chain_plate_armor_a","22","","","4","","Chainmail","chain","","66","44","38","true","","","","","","","","","","","","","","","","","","","","","","","","","","","","","","","","","","","","","","","","","","","","","","","","","","","true","","","","","","","","","","","","","3","","","","","","","","","","","","","","","","","","","","","","","","","","","","","","","","","","","","","","","","","","","","","","","","","","",""
"RBM","RBMCombat_body_armors.xml","aserai_chain_plate_armor_b","{=EvW5Xzt2}Southern Reinforced Sleeveless Mail Armor","BodyArmor","Culture.aserai","","aserai_chain_plate_armor_b","19","","","6","","Chainmail","chain","","66","16","38","true","","","","","","","","","","","","","","","","","","","","","","","","","","","","","","","","","","","","","","","","","","","","","","","","","","","true","","","","","","","","","","","","","3","","","","","","","","","","","","","","","","","","","","","","","","","","","","","","","","","","","","","","","","","","","","","","","","","","",""
"RBM","RBMCombat_body_armors.xml","aserai_chain_plate_armor_c","{=Mm1QAtPx}Southern Reinforced Mail Vest","BodyArmor","Culture.aserai","","aserai_chain_plate_armor_c","15","","","4","","Chainmail","chain","","66","13","13","true","","","","","","","","","","","","","","","","","","","","","","","","","","","","","","","","","","","","","","","","","","","","","","","","","","","true","","","","","","","","","","","","","3","","","","","","","","","","","","","","","","","","","","","","","","","","","","","","","","","","","","","","","","","","","","","","","","","","",""
"RBM","RBMCombat_body_armors.xml","aserai_chain_plate_armor_d","{=zVieddxB}Southern Reinforced Short Mail Armor","BodyArmor","Culture.aserai","","aserai_chain_plate_armor_d","18","","","4","","Chainmail","chain","","66","44","13","true","","","","","","","","","","","","","","","","","","","","","","","","","","","","","","","","","","","","","","","","","","","","","","","","","","","true","","","","","","","","","","","","","3","","","","","","","","","","","","","","","","","","","","","","","","","","","","","","","","","","","","","","","","","","","","","","","","","","",""
"RBM","RBMCombat_body_armors.xml","aserai_scale_armor_on_cloth","{=JbV0WoO7}Mastercrafted Southern Scale Mail","BodyArmor","Culture.aserai","","aserai_scale_armor_on_cloth","18","","","6","","Plate","plate","","70","15","20","true","","","","","","","","","","","","","","","","","","","","","","","","","","","","","","","","","","","","","","","","","","","","","","","","","","","true","","","","","","","","","","","","","3","","","","","","","","","","","","","","","","","","","","","","","","","","","","","","","","","","","","","","","","","","","","","","","","","","",""
"RBM","RBMCombat_body_armors.xml","battania_brass_plate_armor","{=79I1U8OC}Bronze Breastplate","BodyArmor","Culture.battania","body_armor","battania_brass_plate_armor","10","","0","1.9","","Plate","plate","","70","20","20","true","true","","","","","","","","","","","","","","","","","","","","","","","","","","","","","","","","","","","","","","","","","true","true","","","","","","","","true","","","","","","","","","","","","","","","","","","","","","","","","","","","","","","","","","","","","","","","","","","","","","","","","","","","","","","","","","","","","","","","",""
"RBM","RBMCombat_body_armors.xml","plated_leather_coat","{=OvlG2Vu1}Rough Brigandine","BodyArmor","Culture.vlandia","body_armor","cop_a","12.7","","0","1.6","","Plate","plate","","75","60","56","true","true","","","","","","","","","","","","","","","","","","","","","","","","","","","","","","","","","","","","","","","","","","","","","","","","","","true","","","","","","","","","","","","","","","","","","","","","","","","","","","","","","","","","","","","","","","","","","","","","","","","","","","","","","","","","","","","","","","",""
"RBM","RBMCombat_body_armors.xml","eastern_lamellar_armor","{=tG1Q8r2u}Lancer Lamellar Armor","BodyArmor","Culture.khuzait","","metal_lamellar_armor","16","","","2","","Plate","plate","","75","25","50","true","","","","","","","","","","","","","","","","","","","","","","","","","","","","","","","","","","","","","","","","","","true","","","","","","","","","true","","","","","","","","","","","","","","","","","","","","","","","","","","","","","","","","","","","","","","","","","","","","","","","","","","","","","","","","","","","","","","","",""
"RBM","RBMCombat_body_armors.xml","hauberk","{=RBM_ARM_001}Double Mail Hauberk","BodyArmor","Culture.vlandia","body_armor","mail_hauberk","12.3","","0","1","","Chainmail","chain","","77","44","44","true","true","","","","","","","","","","","","","","","","","","","","","","","","","","","","","","","","","","","","","","","","","","","","","","","","","","false","","","","","","","","","","","","","","","","","","","","","","","","","","","","","","","","","","","","","","","","","","","","","","","","","","","","","","","","","","","","","","","",""
"RBM","RBMCombat_body_armors.xml","sturgian_chainmale_longsleeve","{=RBM_ARM_007}Decorated Double Hauberk","BodyArmor","Culture.sturgia","body_armor","sturgian_chainmale_longsleeve","12.3","","0","1.6","","Chainmail","chain","","77","44","44","true","true","","","","","","","","","","","","","","","","","","","","","","","","","","","","","","","","","","","","","","","","","","","","","","","","","","true","","","","","","","","","","","","","","","","","","","","","","","","","","","","","","","","","","","","","","","","","","","","","","","","","","","","","","","","","","","","","","","",""
"RBM","RBMCombat_body_armors.xml","imperial_lamellar","{=RBM_ARM_002}Light Lamellar over Mail Armor","BodyArmor","Culture.empire","body_armor","imperial_lamellar_a","28.5","","0","3","","Plate","plate","","79","45","78","true","","","","","","","","","","","","","","","","","","","","","","","","","","","","","","","","","","","","","","","","","","","","","","","","","","","true","","","","","","","","","","","","","","","","","","","","","","","","","","","","","","","","","","","","","","","","","","","","","","","","","","","","","","","","","","","","","","","",""
"RBM","RBMCombat_body_armors.xml","sturgian_lamellar_base","{=RBM_ARM_003}Light Lamellar over Mail","BodyArmor","Culture.sturgia","","sturgian_lamellar_base","21.5","","","3","","Plate","plate","","79","40","38","true","","","","","","","","","","","","","","","","","","","","","","","","","","","","","","","","","","","","","","","","","","","","","","","","","","","true","","","","","","","","","","","","","","","","","","","","","","","","","","","","","","","","","","","","","","","","","","","","","","","","","","","","","","","","","","","","","","","",""
"RBM","RBMCombat_body_armors.xml","battanian_scale_armor_a","{=QlvnKQbc}Highland Scale Armor over Mail Armor","BodyArmor","Culture.battania","body_armor","battanian_scale_armor_a","26","","0","3","","Plate","plate","","79","25","35","true","true","","","","","","","","","","","","","","","","","","","","","","","","","","","","","","","","","","","","","","","","","","","","","","","","","","true","","","","","","","","","","","","","","","","","","","","","","","","","","","","","","","","","","","","","","","","","","","","","","","","","","","","","","","","","","","","","","","",""
"RBM","RBMCombat_body_armors.xml","coat_of_plates_over_mail","{=PtfbqMeg}Brigandine over Mail","BodyArmor","Culture.vlandia","body_armor","tunic_ironplate_armor","20.11","","0","3","","Plate","plate","","82","49","38","true","","","","","","","","","","","","","","","","","","","","","","","","","","","","","","","","","","","","","","","","","","","","","","","","","","","true","","","","","","","","","","","","","","","","","","","","","","","","","","","","","","","","","","","","","","","","","","","","","","","","","","","","","","","","","","","","","","","",""
"RBM","RBMCombat_body_armors.xml","sturgia_cavalry_armor","{=ALbtxxyC}Cavalry Lamellar Armor","BodyArmor","Culture.aserai","body_armor","sturgia_cavalry_armor","19.4","","0","1.5","","Plate","plate","","85","45","43","true","true","","","","","","","","","","","","","","","","","","","","","","","","","","","","","","","","","","","","","","","","","","","","","","","","","","true","","","","","","","","","","","","","","","","","","","","","","","","","","","","","","","","","","","","","","","","","","","","","","","","","","","","","","","","","","","","","","","",""
"RBM","RBMCombat_body_armors.xml","empire_legion_b","{=7HbspP6x}Ornate Legionary Scale Mail","BodyArmor","Culture.empire","body_armor","empire_legion_b","28","","0","6","","Plate","plate","","85","20","30","true","","","","","","","","","","","","","","","","","","","","","","","","","","","","","","","","","","","","","","","","","","true","","","","","","","","","true","","","","","","","","","","","","","","","","","","","","","","","","","","","","","","","","","","","","","","","","","","","","","","","","","","","","","","","","","","","","","","","",""
"RBM","RBMCombat_body_armors.xml","imperial_lamellar_over_leather","{=x3lcf2Do}Luxury Lamellar Vest over Leather","BodyArmor","Culture.empire","","empire_plate_armor","15","","","1.3","","Plate","plate","","88","35","30","true","","","","","","","","","","","","","","","","","","","","","","","","","","","","","","","","","","","","","","","","","","","","","","","","","","","true","","","","","","","","","","","","","","","","","","","","","","","","","","","","","","","","","","","","","","","","","","","","","","","","","","","","","","","","","","","","","","","",""
"RBM","RBMCombat_body_armors.xml","northern_brass_lamellar_over_mail","{=MFYaL8FL}Heavy Lamellar over Mail","BodyArmor","Culture.sturgia","","brass_lamellar_white","23.6","","","3","","Plate","plate","","90","45","50","true","","","","","","","","","","","","","","","","","","","","","","","","","","","","","","","","","","","","","","","","","","","","","","","","","","","true","","","","","","","","","","","","","","","","","","","","","","","","","","","","","","","","","","","","","","","","","","","","","","","","","","","","","","","","","","","","","","","",""
"RBM","RBMCombat_body_armors.xml","northern_coat_of_plates","{=w4RuDABQ}Coat Of Plates","BodyArmor","Culture.sturgia","","sturgia_plate_armor","20","","","2","","Plate","plate","","90","30","22","true","","","","","","","","","","","","","","","","","","","","","","","","","","","","","","","","","","","","","","","","","","","","","","","","","","","true","","","","","","","","","","","","","","","","","","","","","","","","","","","","","","","","","","","","","","","","","","","","","","","","","","","","","","","","","","","","","","","",""
"RBM","RBMCombat_body_armors.xml","aserai_full_scale_armor_on_chain","{=U7WGaQ45}Mastercrafted Southern Scale over Chain Hauberk","BodyArmor","Culture.aserai","","aserai_full_scale_armor_on_chain","28","","","7","","Plate","plate","","90","35","65","true","","","","","","","","","","","","","","","","","","","","","","","","","","","","","","","","","","","","","","","","","","","","","","","","","","","true","","","","","","","","","","","","","3","","","","","","","","","","","","","","","","","","","","","","","","","","","","","","","","","","","","","","","","","","","","","","","","","","",""
"RBM","RBMCombat_body_armors.xml","aserai_scale_armor_on_chain","{=2VZ10uRa}Mastercrafted Southern Scale over Chain Mail","BodyArmor","Culture.aserai","","aserai_scale_armor_on_chain","22","","","6","","Chainmail","chain","","93","38","33","true","","","","","","","","","","","","","","","","","","","","","","","","","","","","","","","","","","","","","","","","","","","","","","","","","","","true","","","","","","","","","","","","","3","","","","","","","","","","","","","","","","","","","","","","","","","","","","","","","","","","","","","","","","","","","","","","","","","","",""
"RBM","RBMCombat_body_armors.xml","desert_scale_armor","{=RBM_ARM_004}Scale Armor over Mail","BodyArmor","Culture.aserai","","aserai_scale_armor_b","25","","","1","","Plate","plate","","95","45","68","true","","","","","","","","","","","","","","","","","","","","","","","","","","","","","","","","","","","","","","","","","","","","","","","","","","","true","","","","","","","","","","","","","3","","","","","","","","","","","","","","","","","","","","","","","","","","","","","","","","","","","","","","","","","","","","","","","","","","",""
"RBM","RBMCombat_body_armors.xml","battania_warlord_armor","{=erlrhK2a}Scale Warlord Armor","BodyArmor","Culture.battania","body_armor","battania_warlord_armor","25","","0","3","","Plate","plate","","96","40","50","true","true","","","","","","","","","","","","","","","","","","","","","","","","","","","","","","","","","","","","","","","","","","","","","","","","","","true","","","","","","","","","","","","","","","","","","","","","","","","","","","","","","","","","","","","","","","","","","","","","","","","","","","","","","","","","","","","","","","",""
"RBM","RBMCombat_body_armors.xml","brass_lamellar_over_mail","{=CIDdPt1I}Bronze Lamellar over Mail","BodyArmor","Culture.khuzait","","brass_lamellar","23","","","2","","Plate","plate","","100","44","44","true","","","","","","","","","","","","","","","","","","","","","","","","","","","","","","","","","","","","","","","","","","","","","","","","","","","true","","","","","","","","","","","","","","","","","","","","","","","","","","","","","","","","","","","","","","","","","","","","","","","","","","","","","","","","","","","","","","","",""
"RBM","RBMCombat_body_armors.xml","sturgian_fortified_armor","{=KwbnODoT}Brigandine over Hauberk","BodyArmor","Culture.vlandia","body_armor","sturgian_fortified_armor","26","","0","2.4","","Plate","plate","","100","100","95","true","true","","","","","","","","","","","","","","","","","","","","","","","","","","","","","","","","","","","","","","","","","","","","","","","","","","true","","","","","","","","","","","","","","","","","","","","","","","","","","","","","","","","","","","","","","","","","","","","","","","","","","","","","","","","","","","","","","","",""
"RBM","RBMCombat_body_armors.xml","khuzait_heavy_armor","{=CttLMqiq}Khan's Coat of Plates","BodyArmor","Culture.khuzait","","khuzait_heavy_armor","26.5","","","8","","Plate","plate","","100","80","55","true","","","","","","","","","","","","","","","","","","","","","","","","","","","","","","","","","","","","","","","","","","","","","","","","","","","true","","","","","","","","","","","","","","","","","","","","","","","","","","","","","","","","","","","","","","","","","","","","","","","","","","","","","","","","","","","","","","","",""
"RBM","RBMCombat_body_armors.xml","desert_lamellar","{=RBM_ARM_005}Lamellar Armor over Mail","BodyArmor","Culture.aserai","body_armor","aserai_cavalry_armor","23","","0","1.5","","Plate","plate","","105","45","35","true","true","","","","","","","","","","","","","","","","","","","","","","","","","","","","","","","","","","","","","","","","","","","","","","","","","","true","","","","","","","","","","","","","","","","","","","","","","","","","","","","","","","","","","","","","","","","","","","","","","","","","","","","","","","","","","","","","","","",""
"RBM","RBMCombat_body_armors.xml","sturgian_lamellar_fortified","{=D358wBWJ}Heavy Lamellar over Hauberk","BodyArmor","Culture.sturgia","","sturgian_lamellar_fortified","26","","","3","","Plate","plate","","105","45","75","true","","","","","","","","","","","","","","","","","","","","","","","","","","","","","","","","","","","","","","","","","","","","","","","","","","","true","","","","","","","","","","","","","","","","","","","","","","","","","","","","","","","","","","","","","","","","","","","","","","","","","","","","","","","","","","","","","","","",""
"RBM","RBMCombat_body_armors.xml","lamellar_with_scale_skirt","{=RBM_ARM_006}Heavy Lamellar over Mail with Scale Skirt","BodyArmor","Culture.empire","","imperial_lamellar_c","34","","","3","","Plate","plate","","118","45","122","true","","","","","","","","","","","","","","","","","","","","","","","","","","","","","","","","","","","","","","","","","","","","","","","","","","","true","","","","","","","","","","","","","","","","","","","","","","","","","","","","","","","","","","","","","","","","","","","","","","","","","","","","","","","","","","","","","","","",""
"RBM","RBMCombat_body_armors.xml","imperial_scale_armor","{=RBM_ARM_008}Heavy Scale Armor over Double Mail","BodyArmor","Culture.empire","body_armor","imperial_lamellar_b","35.5","","0","3","","Plate","plate","","135","67","122","true","","","","","","","","","","","","","","","","","","","","","","","","","","","","","","","","","","","","","","","","","","","","","","","","","","","","","","","","","","","","","","","","","","","","","","","","","","","","","","","","","","","","","","","","","","","","","","","","","","","","","","","","","","","","","","","","","","",""
"RBM","RBMCombat_body_armors.xml","assassin_armor","{=uZYqmBST}Blackened Armor","BodyArmor","Culture.nord","body_armor","assassin_armor","5","","","4","","Leather","leather","","28","25","22","true","true","","","","","","","","","","","","","","","","","","","","","","","","","","","","","","","","","","","","","30","","","","","","","","","","","","true","","","","","","","","","","","","","","","","","","","","","","","","","","","","","","","","","","","","","","","","","","","","","","","","","","","","","","","","","","","","","","","","",""
"RBM","RBMCombat_gladius.xml","flail","{=dkldfSqU}Spiked Flail","OneHandedWeapon","Culture.empire","","flail_a","4.0","4","","","","","","","","","","","","","","","","","","","","Mace","","65","","","78","6","Blunt","97","","0","","","flail_block_shield_swing","","","","","","","","","","","","","","","","","bo_mace_a","","","","","","","","","","","","","","","bo_axe_short","","flail_a_holster_2","0.15,0.0,-0.35","","","false","","mace_right_hip","","","","true","","flail_skeleton","","","","","","","","","","","","metal_weapon","","","","","","","","100","","","","","","","","","","","","","","","","","","true","","","","","","","",""
"RBM","RBMCombat_gladius.xml","flail_b","{=77GPT2B6}War Flail","OneHandedWeapon","Culture.empire","","flail_b","4.0","4","","","","","","","","","","","","","","","","","","","","Mace","","65","","","78","6","Blunt","97","","0","","","flail_block_shield_swing","","","","","","","","","","","","","","","","","bo_mace_a","","","","","","","","","","","","","","","","","flail_b_holster_2","0.15,0.0,-0.35","","","false","","mace_right_hip","","","","true","","flail_skeleton","","","","","","","","","","","","metal_weapon","","","","","","","","100","","","","","","","","","","","","","","","","","","true","","","","","","","",""
"RBM","RBMCombat_gladius.xml","shackle","{=6jYzHJjB}Shackle","OneHandedWeapon","Culture.empire","","shackle","4.0","4","","","","","","","","","","","","","","","","","","","","Mace","","65","","","160","56","Blunt","160","","0","","","flail_block_shield_swing","","","","","","","","","","","","","","","","","bo_mace_a","","","","","","","","","","","","","","","","","shackle_holster","0.15,0.0,-0.35","","","false","","mace_right_hip","","","","true","","shackle_skeleton","","","","","","","","","","","","metal_weapon","","","","","","","","100","","","","","","","","","","","","","","","","","","true","","","","","","","",""
"RBM","RBMCombat_head_armors.xml","aserai_civil_c_head","{=ZFETxZKP}Keffiyeh with Silken Band","HeadArmor","Culture.aserai","","aserai_civil_c_head","0.1","","","2","","Cloth","cloth_unarmoured","6","0","","","","true","type2","","","","","","","","","","","","","","","","","","","","","","","","","","","","","","","","","","","","","","","","true","","","","","","","","","true","","","","","","","","","","","","","","","","","","","","","","","","","","","","","","","","","","","","","","","","","","","","","","","","","","","","","","","","","","","","","","","",""
"RBM","RBMCombat_head_armors.xml","aserai_civil_e_hscarf","{=f2awUw9x}Colored Keffiyeh","HeadArmor","Culture.aserai","","aserai_civil_e_hscarf","0.1","","","2","","Cloth","cloth_unarmoured","6","0","","","","true","all","","","","","","","","","","","","","","","","","","","","","","","","","","","","","","","","","","","","","","","","true","","","","","","","","","true","","","","","","","","","","","","","","","","","","","","","","","","","","","","","","","","","","","","","","","","","","","","","","","","","","","","","","","","","","","","","","","",""
"RBM","RBMCombat_head_armors.xml","aserai_civil_hscarf_a","{=W8OGOfyt}Keffiyeh with Brown Band","HeadArmor","Culture.aserai","","aserai_civil_hscarf_a","0.1","","","1.8","","Cloth","cloth_unarmoured","6","0","","","","true","all","","","","","","","","","","","","","","","","","","","","","","","","","","","","","","","","","","","","","","","","true","","","","","","","","","true","","","","","","","","","","","","","","","","","","","","","","","","","","","","","","","","","","","","","","","","","","","","","","","","","","","","","","","","","","","","","","","",""
"RBM","RBMCombat_head_armors.xml","aserai_civil_hscarf_b","{=OrEgjXZ1}Roughspun Keffiyeh","HeadArmor","Culture.aserai","","aserai_civil_hscarf_b","0.1","","","1.7","","Cloth","cloth_unarmoured","6","0","","","","true","all","type3","","","","","","","","","","","","","","","","","","","","","","","","","","","","","","","","","","","5","","","","true","","","","","","","","true","true","","","","","","","","","","","","","","","","","","","","","","","","","","","","","","","","","","","","","","","","","","","","","","","","","","","","","","","","","","","","","","","",""
"RBM","RBMCombat_head_armors.xml","head_scarf","{=Gzc0Ql3a}Colored Hijab","HeadArmor","Culture.aserai","","head_scarf_b","0.1","","","1","","Cloth","cloth_unarmoured","6","0","","","","false","all","type2","","","","","","","","","","","","","","","","","","","","","","","","","","","","","","","","","","","","","","","true","","","","","","","","","true","","","","","","","","","","","","","","","","","","","","","","","","","","","","","","","","","","","","","","","","","","","","","","","","","","","","","","","","","","","","","","","",""
"RBM","RBMCombat_head_armors.xml","merchants_hat","{=S9htzkbe}Merchant Hat","HeadArmor","Culture.neutral_culture","","costume_merchant_v4_head","0.1","","","1","","Leather","leather","6","0","","","","false","type1","","","","","","","","","","","","","","","","","","","","","","","","","","","","","","","","","","","","","","","","true","","","","","","","","","","","","","","","","","","","","","","","","","","","","","","","","","","","","","","","","","","","","","","","","","","","","","","","","","","","","","","","","","","","","","","","","",""
"RBM","RBMCombat_head_armors.xml","womens_headwrap_b","{=N3SgmNxe}Head Scarf","HeadArmor","Culture.sturgia","","womens_headwrap_b","0.2","","","1","","Cloth","cloth_unarmoured","6","0","","","","false","all","","","","","","","","","","","","","","","","","","","","","","","","","","","","","","","","","","","","","","","","true","","","","","","","","","","","","","","","","","","","","","","","","","","","","","","","","","","","","","","","","","","","","","","","","","","","","","","","","","","","","","","","","","","","","","","","","",""
"RBM","RBMCombat_head_armors.xml","womens_headwrap_c","{=Qyg2bJLX}Rural Head Wrap","HeadArmor","Culture.vlandia","","womens_headwrap_c","0.1","","","1","","Cloth","cloth_unarmoured","6","0","","","","false","all","","","","","","","","","","","","","","","","","","","","","","","","","","","","","","","","","","","","","","","","true","","","","","","","","","","","","","","","","","","","","","","","","","","","","","","","","","","","","","","","","","","","","","","","","","","","","","","","","","","","","","","","","","","","","","","","","",""
"RBM","RBMCombat_head_armors.xml","aserai_villager_female_headdress","{=2U17pNiY}Rural Headdress","HeadArmor","Culture.aserai","","aserai_villager_female_headdress","0.2","","","1","","Cloth","cloth_unarmoured","7","0","","","","","all","","","","","","","","","","","","","","","","","","","","","","","","","","","","","","","","","","","","","","","","true","","","","","","","","","true","","","","","","","","","","","","","","","","","","","","","","","","","","","","","","","","","","","","","","","","","","","","","","","","","","","","","","","","","","","","","","","",""
"RBM","RBMCombat_head_armors.xml","fur_hat","{=kEInAJ2P}Nomad Fur Cap","HeadArmor","Culture.khuzait","head_armor","khuzait_helmet_o","0.5","","0","1","","Leather","leather","7","0","","","","false","type1","","","","","","","","","","","","","","","","","","","","","","","","","","","","","","","","","","","","","","","","true","","","","","","","","","","","","","","","","","","","","","","","","","","","","","","","","","","","","","","","","","","","","","","","","","","","","","","","","","","","","","","","","","","","","","","","","",""
"RBM","RBMCombat_head_armors.xml","headscarf_d","{=wW3iouiU}Hijab","HeadArmor","Culture.aserai","","headscarf_d","0.5","","","1","","Cloth","cloth_unarmoured","7","0","","","","false","all","type3","","","","","","","","","","","","","","","","","","","","","","","","","","","","","","","","","","","5","","","","true","","","","","","","","true","true","","","","","","","","","","","","","","","","","","","","","","","","","","","","","","","","","","","","","","","","","","","","","","","","","","","","","","","","","","","","","","","",""
"RBM","RBMCombat_head_armors.xml","pilgrim_hood","{=VXFwEF3M}Pilgrim's Hood","headArmor","Culture.empire","","sneak_costume_head","0.2","","0","0.3","","Cloth","cloth_unarmoured","7","5","","","","false","all","type3","","","","","","","","","","","","","","","","","","","","","","","","","","","","","","","","","","","10","","","","true","","","","","","","","true","true","","","","","","","","","","","","","","","","","","","","","","","","","","","","","","","","","","","","","","","","","","","","","","","","","","","","","","","","","","","","","","","",""
"RBM","RBMCombat_head_armors.xml","aserai_civil_f_cape","{=AoJ4Ztl2}Bandit Leather Hood","HeadArmor","Culture.aserai","","aserai_civil_f_cape","0.1","","","1","","Leather","leather","8","3","","","","true","type2","type3","","","","","","","","","","","","","","","","","","","","","","","","","","","","","","","","","","","10","","","","true","","","","","","","","true","true","","","","","","","","","","","","","","","","","","","","","","","","","","","","","","","","","","","","","","","","","","","","","","","","","","","","","","","","","","","","","","","",""
"RBM","RBMCombat_head_armors.xml","aserai_civil_d_hscarf","{=l91l1TJo}Colored Turban","HeadArmor","Culture.aserai","","aserai_civil_d_hscarf","0.1","","","2","","Cloth","cloth_unarmoured","9","0","","","","true","type1","","","","","","","","","","","","","","","","","","","","","","","","","","","","","","","","","","","","","","","","true","","","","","","","","","true","","","","","","","","","","","","","","","","","","","","","","","","","","","","","","","","","","","","","","","","","","","","","","","","","","","","","","","","","","","","","","","",""
"RBM","RBMCombat_head_armors.xml","desert_headdress","{=4n6n3KL7}Desert Headdress","HeadArmor","Culture.aserai","","aserai_female_costume_headdress","0.2","","","1","","Cloth","cloth_unarmoured","9","0","","","","","all","","","","","","","","","","","","","","","","","","","","","","","","","","","","","","","","","","","","","","","","true","","","","","","","","","true","","","","","","","","","","","","","","","","","","","","","","","","","","","","","","","","","","","","","","","","","","","","","","","","","","","","","","","","","","","","","","","",""
"RBM","RBMCombat_head_armors.xml","head_wrapped","{=SugbcP3D}Female Rural Headwrap","HeadArmor","Culture.vlandia","","womens_headwrap","0.3","","","1","","Cloth","cloth_unarmoured","9","0","","","","false","all","","","","","","","","","","","","","","","","","","","","","","","","","","","","","","","","","","","","","","","","true","","","","","","","","","","","","","","","","","","","","","","","","","","","","","","","","","","","","","","","","","","","","","","","","","","","","","","","","","","","","","","","","","","","","","","","","",""
"RBM","RBMCombat_head_armors.xml","head_wrapping","{=sDKfIQbO}Peasant Head Wrapping","HeadArmor","Culture.vlandia","","head_scarf_d","0.05","","","0.5","","Cloth","cloth_unarmoured","9","0","","","","false","all","","","","","","","","","","","","","","","","","","","","","","","","","","","","","","","","","","","","","","","","true","","","","","","","","","true","","","","","","","","","","","","","","","","","","","","","","","","","","","","","","","","","","","","","","","","","","","","","","","","","","","","","","","","","","","","","","","",""
"RBM","RBMCombat_head_armors.xml","headscarf_c","{=ZhcOdFgK}Luxurious Head Scarf","HeadArmor","Culture.vlandia","","headscarf_c","0.3","","","1","","Cloth","cloth_unarmoured","9","0","","","","false","all","type3","","","","","","","","","","","","","","","","","","","","","","","","","","","","","","","","","","","","","","","true","","","","","","","","","true","","","","","","","","","","","","","","","","","","","","","","","","","","","","","","","","","","","","","","","","","","","","","","","","","","","","","","","","","","","","","","","",""
"RBM","RBMCombat_head_armors.xml","turban","{=8SNS2wF9}Turban","HeadArmor","Culture.aserai","","aserai_helmet_i","0.5","","","1","","Cloth","cloth_unarmoured","9","0","","","","false","all","type3","","","","","","","","","","","","","","","","","","","","","","","","","","","","","","","","","","","","","","","true","","","","","","","","","true","","","","","","","","","","","","","","","","","","","","","","","","","","","","","","","","","","","","","","","","","","","","","","","","","","","","","","","","","","","","","","","",""
"RBM","RBMCombat_head_armors.xml","wrapped_headcloth","{=hRHPPQQP}Wrapped Headcloth","HeadArmor","Culture.battania","head_armor","battania_helmet_b","0.2","","0","1","","Cloth","cloth_unarmoured","9","0","","","","false","all","","","","","","","","","","","","","","","","","","","","","","","","","","","","","","","","","","","","","","","","true","","","","","","","","","true","","","","","","","","","","","","","","","","","","","","","","","","","","","","","","","","","","","","","","","","","","","","","","","","","","","","","","","","","","","","","","","",""
"RBM","RBMCombat_head_armors.xml","aserai_female_civil_hscarf","{=NEupkuqV}Desert Headscarf","HeadArmor","Culture.aserai","","aserai_female_civil_hscarf","0.4","","","1","","Cloth","cloth_unarmoured","10","0","","","","false","all","","","","","","","","","","","","","","","","","","","","","","","","","","","","","","","","","","","","","","","","true","","","","","","","","","true","","","","","","","","","","","","","","","","","","","","","","","","","","","","","","","","","","","","","","","","","","","","","","","","","","","","","","","","","","","","","","","",""
"RBM","RBMCombat_head_armors.xml","aserai_female_civil_hscarf_b","{=sc2x2QRe}Headscarf with Fez","HeadArmor","Culture.aserai","","aserai_female_civil_hscarf_b","0.4","","","2.45","","Cloth","cloth_unarmoured","10","0","","","","false","type2","","","","","","","","","","","","","","","","","","","","","","","","","","","","","","","","","","","","","","","","true","","","","","","","","","","","","","","","","","","","","","","","","","","","","","","","","","","","","","","","","","","","","","","","","","","","","","","","","","","","","","","","","","","","","","","","","",""
"RBM","RBMCombat_head_armors.xml","female_head_wrap","{=KhXnRIan}Female Headwrap","HeadArmor","Culture.aserai","","female_peasant_cape_c","0.4","","","0.8","","Cloth","cloth_unarmoured","10","0","","","","false","all","","","","","","","","","","","","","","","","","","","","","","","","","","","","","","","","","","","","","","","","true","","","","","","","","","true","","","","","","","","","","","","","","","","","","","","","","","","","","","","","","","","","","","","","","","","","","","","","","","","","","","","","","","","","","","","","","","",""
"RBM","RBMCombat_head_armors.xml","head_piece","{=oa2XYnHC}Female Rural Scarf","HeadArmor","Culture.vlandia","","head_scarf_c","0.2","","","1","","Cloth","cloth_unarmoured","10","0","","","","false","all","","","","","","","","","","","","","","","","","","","","","","","","","","","","","","","","","","","","","","","","true","","","","","","","","","true","","","","","","","","","","","","","","","","","","","","","","","","","","","","","","","","","","","","","","","","","","","","","","","","","","","","","","","","","","","","","","","",""
"RBM","RBMCombat_head_armors.xml","headscarf","{=9efOcFRL}Loose Head Scarf","HeadArmor","Culture.vlandia","","headscarf","0.5","","","1","","Cloth","cloth_unarmoured","10","0","","","","false","all","type3","","","","","","","","","","","","","","","","","","","","","","","","","","","","","","","","","","","","","","","true","","","","","","","","","true","","","","","","","","","","","","","","","","","","","","","","","","","","","","","","","","","","","","","","","","","","","","","","","","","","","","","","","","","","","","","","","",""
"RBM","RBMCombat_head_armors.xml","open_head_scarf","{=qsVRoGUv}Open Head Scarf","HeadArmor","Culture.aserai","","aserai_helmet_c","0.6","","","1.4","","Cloth","cloth_unarmoured","10","5","","","","false","all","type3","","","","","","","","","","","","","","","","","","","","","","","","","","","","","","","","","","","","","","","true","","","","","","","","","true","","","","","","","","","","","","","","","","","","","","","","","","","","","","","","","","","","","","","","","","","","","","","","","","","","","","","","","","","","","","","","","",""
"RBM","RBMCombat_head_armors.xml","battania_civil_hood","{=UC2XfY7V}Cloth Hood","HeadArmor","Culture.battania","head_armor","battania_civil_hood","0.5","","0","1","","Cloth","cloth_unarmoured","11","0","","","","false","type3","","","","","","","","","","","","","","","","","","","","","","","","","","","","","","","","","","","","5","","","","","","","","","","","","true","true","","","","","","","","","","","","","","","","","","","","","","","","","","","","","","","","","","","","","","","","","","","","","","","","","","","","","","","","","","","","","","","",""
"RBM","RBMCombat_head_armors.xml","cloth_headwrap","{=frwBm3Oh}Cloth Headwrap","HeadArmor","Culture.vlandia","head_armor","vlandia_helmet_d","0.4","","0","1","","Cloth","cloth_unarmoured","11","7","11","","","false","all","all","","","","","","","","","","","","","","","","","","","","","","","","","","","","","","","","","","","","","","","true","","","","","","","","","true","","","","","","","","","","","","","","","","","","","","","","","","","","","","","","","","","","","","","","","","","","","","","","","","","","","","","","","","","","","","","","","",""
"RBM","RBMCombat_head_armors.xml","tuareg","{=nZ2MJWhM}Tribal Turban","HeadArmor","Culture.aserai","head_armor","tuareg_b","0.6","","0","1.5","","Cloth","cloth_unarmoured","11","0","","","","false","type2","","","","","","","","","","","","","","","","","","","","","","","","","","","","","","","","","","","","","","","","true","","","","","","","","","true","","","","","","","","","","","","","","","","","","","","","","","","","","","","","","","","","","","","","","","","","","","","","","","","","","","","","","","","","","","","","","","",""
"RBM","RBMCombat_head_armors.xml","woven_turban","{=ArPvuBYK}Woven Turban","HeadArmor","Culture.aserai","head_armor","aserai_helmet_h","0.8","","0","1","","Cloth","cloth_unarmoured","11","0","","","","false","all","type4","","","","","","","","","","","","","","","","","","","","","","","","","","","","","","","","","","","","","","","true","","","","","","","","","true","","","","","","","","","","","","","","","","","","","","","","","","","","","","","","","","","","","","","","","","","","","","","","","","","","","","","","","","","","","","","","","",""
"RBM","RBMCombat_head_armors.xml","wrapped_desert_cap","{=3UxfT9Bu}Wrapped Leather Cap","HeadArmor","Culture.aserai","","aserai_helmet_o","0.5","","","0.8","","Cloth","cloth_unarmoured","11","0","","","","false","type2","type2","","","","","","","","","","","","","","","","","","","","","","","","","","","","","","","","","","","","","","","true","","","","","","","","","true","","","","","","","","","","","","","","","","","","","","","","","","","","","","","","","","","","","","","","","","","","","","","","","","","","","","","","","","","","","","","","","",""
"RBM","RBMCombat_head_armors.xml","fur_hood","{=C8nk7NEf}Thick Fur Hood","HeadArmor","Culture.khuzait","head_armor","khuzait_helmet_d","0.6","","0","1.2","","Leather","leather","12","0","","","","false","type3","","","","","","","","","","","","","","","","","","","","","","","","","","","","","","","","","","","","10","","","","","","","","","","","","true","","","","","","","","","","","","","","","","","","","","","","","","","","","","","","","","","","","","","","","","","","","","","","","","","","","","","","","","","","","","","","","","",""
"RBM","RBMCombat_head_armors.xml","desert_cap","{=U0bVXSVs}Wrapped Cap","HeadArmor","Culture.aserai","","aserai_helmet_m","0.4","","","1","","Cloth","cloth_unarmoured","14","0","","","","false","type1","none","","","","","","","","","","","","","","","","","","","","","","","","","","","","","","","","","","","","","","","true","","","","","","","","","true","","","","","","","","","","","","","","","","","","","","","","","","","","","","","","","","","","","","","","","","","","","","","","","","","","","","","","","","","","","","","","","",""
"RBM","RBMCombat_head_armors.xml","eastern_cap","{=h9PP7EWc}Cap with Neck Flap","HeadArmor","Culture.khuzait","head_armor","khuzait_helmet_n","0.3","","0","1","","Cloth","cloth_unarmoured","14","0","","","","false","type2","","","","","","","","","","","","","","","","","","","","","","","","","","","","","","","","","","","","","","","","true","","","","","","","","","","","","","","","","","","","","","","","","","","","","","","","","","","","","","","","","","","","","","","","","","","","","","","","","","","","","","","","","","","","","","","","","",""
"RBM","RBMCombat_head_armors.xml","laced_cloth_coif","{=kmdjRAoG}Laced Cloth Coif","HeadArmor","Culture.empire","head_armor","empire_helmet_c","0.4","","0","0.3","","Cloth","cloth_unarmoured","14","0","","","","false","all","","","","","","","","","","","","","","","","","","","","","","","","","","","","","","","","","","","","","","","","true","","","","","","","","","true","","","","","","","","","","","","","","","","","","","","","","","","","","","","","","","","","","","","","","","","","","","","","","","","","","","","","","","","","","","","","","","",""
"RBM","RBMCombat_head_armors.xml","leather_cap","{=uLpnmNkZ}Leather Cap","HeadArmor","Culture.empire","head_armor","leather_cap_a","0.4","","0","1","","Leather","leather","14","0","","","","false","type3","type2","","","","","","","","","","","","","","","","","","","","","","","","","","","","","","","","","","","","","","","true","","","","","","","","","","","","","","","","","","","","","","","","","","","","","","","","","","","","","","","","","","","","","","","","","","","","","","","","","","","","","","","","","","","","","","","","",""
"RBM","RBMCombat_head_armors.xml","nomad_cap","{=Oa4h7TVi}Nomad Cap","HeadArmor","Culture.khuzait","","khuzait_helmet_h","0.3","","","1.7","","Cloth","cloth_unarmoured","14","0","","","","false","type1","none","","","","","","","","","","","","","","","","","","","","","","","","","","","","","","","","","","","","","","","true","","","","","","","","","","","","","","","","","","","","","","","","","","","","","","","","","","","","","","","","","","","","","","","","","","","","","","","","","","","","","","","","","","","","","","","","",""
"RBM","RBMCombat_head_armors.xml","nordic_leather_cap","{=ByxdPJzA}Fur Cap with Ear Flaps","HeadArmor","Culture.sturgia","head_armor","sturgia_leather_cap_a","0.4","","0","1","","Leather","leather","14","0","","","","false","type1","","","","","","","","","","","","","","","","","","","","","","","","","","","","","","","","","","","","","","","","true","","","","","","","","","","","","","","","","","","","","","","","","","","","","","","","","","","","","","","","","","","","","","","","","","","","","","","","","","","","","","","","","","","","","","","","","",""
"RBM","RBMCombat_head_armors.xml","peaked_fur_hood","{=8tHbqjmB}Peaked Fur Hood","HeadArmor","Culture.khuzait","head_armor","khuzait_helmet_e","0.7","","0","1.2","","Leather","leather","14","0","","","","false","type3","","","","","","","","","","","","","","","","","","","","","","","","","","","","","","","","","","","","","","","","","","","","","","","","","","","","","","","","","","","","","","","","","","","","","","","","","","","","","","","","","","","","","","","","","","","","","","","","","","","","","","","","","","","","","","","","",""
"RBM","RBMCombat_head_armors.xml","tied_head_wrapping","{=ndfDy5B8}Tied Head Wrapping","HeadArmor","Culture.aserai","head_armor","aserai_helmet_p","0.5","","0","1.3","","Cloth","cloth_unarmoured","14","0","","","","false","all","type4","","","","","","","","","","","","","","","","","","","","","","","","","","","","","","","","","","","","","","","true","","","","","","","","","true","","","","","","","","","","","","","","","","","","","","","","","","","","","","","","","","","","","","","","","","","","","","","","","","","","","","","","","","","","","","","","","",""
"RBM","RBMCombat_head_armors.xml","upturned_fur_cap","{=3bqwOJ8z}Upturned Fur Cap","HeadArmor","Culture.khuzait","head_armor","khuzait_helmet_a","0.6","","0","1.4","","Leather","leather","14","0","","","","false","type2","","","","","","","","","","","","","","","","","","","","","","","","","","","","","","","","","","","","","","","","true","","","","","","","","","","","","","","","","","","","","","","","","","","","","","","","","","","","","","","","","","","","","","","","","","","","","","","","","","","","","","","","","","","","","","","","","",""
"RBM","RBMCombat_head_armors.xml","battania_crown","{=sDWEWefz}Highland Ceremonial Crown","HeadArmor","Culture.battania","head_armor","battania_crown","0.5","","0","8.5","","Plate","plate","15","0","","","","false","none","none","","","","","","","","","","","","","","","","","","","","","","","","","","","","","","","","","","","","","","","","","","","","","","","","","","","","","","","","","","false","","","","","","","","","","","","","","","","","","","","","","","","","","","","","","","","","","","","","","","","","","","","","","","","","","","","","",""
"RBM","RBMCombat_head_armors.xml","decorated_nomad_cap","{=smHA8Apa}Decorated Nomad Cap","HeadArmor","Culture.khuzait","","khuzait_helmet_i","0.4","","","1.6","","Cloth","cloth","15","0","","","","false","type1","none","","","","","","","","","","","","","","","","","","","","","","","","","","","","","","","","","","","","","","","true","","","","","","","","","true","","","","","","","","","","","","","","","","","","","","","","","","","","","","","","","","","","","","","","","","","","","","","","","","","","","","","","","","","","","","","","","",""
"RBM","RBMCombat_head_armors.xml","empire_crown_north","{=WF14UrdR}Golden Laurel Crown","HeadArmor","Culture.empire","","empire_crown_north","0.3","","","7","","Plate","plate","15","0","","","","false","none","","","","","","","","","","","","","","","","","","","","","","","","","","","","","","","","","","","","","","","","true","","","","","","","","","false","","","","","","","","","","false","","","","","","","","","","","","","","","","","","","","","","","","","","","","","","","","","","","","","","","","","","","","","","","","","","","","","",""
"RBM","RBMCombat_head_armors.xml","empire_crown_v2","{=u5eafobF}Imperial Jeweled Band","HeadArmor","Culture.empire","","empire_crown_v2","0.85","","","6","","Plate","plate","15","0","","","","false","none","none","","","","","","","","","","","","","","","","","","","","","","","","","","","","","","","","","","","","","","","true","","","","","","","","","false","","","","","","","","","","false","","","","","","","","","","","","","","","","","","","","","","","","","","","","","","","","","","","","","","","","","","","","","","","","","","","","","",""
"RBM","RBMCombat_head_armors.xml","empire_crown_west","{=u5eafobF}Imperial Jeweled Band","HeadArmor","Culture.empire","","empire_crown_west","0.5","","","6","","Plate","plate","15","0","","","","false","none","","","","","","","","","","","","","","","","","","","","","","","","","","","","","","","","","","","","","","","","true","","","","","","","","","false","","","","","","","","","","false","","","","","","","","","","","","","","","","","","","","","","","","","","","","","","","","","","","","","","","","","","","","","","","","","","","","","",""
"RBM","RBMCombat_head_armors.xml","vlandia_crown","{=1b6T0M72}Austere Crown","HeadArmor","Culture.empire","","vlandia_crown","0.35","","","6","","Plate","plate","15","0","","","","false","none","","","","","","","","","","","","","","","","","","","","","","","","","","","","","","","","","","","","","","","","true","","","","","","","","","false","","","","","","","","","","false","","","","","","","","","","","","","","","","","","","","","","","","","","","","","","","","","","","","","","","","","","","","","","","","","","","","","",""
"RBM","RBMCombat_head_armors.xml","padded_cap","{=Dc4ia4m9}Padded Cap","HeadArmor","Culture.vlandia","head_armor","vlandia_helmet_e","0.2","","0","1","","Cloth","cloth","16","0","","","","false","type3","","","","","","","","","","","","","","","","","","","","","","","","","","","","","","","","","","","","","","","","true","","","","","","","","","true","","","","","","","","","","","","","","","","","","","","","","","","","","","","","","","","","","","","","","","","","","","","","","","","","","","","","","","","","","","","","","","",""
"RBM","RBMCombat_head_armors.xml","padded_coif","{=zQv3w264}Padded Half Coif","HeadArmor","Culture.vlandia","head_armor","vlandia_helmet_b","0.5","","0","1.2","","Cloth","cloth","16","5","","","","false","all","type3","","","","","","","","","","","","","","","","","","","","","","","","","","","","","","","","","","","","","","","","","","","","","","","","true","","","","","","","","","","","","","","","","","","","","","","","","","","","","","","","","","","","","","","","","","","","","","","","","","","","","","","","","","","","","","","","",""
"RBM","RBMCombat_head_armors.xml","arming_cap","{=SV1pTR2P}Padded Coif","HeadArmor","Culture.vlandia","","arming_cap_a","0.2","","","1","","Cloth","cloth","17","7","17","","","false","all","type3","","","","","","","","","","","","","","","","","","","","","","","","","","","","","","","","","","","5","","","","","","","","","","","","true","","","","","","","","","","","","","","","","","","","","","","","","","","","","","","","","","","","","","","","","","","","","","","","","","","","","","","","","","","","","","","","","",""
"RBM","RBMCombat_head_armors.xml","imperial_cloth_coif","{=g5BPd0Oc}Cloth Coif","HeadArmor","Culture.empire","head_armor","empire_helmet_e","0.2","","0","0.3","","Cloth","cloth","17","0","","","","false","all","","","","","","","","","","","","","","","","","","","","","","","","","","","","","","","","","","","","","","","","true","","","","","","","","","true","","","","","","","","","","","","","","","","","","","","","","","","","","","","","","","","","","","","","","","","","","","","","","","","","","","","","","","","","","","","","","","",""
"RBM","RBMCombat_head_armors.xml","nordic_fur_cap","{=cjH1WFwy}Fur Rimmed Cap","HeadArmor","Culture.sturgia","","sturgia_helmet_m","0.3","","","1","","Leather","leather","18","0","","","","false","type2","none","","","","","","","","","","","","","","","","","","","","","","","","","","","","","","","","","","","","","","","true","","","","","","","","","","","","","","","","","","","","","","","","","","","","","","","","","","","","","","","","","","","","","","","","","","","","","","","","","","","","","","","","","","","","","","","","",""
"RBM","RBMCombat_head_armors.xml","thinhide_coif","{=Q50hfNjW}Thinhide Coif","HeadArmor","Culture.battania","head_armor","battania_helmet_a","0.5","","0","1.6","","Leather","leather","18","0","","","","false","all","","","","","","","","","","","","","","","","","","","","","","","","","","","","","","","","","","","","5","","","","true","","","","","","","","true","","","","","","","","","","","","","","","","","","","","","","","","","","","","","","","","","","","","","","","","","","","","","","","","","","","","","","","","","","","","","","","","",""
"RBM","RBMCombat_head_armors.xml","laced_coif","{=qFL0VxZX}Laced Coif","HeadArmor","Culture.vlandia","head_armor","vlandia_helmet_c","0.4","","0","1","","Cloth","cloth","19","0","19","","","false","all","type3","","","","","","","","","","","","","","","","","","","","","","","","","","","","","","","","","","","5","","","","true","","","","","","","","true","true","","","","","","","","","","","","","","","","","","","","","","","","","","","","","","","","","","","","","","","","","","","","","","","","","","","","","","","","","","","","","","","",""
"RBM","RBMCombat_head_armors.xml","northern_fur_cap","{=TwuAVsCn}Fur Cap","HeadArmor","Culture.sturgia","","sturgia_helmet_j","0.5","","","1","","Leather","leather","19","0","","","","false","type2","none","","","","","","","","","","","","","","","","","","","","","","","","","","","","","","","","","","","","","","","true","","","","","","","","","","","","","","","","","","","","","","","","","","","","","","","","","","","","","","","","","","","","","","","","","","","","","","","","","","","","","","","","","","","","","","","","",""
"RBM","RBMCombat_head_armors.xml","nomad_padded_hood","{=yMi4ijgI}Nomad Padded Hood","HeadArmor","Culture.khuzait","head_armor","khuzait_helmet_p","0.4","","0","2","","Cloth","cloth","20","0","","","","false","type2","","","","","","","","","","","","","","","","","","","","","","","","","","","","","","","","","","","","","","","","true","","","","","","","","","","","","","","","","","","","","","","","","","","","","","","","","","","","","","","","","","","","","","","","","","","","","","","","","","","","","","","","","","","","","","","","","",""
"RBM","RBMCombat_head_armors.xml","open_padded_coif","{=WUArer5A}Open Padded Coif","HeadArmor","Culture.vlandia","head_armor","vlandia_helmet_y","0.3","","0","1","","Cloth","cloth","21","0","","","","false","all","type2","","","","","","","","","","","","","","","","","","","","","","","","","","","","","","","","","","","","","","","true","","","","","","","","","true","","","","","","","","","","","","","","","","","","","","","","","","","","","","","","","","","","","","","","","","","","","","","","","","","","","","","","","","","","","","","","","",""
"RBM","RBMCombat_head_armors.xml","roughhide_cap","{=p6NIgRpk}Roughhide Cap","HeadArmor","Culture.sturgia","","sturgia_helmet_d","0.5","","","1","","Cloth","cloth","21","0","","","","false","type2","none","","","","","","","","","","","","","","","","","","","","","","","","","","","","","","","","","","","","","","","true","","","","","","","","","","","","","","","","","","","","","","","","","","","","","","","","","","","","","","","","","","","","","","","","","","","","","","","","","","","","","","","","","","","","","","","","",""
"RBM","RBMCombat_head_armors.xml","arming_coif","{=mlJKNbbn}Leather Coif","HeadArmor","Culture.vlandia","head_armor","vlandia_helmet_f","0.3","","0","1","","Cloth","cloth","22","0","","","","false","type3","","","","","","","","","","","","","","","","","","","","","","","","","","","","","","","","","","","","","","","","true","","","","","","","","","true","","","","","","","","","","","","","","","","","","","","","","","","","","","","","","","","","","","","","","","","","","","","","","","","","","","","","","","","","","","","","","","",""
"RBM","RBMCombat_head_armors.xml","imperial_padded_coif","{=3Q2F2BKD}Lightweight Padded Coif","HeadArmor","Culture.empire","head_armor","empire_helmet_b","0.5","","0","0.6","","Cloth","cloth","22","7","22","","","false","all","type3","","","","","","","","","","","","","","","","","","","","","","","","","","","","","","","","","","","","","","","true","","","","","","","","","true","","","","","","","","","","","","","","","","","","","","","","","","","","","","","","","","","","","","","","","","","","","","","","","","","","","","","","","","","","","","","","","",""
"RBM","RBMCombat_head_armors.xml","imperial_leather_coif","{=mlJKNbbn}Leather Coif","HeadArmor","Culture.empire","head_armor","empire_helmet_d","0.3","","0","0.5","","Leather","leather","23","0","","","","false","all","","","","","","","","","","","","","","","","","","","","","","","","","","","","","","","","","","","","","","","","true","","","","","","","","","true","","","","","","","","","","","","","","","","","","","","","","","","","","","","","","","","","","","","","","","","","","","","","","","","","","","","","","","","","","","","","","","",""
"RBM","RBMCombat_head_armors.xml","leather_studdedhelm","{=qxExIHbx}Leather Studded Helm","HeadArmor","Culture.battania","head_armor","battania_helmet_k","0.5","","0","1","","Leather","leather","23","0","","","","false","type1","","","","","","","","","","","","","","","","","","","","","","","","","","","","","","","","","","","","","","","","","","","","","","","","","","","","","","","","","","","","","","","","","","","","","","","","","","","","","","","","","","","","","","","","","","","","","","","","","","","","","","","","","","","","","","","","",""
"RBM","RBMCombat_head_armors.xml","leather_studdedhelm_over_headcloth","{=beMSPAOG}Leather Studded Helm over Headcloth","HeadArmor","Culture.battania","head_armor","battania_helmet_k_b","1.1","","0","1","","Leather","leather","24","0","","","","false","all","","","","","","","","","","","","","","","","","","","","","","","","","","","","","","","","","","","","","","","","","","","","","","","","","","","","","","","","","","","","","","","","","","","","","","","","","","","","","","","","","","","","","","","","","","","","","","","","","","","","","","","","","","","","","","","","",""
"RBM","RBMCombat_head_armors.xml","leather_studdedhelm_over_thinhide","{=2m1kWsao}Leather Studded Helm over Thinhide","HeadArmor","Culture.battania","head_armor","battania_helmet_k_a","1.2","","0","1","","Leather","leather","25","0","","","","false","all","","","","","","","","","","","","","","","","","","","","","","","","","","","","","","","","","","","","","","","","","","","","","","","","","","","","","","","","","","","","","","","","","","","","","","","","","","","","","","","","","","","","","","","","","","","","","","","","","","","","","","","","","","","","","","","","",""
"RBM","RBMCombat_head_armors.xml","wolfhead","{=B7tbURzI}Wolf Head","HeadArmor","Culture.battania","head_armor","battania_helmet_i","1.3","","0","1.5","","Leather","leather","25","0","","","","false","all","","","","","","","","","","","","","","","","","","","","","","","","","","","","","","","","","","","","5","","","","","","","","","","","","true","","","","","","","","","","","","","","","","","","","","","","","","","","","","","","","","","","","","","","","","","","","","","","","","","","","","","","","","","","","","","","","","",""
"RBM","RBMCombat_head_armors.xml","leather_studdedhelm_over_roughscale","{=X1Wn0sBa}Leather Studded Helm over Roughscale","HeadArmor","Culture.battania","head_armor","battania_helmet_k_e","3.6","","0","1.1","","Leather","leather","27","0","","","","false","all","","","","","","","","","","","","","","","","","","","","","","","","","","","","","","","","","","","","","","","","","","","","","","","","","","","","","","","","","","","","","","","","","","","","","","","","","","","","","","","","","","","","","","","","","","","","","","","","","","","","","","","","","","","","","","","","",""
"RBM","RBMCombat_head_armors.xml","padded_leather_cape","{=SHZ0P7Iu}Padded Leather Cape","HeadArmor","Culture.vlandia","head_armor","shoulder_padding_cape","1","","0","1","","Leather","leather","31","0","","","","false","type2","","","","","","","","","","","","","","","","","","","","","","","","","","","","","","","","","","","","10","","","","","","","","","","","","true","","","","","","","","","","","","","","","","","","","","","","","","","","","","","","","","","","","","","","","","","","","","","","","","","","","","","","","","","","","","","","","","",""
"RBM","RBMCombat_head_armors.xml","vlandia_bandit_cape_a","{=ewSpZ10R}Rough Padded Cap","HeadArmor","Culture.looters","head_armor","vlandia_bandit_cape_a","2.5","","0","1","","Cloth","cloth","26","0","","","","false","type2","","","","","","","","","","","","","","","","","","","","","","","","","","","","","","","","","","","","","","","","","","","","","","","","","true","","","","","","","","","","","","","","","","","","","","","","","","","","","","","","","","","","","","","","","","","","","","","","","","","","","","","","","","","","","","","","","",""
"RBM","RBMCombat_head_armors.xml","vlandia_bandit_cape_b","{=7D3jvAfS}Hide Cap","HeadArmor","Culture.looters","head_armor","vlandia_bandit_cape_b","2.5","","0","0.8","","Leather","leather","32","0","","","","false","type2","","","","","","","","","","","","","","","","","","","","","","","","","","","","","","","","","","","","","","","","","","","","","","","","","","","","","","","","","","","","","","","","","","","","","","","","","","","","","","","","","","","","","","","","","","","","","","","","","","","","","","","","","","","","","","","","",""
"RBM","RBMCombat_head_armors.xml","open_mail_coif","{=OpYdqPWs}Open Mail Coif","HeadArmor","Culture.empire","head_armor","vlandia_helmet_v","1.6","","0","1","","Chainmail","chain","37","0","","","","false","all","type2","","","","","","","","","","","","","","","","","","","","","","","","","","","","","","","","","","","","","","","true","","","","","","","","","true","","","","","","","","","","","","","","","","","","","","","","","","","","","","","","","","","","","","","","","","","","","","","","","","","","","","","","","","","","","","","","","",""
"RBM","RBMCombat_head_armors.xml","battania_fur_helmet","{=WkYsiU1c}Cap with Fur Coif","HeadArmor","Culture.battania","head_armor","battania_fur_helmet_a","1.3","","0","2","","Leather","leather","34","0","","","","true","all","","","","","","","","","","","","","","","","","","","","","","","","","","","","","","","","","","","","","","","","","","","","","","","","","","","","","","","","","","","","","","","","","","","","","","","","","","","","","","","","","","","","","","","","","","","","","","","","","","","","","","","","","","","","","","","","",""
"RBM","RBMCombat_head_armors.xml","bearhead","{=GXmDq2KR}Bear Head","HeadArmor","Culture.battania","head_armor","battania_helmet_g","1.4","","0","2","","Leather","leather","34","0","","","","false","all","","","","","","","","","","","","","","","","","","","","","","","","","","","","","","","","","","","","","","","","true","","","","","","","","","","","","","","","","","","","","","","","","","","","","","","","","","","","","","","","","","","","","","","","","","","","","","","","","","","","","","","","","","","","","","","","","",""
"RBM","RBMCombat_head_armors.xml","imperial_open_mail_coif","{=OpYdqPWs}Open Mail Coif","HeadArmor","Culture.empire","head_armor","empire_helmet_f","1.5","","0","1","","Chainmail","chain","39","0","","","","false","all","type3","","","","","","","","","","","","","","","","","","","","","","","","","","","","","","","","","","","","","","","true","","","","","","","","","true","","","","","","","","","","","","","","","","","","","","","","","","","","","","","","","","","","","","","","","","","","","","","","","","","","","","","","","","","","","","","","","",""
"RBM","RBMCombat_head_armors.xml","mail_coif","{=Qywm0F8B}Mail Coif with Helmet Padding","HeadArmor","Culture.empire","head_armor","vlandia_helmet_a","1.7","","0","1","","Chainmail","chain","38","12","38","","","false","all","type4","","","","","","","","","","","","","","","","","","","","","","","","","","","","","","","","","","","","","","","true","","","","","","","","","true","","","","","","","","","","","","","","","","","","","","","","","","","","","","","","","","","","","","","","","","","","","","","","","","","","","","","","","","","","","","","","","",""
"RBM","RBMCombat_head_armors.xml","imperial_mail_coif","{=77RIGK7B}Mail Coif","HeadArmor","Culture.empire","head_armor","empire_helmet_a","1.7","","0","1","","Chainmail","chain","41","0","","","","false","all","type2","","","","","","","","","","","","","","","","","","","","","","","","","","","","","","","","","","","","","","","true","","","","","","","","","true","","","","","","","","","","","","","","","","","","","","","","","","","","","","","","","","","","","","","","","","","","","","","","","","","","","","","","","","","","","","","","","",""
"RBM","RBMCombat_head_armors.xml","loose_wrapped_desert_helmet","{=PVWsZleW}Helmet with Open Turban ","HeadArmor","Culture.aserai","","aserai_helmet_e","1.2","","","1.5","","Plate","plate","44","0","12","","","false","all","type2","","","","","","","","","","","","","","","","","","","","","","","","","","","","","","","","","","","","","","","","","","","","","","","","true","","","","","","","","","","","","","","","","","","","","","","","","","","","","","","","","","","","","","","","","","","","","","","","","","","","","","","","","","","","","","","","",""
"RBM","RBMCombat_head_armors.xml","khuzait_crown","{=noqT1MMC}Ornate Steel Cap","HeadArmor","Culture.khuzait","head_armor","khuzait_crown","1.4","","0","8","","Plate","plate","45","0","","","","false","type1","none","","","","","","","","","","","","","","","","","","","","","","","","","","","","","","","","","","","","","","","true","","","","","","","","","","","","","","","","","","","false","","","","","","","","","","","","","","","","","","","","","","","","","","","","","","","","","","","","","","","","","","","","","","","","","","","","","",""
"RBM","RBMCombat_head_armors.xml","open_desert_helmet","{=NB9bQt6O}Spiked Helmet with Open Turban","HeadArmor","Culture.aserai","head_armor","aserai_helmet_a","1.3","","0","2","","Plate","plate","45","5","6","","","false","all","type3","","","","","","","","","","","","","","","","","","","","","","","","","","","","","","","","","","","","","","","","","","","","","","","","true","","","","","","","","","","","","","","","","","","","","","","","","","","","","","","","","","","","","","","","","","","","","","","","","","","","","","","","","","","","","","","","",""
"RBM","RBMCombat_head_armors.xml","plumed_fur_lined_helmet","{=ZRDoABz9}Plumed Fur Lined Helmet","HeadArmor","Culture.khuzait","head_armor","khuzait_helmet_b","1.1","","0","1.6","","Plate","plate","45","0","","","","false","type2","","","","","","","","","","","","","","","","","","","","","","","","","","","","","","","","","","","","","","","","","","","","","","","","","true","","","","","","","","","","","","","","","","","","","","","","","","","","","","","","","","","","","","","","","","","","","","","","","","","","","","","","","","","","","","","","","",""
"RBM","RBMCombat_head_armors.xml","desert_helmet","{=BryUh6yQ}Steel Cap","HeadArmor","Culture.aserai","","aserai_helmet_n","1.2","","","1","","Plate","plate","46","12","","","","false","type1","none","","","","","","","","","","","","","","","","","","","","","","","","","","","","","","","","","","","","","","","","","","","","","","","","","","","","","","","","","","","","","","","","","","","","","","","","","","","","","","","","","","","","","","","","","","","","","","","","","","","","","","","","","","","","","","","",""
"RBM","RBMCombat_head_armors.xml","empire_crown","{=udQSdRXR}Jeweled Crown","HeadArmor","Culture.empire","","empire_crown","3.1","","","6","","Plate","plate","46","0","","","","false","type2","none","","","","","","","","","","","","","","","","","","","","","","","","","","","","","","","","","","","","","","","true","","","","","","","","","","","","","","","","","","","false","","","","","","","","","","","","","","","","","","","","","","","","","","","","","","","","","","","","","","","","","","","","","","","","","","","","","",""
"RBM","RBMCombat_head_armors.xml","leatherlame_roundkettle","{=BUlmMbgH}Roundkettle Helmet","HeadArmor","Culture.empire","head_armor","empire_helmet_j__a","1.8","","0","1","","Plate","plate","47","0","","","","false","type2","","","","","","","","","","","","","","","","","","","","","","","","","","","","","","","","","","","","","","","","","","","","","","","","","true","","","","","","","","","","","","","","","","","","","","","","","","","","","","","","","","","","","","","","","","","","","","","","","","","","","","","","","","","","","","","","","",""
"RBM","RBMCombat_head_armors.xml","cervelliere_over_laced_coif","{=bfFNYaiU}Cervelliere Over Laced Coif","HeadArmor","Culture.vlandia","head_armor","vlandia_helmet_n_c","1.1","","0","1","","Plate","plate","48","0","15","","","false","all","type2","","","","","","","","","","","","","","","","","","","","","","","","","","","","","","","","","","","","","","","","","","","","","","","","true","","","","","","","","","","","","","","","","","","","","","","","","","","","","","","","","","","","","","","","","","","","","","","","","","","","","","","","","","","","","","","","",""
"RBM","RBMCombat_head_armors.xml","sturgian_crown","{=5kAqcWac}Jeweled Fur Rimmed Helmet","HeadArmor","Culture.sturgia","head_armor","sturgian_crown","2.4","","0","2.0","","Plate","plate","50","0","","","","false","type1","","","","","","","","","","","","","","","","","","","","","","","","","","","","","","","","","","","","","","","","true","","","","","","","","","","","","","","","","","","","false","","","","","","","","","","","","","","","","","","","","","","","","","","","","","","","","","","","","","","","","","","","","","","","","","","","","","",""
"RBM","RBMCombat_head_armors.xml","cervelliere_over_padded_cap","{=wG582fzT}Cervelliere over Padded Cap","HeadArmor","Culture.vlandia","","vlandia_helmet_n_e","1","","","1.4","","Plate","plate","51","0","","","","false","type2","none","","","","","","","","","","","","","","","","","","","","","","","","","","","","","","","","","","","","","","","","","","","","","","","","true","","","","","","","","","","","","","","","","","","","","","","","","","","","","","","","","","","","","","","","","","","","","","","","","","","","","","","","","","","","","","","","",""
"RBM","RBMCombat_head_armors.xml","cervelliere_over_arming_coif","{=7dAy51ln}Cervelliere over Arming Coif","HeadArmor","Culture.vlandia","","vlandia_helmet_n_f","0.9","","","1.25","","Plate","plate","53","0","","","","false","type2","none","","","","","","","","","","","","","","","","","","","","","","","","","","","","","","","","","","","","","","","","","","","","","","","","","","","","","","","","","","","","","","","","","","","","","","","","","","","","","","","","","","","","","","","","","","","","","","","","","","","","","","","","","","","","","","","",""
"RBM","RBMCombat_head_armors.xml","segmented_cervelliere_over_laced_coif","{=GnkKOx5H}Segmented Cervelliere over Laced Coif","HeadArmor","Culture.vlandia","","vlandia_helmet_u_c","1.3","","","1.4","","Plate","plate","53","0","12","","","false","all","type2","","","","","","","","","","","","","","","","","","","","","","","","","","","","","","","","","","","","","","","","","","","","","","","","true","","","","","","","","","","","","","","","","","","","","","","","","","","","","","","","","","","","","","","","","","","","","","","","","","","","","","","","","","","","","","","","",""
"RBM","RBMCombat_head_armors.xml","ironlame_roundkettle_over_imperial_leather","{=nUarDXVH}Iron Roundkettle over Leather","HeadArmor","Culture.empire","","empire_helmet_j_db","3.1","","","1.35","","Plate","plate","56","0","15","","","false","all","none","","","","","","","","","","","","","","","","","","","","","","","","","","","","","","","","","","","","","","","","","","","","","","","","true","","","","","","","","","","","","","","","","","","","","","","","","","","","","","","","","","","","","","","","","","","","","","","","","","","","","","","","","","","","","","","","",""
"RBM","RBMCombat_head_armors.xml","nomad_helmet","{=WvDZMmaj}Nomad Helmet","HeadArmor","Culture.khuzait","head_armor","khuzait_helmet_j","1.1","","0","2.2","","Plate","plate","56","0","","","","false","type2","","","","","","","","","","","","","","","","","","","","","","","","","","","","","","","","","","","","","","","","","","","","","","","","","","","","","","","","","","","","","","","","","","","","","","","","","","","","","","","","","","","","","","","","","","","","","","","","","","","","","","","","","","","","","","","","",""
"RBM","RBMCombat_head_armors.xml","pointed_skullcap_over_laced_coif","{=6n44BIll}Pointed Skullcap over Laced Coif","HeadArmor","Culture.aserai","head_armor","vlandia_helmet_l_c","1.2","","0","1.7","","Plate","plate","57","12","15","","","false","all","type2","","","","","","","","","","","","","","","","","","","","","","","","","","","","","","","","","","","","","","","","","","","","","","","","true","","","","","","","","","","","","","","","","","","","","","","","","","","","","","","","","","","","","","","","","","","","","","","","","","","","","","","","","","","","","","","","",""
"RBM","RBMCombat_head_armors.xml","trailed_desert_helmet","{=2N0ZP2GB}Helmet with Turban and Coif","HeadArmor","Culture.aserai","head_armor","aserai_helmet_g","1.1","","0","1.4","","Plate","plate","57","0","10","","","false","all","type4","","","","","","","","","","","","","","","","","","","","","","","","","","","","","","","","","","","","","","","","","","","","","","","","true","","","","","","","","","","","","","","","","","","","","","","","","","","","","","","","","","","","","","","","","","","","","","","","","","","","","","","","","","","","","","","","",""
"RBM","RBMCombat_head_armors.xml","nasal_cervelliere_over_padded_cap","{=4BfbPgkY}Nasal Cervelliere Over Padded Cap","HeadArmor","Culture.vlandia","head_armor","vlandia_helmet_o_e","1","","0","1","","Plate","plate","54","12","","","","false","type2","","","","","","","","","","","","","","","","","","","","","","","","","","","","","","","","","","","","","","","","","","","","","","","","","true","","","","","","","","","","","","","","","","","","","","","","","","","","","","","","","","","","","","","","","","","","","","","","","","","","","","","","","","","","","","","","","",""
"RBM","RBMCombat_head_armors.xml","spiked_kettle_over_imperial_padding","{=9UJfJrZR}Spiked Kettle over Padding","HeadArmor","Culture.empire","","empire_helmet_k_b","1.5","","","2","","Plate","plate","60","3","17","","","false","all","type3","","","","","","","","","","","","","","","","","","","","","","","","","","","","","","","","","","","","","","","","","","","","","","","","true","","","","","","","","","","","","","","","","","","","","","","","","","","","","","","","","","","","","","","","","","","","","","","","","","","","","","","","","","","","","","","","",""
"RBM","RBMCombat_head_armors.xml","battania_earmuff_helmet_b_brnz","{=PyeZ22FL}Bronze Cap With Cheek Guards","HeadArmor","Culture.battania","head_armor","battania_earmuff_helmet_b_brnz","3","","0","3","","Plate","plate","61","0","","","","false","all","type2","","","","","","","","","","","","","","","","","","","","","","","","","","","","","","","","","","","","","","","","","","","","","","","","","","","","","","","","","","","","","","","","","","","","","","","","","","","","","","","","","","","","","","","","","","","","","","","","","","","","","","","","","","","","","","","",""
"RBM","RBMCombat_head_armors.xml","spangenhelm_with_padded_cloth","{=ebHdQfbX}Spangenhelm with Padded Cloth","HeadArmor","Culture.sturgia","head_armor","spangenhelm_arming","1.3","","0","1","","Plate","plate","61","3","15","","","false","all","type3","","","","","","","","","","","","","","","","","","","","","","","","","","","","","","","","","","","","","","","","","","","","","","","","true","","","","","","","","","","","","","","","","","","","","","","","","","","","","","","","","","","","","","","","","","","","","","","","","","","","","","","","","","","","","","","","",""
"RBM","RBMCombat_head_armors.xml","battania_earmuff_helmet_c_cpr","{=NiBDR9ld}Decorated Bronze Helmet with Cheek Guards","HeadArmor","Culture.battania","head_armor","battania_earmuff_helmet_c_cpr","3.3","","0","3","","Plate","plate","63","0","","","","false","all","type2","","","","","","","","","","","","","","","","","","","","","","","","","","","","","","","","","","","","","","","","","","","","","","","","","","","","","","","","","","","","","","","","","","","","","","","","","","","","","","","","","","","","","","","","","","","","","","","","","","","","","","","","","","","","","","","",""
"RBM","RBMCombat_head_armors.xml","roundkettle_over_imperial_cloth","{=MChutiV6}Roundkettle over Cloth","HeadArmor","Culture.empire","","empire_helmet_j_e","1.2","","","1.1","","Plate","plate","64","0","6","","","false","all","none","","","","","","","","","","","","","","","","","","","","","","","","","","","","","","","","","","","","","","","","","","","","","","","","true","","","","","","","","","","","","","","","","","","","","","","","","","","","","","","","","","","","","","","","","","","","","","","","","","","","","","","","","","","","","","","","",""
"RBM","RBMCombat_head_armors.xml","battania_earmuff_helmet_a_brnz","{=HBaSQlSJ}Fringed Bronze Cap With Cheek Guards","HeadArmor","Culture.battania","head_armor","battania_earmuff_helmet_a_brnz","3.2","","0","3","","Plate","plate","65","0","","","","false","all","type2","","","","","","","","","","","","","","","","","","","","","","","","","","","","","","","","","","","","","","","","","","","","","","","","true","","","","","","","","","","","","","","","","","","","","","","","","","","","","","","","","","","","","","","","","","","","","","","","","","","","","","","","","","","","","","","","",""
"RBM","RBMCombat_head_armors.xml","desert_helmet_with_mail","{=ebPu5G8o}Mamluke Helmet with Mail","HeadArmor","Culture.aserai","head_armor","aserai_helmet_l","1.9","","0","1.2","","Plate","plate","65","0","","","","false","all","","","","","","","","","","","","","","","","","","","","","","","","","","","","","","","","","","","","","","","","","","","","","","","","","true","","","","","","","","","","","","","","","","","","","","","","","","","","","","","","","","","","","","","","","","","","","","","","","","","","","","","","","","","","","","","","","",""
"RBM","RBMCombat_head_armors.xml","peaked_helmet_over_laced_coif","{=Rhfp7ath}Peaked Helmet over Laced Coif","HeadArmor","Culture.vlandia","head_armor","vlandia_helmet_t_c","1.1","","0","1.8","","Plate","plate","65","0","12","","","false","all","","","","","","","","","","","","","","","","","","","","","","","","","","","","","","","","","","","","","","","","","","","","","","","","","true","","","","","","","","","","","","","","","","","","","","","","","","","","","","","","","","","","","","","","","","","","","","","","","","","","","","","","","","","","","","","","","",""
"RBM","RBMCombat_head_armors.xml","roundkettle_over_laced_cloth","{=9BENgwRK}Roundkettle Over Laced Cloth","HeadArmor","Culture.empire","head_armor","empire_helmet_j_c","1.3","","0","1","","Plate","plate","65","0","10","","","false","all","","","","","","","","","","","","","","","","","","","","","","","","","","","","","","","","","","","","","","","","","","","","","","","","","true","","","","","","","","","","","","","","","","","","","","","","","","","","","","","","","","","","","","","","","","","","","","","","","","","","","","","","","","","","","","","","","",""
"RBM","RBMCombat_head_armors.xml","steppe_helmet","{=VwQJ4aLY}Infantry Steel Helmet","HeadArmor","Culture.khuzait","head_armor","khuzait_helmet_l","1.2","","0","1","","Plate","plate","65","0","","","","false","type2","","","","","","","","","","","","","","","","","","","","","","","","","","","","","","","","","","","","","","","","","","","","","","","","","","","","","","","","","","","","","","","","","","","","","","","","","","","","","","","","","","","","","","","","","","","","","","","","","","","","","","","","","","","","","","","","",""
"RBM","RBMCombat_head_armors.xml","battania_battle_crown","{=aQeOcLX4}Two Pronged Bronze Crown","HeadArmor","Culture.battania","head_armor","battania_battle_crown","2.3","","0","3","","Plate","plate","66","0","","","","false","all","none","","","","","","","","","","","","","","","","","","","","","","","","","","","","","","","","","","","","","","","true","","","","","","","","","true","","","","","","","","","","false","","","","","","","","","","","","","","","","","","","","","","","","","","","","","","","","","","","","","","","","","","","","","","","","","","","","","",""
"RBM","RBMCombat_head_armors.xml","roundkettle_over_imperial_padding","{=uu9rXeYz}Roundkettle over Padding","HeadArmor","Culture.empire","head_armor","empire_helmet_j_b","1.4","","0","1.5","","Plate","plate","67","0","16","","","false","all","type3","","","","","","","","","","","","","","","","","","","","","","","","","","","","","","","","","","","","","","","","","","","","","","","","true","","","","","","","","","","","","","","","","","","","","","","","","","","","","","","","","","","","","","","","","","","","","","","","","","","","","","","","","","","","","","","","",""
"RBM","RBMCombat_head_armors.xml","spangenhelm_with_leather","{=3Z91Nxbf}Spangenhelm With Leather","HeadArmor","Culture.sturgia","head_armor","spangenhelm_a","1.2","","0","1.6","","Plate","plate","67","0","20","","","false","all","type2","","","","","","","","","","","","","","","","","","","","","","","","","","","","","","","","","","","","","","","","","","","","","","","","true","","","","","","","","","","","","","","","","","","","","","","","","","","","","","","","","","","","","","","","","","","","","","","","","","","","","","","","","","","","","","","","",""
"RBM","RBMCombat_head_armors.xml","peaked_helmet_over_padded_cloth","{=TFT2Xapz}Peaked Helmet over Padded Cloth","HeadArmor","Culture.vlandia","head_armor","vlandia_helmet_t_y","1","","0","1.8","","Plate","plate","68","0","12","","","false","all","type2","","","","","","","","","","","","","","","","","","","","","","","","","","","","","","","","","","","","","","","","","","","","","","","","true","","","","","","","","","","","","","","","","","","","","","","","","","","","","","","","","","","","","","","","","","","","","","","","","","","","","","","","","","","","","","","","",""
"RBM","RBMCombat_head_armors.xml","battania_earmuff_helmet_d_brnz","{=RDbqA36B}Ridged Decorated Bronze Cap With Cheek Guards","HeadArmor","Culture.battania","head_armor","battania_earmuff_helmet_d_brnz","3.3","","0","3","","Plate","plate","71","0","","","","false","all","type2","","","","","","","","","","","","","","","","","","","","","","","","","","","","","","","","","","","","","","","true","","","","","","","","","true","","","","","","","","","","","","","","","","","","","","","","","","","","","","","","","","","","","","","","","","","","","","","","","","","","","","","","","","","","","","","","","",""
"RBM","RBMCombat_head_armors.xml","battania_earmuff_helmet_c_brnz","{=KoyU5yeY}Fringed Decorated Bronze Cap With Cheek Guards","HeadArmor","Culture.battania","head_armor","battania_earmuff_helmet_c_brnz","3.3","","0","3","","Plate","plate","73","0","","","","false","all","type2","","","","","","","","","","","","","","","","","","","","","","","","","","","","","","","","","","","","","","","true","","","","","","","","","true","","","","","","","","","","","","","","","","","","","","","","","","","","","","","","","","","","","","","","","","","","","","","","","","","","","","","","","","","","","","","","","",""
"RBM","RBMCombat_head_armors.xml","ironlame_spiked_kettle_over_mail","{=IX3kafcb}Iron Spiked Kettle over Mail","HeadArmor","Culture.empire","head_armor","empire_helmet_k_fb","3.8","","0","1.9","","Plate","plate","73","0","25","","","false","all","type2","","","","","","","","","","","","","","","","","","","","","","","","","","","","","","","","","","","","","","","","","","","","","","","","true","","","","","","","","","","","","","","","","","","","","","","","","","","","","","","","","","","","","","","","","","","","","","","","","","","","","","","","","","","","","","","","",""
"RBM","RBMCombat_head_armors.xml","battania_earmuff_helmet_b","{=HvjviTTW}Steel Cap With Cheek Guards","HeadArmor","Culture.battania","head_armor","battania_earmuff_helmet_b","2.9","","0","3","","Plate","plate","74","0","","","","false","all","type2","","","","","","","","","","","","","","","","","","","","","","","","","","","","","","","","","","","","","","","","","","","","","","","","","","","","","","","","","","","","","","","","","","","","","","","","","","","","","","","","","","","","","","","","","","","","","","","","","","","","","","","","","","","","","","","",""
"RBM","RBMCombat_head_armors.xml","leatherlame_roundkettle_over_imperial_mail","{=tYmOCuuQ}Roundkettle over Mail","HeadArmor","Culture.empire","head_armor","empire_helmet_j_fa","3.4","","0","1.1","","Plate","plate","74","0","25","","","false","all","type2","","","","","","","","","","","","","","","","","","","","","","","","","","","","","","","","","","","","","","","","","","","","","","","","true","","","","","","","","","","","","","","","","","","","","","","","","","","","","","","","","","","","","","","","","","","","","","","","","","","","","","","","","","","","","","","","",""
"RBM","RBMCombat_head_armors.xml","roundkettle_over_imperial_leather","{=CHaYjWDb}Light Roundkettle over Leather","HeadArmor","Culture.empire","head_armor","empire_helmet_j_d","1.3","","0","1.3","","Plate","plate","74","0","","","","false","all","","","","","","","","","","","","","","","","","","","","","","","","","","","","","","","","","","","","","","","","","","","","","","","","","true","","","","","","","","","","","","","","","","","","","","","","","","","","","","","","","","","","","","","","","","","","","","","","","","","","","","","","","","","","","","","","","",""
"RBM","RBMCombat_head_armors.xml","kettle_helmet_over_padded_cap","{=2qisE5ys}Kettle Helmet over Padded Cap","HeadArmor","Culture.vlandia","head_armor","vlandia_helmet_h_e","1.2","","0","1.4","","Plate","plate","77","0","","","","false","type2","","","","","","","","","","","","","","","","","","","","","","","","","","","","","","","","","","","","","","","","","","","","","","","","","true","","","","","","","","","","","","","","","","","","","","","","","","","","","","","","","","","","","","","","","","","","","","","","","","","","","","","","","","","","","","","","","",""
"RBM","RBMCombat_head_armors.xml","plumed_lamellar_helmet","{=YqhOxb1Z}Plumed Lamellar Helmet","HeadArmor","Culture.khuzait","head_armor","khuzait_helmet_c","3.3","","0","2.6","","Plate","plate","77","0","25","","","false","type2","","","","","","","","","","","","","","","","","","","","","","","","","","","","","","","","","","","","","","","","","","","","","","","","","true","","","","","","","","","","","","","","","","","","","","","","","","","","","","","","","","","","","","","","","","","","","","","","","","","","","","","","","","","","","","","","","",""
"RBM","RBMCombat_head_armors.xml","ironlame_roundkettle_over_imperial_mail","{=XuwQvSDo}Iron Roundkettle over Mail","HeadArmor","Culture.empire","head_armor","empire_helmet_j_fb","3.6","","0","1.65","","Plate","plate","78","0","25","","","false","all","type2","","","","","","","","","","","","","","","","","","","","","","","","","","","","","","","","","","","","","","","","","","","","","","","","true","","","","","","","","","","","","","","","","","","","","","","","","","","","","","","","","","","","","","","","","","","","","","","","","","","","","","","","","","","","","","","","",""
"RBM","RBMCombat_head_armors.xml","battania_earmuff_helmet_a","{=HkwJao2z}Fringed Steel Cap With Cheek Guards","HeadArmor","Culture.battania","head_armor","battania_earmuff_helmet_a","3","","0","3","","Plate","plate","79","0","","","","false","all","type2","","","","","","","","","","","","","","","","","","","","","","","","","","","","","","","","","","","","","","","","","","","","","","","","true","","","","","","","","","","","","","","","","","","","","","","","","","","","","","","","","","","","","","","","","","","","","","","","","","","","","","","","","","","","","","","","",""
"RBM","RBMCombat_head_armors.xml","kettle_helmet_over_laced_coif","{=AB1mV5Pg}Kettle Helmet over Laced Coif","HeadArmor","Culture.vlandia","head_armor","vlandia_helmet_h_c","1.2","","0","2","","Plate","plate","80","0","20","","","false","all","type2","","","","","","","","","","","","","","","","","","","","","","","","","","","","","","","","","","","","","","","","","","","","","","","","true","","","","","","","","","","","","","","","","","","","","","","","","","","","","","","","","","","","","","","","","","","","","","","","","","","","","","","","","","","","","","","","",""
"RBM","RBMCombat_head_armors.xml","guards_kettle_over_laced_coif","{=20moIxs1}Kettle over Laced Coif","HeadArmor","Culture.vlandia","head_armor","vlandia_helmet_j_c","1.4","","0","1","","Plate","plate","83","0","20","","","false","all","type2","","","","","","","","","","","","","","","","","","","","","","","","","","","","","","","","","","","","","","","","","","","","","","","","true","","","","","","","","","","","","","","","","","","","","","","","","","","","","","","","","","","","","","","","","","","","","","","","","","","","","","","","","","","","","","","","",""
"RBM","RBMCombat_head_armors.xml","kettle_helmet_over_padded_cloth","{=VcbEaV7T}Kettle Helmet Over Padded Cloth","HeadArmor","Culture.vlandia","head_armor","vlandia_helmet_h_y","1.1","","0","1","","Plate","plate","83","0","10","","","false","all","type2","","","","","","","","","","","","","","","","","","","","","","","","","","","","","","","","","","","","","","","","","","","","","","","","true","","","","","","","","","","","","","","","","","","","","","","","","","","","","","","","","","","","","","","","","","","","","","","","","","","","","","","","","","","","","","","","",""
"RBM","RBMCombat_head_armors.xml","kettle_hat_over_padded_coif","{=2MdVVkVL}Kettle Hat Over Padded Coif","HeadArmor","Culture.vlandia","","vlandia_helmet_i_b","1.4","","","1","","Plate","plate","84","5","22","","","false","all","type3","","","","","","","","","","","","","","","","","","","","","","","","","","","","","","","","","","","","","","","","","","","","","","","","true","","","","","","","","","","","","","","","","","","","","","","","","","","","","","","","","","","","","","","","","","","","","","","","","","","","","","","","","","","","","","","","",""
"RBM","RBMCombat_head_armors.xml","segmented_cervelliere_over_mail","{=bdpjqoGe}Segmented Cervelliere over Mail","HeadArmor","Culture.vlandia","","vlandia_helmet_u_v","3.3","","","1.45","","Plate","plate","84","0","20","","","false","all","type2","","","","","","","","","","","","","","","","","","","","","","","","","","","","","","","","","","","","","","","","","","","","","","","","true","","","","","","","","","","","","","","","","","","","","","","","","","","","","","","","","","","","","","","","","","","","","","","","","","","","","","","","","","","","","","","","",""
"RBM","RBMCombat_head_armors.xml","tall_helmet","{=9FgxK9se}Tall Helmet","HeadArmor","Culture.empire","head_armor","roman_helmet_c","1.8","","0","2.6","","Plate","plate","84","0","","","","false","type3","","","","","","","","","","","","","","","","","","","","","","","","","","","","","","","","","","","","","","","","","","","","","","","","","","","","","","","","","","","","","","","","","","","","","","","","","","","","","","","","","","","","","","","","","","","","","","","","","","","","","","","","","","","","","","","","",""
"RBM","RBMCombat_head_armors.xml","kettle_hat_over_padded_cloth","{=wBfGpcCO}Kettle Hat over Padded Cloth","HeadArmor","Culture.vlandia","head_armor","vlandia_helmet_i_y","1.2","","0","1.9","","Plate","plate","85","0","","","","false","all","type2","","","","","","","","","","","","","","","","","","","","","","","","","","","","","","","","","","","","","","","","","","","","","","","","true","","","","","","","","","","","","","","","","","","","","","","","","","","","","","","","","","","","","","","","","","","","","","","","","","","","","","","","","","","","","","","","",""
"RBM","RBMCombat_head_armors.xml","kettle_helmet_over_padded_coif","{=1GpTOIqU}Kettle Helmet over Padded Coif","HeadArmor","Culture.vlandia","head_armor","vlandia_helmet_h_b","1.3","","0","1.2","","Plate","plate","85","0","25","","","false","all","type3","","","","","","","","","","","","","","","","","","","","","","","","","","","","","","","","","","","","","","","","","","","","","","","","true","","","","","","","","","","","","","","","","","","","","","","","","","","","","","","","","","","","","","","","","","","","","","","","","","","","","","","","","","","","","","","","",""
"RBM","RBMCombat_head_armors.xml","segmented_cervelliere_over_mail_coif","{=WMqHlEvb}Segmented Cervelliere over Mail Coif","HeadArmor","Culture.vlandia","head_armor","vlandia_helmet_u_a","3.2","","0","1.5","","Plate","plate","86","12","40","","","false","all","type4","","","","","","","","","","","","","","","","","","","","","","","","","","","","","","","","","","","","","","","","","","","","","","","","true","","","","","","","","","","","","","","","","","","","","","","","","","","","","","","","","","","","","","","","","","","","","","","","","","","","","","","","","","","","","","","","",""
"RBM","RBMCombat_head_armors.xml","kettle_helmet_over_arming_coif","{=3iq3rOh8}Kettle Helmet over Arming Coif","HeadArmor","Culture.vlandia","","vlandia_helmet_h_f","1","","","1.3","","Plate","plate","87","0","","","","false","type3","none","","","","","","","","","","","","","","","","","","","","","","","","","","","","","","","","","","","","","","","","","","","","","","","","","","","","","","","","","","","","","","","","","","","","","","","","","","","","","","","","","","","","","","","","","","","","","","","","","","","","","","","","","","","","","","","",""
"RBM","RBMCombat_head_armors.xml","kettle_helmet_with_leather","{=ZV1bKLUn}Kettle Helmet with Leather","HeadArmor","Culture.vlandia","head_armor","kettle_helmet_leather","1","","0","1.6","","Plate","plate","88","0","","","","false","all","type2","","","","","","","","","","","","","","","","","","","","","","","","","","","","","","","","","","","","","","","","","","","","","","","","","","","","","","","","","","","","","","","","","","","","","","","","","","","","","","","","","","","","","","","","","","","","","","","","","","","","","","","","","","","","","","","",""
"RBM","RBMCombat_head_armors.xml","roughscale_helmet","{=jakLnIQv}Roughscale Helmet","HeadArmor","Culture.battania","head_armor","battania_helmet_e","3.2","","0","1","","Plate","plate","88","0","20","","","false","all","","","","","","","","","","","","","","","","","","","","","","","","","","","","","","","","","","","","","","","","","","","","","","","","","","","","","","","","","","","","","","","","","","","","","","","","","","","","","","","","","","","","","","","","","","","","","","","","","","","","","","","","","","","","","","","","",""
"RBM","RBMCombat_head_armors.xml","battania_earmuff_helmet_c","{=1zFYpSSY}Fringed Decorated Steel Cap With Cheek Guards","HeadArmor","Culture.battania","head_armor","battania_earmuff_helmet_c","3.1","","0","3","","Plate","plate","89","0","","","","false","all","type2","","","","","","","","","","","","","","","","","","","","","","","","","","","","","","","","","","","","","","","","","","","","","","","","true","","","","","","","","","","","","","","","","","","","","","","","","","","","","","","","","","","","","","","","","","","","","","","","","","","","","","","","","","","","","","","","",""
"RBM","RBMCombat_head_armors.xml","guards_kettle_over_padded_coif","{=YQd9C8u2}Kettle over Padded Coif","HeadArmor","Culture.vlandia","head_armor","vlandia_helmet_j_b","1.5","","0","1","","Plate","plate","89","5","25","","","false","all","type2","","","","","","","","","","","","","","","","","","","","","","","","","","","","","","","","","","","","","","","","","","","","","","","","true","","","","","","","","","","","","","","","","","","","","","","","","","","","","","","","","","","","","","","","","","","","","","","","","","","","","","","","","","","","","","","","",""
"RBM","RBMCombat_head_armors.xml","desert_mail_coif","{=RraboU6p}Wrapped Helmet with Mail Coif","HeadArmor","Culture.aserai","head_armor","aserai_helmet_j","3","","0","3","","Plate","chain","90","10","40","","","false","all","type4","","","","","","","","","","","","","","","","","","","","","","","","","","","","","","","","","","","","","","","","","","","","","","","","true","","","","","","","","","","","","","","","","","","","","","","","","","","","","","","","","","","","","","","","","","","","","","","","","","","","","","","","","","","","","","","","",""
"RBM","RBMCombat_head_armors.xml","visored_helmet_over_laced_coif","{=51EcVnzd}Visored Helmet over Laced Coif","HeadArmor","Culture.vlandia","","vlandia_helmet_m_c","2.4","","","2","","Plate","plate","90","75","20","","","false","all","type2","","","","","","","","","","","","","","","","","","","","","","","","","","","","","","","","","","","","","","","","","","","","","","","","true","","","","","","","","","","","","","","","","","","","","","","","","","","","","","","","","","","","","","","","","","","","","","","","","","","","","","","","","","","","","","","","",""
"RBM","RBMCombat_head_armors.xml","brass_aserai_helmet_b_closed","{=HrLupYXP}Brass Southern Closed Helmet with Turban","HeadArmor","Culture.aserai","head_armor","brass_aserai_helmet_b_closed","2.55","","0","8","","Plate","plate","90","70","30","","","false","all","all","","","","","","","","","","","","","","","","","","","","","","","","","","","","","","","","","","","","","","","","","","","","","","","","true","","","","","","","","","","false","","","","","","","","","","","","","","","","","","","","","","","","","","","","","","","","","","","","","","","","","","","","","","","","","","","","","",""
"RBM","RBMCombat_head_armors.xml","kettle_helmet_with_mail","{=UsOgGylA}Kettle Helmet with Mail","HeadArmor","Culture.vlandia","head_armor","kettle_helmet_reinforced","2.7","","0","1.5","","Plate","plate","92","5","33","","","false","all","","","","","","","","","","","","","","","","","","","","","","","","","","","","","","","","","","","","","","","","","","","","","","","","","","","","","","","","","","","","","","","","","","","","","","","","","","","","","","","","","","","","","","","","","","","","","","","","","","","","","","","","","","","","","","","","",""
"RBM","RBMCombat_head_armors.xml","peaked_helmet_over_mail","{=JvhvtKsT}Peaked Helmet over Mail","HeadArmor","Culture.vlandia","","vlandia_helmet_t_v","2.6","","","1.9","","Plate","plate","92","0","20","","","false","all","type2","","","","","","","","","","","","","","","","","","","","","","","","","","","","","","","","","","","","","","","","","","","","","","","","true","","","","","","","","","","","","","","","","","","","","","","","","","","","","","","","","","","","","","","","","","","","","","","","","","","","","","","","","","","","","","","","",""
"RBM","RBMCombat_head_armors.xml","roundkettle_over_imperial_mail","{=b7TdIRac}Roundkettle over Mail","HeadArmor","Culture.empire","head_armor","empire_helmet_j_f","3.3","","","1.65","","Plate","plate","92","0","20","","","false","all","type2","","","","","","","","","","","","","","","","","","","","","","","","","","","","","","","","","","","","","","","","","","","","","","","","true","","","","","","","","","","","","","","","","","","","","","","","","","","","","","","","","","","","","","","","","","","","","","","","","","","","","","","","","","","","","","","","",""
"RBM","RBMCombat_head_armors.xml","segmented_skullcap_over_mail_coif","{=P8GrNSkF}Segmented Skullcap over Mail Coif","HeadArmor","Culture.vlandia","","vlandia_helmet_r_a","3.5","","","2","","Plate","plate","92","25","40","","","false","all","type4","","","","","","","","","","","","","","","","","","","","","","","","","","","","","","","","","","","","","","","","","","","","","","","","true","","","","","","","","","","","","","","","","","","","","","","","","","","","","","","","","","","","","","","","","","","","","","","","","","","","","","","","","","","","","","","","",""
"RBM","RBMCombat_head_armors.xml","emirs_helmet","{=efW2XbK8}Emir Helmet","HeadArmor","Culture.aserai","head_armor","aserai_helmet_r","3","","0","1.5","","Plate","chain","94","10","40","","","false","all","type3","","","","","","","","","","","","","","","","","","","","","","","","","","","","","","","","","","","","","","","","","","","","","","","","true","","","","","","","","","","","","","","","","","","","","","","","","","","","","","","","","","","","","","","","","","","","","","","","","","","","","","","","","","","","","","","","",""
"RBM","RBMCombat_head_armors.xml","spiked_helmet","{=ygfhbfr0}Spiked Helmet","HeadArmor","Culture.khuzait","head_armor","khuzait_helmet_g","4.5","","0","2.2","","Plate","plate","94","0","37","","","false","all","type2","","","","","","","","","","","","","","","","","","","","","","","","","","","","","","","","","","","","","","","","","","","","","","","","true","","","","","","","","","","","","","","","","","","","","","","","","","","","","","","","","","","","","","","","","","","","","","","","","","","","","","","","","","","","","","","","",""
"RBM","RBMCombat_head_armors.xml","peaked_helmet_over_mail_coif","{=AdafHtud}Peaked Helmet over Mail Coif","HeadArmor","Culture.vlandia","head_armor","vlandia_helmet_t_a","2.7","","0","2","","Plate","plate","95","12","40","","","false","all","type3","","","","","","","","","","","","","","","","","","","","","","","","","","","","","","","","","","","","","","","","","","","","","","","","true","","","","","","","","","","","","","","","","","","","","","","","","","","","","","","","","","","","","","","","","","","","","","","","","","","","","","","","","","","","","","","","",""
"RBM","RBMCombat_head_armors.xml","western_crowned_helmet","{=EPaqJLSg}Crowned Helmet","HeadArmor","Culture.vlandia","head_armor","vlandia_lord_helmet_a","3.7","","0","5","","Plate","plate","100","10","","","","false","all","type3","","","","","","","","","","","","","","","","","","","","","","","","","","","","","","","","","","","","","","","","","","","","","","","","","","","","","","","","","","false","","","","","","","","","","","","","","","","","","","","","","","","","","","","","","","","","","","","","","","","","","","","","","","","","","","","","",""
"RBM","RBMCombat_head_armors.xml","kettle_hat_over_mail_coif","{=tMLH04n4}Kettle Hat Over Mail Coif","HeadArmor","Culture.vlandia","","vlandia_helmet_i_a","2.9","","","1","","Plate","chain","105","0","40","","","false","all","all","","","","","","","","","","","","","","","","","","","","","","","","","","","","","","","","","","","","","","","","","","","","","","","","true","","","","","","","","","","","","","","","","","","","","","","","","","","","","","","","","","","","","","","","","","","","","","","","","","","","","","","","","","","","","","","","",""
"RBM","RBMCombat_head_armors.xml","kettle_helmet_over_mail","{=zZ2G7uIO}Kettle Helmet over Mail","HeadArmor","Culture.vlandia","","vlandia_helmet_h_v","3.1","","","2","","Plate","plate","107","12","20","","","false","all","type2","","","","","","","","","","","","","","","","","","","","","","","","","","","","","","","","","","","","","","","","","","","","","","","","true","","","","","","","","","","","","","","","","","","","","","","","","","","","","","","","","","","","","","","","","","","","","","","","","","","","","","","","","","","","","","","","",""
"RBM","RBMCombat_head_armors.xml","guards_kettle_over_mail_coif","{=S1SUK8zk}Kettle over Mail Coif","HeadArmor","Culture.vlandia","","vlandia_helmet_j_a","3.2","","","1","","Plate","plate","109","12","40","","","false","all","type3","","","","","","","","","","","","","","","","","","","","","","","","","","","","","","","","","","","","","","","","","","","","","","","","","","","","","","","","","","","","","","","","","","","","","","","","","","","","","","","","","","","","","","","","","","","","","","","","","","","","","","","","","","","","","","","",""
"RBM","RBMCombat_head_armors.xml","brass_aserai_helmet_leather","{=dHv9Dbkp}Brass Southern Helmet with Leather Flaps","HeadArmor","Culture.aserai","head_armor","brass_aserai_helmet_leather","1.8","","0","6","","Plate","plate","75","4","","","","false","all","none","","","","","","","","","","","","","","","","","","","","","","","","","","","","","","","","","","","","","","","","","","","","","","","","true","","","","","","","","","","false","","","","","","","","","","","","","","","","","","","","","","","","","","","","","","","","","","","","","","","","","","","","","","","","","","","","","",""
"RBM","RBMCombat_head_armors.xml","brass_aserai_helmet_b_leather","{=E5b3gc6R}Brass Turbaned Helmet with Leather Flaps","HeadArmor","Culture.aserai","head_armor","brass_aserai_helmet_b_leather","1.9","","0","7","","Plate","plate","77","4","","","","false","all","none","","","","","","","","","","","","","","","","","","","","","","","","","","","","","","","","","","","","","","","","","","","","","","","","true","","","","","","","","","","false","","","","","","","","","","","","","","","","","","","","","","","","","","","","","","","","","","","","","","","","","","","","","","","","","","","","","",""
"RBM","RBMCombat_head_armors.xml","brass_aserai_helmet_open","{=uRsU67qC}Brass Southern Helmet","HeadArmor","Culture.aserai","head_armor","brass_aserai_helmet_open","2.2","","0","7","","Plate","plate","83","14","20","","","false","all","none","","","","","","","","","","","","","","","","","","","","","","","","","","","","","","","","","","","","","","","","","","","","","","","","","","","","","","","","","","false","","","","","","","","","","","","","","","","","","","","","","","","","","","","","","","","","","","","","","","","","","","","","","","","","","","","","",""
"RBM","RBMCombat_head_armors.xml","brass_aserai_helmet_b_open","{=ahN0UNxw}Brass Southern Helmet with Turban","HeadArmor","Culture.aserai","head_armor","brass_aserai_helmet_b_open","2.3","","0","8","","Plate","plate","85","14","20","","","false","all","none","","","","","","","","","","","","","","","","","","","","","","","","","","","","","","","","","","","","","","","","","","","","","","","","true","","","","","","","","","","false","","","","","","","","","","","","","","","","","","","","","","","","","","","","","","","","","","","","","","","","","","","","","","","","","","","","","",""
"RBM","RBMCombat_head_armors.xml","spiked_kettle_over_imperial_mail","{=DeawBxbx}Spiked Kettle over Mail","HeadArmor","Culture.empire","","empire_helmet_k_f","3.6","","","1.2","","Plate","plate","90","4","20","","","false","all","type2","","","","","","","","","","","","","","","","","","","","","","","","","","","","","","","","","","","","","","","","","","","","","","","","true","","","","","","","","","","","","","","","","","","","","","","","","","","","","","","","","","","","","","","","","","","","","","","","","","","","","","","","","","","","","","","","",""
"RBM","RBMCombat_head_armors.xml","cervelliere_over_cloth_headwrap","{=e9BpfZ9L}Cervelliere over Cloth Headwrap","HeadArmor","Culture.vlandia","head_armor","vlandia_helmet_n_d","1","","0","1.3","","Plate","plate","50","6","10","","","false","all","all","","","","","","","","","","","","","","","","","","","","","","","","","","","","","","","","","","","","","","","","","","","","","","","","true","","","","","","","","","","","","","","","","","","","","","","","","","","","","","","","","","","","","","","","","","","","","","","","","","","","","","","","","","","","","","","","",""
"RBM","RBMCombat_head_armors.xml","segmented_skullcap_over_padded_cloth","{=b1pqUQju}Segmented Skullcap over Padded Cloth","HeadArmor","Culture.vlandia","head_armor","vlandia_helmet_r_y","1.1","","0","2.8","","Plate","plate","77","8","10","","","false","all","type2","","","","","","","","","","","","","","","","","","","","","","","","","","","","","","","","","","","","","","","","","","","","","","","","true","","","","","","","","","","","","","","","","","","","","","","","","","","","","","","","","","","","","","","","","","","","","","","","","","","","","","","","","","","","","","","","",""
"RBM","RBMCombat_head_armors.xml","western_crowned_plated_helmet","{=uz24W7s4}Crowned Plate Helmet","HeadArmor","Culture.vlandia","head_armor","vlandia_lord_helmet_c","3.9","","0","4.2","","Plate","plate","105","15","20","","","false","all","type4","","","","","","","","","","","","","","","","","","","","","","","","","","","","","","","","","","","","","","","true","","","","","","","","","","","","","","","","","","","false","","","","","","","","","","","","","","","","","","","","","","","","","","","","","","","","","","","","","","","","","","","","","","","","","","","","","",""
"RBM","RBMCombat_head_armors.xml","empire_lord_helmet","{=RBM_HEA_001}Noble Guard Helmet","HeadArmor","Culture.empire","head_armor","empire_lord_helmet_a","3.5","","0","5","","Plate","plate","123","10","","","","false","all","type4","","","","","","","","","","","","","","","","","","","","","","","","","","","","","","","","","","","","","","","","","","","","","","","","","","","","","","","","","","","","","","","","","","","","","","","","","","","","","","","","","","","","","","","","","","","","","","","","","","","","","","","","","","","","","","","",""
"RBM","RBMCombat_head_armors.xml","closed_desert_helmet","{=T6ObiB5P}Spiked Helmet with Closed Turban ","HeadArmor","Culture.aserai","","aserai_helmet_b","1.4","","","1.4","","Plate","plate","47","6","6","","","false","all","all","","","","","","","","","","","","","","","","","","","","","","","","","","","","","","","","","","","","","","","","","","","","","","","","true","","","","","","","","","","","","","","","","","","","","","","","","","","","","","","","","","","","","","","","","","","","","","","","","","","","","","","","","","","","","","","","",""
"RBM","RBMCombat_head_armors.xml","nasal_helmet","{=k4kivaf5}Steel Cap with Nose Guard","HeadArmor","Culture.sturgia","","nasal_helmet_a","1.8","","","2","","Plate","plate","50","12","","","","false","type1","","","","","","","","","","","","","","","","","","","","","","","","","","","","","","","","","","","","","","","","","","","","","","","","","","","","","","","","","","","","","","","","","","","","","","","","","","","","","","","","","","","","","","","","","","","","","","","","","","","","","","","","","","","","","","","","",""
"RBM","RBMCombat_head_armors.xml","nasal_cervelliere_over_laced_coif","{=h6UXvU3B}Nasal Cervelliere Over Laced Coif","HeadArmor","Culture.vlandia","","vlandia_helmet_o_c","1.1","","","1","","Plate","plate","59","12","13","","","false","all","type3","","","","","","","","","","","","","","","","","","","","","","","","","","","","","","","","","","","","","","","","","","","","","","","","true","","","","","","","","","","","","","","","","","","","","","","","","","","","","","","","","","","","","","","","","","","","","","","","","","","","","","","","","","","","","","","","",""
"RBM","RBMCombat_head_armors.xml","ironlame_nasalhelm_over_imperial_cloth","{=twbUeZph}Iron Legionary Helm over Cloth","HeadArmor","Culture.empire","","empire_helmet_h_eb","3.2","","","2.3","","Plate","plate","55","12","6","","","false","all","type1","","","","","","","","","","","","","","","","","","","","","","","","","","","","","","","","","","","","","","","","","","","","","","","","true","","","","","","","","","","","","","","","","","","","","","","","","","","","","","","","","","","","","","","","","","","","","","","","","","","","","","","","","","","","","","","","",""
"RBM","RBMCombat_head_armors.xml","ironlame_nasalhelm_over_imperial_coif","{=Cg7vqdPQ}Iron Nasalhelm over Coif","HeadArmor","Culture.empire","","empire_helmet_h_ab","4.1","","","2.8","","Plate","plate","85","22","45","","","false","all","type3","","","","","","","","","","","","","","","","","","","","","","","","","","","","","","","","","","","","","","","","","","","","","","","","true","","","","","","","","","","","","","","","","","","","","","","","","","","","","","","","","","","","","","","","","","","","","","","","","","","","","","","","","","","","","","","","",""
"RBM","RBMCombat_head_armors.xml","segmented_cervelliere_over_padded_cloth","{=vsavMoLZ}Segmented Cervelliere over Padded Cloth","HeadArmor","Culture.vlandia","head_armor","vlandia_helmet_u_y","1.2","","0","1.4","","Plate","plate","56","12","7","","","false","all","type2","","","","","","","","","","","","","","","","","","","","","","","","","","","","","","","","","","","","","","","","","","","","","","","","true","","","","","","","","","","","","","","","","","","","","","","","","","","","","","","","","","","","","","","","","","","","","","","","","","","","","","","","","","","","","","","","",""
"RBM","RBMCombat_head_armors.xml","ironlame_nasalhelm_over_imperial_padding","{=cQ6IsHSL}Iron Nasalhelm over Padding","HeadArmor","Culture.empire","head_armor","empire_helmet_h_bb","3.4","","0","2.3","","Plate","plate","57","15","25","","","false","all","type3","","","","","","","","","","","","","","","","","","","","","","","","","","","","","","","","","","","","","","","","","","","","","","","","true","","","","","","","","","","","","","","","","","","","","","","","","","","","","","","","","","","","","","","","","","","","","","","","","","","","","","","","","","","","","","","","",""
"RBM","RBMCombat_head_armors.xml","nasal_helmet_over_padded_cloth","{=bubcrmTC}Nasal Helmet Over Padded Cloth","HeadArmor","Culture.vlandia","","vlandia_helmet_p_y","1.2","","","1","","Plate","plate","57","12","8","","","false","all","type2","","","","","","","","","","","","","","","","","","","","","","","","","","","","","","","","","","","","","","","","","","","","","","","","true","","","","","","","","","","","","","","","","","","","","","","","","","","","","","","","","","","","","","","","","","","","","","","","","","","","","","","","","","","","","","","","",""
"RBM","RBMCombat_head_armors.xml","leatherlame_roundkettle_over_imperial_leather","{=aOwcs7Un}Roundkettle over Leather","HeadArmor","Culture.empire","","empire_helmet_j_da","1.4","","","1.3","","Plate","plate","58","12","7","","","false","all","none","","","","","","","","","","","","","","","","","","","","","","","","","","","","","","","","","","","","","","","","","","","","","","","","true","","","","","","","","","","","","","","","","","","","","","","","","","","","","","","","","","","","","","","","","","","","","","","","","","","","","","","","","","","","","","","","",""
"RBM","RBMCombat_head_armors.xml","nasal_helmet_over_padded_coif","{=Tp7zXWGa}Nasal Helmet over Padded Coif","HeadArmor","Culture.vlandia","head_armor","vlandia_helmet_p_b","1.4","","0","2","","Plate","plate","58","15","25","","","false","all","type3","","","","","","","","","","","","","","","","","","","","","","","","","","","","","","","","","","","","","","","","","","","","","","","","true","","","","","","","","","","","","","","","","","","","","","","","","","","","","","","","","","","","","","","","","","","","","","","","","","","","","","","","","","","","","","","","",""
"RBM","RBMCombat_head_armors.xml","aserai_crown","{=6Dk7LClc}Luxury Turban Over Helmet","HeadArmor","Culture.aserai","","aserai_crown","2.8","","","8","","Plate","plate","60","3","","","","false","all","type4","","","","","","","","","","","","","","","","","","","","","","","","","","","","","","","","","","","","","","","true","","","","","","","","","true","","","","","","","","","","","","","","","","","","","","","","","","","","","","","","","","","","","","","","","","","","","","","","","","","","","","","","","","","","","","","","","",""
"RBM","RBMCombat_head_armors.xml","nasal_helmet_over_laced_coif","{=FWFDkjBk}Nasal Helmet Over Laced Coif","HeadArmor","Culture.vlandia","head_armor","vlandia_helmet_p_c","1.3","","0","1","","Plate","plate","60","12","18","","","false","all","type2","","","","","","","","","","","","","","","","","","","","","","","","","","","","","","","","","","","","","","","","","","","","","","","","true","","","","","","","","","","","","","","","","","","","","","","","","","","","","","","","","","","","","","","","","","","","","","","","","","","","","","","","","","","","","","","","",""
"RBM","RBMCombat_head_armors.xml","plumed_nomad_helmet","{=m3Nv9rt2}Plumed Nomad Helmet","HeadArmor","Culture.khuzait","","khuzait_helmet_k","1.1","","","3.2","","Plate","plate","60","12","","","","false","type3","none","","","","","","","","","","","","","","","","","","","","","","","","","","","","","","","","","","","","","","","","","","","","","","","","true","","","","","","","","","","","","","","","","","","","","","","","","","","","","","","","","","","","","","","","","","","","","","","","","","","","","","","","","","","","","","","","",""
"RBM","RBMCombat_head_armors.xml","leatherlame_nasalhelm_over_imperial_leather","{=AQIH729X}Iron Nasalhelm over Leather","HeadArmor","Culture.empire","head_armor","empire_helmet_h_da","1.9","","0","2.6","","Plate","plate","61","12","17","","","false","all","","","","","","","","","","","","","","","","","","","","","","","","","","","","","","","","","","","","","","","","","","","","","","","","","true","","","","","","","","","","","","","","","","","","","","","","","","","","","","","","","","","","","","","","","","","","","","","","","","","","","","","","","","","","","","","","","",""
"RBM","RBMCombat_head_armors.xml","nasal_cervelliere_over_padded_coif","{=JjLQ2VdT}Nasal Cervelliere over Padded Coif","HeadArmor","Culture.vlandia","","vlandia_helmet_o_b","1.2","","","1.5","","Plate","plate","61","15","25","","","false","all","type3","","","","","","","","","","","","","","","","","","","","","","","","","","","","","","","","","","","","","","","","","","","","","","","","true","","","","","","","","","","","","","","","","","","","","","","","","","","","","","","","","","","","","","","","","","","","","","","","","","","","","","","","","","","","","","","","",""
"RBM","RBMCombat_head_armors.xml","nasal_helmet_with_leather","{=TxAYmCjr}Nasal Helmet with Leather","HeadArmor","Culture.sturgia","head_armor","nasal_helmet_neckguard","1.2","","0","3","","Plate","plate","63","12","25","","","false","all","type2","","","","","","","","","","","","","","","","","","","","","","","","","","","","","","","","","","","","","","","","","","","","","","","","","","","","","","","","","","","","","","","","","","","","","","","","","","","","","","","","","","","","","","","","","","","","","","","","","","","","","","","","","","","","","","","",""
"RBM","RBMCombat_head_armors.xml","ironlame_feathered_spangenhelm","{=ePdiHF5D}Feathered Spangenhelm","HeadArmor","Culture.empire","head_armor","empire_helmet_i","3.2","","0","2.3","","Plate","plate","65","12","25","","","false","all","type2","","","","","","","","","","","","","","","","","","","","","","","","","","","","","","","","","","","","","","","","","","","","","","","","true","","","","","","","","","","","","","","","","","","","","","","","","","","","","","","","","","","","","","","","","","","","","","","","","","","","","","","","","","","","","","","","",""
"RBM","RBMCombat_head_armors.xml","nasal_helmet_with_mail","{=EWR2MNeM}Nasal Helmet with Mail","HeadArmor","Culture.sturgia","head_armor","nasal_helmet_reinforced","1.5","","0","3","","Plate","plate","65","12","20","","","false","all","","","","","","","","","","","","","","","","","","","","","","","","","","","","","","","","","","","","","","","","","","","","","","","","","","","","","","","","","","","","","","","","","","","","","","","","","","","","","","","","","","","","","","","","","","","","","","","","","","","","","","","","","","","","","","","","",""
"RBM","RBMCombat_head_armors.xml","nasalhelm_over_leather","{=ONaWEKSy}Nasalhelm over Leather","HeadArmor","Culture.sturgia","","sturgia_helmet_f","1.4","","","1.5","","Plate","plate","65","12","","","","false","type3","none","","","","","","","","","","","","","","","","","","","","","","","","","","","","","","","","","","","","","","","","","","","","","","","","","","","","","","","","","","","","","","","","","","","","","","","","","","","","","","","","","","","","","","","","","","","","","","","","","","","","","","","","","","","","","","","",""
"RBM","RBMCombat_head_armors.xml","pointed_skullcap_with_mail","{=3DV3GoHb}Pointed Skullcap with Mail","HeadArmor","Culture.aserai","head_armor","vlandia_helmet_l_v","2.8","","0","2.4","","Plate","plate","73","12","20","","","false","all","type2","","","","","","","","","","","","","","","","","","","","","","","","","","","","","","","","","","","","","","","","","","","","","","","","true","","","","","","","","","","","","","","","","","","","","","","","","","","","","","","","","","","","","","","","","","","","","","","","","","","","","","","","","","","","","","","","",""
"RBM","RBMCombat_head_armors.xml","segmented_skullcap_over_laced_coif","{=VylHwqVq}Segmented Skullcap Over Laced Coif","HeadArmor","Culture.vlandia","","vlandia_helmet_r_c","1.2","","","1","","Plate","plate","73","12","20","","","false","all","type2","","","","","","","","","","","","","","","","","","","","","","","","","","","","","","","","","","","","","","","","","","","","","","","","true","","","","","","","","","","","","","","","","","","","","","","","","","","","","","","","","","","","","","","","","","","","","","","","","","","","","","","","","","","","","","","","",""
"RBM","RBMCombat_head_armors.xml","nasalhelm_over_mail","{=1bdDdwub}Nasalhelm over Mail","HeadArmor","Culture.sturgia","","sturgia_helmet_a","1.8","","","3","","Plate","plate","75","12","17","","","false","all","none","","","","","","","","","","","","","","","","","","","","","","","","","","","","","","","","","","","","","","","","","","","","","","","","","","","","","","","","","","","","","","","","","","","","","","","","","","","","","","","","","","","","","","","","","","","","","","","","","","","","","","","","","","","","","","","",""
"RBM","RBMCombat_head_armors.xml","segmented_skullcap_over_padded_coif","{=zAvb7WKe}Segmented Skullcap over Padded Coif","HeadArmor","Culture.vlandia","","vlandia_helmet_r_b","1.3","","","1.4","","Plate","plate","75","12","20","","","false","all","type1","","","","","","","","","","","","","","","","","","","","","","","","","","","","","","","","","","","","","","","","","","","","","","","","true","","","","","","","","","","","","","","","","","","","","","","","","","","","","","","","","","","","","","","","","","","","","","","","","","","","","","","","","","","","","","","","",""
"RBM","RBMCombat_head_armors.xml","leatherlame_feathered_spangenhelm_over_leather","{=xTH3z9Sr}Spangenhelm over Leather","HeadArmor","Culture.empire","","empire_helmet_i_da","1.7","","","2","","Plate","plate","76","12","15","","","false","all","type2","","","","","","","","","","","","","","","","","","","","","","","","","","","","","","","","","","","","","","","","","","","","","","","","true","","","","","","","","","","","","","","","","","","","","","","","","","","","","","","","","","","","","","","","","","","","","","","","","","","","","","","","","","","","","","","","",""
"RBM","RBMCombat_head_armors.xml","ironlame_feathered_spangenhelm_over_leather","{=e3nslzlA}Feathered Spangenhelm over Leather","HeadArmor","Culture.empire","","empire_helmet_i_db","2.8","","","2.3","","Plate","plate","77","12","15","","","false","all","type2","","","","","","","","","","","","","","","","","","","","","","","","","","","","","","","","","","","","","","","","","","","","","","","","true","","","","","","","","","","","","","","","","","","","","","","","","","","","","","","","","","","","","","","","","","","","","","","","","","","","","","","","","","","","","","","","",""
"RBM","RBMCombat_head_armors.xml","nasal_cervelliere_over_mail_coif","{=mRGIxvYh}Nasal Cervelliere over Mail Coif","HeadArmor","Culture.vlandia","","vlandia_helmet_o_a","2.6","","","2","","Plate","plate","81","24","40","","","false","all","type4","","","","","","","","","","","","","","","","","","","","","","","","","","","","","","","","","","","","","","","","","","","","","","","","true","","","","","","","","","","","","","","","","","","","","","","","","","","","","","","","","","","","","","","","","","","","","","","","","","","","","","","","","","","","","","","","",""
"RBM","RBMCombat_head_armors.xml","sturgian_helmet_base","{=Nv0eZmGL}Steel Nasal Cap","HeadArmor","Culture.sturgia","","sturgian_helmet_base","1.8","","","1.6","","Plate","plate","83","12","","","","false","type3","none","","","","","","","","","","","","","","","","","","","","","","","","","","","","","","","","","","","","","","","","","","","","","","","","","","","","","","","","","","","","","","","","","","","","","","","","","","","","","","","","","","","","","","","","","","","","","","","","","","","","","","","","","","","","","","","",""
"RBM","RBMCombat_head_armors.xml","pointed_skullcap_over_mail","{=py7VUj47}Pointed Skullcap over Gambeson","HeadArmor","Culture.aserai","","vlandia_helmet_l_b","1.3","","","2.5","","Plate","plate","85","12","25","","","false","all","type2","","","","","","","","","","","","","","","","","","","","","","","","","","","","","","","","","","","","","","","","","","","","","","","","true","","","","","","","","","","","","","","","","","","","","","","","","","","","","","","","","","","","","","","","","","","","","","","","","","","","","","","","","","","","","","","","",""
"RBM","RBMCombat_head_armors.xml","sturgian_helmet_open","{=IGazuB9B}Mailed Nasal Helmet","HeadArmor","Culture.sturgia","","sturgian_helmet_open","1.8","","","1.6","","Plate","plate","85","12","17","","","false","all","type2","","","","","","","","","","","","","","","","","","","","","","","","","","","","","","","","","","","","","","","","","","","","","","","","","","","","","","","","","","","","","","","","","","","","","","","","","","","","","","","","","","","","","","","","","","","","","","","","","","","","","","","","","","","","","","","",""
"RBM","RBMCombat_head_armors.xml","nasal_helmet_over_mail","{=tpQLvMSM}Nasal Helmet over Mail","HeadArmor","Culture.vlandia","","vlandia_helmet_p_v","3.1","","","2","","Plate","plate","86","12","20","","","false","all","type2","","","","","","","","","","","","","","","","","","","","","","","","","","","","","","","","","","","","","","","","","","","","","","","","true","","","","","","","","","","","","","","","","","","","","","","","","","","","","","","","","","","","","","","","","","","","","","","","","","","","","","","","","","","","","","","","",""
"RBM","RBMCombat_head_armors.xml","leatherlame_nasalhelm_over_imperial_mail","{=XCnUaINR}Bronze Nasalhelm over Mail","HeadArmor","Culture.empire","","empire_helmet_h_fa","3.7","","","2","","Plate","plate","87","12","25","","","false","all","type2","","","","","","","","","","","","","","","","","","","","","","","","","","","","","","","","","","","","","","","","","","","","","","","","true","","","","","","","","","","","","","","","","","","","","","","","","","","","","","","","","","","","","","","","","","","","","","","","","","","","","","","","","","","","","","","","",""
"RBM","RBMCombat_head_armors.xml","feathered_spangenhelm_over_imperial_coif","{=YFg8x5QC}Feathered Spangenhelm over Coif","HeadArmor","Culture.empire","head_armor","empire_helmet_i_a","3.1","","0","1.3","","Plate","plate","88","22","40","","","false","all","type2","","","","","","","","","","","","","","","","","","","","","","","","","","","","","","","","","","","","","","","","","","","","","","","","true","","","","","","","","","","","","","","","","","","","","","","","","","","","","","","","","","","","","","","","","","","","","","","","","","","","","","","","","","","","","","","","",""
"RBM","RBMCombat_head_armors.xml","pointed_skullcap_over_mail_coif","{=ZOWdFaUi}Pointed Skullcap over Mail Coif","HeadArmor","Culture.aserai","","vlandia_helmet_l_a","3","","","2.7","","Plate","plate","88","24","40","","","false","all","type3","","","","","","","","","","","","","","","","","","","","","","","","","","","","","","","","","","","","","","","","","","","","","","","","true","","","","","","","","","","","","","","","","","","","","","","","","","","","","","","","","","","","","","","","","","","","","","","","","","","","","","","","","","","","","","","","",""
"RBM","RBMCombat_head_armors.xml","nasal_helmet_over_mail_coif","{=PVgSGCYK}Nasal Helmet over Mail Coif","HeadArmor","Culture.vlandia","","vlandia_helmet_p_a","2.7","","","2","","Plate","plate","89","24","40","","","false","all","type4","","","","","","","","","","","","","","","","","","","","","","","","","","","","","","","","","","","","","","","","","","","","","","","","true","","","","","","","","","","","","","","","","","","","","","","","","","","","","","","","","","","","","","","","","","","","","","","","","","","","","","","","","","","","","","","","",""
"RBM","RBMCombat_head_armors.xml","aserai_battle_crown","{=fBAf3OWb}Ornate Desert Battle Crown","HeadArmor","Culture.aserai","head_armor","aserai_battle_crown","2.8","","0","9","","Plate","plate","90","22","","","","false","all","type3","","","","","","","","","","","","","","","","","","","","","","","","","","","","","","","","","","","","","","","true","","","","","","","","","true","","","","","","","","","","false","","","","","","","","","","","","","","","","","","","","","","","","","","","","","","","","","","","","","","","","","","","","","","","","","","","","","",""
"RBM","RBMCombat_head_armors.xml","ironlame_nasalhelm_over_imperial_mail","{=DbavaIis}Iron Nasalhelm over Mail","HeadArmor","Culture.empire","head_armor","empire_helmet_h_fb","3.9","","","2","","Plate","plate","90","12","25","","","false","all","type2","","","","","","","","","","","","","","","","","","","","","","","","","","","","","","","","","","","","","","","","","","","","","","","","true","","","","","","","","","","","","","","","","","","","","","","","","","","","","","","","","","","","","","","","","","","","","","","","","","","","","","","","","","","","","","","","",""
"RBM","RBMCombat_head_armors.xml","khuzait_battle_crown","{=5c4cHL9Z}Khuzait Battle Crown","HeadArmor","Culture.khuzait","head_armor","khuzait_battle_crown","2.7","","0","4","","Plate","plate","90","12","","","","false","all","type2","","","","","","","","","","","","","","","","","","","","","","","","","","","","","","","","","","","","","","","","","","","","","","","","true","","","","","","","","","","false","","","","","","","","","","","","","","","","","","","","","","","","","","","","","","","","","","","","","","","","","","","","","","","","","","","","","",""
"RBM","RBMCombat_head_armors.xml","battania_earmuff_helmet_d","{=wQY1oqdK}Ridged Decorated Steel Cap With Cheek Guards","HeadArmor","Culture.battania","head_armor","battania_earmuff_helmet_d","3.2","","0","3","","Plate","plate","92","12","","","","false","all","type2","","","","","","","","","","","","","","","","","","","","","","","","","","","","","","","","","","","","","","","","","","","","","","","","true","","","","","","","","","","","","","","","","","","","","","","","","","","","","","","","","","","","","","","","","","","","","","","","","","","","","","","","","","","","","","","","",""
"RBM","RBMCombat_head_armors.xml","helmet_with_faceguard","{=UoHZGyZa}Helmet with Faceguard","HeadArmor","Culture.empire","head_armor","roman_helmet_b","3.5","","0","1.6","","Plate","plate","94","12","","","","false","type2","","","","","","","","","","","","","","","","","","","","","","","","","","","","","","","","","","","","","","","","","","","","","","","","","","","","","","","","","","","","","","","","","","","","","","","","","","","","","","","","","","","","","","","","","","","","","","","","","","","","","","","","","","","","","","","","",""
"RBM","RBMCombat_head_armors.xml","ridged_northernhelm","{=x1kf94SW}Ridged Helm","HeadArmor","Culture.battania","head_armor","battania_helmet_f","3.4","","0","3","","Plate","plate","94","12","","","","false","type3","","","","","","","","","","","","","","","","","","","","","","","","","","","","","","","","","","","","","","","","","","","","","","","","","","","","","","","","","","","","","","","","","","","","","","","","","","","","","","","","","","","","","","","","","","","","","","","","","","","","","","","","","","","","","","","","",""
"RBM","RBMCombat_head_armors.xml","ironlame_feathered_spangenhelm_over_mail","{=qojh0tsC}Spangenhelm over Mail","HeadArmor","Culture.empire","head_armor","empire_helmet_i_fb","3.3","","0","2","","Plate","plate","95","12","25","","","false","all","type2","","","","","","","","","","","","","","","","","","","","","","","","","","","","","","","","","","","","","","","","","","","","","","","","true","","","","","","","","","","","","","","","","","","","","","","","","","","","","","","","","","","","","","","","","","","","","","","","","","","","","","","","","","","","","","","","",""
"RBM","RBMCombat_head_armors.xml","southern_noble_helmet","{=Z95RglmZ}Noble Steel Cap","HeadArmor","Culture.aserai","head_armor","aserai_lord_helmet_b","3.5","","0","5.4","","Plate","plate","97","12","25","","","false","all","type3","","","","","","","","","","","","","","","","","","","","","","","","","","","","","","","","","","","","","","","","","","","","","","","","true","","","","","","","","","","","","","","","","","","","","","","","","","","","","","","","","","","","","","","","","","","","","","","","","","","","","","","","","","","","","","","","",""
"RBM","RBMCombat_head_armors.xml","imperial_nasal_helm","{=rSEXAMUx}Legionary Helm","HeadArmor","Culture.empire","head_armor","empire_helmet_h","2.2","","0","3","","Plate","plate","97","12","25","","","false","all","","","","","","","","","","","","","","","","","","","","","","","","","","","","","","","","","","","","","","","","","","","","","","","","","true","","","","","","","","","","","","","","","","","","","","","","","","","","","","","","","","","","","","","","","","","","","","","","","","","","","","","","","","","","","","","","","",""
"RBM","RBMCombat_head_armors.xml","leatherlame_feathered_spangenhelm_over_mail","{=aoPbMKwB}Feathered Spangenhelm over Mail","HeadArmor","Culture.empire","head_armor","empire_helmet_i_aa","3.4","","0","3","","Plate","plate","97","22","45","","","false","all","type2","","","","","","","","","","","","","","","","","","","","","","","","","","","","","","","","","","","","","","","","","","","","","","","","true","","","","","","","","","","","","","","","","","","","","","","","","","","","","","","","","","","","","","","","","","","","","","","","","","","","","","","","","","","","","","","","",""
"RBM","RBMCombat_head_armors.xml","southern_lord_helmet","{=GdM7iaV9}Lordly Steel Cap","HeadArmor","Culture.aserai","head_armor","aserai_lord_helmet_c","3.9","","0","4.2","","Plate","plate","100","22","","","","false","all","type4","","","","","","","","","","","","","","","","","","","","","","","","","","","","","","","","","","","","","","","","","","","","","","","","true","","","","","","","","","","","","","","","","","","","","","","","","","","","","","","","","","","","","","","","","","","","","","","","","","","","","","","","","","","","","","","","",""
"RBM","RBMCombat_head_armors.xml","battanian_noble_helmet_with_feather","{=83qyvGkN}Warlord Helmet ","HeadArmor","Culture.battania","head_armor","battania_lord_helmet_b","3.1","","0","3","","Plate","plate","102","12","25","","","false","all","type2","","","","","","","","","","","","","","","","","","","","","","","","","","","","","","","","","","","","","","","","","","","","","","","","","","","","","","","","","","","","","","","","","","","","","","","","","","","","","","","","","","","","","","","","","","","","","","","","","","","","","","","","","","","","","","","",""
"RBM","RBMCombat_head_armors.xml","empire_battle_crown_north","{=AK0lNDmN}Jeweled Plumed Battle Crown","HeadArmor","Culture.empire","head_armor","empire_battle_crown_north","2.1","","0","3","","Plate","plate","104","12","","","","false","all","type2","","","","","","","","","","","","","","","","","","","","","","","","","","","","","","","","","","","","","","","true","","","","","","","","","true","","","","","","","","","","false","","","","","","","","","","","","","","","","","","","","","","","","","","","","","","","","","","","","","","","","","","","","","","","","","","","","","",""
"RBM","RBMCombat_head_armors.xml","empire_battle_crown_west","{=EOplBvKz}Imperial Plumed Helmet","HeadArmor","Culture.empire","head_armor","empire_battle_crown_west","3.1","","0","3","","Plate","plate","109","12","","","","false","all","type2","","","","","","","","","","","","","","","","","","","","","","","","","","","","","","","","","","","","","","","","","","","","","","","","true","","","","","","","","","","false","","","","","","","","","","","","","","","","","","","","","","","","","","","","","","","","","","","","","","","","","","","","","","","","","","","","","",""
"RBM","RBMCombat_head_armors.xml","sturgia_heavy_cavalary_helmet","{=bXVSSptk}Heavy Cavalry Helmet","HeadArmor","Culture.sturgia","","sturgia_helmet_o","2.8","","","3.8","","Plate","plate","120","12","20","","","false","all","none","","","","","","","","","","","","","","","","","","","","","","","","","","","","","","","","","","","","","","","","","","","","","","","","","","","","","","","","","","","","","","","","","","","","","","","","","","","","","","","","","","","","","","","","","","","","","","","","","","","","","","","","","","","","","","","",""
"RBM","RBMCombat_head_armors.xml","sturgian_battle_crown","{=OFxwPQyA}Battle Crown","HeadArmor","Culture.sturgia","","sturgian_battle_crown","2.2","","","3","","Plate","plate","125","12","","","","false","all","none","","","","","","","","","","","","","","","","","","","","","","","","","","","","","","","","","","","","","","","","","","","","","","","","true","","","","","","","","","","false","","","","","","","","","","","","","","","","","","","","","","","","","","","","","","","","","","","","","","","","","","","","","","","","","","","","","",""
"RBM","RBMCombat_head_armors.xml","closed_head_scarf","{=gUTqDROO}Closed Head Scarf","HeadArmor","Culture.aserai","head_armor","aserai_helmet_d","0.6","","0","2","","Cloth","cloth_unarmoured","14","14","","","","false","all","all","","","","","","","","","","","","","","","","","","","","","","","","","","","","","","","","","","","10","","","","","","","","","","","","true","true","","","","","","","","","","","","","","","","","","","","","","","","","","","","","","","","","","","","","","","","","","","","","","","","","","","","","","","","","","","","","","","",""
"RBM","RBMCombat_head_armors.xml","tight_head_scarf","{=U4n0uSlg}Tight Head Scarf","HeadArmor","Culture.aserai","head_armor","aserai_helmet_f","0.7","","0","2","","Cloth","cloth_unarmoured","14","14","","","","false","all","all","","","","","","","","","","","","","","","","","","","","","","","","","","","","","","","","","","","15","","","","","","","","","","","","true","true","","","","","","","","","","","","","","","","","","","","","","","","","","","","","","","","","","","","","","","","","","","","","","","","","","","","","","","","","","","","","","","",""
"RBM","RBMCombat_head_armors.xml","sturgian_helmet_b_open","{=LRbGXEw2}Plumed Decorated Mailed Nasal Helmet","HeadArmor","Culture.sturgia","","sturgian_helmet_b_open","1.8","","","3.4","","Plate","plate","98","14","","","","false","all","type2","","","","","","","","","","","","","","","","","","","","","","","","","","","","","","","","","","","","","","","","","","","","","","","","true","","","","","","","","","","","","","","","","","","","","","","","","","","","","","","","","","","","","","","","","","","","","","","","","","","","","","","","","","","","","","","","",""
"RBM","RBMCombat_head_armors.xml","khuzait_noble_helmet_with_feathers","{=n1A47HcZ}Noble Lancer Helmet","HeadArmor","Culture.khuzait","head_armor","khuzait_lord_helmet_a","3.4","","0","4.6","","Plate","plate","105","14","25","","","false","all","type2","","","","","","","","","","","","","","","","","","","","","","","","","","","","","","","","","","","","","","","","","","","","","","","","true","","","","","","","","","","","","","","","","","","","","","","","","","","","","","","","","","","","","","","","","","","","","","","","","","","","","","","","","","","","","","","","",""
"RBM","RBMCombat_head_armors.xml","empire_helmet_with_metal_strips","{=vaVvDVu4}Lord Helmet with Metal Strips","HeadArmor","Culture.empire","head_armor","empire_lord_helmet_c_2","3.8","","0","3","","Plate","plate","120","14","20","","","false","all","type4","","","","","","","","","","","","","","","","","","","","","","","","","","","","","","","","","","","","","","","","","","","","","","","","","","","","","","","","","","","","","","","","","","","","","","","","","","","","","","","","","","","","","","","","","","","","","","","","","","","","","","","","","","","","","","","",""
"RBM","RBMCombat_head_armors.xml","empire_jewelled_helmet","{=BD07fj39}Imperial Jeweled Helmet","HeadArmor","Culture.empire","head_armor","empire_lord_helmet_c","3.8","","0","5","","Plate","plate","125","14","20","","","false","all","type2","","","","","","","","","","","","","","","","","","","","","","","","","","","","","","","","","","","","","","","","","","","","","","","","","","","","","","","","","","","","","","","","","","","","","","","","","","","","","","","","","","","","","","","","","","","","","","","","","","","","","","","","","","","","","","","",""
"RBM","RBMCombat_head_armors.xml","western_plated_helmet","{=9j9fb5pR}Plated Helmet with Sideguards","HeadArmor","Culture.vlandia","head_armor","vlandia_lord_helmet_b","4.1","","0","4","","Plate","plate","98","15","","","","false","all","type3","","","","","","","","","","","","","","","","","","","","","","","","","","","","","","","","","","","","","","","","","","","","","","","","","","","","","","","","","","","","","","","","","","","","","","","","","","","","","","","","","","","","","","","","","","","","","","","","","","","","","","","","","","","","","","","",""
"RBM","RBMCombat_head_armors.xml","khuzait_noble_helmet_with_neckguard","{=KD3OTFlE}Plumed Noble Lancer Helmet with Neckguard","HeadArmor","Culture.khuzait","head_armor","khuzait_lord_helmet_b","4","","0","3.6","","Plate","plate","102","30","","","","false","all","type4","","","","","","","","","","","","","","","","","","","","","","","","","","","","","","","","","","","","","","","","","","","","","","","","true","","","","","","","","","","","","","","","","","","","","","","","","","","","","","","","","","","","","","","","","","","","","","","","","","","","","","","","","","","","","","","","",""
"RBM","RBMCombat_head_armors.xml","nasal_helmet_over_cloth_headwrap","{=olamAwhb}Nasal Helmet Over Cloth Headwrap","HeadArmor","Culture.vlandia","head_armor","vlandia_helmet_p_d","1.1","","0","1","","Plate","plate","56","16","10","","","false","all","all","","","","","","","","","","","","","","","","","","","","","","","","","","","","","","","","","","","","","","","","","","","","","","","","true","","","","","","","","","","","","","","","","","","","","","","","","","","","","","","","","","","","","","","","","","","","","","","","","","","","","","","","","","","","","","","","",""
"RBM","RBMCombat_head_armors.xml","pointed_skullcap_over_cloth_headwrap","{=LqA9uBH9}Pointed Skullcap over Cloth Headwrap","HeadArmor","Culture.aserai","head_armor","vlandia_helmet_l_d","1.1","","0","1.6","","Plate","plate","62","16","10","","","false","all","all","","","","","","","","","","","","","","","","","","","","","","","","","","","","","","","","","","","","","","","","","","","","","","","","true","","","","","","","","","","","","","","","","","","","","","","","","","","","","","","","","","","","","","","","","","","","","","","","","","","","","","","","","","","","","","","","",""
"RBM","RBMCombat_head_armors.xml","goggled_helmet_over_leather","{=E3XTFDXt}Goggled Helmet over Leather","HeadArmor","Culture.sturgia","","sturgia_helmet_b","1.4","","","1.6","","Plate","plate","87","16","","","","false","type3","none","","","","","","","","","","","","","","","","","","","","","","","","","","","","","","","","","","","","","","","","","","","","","","","","","","","","","","","","","","","","","","","","","","","","","","","","","","","","","","","","","","","","","","","","","","","","","","","","","","","","","","","","","","","","","","","",""
"RBM","RBMCombat_head_armors.xml","battanian_plated_noble_helmet","{=4xXPKRpE}Warlord Helmet with Feathers","HeadArmor","Culture.battania","head_armor","battania_lord_helmet_a","2.9","","0","3.8","","Plate","plate","95","16","15","","","false","all","type2","","","","","","","","","","","","","","","","","","","","","","","","","","","","","","","","","","","","","","","","","","","","","","","","true","","","","","","","","","","","","","","","","","","","","","","","","","","","","","","","","","","","","","","","","","","","","","","","","","","","","","","","","","","","","","","","",""
"RBM","RBMCombat_head_armors.xml","battanian_crowned_helmet","{=YDibTDob}Highland Crowned Helmet","HeadArmor","Culture.battania","head_armor","battania_lord_helmet_c","3.2","","0","5","","Plate","plate","121","16","15","","","false","all","type2","","","","","","","","","","","","","","","","","","","","","","","","","","","","","","","","","","","","","","","","","","","","","","","","","","","","","","","","","","false","","","","","","","","","","","","","","","","","","","","","","","","","","","","","","","","","","","","","","","","","","","","","","","","","","","","","",""
"RBM","RBMCombat_head_armors.xml","empire_guarded_lord_helmet","{=4vB2SPZa}Royal Cataphract Helmet","HeadArmor","Culture.empire","head_armor","empire_lord_helmet_b","3.7","","0","3","","Plate","plate","130","30","","","","false","all","type3","","","","","","","","","","","","","","","","","","","","","","","","","","","","","","","","","","","","","","","","","","","","","","","","true","","","","","","","","","","","","","","","","","","","","","","","","","","","","","","","","","","","","","","","","","","","","","","","","","","","","","","","","","","","","","","","",""
"RBM","RBMCombat_head_armors.xml","closed_desert_helmet_with_mail","{=SVTa5spB}Closed Steel Cap","HeadArmor","Culture.aserai","","aserai_helmet_k","3.2","","","2.5","","Plate","chain","67","35","35","","","false","all","all","","","","","","","","","","","","","","","","","","","","","","","","","","","","","","","","","","","","","","","","","","","","","","","","","","","","","","","","","","","","","","","","","","","","","","","","","","","","","","","","","","","","","","","","","","","","","","","","","","","","","","","","","","","","","","","",""
"RBM","RBMCombat_head_armors.xml","northern_goggled_helmet","{=ISCtxKub}Sea Raider Goggled Helmet","HeadArmor","Culture.sturgia","","sturgia_helmet_k","1.8","","","1.6","","Plate","plate","89","24","20","","","false","all","none","","","","","","","","","","","","","","","","","","","","","","","","","","","","","","","","","","","","","","","","","","","","","","","","","","","","","","","","","","","","","","","","","","","","","","","","","","","","","","","","","","","","","","","","","","","","","","","","","","","","","","","","","","","","","","","",""
"RBM","RBMCombat_head_armors.xml","plumed_helmet","{=sJ1R62Tn}Plumed Helmet","HeadArmor","Culture.empire","head_armor","roman_helmet_d","2.9","","0","3.3","","Plate","plate","104","24","","","","false","type3","","","","","","","","","","","","","","","","","","","","","","","","","","","","","","","","","","","","","","","","","","","","","","","","","","","","","","","","","","","","","","","","","","","","","","","","","","","","","","","","","","","","","","","","","","","","","","","","","","","","","","","","","","","","","","","","",""
"RBM","RBMCombat_head_armors.xml","goggled_helmet_over_mail","{=qc0P0b2r}Goggled Helmet over Mail","HeadArmor","Culture.sturgia","","sturgia_helmet_c","1.8","","","3.2","","Plate","plate","106","24","20","","","false","all","none","","","","","","","","","","","","","","","","","","","","","","","","","","","","","","","","","","","","","","","","","","","","","","","","","","","","","","","","","","","","","","","","","","","","","","","","","","","","","","","","","","","","","","","","","","","","","","","","","","","","","","","","","","","","","","","",""
"RBM","RBMCombat_head_armors.xml","sturgian_lord_helmet_a","{=Pqua61u8}Ridged Warlord Helmet","HeadArmor","Culture.sturgia","head_armor","sturgian_lord_helmet_a","3.6","","0","3","","Plate","plate","116","24","20","","","false","all","type2","","","","","","","","","","","","","","","","","","","","","","","","","","","","","","","","","","","","","","","","","","","","","","","","","","","","","","","","","","","","","","","","","","","","","","","","","","","","","","","","","","","","","","","","","","","","","","","","","","","","","","","","","","","","","","","",""
"RBM","RBMCombat_head_armors.xml","lendman_helmet_over_mail","{=VYmHTbTY}Warlord Helmet over Mail","HeadArmor","Culture.sturgia","","sturgia_helmet_g","1.9","","","3","","Plate","plate","119","24","20","","","false","all","none","","","","","","","","","","","","","","","","","","","","","","","","","","","","","","","","","","","","","","","","","","","","","","","","","","","","","","","","","","","","","","","","","","","","","","","","","","","","","","","","","","","","","","","","","","","","","","","","","","","","","","","","","","","","","","","",""
"RBM","RBMCombat_head_armors.xml","khuzait_noble_helmet_with_fur","{=rUMPiiox}Furred Noble Lancer Helmet","HeadArmor","Culture.khuzait","head_armor","khuzait_lord_helmet_c","3.9","","0","3.6","","Plate","plate","141","26","20","","","false","all","type4","","","","","","","","","","","","","","","","","","","","","","","","","","","","","","","","","","","","","","","","","","","","","","","","","","","","","","","","","","","","","","","","","","","","","","","","","","","","","","","","","","","","","","","","","","","","","","","","","","","","","","","","","","","","","","","",""
"RBM","RBMCombat_head_armors.xml","nordic_helmet","{=OLkncAaD}Closed Mail Goggled Helmet","HeadArmor","Culture.sturgia","","sturgia_masked_helm_a","4.1","","","1","","Plate","chain","86","40","40","","","false","all","all","","","","","","","","","","","","","","","","","","","","","","","","","","","","","","","","","","","","","","","","","","","","","","","","","","","","","","","","","","","","","","","","","","","","","","","","","","","","","","","","","","","","","","","","","","","","","","","","","","","","","","","","","","","","","","","",""
"RBM","RBMCombat_head_armors.xml","heavy_nasalhelm_over_laced_cloth","{=z6eTba5h}Heavy Nasalhelm over Laced Cloth","HeadArmor","Culture.empire","","empire_helmet_g_c","3.1","","","2.1","","Plate","plate","97","36","12","","","false","all","","","","","","","","","","","","","","","","","","","","","","","","","","","","","","","","","","","","","","","","","","","","","","","","","true","","","","","","","","","","","","","","","","","","","","","","","","","","","","","","","","","","","","","","","","","","","","","","","","","","","","","","","","","","","","","","","",""
"RBM","RBMCombat_head_armors.xml","heavy_nasalhelm_over_imperial_padding","{=ac9xJt2X}Heavy Nasalhelm over Padding","HeadArmor","Culture.empire","head_armor","empire_helmet_g_b","3.2","","0","2","","Plate","plate","100","41","25","","","false","all","type3","","","","","","","","","","","","","","","","","","","","","","","","","","","","","","","","","","","","","","","","","","","","","","","","true","","","","","","","","","","","","","","","","","","","","","","","","","","","","","","","","","","","","","","","","","","","","","","","","","","","","","","","","","","","","","","","",""
"RBM","RBMCombat_head_armors.xml","heavy_nasalhelm_over_imperial_leather","{=vimhFdZp}Heavy Nasalhelm over Leather","HeadArmor","Culture.empire","","empire_helmet_g_d","3","","","3.3","","Plate","plate","105","36","12","","","false","all","none","","","","","","","","","","","","","","","","","","","","","","","","","","","","","","","","","","","","","","","","","","","","","","","","true","","","","","","","","","","","","","","","","","","","","","","","","","","","","","","","","","","","","","","","","","","","","","","","","","","","","","","","","","","","","","","","",""
"RBM","RBMCombat_head_armors.xml","northern_warlord_helmet","{=JjaUzfDK}Warlord Helmet with Cheek Guards","HeadArmor","Culture.sturgia","","sturgia_helmet_i","3.6","","","3","","Plate","plate","113","36","12","","","false","type3","type1","","","","","","","","","","","","","","","","","","","","","","","","","","","","","","","","","","","","","","","","","","","","","","","","","","","","","","","","","","","","","","","","","","","","","","","","","","","","","","","","","","","","","","","","","","","","","","","","","","","","","","","","","","","","","","","",""
"RBM","RBMCombat_head_armors.xml","sturgian_lord_helmet_b","{=n7c7tnx9}Warlord Helmet with Nose Guard","HeadArmor","Culture.sturgia","head_armor","sturgian_lord_helmet_b","3.4","","0","3","","Plate","plate","115","36","20","","","false","all","type2","","","","","","","","","","","","","","","","","","","","","","","","","","","","","","","","","","","","","","","","","","","","","","","","","","","","","","","","","","","","","","","","","","","","","","","","","","","","","","","","","","","","","","","","","","","","","","","","","","","","","","","","","","","","","","","",""
"RBM","RBMCombat_head_armors.xml","heavy_nasalhelm_over_imperial_mail","{=ISQ0cdOc}Heavy Nasalhelm over Mail","HeadArmor","Culture.empire","head_armor","empire_helmet_g_f","3.6","","0","2","","Plate","plate","124","36","20","","","false","all","","","","","","","","","","","","","","","","","","","","","","","","","","","","","","","","","","","","","","","","","","","","","","","","","true","","","","","","","","","","","","","","","","","","","","","","","","","","","","","","","","","","","","","","","","","","","","","","","","","","","","","","","","","","","","","","","",""
"RBM","RBMCombat_head_armors.xml","eastern_vendel_helmet","{=OrMbh1dn}Heavy Closed Lancer Helmet","HeadArmor","Culture.khuzait","","khuzait_helmet_m","4","","","3.55","","Plate","chain","106","65","40","","","false","type3","all","","","","","","","","","","","","","","","","","","","","","","","","","","","","","","","","","","","","","","","","","","","","","","","","","","","","","","","","","","","","","","","","","","","","","","","","","","","","","","","","","","","","","","","","","","","","","","","","","","","","","","","","","","","","","","","",""
"RBM","RBMCombat_head_armors.xml","brass_aserai_helmet_closed","{=pxTmx2ka}Brass Southern Closed Helmet","HeadArmor","Culture.aserai","head_armor","brass_aserai_helmet_closed","2.5","","0","7","","Plate","plate","88","64","40","","","false","all","all","","","","","","","","","","","","","","","","","","","","","","","","","","","","","","","","","","","","","","","","","","","","","","","","","","","","","","","","","","false","","","","","","","","","","","","","","","","","","","","","","","","","","","","","","","","","","","","","","","","","","","","","","","","","","","","","",""
"RBM","RBMCombat_head_armors.xml","closed_goggled_helmet","{=aYLCCpS4}Northern Closed Warlord Helmet","HeadArmor","Culture.sturgia","","sturgia_helmet_l","4.1","","","1.6","","Plate","chain","104","64","40","","","false","all","all","","","","","","","","","","","","","","","","","","","","","","","","","","","","","","","","","","","","","","","","","","","","","","","","","","","","","","","","","","","","","","","","","","","","","","","","","","","","","","","","","","","","","","","","","","","","","","","","","","","","","","","","","","","","","","","",""
"RBM","RBMCombat_head_armors.xml","goggled_helmet_over_full_mail","{=mU5CY4bz}Closed Huscarl Helmet","HeadArmor","Culture.sturgia","","sturgia_helmet_e","4.4","","","1.6","","Plate","chain","114","74","40","","","false","all","all","","","","","","","","","","","","","","","","","","","","","","","","","","","","","","","","","","","","","","","","","","","","","","","","","","","","","","","","","","","","","","","","","","","","","","","","","","","","","","","","","","","","","","","","","","","","","","","","","","","","","","","","","","","","","","","",""
"RBM","RBMCombat_head_armors.xml","aserai_lord_helmet_a","{=VBrLhqiJ}Noble Crowned Lord Helmet","HeadArmor","Culture.aserai","head_armor","aserai_lord_helmet_a","3.7","","0","4.5","","Plate","plate","91","12","25","","","false","all","type3","","","","","","","","","","","","","","","","","","","","","","","","","","","","","","","","","","","","","","","","","","","","","","","","true","","","","","","","","","","false","","","","","","","","","","","","","","","","","","","","","","","","","","","","","","","","","","","","","","","","","","","","","","","","","","","","","",""
"RBM","RBMCombat_head_armors.xml","sturgian_helmet_b_close","{=zBRB0P5M}Closed Decorated Goggled Helmet","HeadArmor","Culture.sturgia","","sturgian_helmet_b_close","3","","","2","","Plate","plate","107","82","30","","","false","all","all","","","","","","","","","","","","","","","","","","","","","","","","","","","","","","","","","","","","","","","","","","","","","","","","true","","","","","","","","","","","","","","","","","","","","","","","","","","","","","","","","","","","","","","","","","","","","","","","","","","","","","","","","","","","","","","","",""
"RBM","RBMCombat_head_armors.xml","sturgian_helmet_closed","{=2iDtlgM0}Closed Warlord Helmet","HeadArmor","Culture.sturgia","","sturgian_helmet_closed","1.8","","","3","","Plate","plate","118","82","30","","","false","all","all","","","","","","","","","","","","","","","","","","","","","","","","","","","","","","","","","","","","","","","","","","","","","","","","","","","","","","","","","","","","","","","","","","","","","","","","","","","","","","","","","","","","","","","","","","","","","","","","","","","","","","","","","","","","","","","",""
"RBM","RBMCombat_head_armors.xml","decorated_goggled_helmet","{=NhDpFjF0}Reinforced Closed Goggled Helmet","HeadArmor","Culture.sturgia","","sturgia_helmet_n","4.2","","","3","","Plate","chain","133","82","45","","","false","all","all","","","","","","","","","","","","","","","","","","","","","","","","","","","","","","","","","","","","","","","","","","","","","","","","","","","","","","","","","","","","","","","","","","","","","","","","","","","","","","","","","","","","","","","","","","","","","","","","","","","","","","","","","","","","","","","",""
"RBM","RBMCombat_head_armors.xml","imperial_goggled_helmet","{=xJTfOqD6}Goggled Closed Cataphract Helmet","HeadArmor","Culture.empire","","imperial_helmet","4.2","","","2.6","","Plate","chain","144","82","45","","","false","all","all","","","","","","","","","","","","","","","","","","","","","","","","","","","","","","","","","","","","","","","","","","","","","","","","true","","","","","","","","","","","","","","","","","","","","","","","","","","","","","","","","","","","","","","","","","","","","","","","","","","","","","","","","","","","","","","","",""
"RBM","RBMCombat_head_armors.xml","lendman_helmet_over_full_mail","{=lawHibbG}Closed Warlord Helmet over Full Mail","HeadArmor","Culture.sturgia","","sturgia_helmet_h","4.3","","","3","","Plate","chain","127","84","45","","","false","all","all","","","","","","","","","","","","","","","","","","","","","","","","","","","","","","","","","","","","","","","","","","","","","","","","","","","","","","","","","","","","","","","","","","","","","","","","","","","","","","","","","","","","","","","","","","","","","","","","","","","","","","","","","","","","","","","",""
"RBM","RBMCombat_head_armors.xml","sturgian_lord_helmet_c","{=wvnJzwbU}Plated Warlord Helmet","HeadArmor","Culture.sturgia","head_armor","sturgian_lord_helmet_c","4.4","","0","3","","Plate","plate","150","95","50","","","false","all","all","","","","","","","","","","","","","","","","","","","","","","","","","","","","","","","","","","","","","","","","","","","","","","","","true","","","","","","","","","","","","","","","","","","","","","","","","","","","","","","","","","","","","","","","","","","","","","","","","","","","","","","","","","","","","","","","",""
"RBM","RBMCombat_head_armors.xml","vlandia_lord_helmet_b2","{=o67ySkfH}Plated Helmet","HeadArmor","Culture.vlandia","head_armor","vlandia_lord_helmet_b2","4.1","","0","3","","Plate","plate","90","0","","","","false","all","type2","","","","","","","","","","","","","","","","","","","","","","","","","","","","","","","","","","","","","","","","","","","","","","","","","","","","","","","","","","","","","","","","","","","","","","","","","","","","","","","","","","","","","","","","","","","","","","","","","","","","","","","","","","","","","","","",""
"RBM","RBMCombat_head_armors.xml","visored_helmet_over_padded_cloth","{=A8MJWbhf}Visored Helmet Over Padded Cloth","HeadArmor","Culture.vlandia","head_armor","vlandia_helmet_m_y","2.3","","0","1","","Plate","plate","83","75","12","","","false","all","all","","","","","","","","","","","","","","","","","","","","","","","","","","","","","","","","","","","","","","","","","","","","","","","","true","","","","","","","","","","","","","","","","","","","","","","","","","","","","","","","","","","","","","","","","","","","","","","","","","","","","","","","","","","","","","","","",""
"RBM","RBMCombat_head_armors.xml","visored_helmet_over_padded_coif","{=agqzAXa9}Visored Helmet Over Padded Coif","HeadArmor","Culture.vlandia","head_armor","vlandia_helmet_m_b","2.5","","0","1","","Plate","plate","89","75","25","","","false","all","all","","","","","","","","","","","","","","","","","","","","","","","","","","","","","","","","","","","","","","","","","","","","","","","","true","","","","","","","","","","","","","","","","","","","","","","","","","","","","","","","","","","","","","","","","","","","","","","","","","","","","","","","","","","","","","","","",""
"RBM","RBMCombat_head_armors.xml","spiked_helmet_with_facemask","{=5n4rWI9T}Spiked Helmet With Facemask","HeadArmor","Culture.khuzait","head_armor","khuzait_helmet_f","4.5","","0","2.4","","Plate","plate","119","90","40","","","false","all","all","","","","","","","","","","","","","","","","","","","","","","","","","","","","","","","","","","","","","","","true","","","","","","","","","true","","","","","","","","","","","","","","","","","","","","","","","","","","","","","","","","","","","","","","","","","","","","","","","","","","","","","","","","","","","","","","","",""
"RBM","RBMCombat_head_armors.xml","visored_helmet_over_mail_coif","{=d8DrtmwP}Visored Helmet Over Mail Coif","HeadArmor","Culture.vlandia","","vlandia_helmet_m_a","3.6","","","1","","Plate","plate","109","75","40","","","false","all","type3","","","","","","","","","","","","","","","","","","","","","","","","","","","","","","","","","","","","","","","","","","","","","","","","true","","","","","","","","","","","","","","","","","","","","","","","","","","","","","","","","","","","","","","","","","","","","","","","","","","","","","","","","","","","","","","","",""
"RBM","RBMCombat_head_armors.xml","vlandian_faceguard_helmet_b","{=ArbBALwc}Knight Helmet with Bronze Faceguard","HeadArmor","Culture.vlandia","head_armor","vlandian_faceguard_helmet_b","2.3","","0","1.5","","Plate","plate","90","70","","","","false","all","all","","","","","","","","","","","","","","","","","","","","","","","","","","","","","","","","","","","","","","","","","","","","","","","","","","","","","","","","","","","","","","","","","","","","","","","","","","","","","","","","","","","","","","","","","","","","","","","","","","","","","","","","","","","","","","","",""
"RBM","RBMCombat_head_armors.xml","full_helm_over_laced_coif","{=wEfZyccm}Full Helm Over Laced Coif","HeadArmor","Culture.vlandia","head_armor","vlandia_helmet_s_c","3.5","","0","2","","Plate","plate","111","113","20","","","false","all","all","","","","","","","","","","","","","","","","","","","","","","","","","","","","","","","","","","","","","","","","","","","","","","","","true","","","","","","","","","","","","","","","","","","","","","","","","","","","","","","","","","","","","","","","","","","","","","","","","","","","","","","","","","","","","","","","",""
"RBM","RBMCombat_head_armors.xml","full_helm_over_cloth_headwrap","{=SYvBTD0p}Full Helm Over Cloth Headwrap","HeadArmor","Culture.vlandia","","vlandia_helmet_s_d","3.2","","","2","","Plate","plate","113","116","12","","","false","all","all","","","","","","","","","","","","","","","","","","","","","","","","","","","","","","","","","","","","","","","","","","","","","","","","true","","","","","","","","","","","","","","","","","","","","","","","","","","","","","","","","","","","","","","","","","","","","","","","","","","","","","","","","","","","","","","","",""
"RBM","RBMCombat_head_armors.xml","full_helm_over_arming_coif","{=WYytQbvS}Full Helm Over Arming Coif","HeadArmor","Culture.vlandia","","vlandia_helmet_s_f","3","","","1","","Plate","plate","109","116","","","","false","type2","all","","","","","","","","","","","","","","","","","","","","","","","","","","","","","","","","","","","","","","","","","","","","","","","","","","","","","","","","","","","","","","","","","","","","","","","","","","","","","","","","","","","","","","","","","","","","","","","","","","","","","","","","","","","","","","","",""
"RBM","RBMCombat_head_armors.xml","full_helm_over_padded_cloth","{=xnoAJwoy}Full Helm Over Padded Cloth","HeadArmor","Culture.vlandia","","vlandia_helmet_s_y","3.1","","","2","","Plate","plate","116","116","12","","","false","all","all","","","","","","","","","","","","","","","","","","","","","","","","","","","","","","","","","","","","","","","","","","","","","","","","true","","","","","","","","","","","","","","","","","","","","","","","","","","","","","","","","","","","","","","","","","","","","","","","","","","","","","","","","","","","","","","","",""
"RBM","RBMCombat_head_armors.xml","full_helm_over_padded_cap","{=qVj5NqrL}Full Helm Over Padded Cap","HeadArmor","Culture.vlandia","head_armor","vlandia_helmet_s_e","3.1","","0","2","","Plate","plate","108","116","","","","false","all","type3","","","","","","","","","","","","","","","","","","","","","","","","","","","","","","","","","","","","","","","","","","","","","","","","true","","","","","","","","","","","","","","","","","","","","","","","","","","","","","","","","","","","","","","","","","","","","","","","","","","","","","","","","","","","","","","","",""
"RBM","RBMCombat_head_armors.xml","full_helm_over_mail_coif","{=FsDZC8Yl}Full Helm Over Mail Coif","HeadArmor","Culture.vlandia","head_armor","vlandia_helmet_s_a","4.5","","0","2","","Plate","plate","140","116","40","","","false","all","all","","","","","","","","","","","","","","","","","","","","","","","","","","","","","","","","","","","","","","","","","","","","","","","","true","","","","","","","","","","","","","","","","","","","","","","","","","","","","","","","","","","","","","","","","","","","","","","","","","","","","","","","","","","","","","","","",""
"RBM","RBMCombat_head_armors.xml","vlandian_faceguard_helmet_a","{=axaK9y6E}Knight Helmet with Steel Faceguard","HeadArmor","Culture.vlandia","head_armor","vlandian_faceguard_helmet_a","2.2","","0","1","","Plate","plate","90","90","","","","false","all","all","","","","","","","","","","","","","","","","","","","","","","","","","","","","","","","","","","","","","","","","","","","","","","","","","","","","","","","","","","","","","","","","","","","","","","","","","","","","","","","","","","","","","","","","","","","","","","","","","","","","","","","","","","","","","","","",""
"RBM","RBMCombat_head_armors.xml","assassin_hood","{=XrsKuPT5}Blackened Hood","HeadArmor","Culture.nord","head_armor","assassin_hood","0.4","","","4","","Leather","leather","30","18","30","","","false","all","all","","","","","","","","","","","","","","","","","","","","","","","","","","","","","","","","","","","25","","","","true","","","","","","","","true","","","","","","","","","","","","","","","","","","","","","","","","","","","","","","","","","","","","","","","","","","","","","","","","","","","","","","","","","","","","","","","","",""
"RBM","RBMCombat_horses.xml","sumpter_horse","{=P1rL28RT}Sumpter Horse{@Plural}sumpter horses{\@}","Horse","","","horse_brown","450","","0","","sumpter_horse","","","","","","","","","","","","","","","","","","","","","","","","","","","","","","","Monster.horse","41","34","4","102","60","true","true","horse","","","","","","","","","","true","","","","","","","","","","","","","","","","","","","","","","","","","","","","","","","","","","","","","","","","","","","","","","","","","","","","","","","","","","","","","","","","","","","","","","","","",""
"RBM","RBMCombat_horses.xml","old_horse","{=U3SWNkFt}Work Horse{@Plural}work horses{\@}","Horse","","","horse_brown","400","","0","0.5","sumpter_horse","","","","","","","","","","","","","","","","","","","","","","","","","","","","","","","Monster.horse","52","37","4","102","0","true","true","horse","","","","","","","","","","true","","","","","","","","","","","","","","","","","","","false","","","","","","","","","","","","","","","","","","","","","","","","","","","","","","","","","","","","","","","","","","","","","","","","","","","","","",""
"RBM","RBMCombat_horses.xml","mule","{=VqCS28U1}Mule{@Plural}mules{\@}","Horse","","","mule_mesh","150","","","","sumpter_horse","","","","","","","","","","","","","","","","","","","","","","","","","","","","","","","Monster.mule","48","31","3","92","0","true","true","","","","","","","","","","","true","","","","","","","","","","","","","","","","","","","","","","","","","","","","","","","","","","","","","","","","","","","","","","","","","","","","","","","","","","","","","","","","","","","","","","","","",""
"RBM","RBMCombat_horses.xml","mule_unmountable","{=CB97qhVM}Mule","Horse","","","mule_mesh","150","","","","sumpter_horse","","","","","","","","","","","","","","","","","","","","","","","","","","","","","","","Monster.mule_unmountable","48","31","3","92","0","false","true","","","","","","","","","","","true","","","","","","","","","","","","","","","","","","","false","","","","","","","","","","","","","","","","","","","","","","","","","","","","","","","","","","","","","","","","","","","","","","","","","","","","","",""
"RBM","RBMCombat_horses.xml","pack_camel","{=1O761hqN}Pack Camel{@Plural}pack camels{\@}","Horse","","","camel_mesh","150","","","","sumpter_horse","","","","","","","","","","","","","","","","","","","","","","","","","","","","","","","Monster.camel","39","35","4","105","30","true","true","","","","","","","","","","","true","","","","","","","","","","","","","","","","","","","","","","","","","","","","","","","","","","","","","","","","","","","","","","","","","","","","","","","","","","","","","","","","","","","","","","","","",""
"RBM","RBMCombat_horses.xml","pack_camel_unmountable","{=1O761hqN}Pack Camel{@Plural}pack camels{\@}","Horse","","","camel_mesh","150","","","","sumpter_horse","","","","","","","","","","","","","","","","","","","","","","","","","","","","","","","Monster.camel_unmountable","39","35","4","105","30","false","true","","","","","","","","","","","true","","","","","","","","","","","","","","","","","","","false","","","","","","","","","","","","","","","","","","","","","","","","","","","","","","","","","","","","","","","","","","","","","","","","","","","","","",""
"RBM","RBMCombat_horses.xml","aserai_horse","{=bBGDwuXX}Nahasawi{@Plural}Nahasawi horses{\@}","Horse","Culture.aserai","horse","horse_brown","431","","50","0.7","horse","","","","","","","","","","","","","","","","","","","","","","","","","","","","","","","Monster.horse","56","50","10","108","0","true","","horse","","","","","","","","","","true","","","","","","","","","","","","","","","","","","aserai_horse","","","","","","","","","","","","","","","","","","","","","","","","","","","","","","","","","","","","","","","","","","","","","","","","","","","","","","",""
"RBM","RBMCombat_horses.xml","battania_horse","{=b5BDaOva}Battanian Hobby{@Plural}Battanian hobbies{\@}","Horse","Culture.battania","horse","horse_brown","462","","20","0.7","horse","","","","","","","","","","","","","","","","","","","","","","","","","","","","","","","Monster.horse","56","44","10","98","50","true","","","","","","","","","","","","true","","","","","","","","","","","","","","","","","","battania_horse","","","","","","","","","","","","","","","","","","","","","","","","","","","","","","","","","","","","","","","","","","","","","","","","","","","","","","",""
"RBM","RBMCombat_horses.xml","empire_horse","{=N5aT5hoA}Midlands Palfrey{@Plural}Midlands palfreys{\@}","Horse","Culture.empire","horse","horse_brown","473","","30","0.7","horse","","","","","","","","","","","","","","","","","","","","","","","","","","","","","","","Monster.horse","61","47","10","110","0","true","","","","","","","","","","","","true","","","","","","","","","","","","","","","","","","empire_horse","","","","","","","","","","","","","","","","","","","","","","","","","","","","","","","","","","","","","","","","","","","","","","","","","","","","","","",""
"RBM","RBMCombat_horses.xml","khuzait_horse","{=2WB0qeAi}Steppe Horse{@Plural}steppe horses{\@}","Horse","Culture.khuzait","horse","horse_brown","456","","40","0.7","horse","","","","","","","","","","","","","","","","","","","","","","","","","","","","","","","Monster.horse","69","46","8","94","10","true","","","","","","","","","","","","true","","","","","","","","","","","","","","","","","","khuzait_horse","","","","","","","","","","","","","","","","","","","","","","","","","","","","","","","","","","","","","","","","","","","","","","","","","","","","","","",""
"RBM","RBMCombat_horses.xml","sturgia_horse","{=Cdecpigb}Sturgian Native{@Plural}Sturgian native horses{\@}","Horse","Culture.sturgia","horse","horse_brown","458","","30","0.7","horse","","","","","","","","","","","","","","","","","","","","","","","","","","","","","","","Monster.horse","62","44","10","100","20","true","","","","","","","","","","","","true","","","","","","","","","","","","","","","","","","sturgia_horse","","","","","","","","","","","","","","","","","","","","","","","","","","","","","","","","","","","","","","","","","","","","","","","","","","","","","","",""
"RBM","RBMCombat_horses.xml","vlandia_horse","{=Pd77RH8P}Rouncey{@Plural}rouncey horses{\@}","Horse","Culture.vlandia","horse","horse_brown","462","","40","0.7","horse","","","","","","","","","","","","","","","","","","","","","","","","","","","","","","","Monster.horse","55","48","12","109","","true","","","","","","","","","","","","true","","","","","","","","","","","","","","","","","","vlandia_horse","","","","","","","","","","","","","","","","","","","","","","","","","","","","","","","","","","","","","","","","","","","","","","","","","","","","","","",""
"RBM","RBMCombat_horses.xml","camel","{=HAcujhib}Camel{@Plural}camels{\@}","Horse","","","camel_mesh","611","","30","0.7","horse","","","","","","","","","","","","","","","","","","","","","","","","","","","","","","","Monster.camel","65","44","10","95","15","true","false","","","","","","","","","","","true","","","","","","","","","","","","","","","","","","","","","","","","","","","","","","","","","","","","","","","","","","","","","","","","","","","","","","","","","","","","","","","","","","","","","","","","",""
"RBM","RBMCombat_horses.xml","t2_aserai_horse","{=Kp9kslko}Darshi Horse{@Plural}Darshi horses{\@}","Horse","Culture.aserai","horse","horse_brown","515","","90","1","war_horse","","","","","","","","","","","","","","","","","","","","","","","","","","","","","","","Monster.horse","65","56","7","108","100","true","","horse","","","","","","","","","","true","","","","","","","","","","","","","","","","","","aserai_horse","","","","","","","","","","","","","","","","","","","","","","","","","","","","","","","","","","","","","","","","","","","","","","","","","","","","","","",""
"RBM","RBMCombat_horses.xml","t2_battania_horse","{=daI3Ybk8}Glintor Pony{@Plural}Glintor ponies{\@}","Horse","Culture.battania","horse","horse_brown","542","","60","1","war_horse","","","","","","","","","","","","","","","","","","","","","","","","","","","","","","","Monster.horse","65","52","11","111","140","true","","","","","","","","","","","","true","","","","","","","","","","","","","","","","","","battania_horse","","","","","","","","","","","","","","","","","","","","","","","","","","","","","","","","","","","","","","","","","","","","","","","","","","","","","","",""
"RBM","RBMCombat_horses.xml","t2_empire_horse","{=OKn90ad7}Canterion Charger{@Plural}Canterion chargers{\@}","Horse","Culture.empire","horse","horse_brown","548","","70","1","war_horse","","","","","","","","","","","","","","","","","","","","","","","","","","","","","","","Monster.horse","70","50","12","115","190","true","","","","","","","","","","","","true","","","","","","","","","","","","","","","","","","empire_horse","","","","","","","","","","","","","","","","","","","","","","","","","","","","","","","","","","","","","","","","","","","","","","","","","","","","","","",""
"RBM","RBMCombat_horses.xml","t2_khuzait_horse","{=nhaiQ9oX}Steppe Hunter{@Plural}Steppe hunters{\@}","Horse","Culture.khuzait","horse","horse_brown","498","","80","1","war_horse","","","","","","","","","","","","","","","","","","","","","","","","","","","","","","","Monster.horse","77","51","9","94","150","true","","","","","","","","","","","","true","","","","","","","","","","","","","","","","","","khuzait_horse","","","","","","","","","","","","","","","","","","","","","","","","","","","","","","","","","","","","","","","","","","","","","","","","","","","","","","",""
"RBM","RBMCombat_horses.xml","t2_sturgia_horse","{=uPrWdLxV}Revyl Chaser","Horse","Culture.sturgia","horse","horse_brown","510","","70","1","war_horse","","","","","","","","","","","","","","","","","","","","","","","","","","","","","","","Monster.horse","64","54","9","100","160","true","","","","","","","","","","","","true","","","","","","","","","","","","","","","","","","sturgia_horse","","","","","","","","","","","","","","","","","","","","","","","","","","","","","","","","","","","","","","","","","","","","","","","","","","","","","","",""
"RBM","RBMCombat_horses.xml","t2_vlandia_horse","{=meARhlZC}Valanby Courser{@Plural}Valanby coursers{\@}","Horse","Culture.vlandia","horse","horse_brown","531","","80","1","war_horse","","","","","","","","","","","","","","","","","","","","","","","","","","","","","","","Monster.horse","74","53","12","109","140","true","","","","","","","","","","","","true","","","","","","","","","","","","","","","","","","vlandia_horse","","","","","","","","","","","","","","","","","","","","","","","","","","","","","","","","","","","","","","","","","","","","","","","","","","","","","","",""
"RBM","RBMCombat_horses.xml","war_camel","{=TXpQetkh}War Camel{@Plural}war camels{\@}","Horse","","","camel_mesh","622","","60","1","war_horse","","","","","","","","","","","","","","","","","","","","","","","","","","","","","","","Monster.camel","67","48","13","105","220","true","false","","","","","","","","","","","true","","","","","","","","","","","","","","","","","","","","","","","","","","","","","","","","","","","","","","","","","","","","","","","","","","","","","","","","","","","","","","","","","","","","","","","","",""
"RBM","RBMCombat_horses.xml","hunter","{=hunterhorse}Hunter","Horse","","","horse_brown","350","","60","1","war_horse","","","","","","","","","","","","","","","","","","","","","","","","","","","","","","","Monster.horse","65","55","7","94","150","true","","horse","","","","","","","","","","true","","","","","","","","","","","","","","","","","","","","","","","","","","","","","","","","","","","","","","","","","","","","","","","","","","","","","","","","","","","","","","","","","","","","","","","","",""
"RBM","RBMCombat_horses.xml","charger","{=he5mGIMh}Charger{@Plural}chargers{\@}","Horse","","","horse_brown","400","","70","1","war_horse","","","","","","","","","","","","","","","","","","","","","","","","","","","","","","","Monster.horse","75","50","12","119","200","true","","horse","","","","","","","","","","true","","","","","","","","","","","","","","","","","","","","","","","","","","","","","","","","","","","","","","","","","","","","","","","","","","","","","","","","","","","","","","","","","","","","","","","","",""
"RBM","RBMCombat_horses.xml","noble_horse_southern","{=b56X0QOh}Wadar Hotblood{@Plural}Wadar Hotbloods{\@}","Horse","Culture.aserai","horse","horse_brown","520","","120","","war_horse","","","","","","","","","","","","","","","","","","","","","","","","","","","","","","","Monster.horse","70","61","10","110","125","true","","horse","","","","","","","","","","true","","","","","","","","","","","","","","","","","","","false","","","","","","","","","","","","","","","","","","","","","","","","","","","","","","","","","","","","","","","","","","","","","","","","","","","","","",""
"RBM","RBMCombat_horses.xml","noble_horse_imperial","{=voORddjl}Cossian{@Plural}Cossian horses{\@}","Horse","Culture.empire","horse","horse_brown","562","","110","","noble_horse","","","","","","","","","","","","","","","","","","","","","","","","","","","","","","","Monster.horse","75","55","15","114","215","true","","horse","","","","","","","","","","true","","","","","","","","","","","","","","","","","","","false","","","","","","","","","","","","","","","","","","","","","","","","","","","","","","","","","","","","","","","","","","","","","","","","","","","","","",""
"RBM","RBMCombat_horses.xml","noble_horse_eastern","{=vXsifw1K}Asaligat{@Plural}Asaligat horses{\@}","Horse","Culture.khuzait","horse","horse_brown","510","","120","","noble_horse","","","","","","","","","","","","","","","","","","","","","","","","","","","","","","","Monster.horse","82","56","10","98","175","true","","horse","","","","","","","","","","true","","","","","","","","","","","","","","","","","","","false","","","","","","","","","","","","","","","","","","","","","","","","","","","","","","","","","","","","","","","","","","","","","","","","","","","","","",""
"RBM","RBMCombat_horses.xml","noble_horse_northern","{=uTt4HX6V}Tyal Horse{@Plural}Tyal horses{\@}","Horse","Culture.sturgia","horse","horse_brown","515","","110","","noble_horse","","","","","","","","","","","","","","","","","","","","","","","","","","","","","","","Monster.horse","69","59","11","100","185","true","","horse","","","","","","","","","","true","","","","","","","","","","","","","","","","","","","false","","","","","","","","","","","","","","","","","","","","","","","","","","","","","","","","","","","","","","","","","","","","","","","","","","","","","",""
"RBM","RBMCombat_horses.xml","noble_horse_western","{=BvLhPmdK}Royal Destrier{@Plural}Royal Destriers{\@}","Horse","Culture.vlandia","horse","horse_brown","533","","120","","noble_horse","","","","","","","","","","","","","","","","","","","","","","","","","","","","","","","Monster.horse","79","58","13","109","165","true","","horse","","","","","","","","","","true","","","","","","","","","","","","","","","","","","","false","","","","","","","","","","","","","","","","","","","","","","","","","","","","","","","","","","","","","","","","","","","","","","","","","","","","","",""
"RBM","RBMCombat_horses.xml","special_camel","{=ApiPJ1NJ}Husnphree{@Plural}Husnphree camels{\@}","Horse","Culture.aserai","","camel_mesh","550","","90","1","noble_horse","","","","","","","","","","","","","","","","","","","","","","","","","","","","","","","Monster.camel","69","52","15","115","290","true","false","","","","","","","","","","","true","","","","","","","","","","","","","","","","","","","false","","","","","","","","","","","","","","","","","","","","","","","","","","","","","","","","","","","","","","","","","","","","","","","","","","","","","",""
"RBM","RBMCombat_horses.xml","noble_horse_battania","{=K4uryqOO}Battanian Thoroughbred{@Plural}Battanian thoroughbreds{\@}","Horse","Culture.battania","horse","horse_brown","532","","100","","war_horse","","","","","","","","","","","","","","","","","","","","","","","","","","","","","","","Monster.horse","70","57","10","111","165","true","","horse","","","","","","","","","","true","","","","","","","","","","","","","","","","","","","false","","","","","","","","","","","","","","","","","","","","","","","","","","","","","","","","","","","","","","","","","","","","","","","","","","","","","",""
"RBM","RBMCombat_horses.xml","noble_horse","{=r8NS1wz7}Pureblood{@Plural}pureblood horses{\@}","Horse","","horse","horse_brown","400","","100","","war_horse","","","","","","","","","","","","","","","","","","","","","","","","","","","","","","","Monster.horse","70","55","35","115","170","true","","horse","","","","","","","","","","true","","","","","","","","","","","","","","","","","","","false","","","","","","","","","","","","","","","","","","","","","","","","","","","","","","","","","","","","","","","","","","","","","","","","","","","","","",""
"RBM","RBMCombat_horses.xml","storm_charger","{=2wFal5Nd}Storm Charger{@Plural}Storm Chargers{\@}","Horse","","","horse_brown","430","","100","1","war_horse","","","","","","","","","","","","","","","","","","","","","","","","","","","","","","","Monster.horse","60","60","20","100","150","true","","horse","","","","","","","","","","true","","","","","","","","","","","","","","","","","horse_mane","","false","","","","","","","","","","","","","","","","","","","","","","","","","","","","","","","","","","","","","","","","","","","","","","","","","","","","","",""
"RBM","RBMCombat_horses.xml","war_horse","{=IIzhL9gt}War Horse{@Plural}war horses{\@}","Horse","","","horse_brown","500","","80","1","war_horse","","","","","","","","","","","","","","","","","","","","","","","","","","","","","","","Monster.horse_2","65","57","25","105","200","true","","horse","","","","","","","","","","true","","","","","","","","","","","","","","","","","","","false","","","","","","","","","","","","","","","","","","","","","","","","","","","","","","","","","","","","","","","","","","","","","","","","","","","","","",""
"RBM","RBMCombat_horses.xml","steppe_war_horse","{=Wj98Otmo}Steppe Charger{@Plural}Steppe Chargers{\@}","Horse","Culture.khuzait","","horse_brown","460","","100","1","war_horse","","","","","","","","","","","","","","","","","","","","","","","","","","","","","","","Monster.horse","70","55","20","100","160","true","","horse","","","","","","","","","","true","","","","","","","","","","","","","","","","","","","false","","","","","","","","","","","","","","","","","","","","","","","","","","","","","","","","","","","","","","","","","","","","","","","","","","","","","",""
"RBM","RBMCombat_horses.xml","desert_war_horse","{=CjjzWA1r}Desert War Horse{@Plural}desert war horses{\@}","Horse","Culture.aserai","","horse_brown","480","","100","1","war_horse","","","","","","","","","","","","","","","","","","","","","","","","","","","","","","","Monster.horse","55","65","25","100","120","true","","horse","","","","","","","","","","true","","","","","","","","","","","","","","","","","","","false","","","","","","","","","","","","","","","","","","","","","","","","","","","","","","","","","","","","","","","","","","","","","","","","","","","","","",""
"RBM","RBMCombat_horses.xml","aserai_horse_tournament","{=quDh9Vlu}Desert Horse{@Plural}desert horses{\@}","Horse","Culture.aserai","horse","horse_brown","370","","0","0.3","horse","","","","","","","","","","","","","","","","","","","","","","","","","","","","","","","Monster.horse","56","50","10","108","0","true","","horse","","","","","","","","","","true","","","","","","","","","","","","","","","","","","aserai_horse","false","","","","","","","","","","","","","","","","","","","","","","","","","","","","","","","","","","","","","","","","","","","","","","","","","","","","","",""
"RBM","RBMCombat_horses.xml","battania_horse_tournament","{=1DqnZxiC}Battanian Pony{@Plural}Battanian ponies{\@}","Horse","Culture.battania","horse","horse_brown","410","","0","1","horse","","","","","","","","","","","","","","","","","","","","","","","","","","","","","","","Monster.horse","56","44","10","98","50","true","","","","","","","","","","","","true","","","","","","","","","","","","","","","","","","battania_horse","false","","","","","","","","","","","","","","","","","","","","","","","","","","","","","","","","","","","","","","","","","","","","","","","","","","","","","",""
"RBM","RBMCombat_horses.xml","empire_horse_tournament","{=w6Oz5viK}Midlands Palfrey{@Plural}Midland palfreys{\@}","Horse","Culture.empire","horse","horse_brown","370","","0","1","horse","","","","","","","","","","","","","","","","","","","","","","","","","","","","","","","Monster.horse","61","47","10","110","0","true","","","","","","","","","","","","true","","","","","","","","","","","","","","","","","","empire_horse","false","","","","","","","","","","","","","","","","","","","","","","","","","","","","","","","","","","","","","","","","","","","","","","","","","","","","","",""
"RBM","RBMCombat_horses.xml","khuzait_horse_tournament","{=2WB0qeAi}Steppe Horse{@Plural}steppe horses{\@}","Horse","Culture.khuzait","horse","horse_brown","365","","0","1","horse","","","","","","","","","","","","","","","","","","","","","","","","","","","","","","","Monster.horse","69","46","8","94","10","true","","","","","","","","","","","","true","","","","","","","","","","","","","","","","","","khuzait_horse","false","","","","","","","","","","","","","","","","","","","","","","","","","","","","","","","","","","","","","","","","","","","","","","","","","","","","","",""
"RBM","RBMCombat_horses.xml","sturgia_horse_tournament","{=GSiBXOfg}Sturgian Trotter{@Plural}Sturgian trotters{\@}","Horse","Culture.sturgia","horse","horse_brown","405","","0","1","horse","","","","","","","","","","","","","","","","","","","","","","","","","","","","","","","Monster.horse","62","44","10","100","20","true","","","","","","","","","","","","true","","","","","","","","","","","","","","","","","","sturgia_horse","false","","","","","","","","","","","","","","","","","","","","","","","","","","","","","","","","","","","","","","","","","","","","","","","","","","","","","",""
"RBM","RBMCombat_horses.xml","vlandia_horse_tournament","{=pb2ELRZQ}Saddle Horse{@Plural}saddle horses{\@}","Horse","Culture.vlandia","horse","horse_brown","390","","0","1","horse","","","","","","","","","","","","","","","","","","","","","","","","","","","","","","","Monster.horse","55","48","12","109","","true","","","","","","","","","","","","true","","","","","","","","","","","","","","","","","","vlandia_horse","false","","","","","","","","","","","","","","","","","","","","","","","","","","","","","","","","","","","","","","","","","","","","","","","","","","","","","",""
"RBM","RBMCombat_horses.xml","camel_tournament","{=HAcujhib}Camel{@Plural}camels{\@}","Horse","Culture.aserai","","camel_mesh","500","","0","1","horse","","","","","","","","","","","","","","","","","","","","","","","","","","","","","","","Monster.camel","65","44","10","95","15","true","false","","","","","","","","","","","true","","","","","","","","","","","","","","","","","","","false","","","","","","","","","","","","","","","","","","","","","","","","","","","","","","","","","","","","","","","","","","","","","","","","","","","","","",""
"RBM","RBMCombat_horses.xml","saddle_horse","{=pb2ELRZQ}Saddle Horse{@Plural}saddle horses{\@}","Horse","","","horse_brown","420","140","0","","sumpter_horse","","","","","","","","","","","","","","","","","","","","","","","","","","","","","","","Monster.horse","50","40","8","102","0","true","true","horse","","","","","","","","","","true","","","","","","","","","","","","","","","","","","","","","","","","","","","","","","","","","","","","","","","","","","","","","","","","","","","","","","","","","","","","","","","","","","","","","","","","",""
"RBM","RBMCombat_horses.xml","t3_aserai_horse","{=17tuCyeb}Askarat{@Plural}Askarat horses{\@}","Horse","Culture.aserai","horse","horse_brown","500","","65","0","noble_horse","","","","","","","","","","","","","","","","","","","","","","","","","","","","","","","Monster.horse","67","58","8","108","130","true","","horse","","","","","","","","","","true","","","","","","","","","","","","","","","","","","aserai_horse","","","","","","","","","","","","","","","","","","","","","","","","","","","","","","","","","","","","","","","","","","","","","","","","","","","","","","",""
"RBM","RBMCombat_horses.xml","t3_battania_horse","{=FkqbAeoY}Swenryn Pony{@Plural}Swenryn ponies{\@}","Horse","Culture.battania","horse","horse_brown","430","","50","0","noble_horse","","","","","","","","","","","","","","","","","","","","","","","","","","","","","","","Monster.horse","67","54","12","111","170","true","","","","","","","","","","","","true","","","","","","","","","","","","","","","","","","battania_horse","","","","","","","","","","","","","","","","","","","","","","","","","","","","","","","","","","","","","","","","","","","","","","","","","","","","","","",""
"RBM","RBMCombat_horses.xml","t3_empire_horse","{=rmjcrnll}Palmatian{@Plural}Palmatian horses{\@}","Horse","Culture.empire","horse","horse_brown","520","","60","0","noble_horse","","","","","","","","","","","","","","","","","","","","","","","","","","","","","","","Monster.horse","72","52","13","115","220","true","","","","","","","","","","","","true","","","","","","","","","","","","","","","","","","empire_horse","","","","","","","","","","","","","","","","","","","","","","","","","","","","","","","","","","","","","","","","","","","","","","","","","","","","","","",""
"RBM","RBMCombat_horses.xml","t3_khuzait_horse","{=NNUXGwTc}Karahan{@Plural}Karahan horses{\@}","Horse","Culture.khuzait","horse","horse_brown","460","","60","0","noble_horse","","","","","","","","","","","","","","","","","","","","","","","","","","","","","","","Monster.horse","79","53","10","94","180","true","","","","","","","","","","","","true","","","","","","","","","","","","","","","","","","khuzait_horse","","","","","","","","","","","","","","","","","","","","","","","","","","","","","","","","","","","","","","","","","","","","","","","","","","","","","","",""
"RBM","RBMCombat_horses.xml","t3_sturgia_horse","{=Og0FswFV}Omor Trotter{@Plural}Omor trotters{\@}","Horse","Culture.sturgia","horse","horse_brown","500","","55","0","noble_horse","","","","","","","","","","","","","","","","","","","","","","","","","","","","","","","Monster.horse","66","56","10","100","190","true","","","","","","","","","","","","true","","","","","","","","","","","","","","","","","","sturgia_horse","","","","","","","","","","","","","","","","","","","","","","","","","","","","","","","","","","","","","","","","","","","","","","","","","","","","","","",""
"RBM","RBMCombat_horses.xml","t3_vlandia_horse","{=MedDPUNh}Destrier{@Plural}destriers{\@}","Horse","Culture.vlandia","horse","horse_brown","550","","60","0","noble_horse","","","","","","","","","","","","","","","","","","","","","","","","","","","","","","","Monster.horse","76","55","13","109","170","true","","","","","","","","","","","","true","","","","","","","","","","","","","","","","","","vlandia_horse","","","","","","","","","","","","","","","","","","","","","","","","","","","","","","","","","","","","","","","","","","","","","","","","","","","","","","",""
"RBM","RBMCombat_horses.xml","noble_camel","{=ABWvOCTE}Nahasa Camel{@Plural}Nahasa camels{\@}","Horse","Culture.aserai","","camel_mesh","540","","80","0","horse","","","","","","","","","","","","","","","","","","","","","","","","","","","","","","","Monster.camel","69","50","14","105","250","true","false","","","","","","","","","","","true","","","","","","","","","","","","","","","","","","","false","","","","","","","","","","","","","","","","","","","","","","","","","","","","","","","","","","","","","","","","","","","","","","","","","","","","","",""
"RBM","RBMCombat_horses.xml","noble_horse_khamseen","{=kKuVy1jT}Khamseen{@Plural}Khamseen horses{\@}","Horse","","horse","horse_brown","480","","40","","noble_horse","","","","","","","","","","","","","","","","","","","","","","","","","","","","","","","Monster.horse","67","57","25","115","180","true","","horse","","","","","","","","","","true","","","","","","","","","","","","","","","","","","","false","","","","","","","","","","","","","","","","","","","","","","","","","","","","","","","","","","","","","","","","","","","","","","","","","","","","","",""
"RBM","RBMCombat_horse_armors.xml","bandit_saddle_desert","{=Qqdl6fbM}Rugged Bedouin Saddle","HorseHarness","Culture.aserai","body_armor","bandit_saddle_desert","7","","0","1","","Cloth","cloth","5","6","5","0","","","","","none","","","","1","bandit_saddle_desert_rein","","","","","","","","","","","","","","","","","","","","","","","","","","","","","","","","","true","","","","","","","","","","","","","","","","","","","","","","","false","","","","","","","","","","","","","","","","","","","","","","","","","","","","","","","","","","","","","","","","","","","","","","","","","",""
"RBM","RBMCombat_horse_armors.xml","bandit_saddle_steppe","{=p2jR7Urm}Rugged Saddle","HorseHarness","","body_armor","bandit_saddle_a","5","","0","1","","Cloth","cloth","5","5","5","0","","","","","none","","","","1","bandit_saddle_a_rein","","","","","","","","","","","","","","","","","","","","","","","","","","","","","","","","","true","","","","","","","","","","","","","","","","","","","","","","","false","","","","","","","","","","","","","","","","","","","","","","","","","","","","","","","","","","","","","","","","","","","","","","","","","",""
"RBM","RBMCombat_horse_armors.xml","bandit_saddle_highland","{=CHxRDUN1}Rugged Fur Saddle","HorseHarness","Culture.battania","body_armor","bandit_saddle_highland","8","","0","1","","Cloth","cloth","5","5","5","0","","","","","none","","","","1","bandit_saddle_highland_rein","","","","","","","","","","","","","","","","","","","","","","","","","","","","","","","","","true","","","","","","","","","","","","","","","","","","","","","","","false","","","","","","","","","","","","","","","","","","","","","","","","","","","","","","","","","","","","","","","","","","","","","","","","","",""
"RBM","RBMCombat_horse_armors.xml","light_harness","{=O37kzdXO}Light Harness","HorseHarness","","","horse_harness_b","5","","","1","","Leather","leather","5","5","5","0","","","","","none","0","0","0","1","","","","","","","","","","","","","","","","","","","","","","","","","","","","","","","","","","true","","","","","","","","","","","","","","","","","","","","","","","","","","","","","","","","","","","","","","","","","","","","","","","","","","","","","","","","","","","","","","","","","","","","","","","","",""
"RBM","RBMCombat_horse_armors.xml","halfchain_barding","{=iquQ9dro}Half Mail Barding","HorseHarness","Culture.vlandia","","horse_harness_vlandia_b_clotest","16","","","0.6","","Chainmail","chain","60","40","50","25","","","","","all","0","0","0","1","horse_harness_vlandia_b_rein","","","","","","","","","","","","","","","","","","","","","","","","","","","","","","","","","true","","","","","","","","","","","","","","","","","","","","","","","","","","","","","","","","","","","","","","","","","","","","","","","","","","","","","","","","","","","","","","","","","","","","","","","","",""
"RBM","RBMCombat_horse_armors.xml","chain_barding","{=HJriXlcb}Reinforced Chainmail Barding","HorseHarness","Culture.vlandia","","horse_harness_vlandia_a_clotest","26","","","0.5","","Chainmail","chain","90","40","50","40","","","","","all","0","0","0","1","horse_harness_vlandia_a_rein","","","","","","","","","","","","","","","","","","","","","","","","","","","","","","all","","","true","","","","","","","","","","","","","","","","","","","","","","","","","","","","","","","","","","","","","","","","","","","","","","","","","","","","","","","","","","","","","","","","","","","","","","","","",""
"RBM","RBMCombat_horse_armors.xml","chain_horse_harness","{=JkxPt29i}Chain Mail Horse Armor","HorseHarness","","body_armor","horse_harness_e","24","","0","0.6","","Chainmail","chain","50","40","50","40","","","all","","all","0","0","0","1","horse_harness_e_rein","","","","","","","","","","","","","","","","","","","","","","","","","","","true","","","all","","","true","","","","","","","","","","","","","","","","","","","","","","","false","","","","","","","","","","","","","","","","","","","","","","","","","","","","","","","","","","","","","","","","","","","","","","","","","",""
"RBM","RBMCombat_horse_armors.xml","stripped_leather_harness","{=Yh7Dorsr}Striped Leather Harness","HorseHarness","Culture.empire","body_armor","horse_harness_imperial_a_clotest","8","","0","1","","Leather","leather","10","5","10","5","","","","","none","","","","1","horse_harness_imperial_a_rein","","","","","","","","","","","","","","","","","","","","","","","","","","","","","","","","","true","","","","","","","","","","","","","","","","","","","","","","","false","","","","","","","","","","","","","","","","","","","","","","","","","","","","","","","","","","","","","","","","","","","","","","","","","",""
"RBM","RBMCombat_horse_armors.xml","imperial_riding_harness","{=NUmDuEqI}Imperial Riding Harness","HorseHarness","Culture.empire","","horse_harness_a_new","6","","","1","","Leather","leather","5","8","5","3","","","","","none","","","","1","horse_harness_a_new_rein","","","","","","","","","","","","","","","","","","","","","","","","","","","","","","","","","true","","","","","","","","","","","","","","","","","","","","","","","","","","","","","","","","","","","","","","","","","","","","","","","","","","","","","","","","","","","","","","","","","","","","","","","","",""
"RBM","RBMCombat_horse_armors.xml","half_scale_barding","{=i2QlHUVW}Cataphract Half Scale Barding","HorseHarness","Culture.empire","body_armor","horse_harness_imperial_c_clotest","17","","0","0.5","","Chainmail","chain","90","50","60","5","","","","","all","","","","1","horse_harness_imperial_c_rein","","","","","","","","","","","","","","","","","","","","","","","","","","","","","","","","","true","","","","","","","","","","","","","","","","","","","","","","","false","","","","","","","","","","","","","","","","","","","","","","","","","","","","","","","","","","","","","","","","","","","","","","","","","",""
"RBM","RBMCombat_horse_armors.xml","imperial_scale_barding","{=ds1nrqNv}Cataphract Scale Barding","HorseHarness","Culture.empire","body_armor","horse_harness_imperial_b_clotest","30","","0","0.5","","Chainmail","chain","90","50","60","50","","","","","all","","","","1","horse_harness_imperial_b_rein","","","","","","","","","","","","","","","","","","","","","","","","","","","","","","","","","true","","","","","","","","","","","","","","","","","","","","","","","false","","","","","","","","","","","","","","","","","","","","","","","","","","","","","","","","","","","","","","","","","","","","","","","","","",""
"RBM","RBMCombat_horse_armors.xml","studded_steppe_barding","{=RBM_HAR_001}Lamellar Barding","HorseHarness","Culture.khuzait","body_armor","horse_harness_khuzait_c_clotest","23","","0","0.6","","Chainmail","chain","55","35","45","25","","","","","all","","","","1","horse_harness_khuzait_c_rein","","","","","","","","","","","","","","","","","","","","","","","","","","","","","","","","","true","","","","","","","","","","","","","","","","","","","","","","","false","","","","","","","","","","","","","","","","","","","","","","","","","","","","","","","","","","","","","","","","","","","","","","","","","",""
"RBM","RBMCombat_horse_armors.xml","desert_cloth_harness","{=aqrJqQqx}Bedouin Cloth Saddle","HorseHarness","Culture.aserai","body_armor","horse_harness_aserai_a_clotest","7.3","","0","1","","Cloth","cloth","5","8","5","5","","","","","none","","","","1","horse_harness_aserai_a_rein","","","","","","","","","","","","","","","","","","","","","","","","","","","","","","","","","true","","","","","","","","","","","","","","","","","","","","","","","false","","","","","","","","","","","","","","","","","","","","","","","","","","","","","","","","","","","","","","","","","","","","","","","","","",""
"RBM","RBMCombat_horse_armors.xml","aseran_village_harness","{=zPbDZ9VA}Bedouin Common Saddle","HorseHarness","","body_armor","horse_harness_aserai_b_clotest","6.1","","0","1","","Cloth","cloth","5","8","5","5","","","","","none","","","","1","horse_harness_aserai_b_rein","","","","","","","","","","","","","","","","","","","","","","","","","","","","","","","","","true","","","","","","","","","","","","","","","","","","","","","","","false","","","","","","","","","","","","","","","","","","","","","","","","","","","","","","","","","","","","","","","","","","","","","","","","","",""
"RBM","RBMCombat_horse_armors.xml","half_mail_and_plate_barding","{=NRB3V6yP}Reinforced Half Plate Barding","HorseHarness","Culture.aserai","body_armor","horse_harness_aserai_d_clotest","16","","0","0.6","","Plate","plate","90","47","57","5","","","","","all","","","","1","horse_harness_aserai_d_rein","","","","","","","","","","","","","","","","","","","","","","","","","","","","","","","","","true","","","","","","","","","","","","","","","","","","","","","","","false","","","","","","","","","","","","","","","","","","","","","","","","","","","","","","","","","","","","","","","","","","","","","","","","","",""
"RBM","RBMCombat_horse_armors.xml","mail_and_plate_barding","{=Vj4ZBxm5}Reinforced Plate Barding","HorseHarness","Culture.aserai","body_armor","horse_harness_aserai_c_clotest","26.8","","0","0.4","","Plate","plate","90","47","57","47","","","","","all","","","","1","horse_harness_aserai_c_rein","","","","","","","","","","","","","","","","","","","","","","","","","","","","","","","","","true","","","","","","","","","","","","","","","","","","","","","","","false","","","","","","","","","","","","","","","","","","","","","","","","","","","","","","","","","","","","","","","","","","","","","","","","","",""
"RBM","RBMCombat_horse_armors.xml","steppe_harness","{=OaQE1Frx}Steppe Saddle","HorseHarness","Culture.khuzait","body_armor","horse_harness_khuzait_b_clotest","8.5","","0","1","","Chainmail","chain","5","0","5","0","","","","","none","","","","1","horse_harness_khuzait_b_rein","","","","","","","","","","","","","","","","","","","","","","","","","","","","","","","","","true","","","","","","","","","","","","","","","","","","","","","","","false","","","","","","","","","","","","","","","","","","","","","","","","","","","","","","","","","","","","","","","","","","","","","","","","","",""
"RBM","RBMCombat_horse_armors.xml","steppe_fur_harness","{=EfRKaKs0}Steppe Fur Harness","HorseHarness","Culture.khuzait","body_armor","horse_harness_khuzait_a_clotest","8.2","","0","1","","Chainmail","chain","5","0","5","0","","","","","none","","","","1","horse_harness_khuzait_a_rein","","","","","","","","","","","","","","","","","","","","","","","","","","","","","","","","","true","","","","","","","","","","","","","","","","","","","","","","","false","","","","","","","","","","","","","","","","","","","","","","","","","","","","","","","","","","","","","","","","","","","","","","","","","",""
"RBM","RBMCombat_horse_armors.xml","steppe_half_barding","{=qNNja5IF}Lamellar Half Barding","HorseHarness","Culture.khuzait","body_armor","horse_harness_khuzait_d_clotest","11","","0","1","","Chainmail","chain","55","35","45","10","","","","","all","","","","1","horse_harness_khuzait_d_rein","","","","","","","","","","","","","","","","","","","","","","","","","","","","","","","","","true","","","","","","","","","","","","","","","","","","","","","","","false","","","","","","","","","","","","","","","","","","","","","","","","","","","","","","","","","","","","","","","","","","","","","","","","","",""
"RBM","RBMCombat_horse_armors.xml","northern_light_harness","{=uRqm1nJ7}Light Saddle","HorseHarness","Culture.sturgia","","horse_harness_roman_b_new","7.2","","","1","","Leather","leather","20","10","8","8","","","","","none","","","","1","horse_harness_roman_b_new_rein","","","","","","","","","","","","","","","","","","","","","","","","","","","","","","","","","true","","","","","","","","","","","","","","","","","","","","","","","","","","","","","","","","","","","","","","","","","","","","","","","","","","","","","","","","","","","","","","","","","","","","","","","","",""
"RBM","RBMCombat_horse_armors.xml","northern_noble_harness","{=lZZOQsxc}Rough Cavalry Saddle","HorseHarness","Culture.sturgia","","horse_harness_sturgia_b_clotest","8.9","","","1","","Leather","leather","8","5","8","5","","","","","none","","","","1","horse_harness_sturgia_b_rein","","","","","","","","","","","","","","","","","","","","","","","","","","","","","","","","","true","","","","","","","","","","","","","","","","","","","","","","","","","","","","","","","","","","","","","","","","","","","","","","","","","","","","","","","","","","","","","","","","","","","","","","","","",""
"RBM","RBMCombat_horse_armors.xml","northern_ring_barding","{=MI65uuKB}Ring Mail Barding","HorseHarness","Culture.sturgia","","horse_harness_sturgia_a_clotest","15.2","","","0.9","","Chainmail","chain","45","35","45","5","","","","","all","","","","1","horse_harness_sturgia_a_rein","","","","","","","","","","","","","","","","","","","","","","","","","","","","","","","","","true","","","","","","","","","","","","","","","","","","","","","","","","","","","","","","","","","","","","","","","","","","","","","","","","","","","","","","","","","","","","","","","","","","","","","","","","",""
"RBM","RBMCombat_horse_armors.xml","battania_horse_harness","{=33aaUcaX}Battania Horse Harness","HorseHarness","Culture.battania","","battania_horse_harness","10.3","","","1","","Leather","leather","10","15","10","10","","","","","none","","","","1","","","","","","","","","","","","","","","","","","","","","","","","","","","","","","","","","","true","","","","","","","","","","","","","","","","","","","","","","","","","","","","","","","","","","","","","","","","","","","","","","","","","","","","","","","","","","","","","","","","","","","","","","","","",""
"RBM","RBMCombat_horse_armors.xml","battania_horse_harness_halfscaled","{=W8r7A7qH}Half Scaled Barding","HorseHarness","Culture.battania","","battania_horse_harness_halfscaled","15","","","1","","Chainmail","chain","50","35","45","20","","","","","all","","","","1","","","","","","","","","","","","","","","","","","","","","","","","","","","","","","","","","","true","","","","","","","","","","","","","","","","","","","","","","","","","","","","","","","","","","","","","","","","","","","","","","","","","","","","","","","","","","","","","","","","","","","","","","","","",""
"RBM","RBMCombat_horse_armors.xml","battania_horse_harness_scaled","{=amqJbdDV}Scale Barding","HorseHarness","Culture.battania","","battania_horse_harness_scaled","20.6","","","0.65","","Chainmail","chain","50","35","45","30","","","","","all","","","","1","","","","","","","","","","","","","","","","","","","","","","","","","","","","","","","","","","true","","","","","","","","","","","","","","","","","","","","","","","","","","","","","","","","","","","","","","","","","","","","","","","","","","","","","","","","","","","","","","","","","","","","","","","","",""
"RBM","RBMCombat_horse_armors.xml","fortunas_choice","{=vRIpgxhi}Fortunas Choice","HorseHarness","","","horse_harness_roman_b_new","10","","","0.5","","Chainmail","chain","20","5","5","5","","","","","none","0","0","0","1","horse_harness_roman_b_new_rein","","","","","","","","","","","","","","","","","","","","","","","","","","","","","","none","","","true","","","","","","","","","","","","","","","","","","","false","","","","","","","","","","","","","","","","","","","","","","","","","","","","","","","","","","","","","","","","","","","","","","","","","","","","","",""
"RBM","RBMCombat_horse_armors.xml","celtic_frost","{=avXZdUvi}Fur Saddle","HorseHarness","","","horse_harness_saxon_new","10","","","0.5","","Leather","chain","15","5","5","10","","","","","all","0","0","0","1","horse_harness_saxon_new_rein","","","","","","","","","","","","","","","","","","","","","","","","","","","","","","","","","true","","","","","","","","","","","","","","","","","","","false","","","","","","","","","","","","","","","","","","","","","","","","","","","","","","","","","","","","","","","","","","","","","","","","","","","","","",""
"RBM","RBMCombat_horse_armors.xml","saddle_of_aeneas","{=k3dvbLDi}Saddle of Aeneas","HorseHarness","","","horse_harness_a_new","10","","","0.5","","Chainmail","chain","5","5","5","5","","","","","none","0","0","0","1","horse_harness_a_new_rein","","","","","","","","","","","","","","","","","","","","","","","","","","","","","","none","","","true","","","","","","","","","","","","","","","","","","","false","","","","","","","","","","","","","","","","","","","","","","","","","","","","","","","","","","","","","","","","","","","","","","","","","","","","","",""
"RBM","RBMCombat_horse_armors.xml","mule_load_a","{=7S6BjECG}Mule Harness with Pack","HorseHarness","","","mule_load_a","120","","","1","","Cloth","","","10","","","","","","","all","","","","1","","","","","","","","","","","","","","","","","","","","","","","","","","","","","","","","","","true","","","","","","","","","","","","","","","","","","","false","","","","","","","","","","","","","","","","","","","","","","","","","","","","","","","","","","","","","","","","","","","","","","","","","","","","","",""
"RBM","RBMCombat_horse_armors.xml","mule_load_b","{=2SUb8jNP}Mule Harness with Baskets","HorseHarness","","","mule_load_b","120","","","1","","Cloth","","","10","","","","","","","all","","","","1","","","","","","","","","","","","","","","","","","","","","","","","","","","","","","","","","","true","","","","","","","","","","","","","","","","","","","false","","","","","","","","","","","","","","","","","","","","","","","","","","","","","","","","","","","","","","","","","","","","","","","","","","","","","",""
"RBM","RBMCombat_horse_armors.xml","mule_load_c","{=JHef9oad}Mule Harness with Bags","HorseHarness","","","mule_load_c","120","","","1","","Cloth","","","10","","","","","","","all","","","","1","","","","","","","","","","","","","","","","","","","","","","","","","","","","","","","","","","true","","","","","","","","","","","","","","","","","","","false","","","","","","","","","","","","","","","","","","","","","","","","","","","","","","","","","","","","","","","","","","","","","","","","","","","","","",""
"RBM","RBMCombat_horse_armors.xml","camel_saddle","{=q1z4FQub}Camel Saddle","HorseHarness","Culture.aserai","","camel_saddle1","8","","","1","","Leather","","","10","","","","","","","none","","","","2","","","","","","","","","","","","","","","","","","","","","","","","","","","","","","","","","","true","","","","","","","","","","","","","","","","","","","","","","","","","","","","","","","","","","","","","","","","","","","","","","","","","","","","","","","","","","","","","","","","","","","","","","","","",""
"RBM","RBMCombat_horse_armors.xml","camel_saddle_a","{=ZJYVpjuR}Camel Saddle with Heavy Load","HorseHarness","Culture.aserai","","camel_saddle_a","130","","","1","","Leather","","","10","","","","","","","none","","","","2","","","","","","","","","","","","","","","","","","","","","","","","","","","","","","","","","","true","","","","","","","","","","","","","","","","","","","false","","","","","","","","","","","","","","","","","","","","","","","","","","","","","","","","","","","","","","","","","","","","","","","","","","","","","",""
"RBM","RBMCombat_horse_armors.xml","camel_saddle_b","{=OflbQCw6}Camel Saddle with Light Load","HorseHarness","Culture.aserai","","camel_saddle_b","70","","","1","","Leather","","","10","","","","","","","none","","","","2","","","","","","","","","","","","","","","","","","","","","","","","","","","","","","","","","","true","","","","","","","","","","","","","","","","","","","false","","","","","","","","","","","","","","","","","","","","","","","","","","","","","","","","","","","","","","","","","","","","","","","","","","","","","",""
"RBM","RBMCombat_leg_armors.xml","ladys_shoe","{=RU2EppgI}Ladies Shoes","LegArmor","Culture.neutral_culture","","woman_shoe_a","0.6","","","1","","Cloth","cloth_unarmoured","","","","14","","","","","","","","","","","","","","","","","","","","","","","","","","","","","","","","","","","","","","false","","","","","true","","","","","","","","","","","","","","","","","","","","","","","","","","","","","","","","","","","","","","","","","","","","","","","","","","","","","","","","","","","","","","","","","","","","","","","","",""
"RBM","RBMCombat_leg_armors.xml","southern_moccasins","{=SxqSJK8h}Moccasins","LegArmor","Culture.aserai","","aserai_female_costume_shoe","0.5","","","1","","Cloth","cloth_unarmoured","","","","16","","","","","","","","","","","","","","","","","","","","","","","","","","","","","","","","","","","","","","false","","","","","true","","","","","","","","","","","","","","","","","","","","","","","","","","","","","","","","","","","","","","","","","","","","","","","","","","","","","","","","","","","","","","","","","","","","","","","","",""
"RBM","RBMCombat_leg_armors.xml","leather_shoes","{=Kgnm0FkE}Leather Shoes","LegArmor","Culture.neutral_culture","","boot_e","0.7","","0","0.3","","Leather","leather","","","","19","","","","","","","","","","","","","","","","","","","","","","","","","","","","","","","","","","","","","","true","5","","","","true","","","","","","","","true","","","","","","","","","","","","","","","","","","","","","","","","","","","","","","","","","","","","","","","","","","","","","","","","","","","","","","","","","","","","","","","","",""
"RBM","RBMCombat_leg_armors.xml","fine_town_boots","{=uUGAMReu}Fine Town Boots","LegArmor","Culture.empire","","casual_02_boots","0.5","","","2","","Leather","leather","","","","20","","","","","","","","","","","","","","","","","","","","","","","","","","","","","","","","","","","","","","true","","","","","true","","","","","","","","","","","","","","","","","","","","","","","","","","","","","","","","","","","","","","","","","","","","","","","","","","","","","","","","","","","","","","","","","","","","","","","","",""
"RBM","RBMCombat_leg_armors.xml","sturgia_boots_d","{=FptcHNb9}Wrapped Boots","LegArmor","Culture.sturgia","","sturgia_boots_d","1","","","1","","Leather","leather","","","","20","","","","","","","","","","","","","","","","","","","","","","","","","","","","","","","","","","","","","","true","","","","","true","","","","","","","","","true","","","","","","","","","","","","","","","","","","","","","","","","","","","","","","","","","","","","","","","","","","","","","","","","","","","","","","","","","","","","","","","",""
"RBM","RBMCombat_leg_armors.xml","strapped_shoes","{=LOPavWRp}Strapped Shoes","LegArmor","Culture.neutral_culture","","strapped_shoes","0.7","","0","1","","Cloth","cloth","","","","22","","","","","","","","","","","","","","","","","","","","","","","","","","","","","","","","","","","","","","true","5","","","","true","","","","","","","","true","","","","","","","","","","","","","","","","","","","","","","","","","","","","","","","","","","","","","","","","","","","","","","","","","","","","","","","","","","","","","","","","",""
"RBM","RBMCombat_leg_armors.xml","sturgia_boots_c","{=4KZekKff}Tied Boots","LegArmor","Culture.sturgia","","sturgia_boots_c","1.2","","","1","","Leather","leather","","","","23","","","","","","","","","","","","","","","","","","","","","","","","","","","","","","","","","","","","","","true","15","","","","true","","","","","","","","true","true","","","","","","","","","","","","","","","","","","","","","","","","","","","","","","","","","","","","","","","","","","","","","","","","","","","","","","","","","","","","","","","",""
"RBM","RBMCombat_leg_armors.xml","folded_town_boots","{=oH8iFEv7}Folded Town Boots","LegArmor","Culture.empire","","casual_01_boots","1","","","1","","Leather","leather","","","","24","","","","","","","","","","","","","","","","","","","","","","","","","","","","","","","","","","","","","","true","","","","","true","","","","","","","","","","","","","","","","","","","","","","","","","","","","","","","","","","","","","","","","","","","","","","","","","","","","","","","","","","","","","","","","","","","","","","","","",""
"RBM","RBMCombat_leg_armors.xml","turndown_leather_boots","{=xwWYJb5A}Folded Leather Boots","LegArmor","Culture.battania","","sea_raider_leather_boot","0.9","","","1","","Leather","leather","","","","25","","","","","","","","","","","","","","","","","","","","","","","","","","","","","","","","","","","","","","true","","","","","true","","","","","","","","","","","","","","","","","","","","","","","","","","","","","","","","","","","","","","","","","","","","","","","","","","","","","","","","","","","","","","","","","","","","","","","","",""
"RBM","RBMCombat_leg_armors.xml","ragged_boots","{=Szuxa9Bs}Ragged Boots","LegArmor","Culture.neutral_culture","","sneak_costume_foot","0.8","","0","0.3","","Cloth","cloth","","","","26","","","","","","","","","","","","","","","","","","","","","","","","","","","","","","","","","","","","","","true","10","","","","true","","","","","","","","true","","","","","","","","","","","","","","","","","","","","","","","","","","","","","","","","","","","","","","","","","","","","","","","","","","","","","","","","","","","","","","","","",""
"RBM","RBMCombat_leg_armors.xml","highland_boots","{=FQqaVHq2}Forester Boots","LegArmor","Culture.battania","","pict_armor_boot","1","","0","1","","Leather","leather","","","","26","","","","","","","","","","","","","","","","","","","","","","","","","","","","","","","","","","","","","","true","10","","","","true","","","","","","","","true","","","","","","","","","","","","","","","","","","","","","","","","","","","","","","","","","","","","","","","","","","","","","","","","","","","","","","","","","","","","","","","","",""
"RBM","RBMCombat_leg_armors.xml","sturgia_boots_a","{=DhHBBpPf}Simple Leather Boots","LegArmor","Culture.sturgia","","sturgia_boots_a","1.55","","","1","","Leather","leather","","","","27","","","","","","","","","","","","","","","","","","","","","","","","","","","","","","","","","","","","","","true","","","","","true","","","","","","","","","","","","","","","","","","","","","","","","","","","","","","","","","","","","","","","","","","","","","","","","","","","","","","","","","","","","","","","","","","","","","","","","",""
"RBM","RBMCombat_leg_armors.xml","battania_woodland_boots","{=L7qYlJqn}Woodland Boots","LegArmor","Culture.battania","","battania_woodland_boots","1","","0","1","","Leather","leather","","","","28","","","","","","","","","","","","","","","","","","","","","","","","","","","","","","","","","","","","","","true","10","","","","true","","","","","","","","true","","","","","","","","","","","","","","","","","","","","","","","","","","","","","","","","","","","","","","","","","","","","","","","","","","","","","","","","","","","","","","","","",""
"RBM","RBMCombat_leg_armors.xml","khuzait_curved_boots","{=D9JrTpwU}Curved Boots","LegArmor","Culture.khuzait","","khuzait_leather_boots","0.9","","","1","","Leather","leather","","","","28","","","","","","","","","","","","","","","","","","","","","","","","","","","","","","","","","","","","","","true","","","","","true","","","","","","","","","","","","","","","","","","","","","","","","","","","","","","","","","","","","","","","","","","","","","","","","","","","","","","","","","","","","","","","","","","","","","","","","",""
"RBM","RBMCombat_leg_armors.xml","empire_horseman_boots","{=uvSXUgT8}Horseman Boots","LegArmor","Culture.empire","","empire_horseman_boots","0.8","","0","1.3","","Leather","leather","","","","28","","","","","","","","","","","","","","","","","","","","","","","","","","","","","","","","","","","","","","true","","","","","true","","","","","","","","","","","","","","","","","","","","","","","","","","","","","","","","","","","","","","","","","","","","","","","","","","","","","","","","","","","","","","","","","","","","","","","","",""
"RBM","RBMCombat_leg_armors.xml","belted_leather_boots","{=bFm9jOft}Belted Leather Boots","LegArmor","Culture.battania","","bandit_11_boots","1.1","","","1","","Leather","leather","","","","29","","","","","","","","","","","","","","","","","","","","","","","","","","","","","","","","","","","","","","false","","","","","true","","","","","","","","","","","","","","","","","","","","","","","","","","","","","","","","","","","","","","","","","","","","","","","","","","","","","","","","","","","","","","","","","","","","","","","","",""
"RBM","RBMCombat_leg_armors.xml","eastern_leather_boots","{=Ga5mCiLp}Leather Riding Boots","LegArmor","Culture.khuzait","","plated_leather_armor_boot","1.1","","","1","","Leather","leather","","","","29","","","","","","","","","","","","","","","","","","","","","","","","","","","","","","","","","","","","","","true","","","","","true","","","","","","","","","","","","","","","","","","","","","","","","","","","","","","","","","","","","","","","","","","","","","","","","","","","","","","","","","","","","","","","","","","","","","","","","",""
"RBM","RBMCombat_leg_armors.xml","steppe_leather_boots","{=VpxHysbZ}Sturdy Leather Boots","LegArmor","Culture.khuzait","","khuzait_leather_armor_foot","0.8","","0","1","","Leather","leather","","","","29","","","","","","","","","","","","","","","","","","","","","","","","","","","","","","","","","","","","","","true","10","","","","true","","","","","","","","true","","","","","","","","","","","","","","","","","","","","","","","","","","","","","","","","","","","","","","","","","","","","","","","","","","","","","","","","","","","","","","","","",""
"RBM","RBMCombat_leg_armors.xml","sturgia_boots_b","{=6QNQosHv}Tied Leather Boots","LegArmor","Culture.sturgia","","sturgia_boots_b","1.8","","","1","","Leather","leather","","","","29","","","","","","","","","","","","","","","","","","","","","","","","","","","","","","","","","","","","","","true","15","","","","true","","","","","","","","true","","","","","","","","","","","","","","","","","","","","","","","","","","","","","","","","","","","","","","","","","","","","","","","","","","","","","","","","","","","","","","","","",""
"RBM","RBMCombat_leg_armors.xml","highland_leg_wrappings","{=xqE9aycc}Woodland Leg Wrappings","LegArmor","Culture.battania","","battania_boot_a","1","","0","1","","Cloth","cloth","","","","30","","","","","","","","","","","","","","","","","","","","","","","","","","","","","","","","","","","","","","true","5","","","","true","","","","","","","","true","","","","","","","","","","","","","","","","","","","","","","","","","","","","","","","","","","","","","","","","","","","","","","","","","","","","","","","","","","","","","","","","",""
"RBM","RBMCombat_leg_armors.xml","strapped_leather_boots","{=tMwsE9IR}Strapped Leather Boots","LegArmor","Culture.empire","","boot_g","0.9","","0","1","","Cloth","cloth","","","","30","","","","","","","","","","","","","","","","","","","","","","","","","","","","","","","","","","","","","","true","","","","","true","","","","","","","","","","","","","","","","","","","","","","","","","","","","","","","","","","","","","","","","","","","","","","","","","","","","","","","","","","","","","","","","","","","","","","","","",""
"RBM","RBMCombat_leg_armors.xml","rough_tied_boots","{=Oo0baNaq}Rough Tied Boots","LegArmor","Culture.battania","","bandit_3_boot","0.9","","","1","","Leather","leather","","","","30","","","","","","","","","","","","","","","","","","","","","","","","","","","","","","","","","","","","","","true","10","","","","true","","","","","","","","true","","","","","","","","","","","","","","","","","","","","","","","","","","","","","","","","","","","","","","","","","","","","","","","","","","","","","","","","","","","","","","","","",""
"RBM","RBMCombat_leg_armors.xml","woven_leather_boots","{=J00AF9Qv}Woven Leather Boots","LegArmor","Culture.khuzait","","bandit_10_boots","0.7","","","1","","Leather","leather","","","","30","","","","","","","","","","","","","","","","","","","","","","","","","","","","","","","","","","","","","","true","","","","","true","","","","","","","","","","","","","","","","","","","","","","","","","","","","","","","","","","","","","","","","","","","","","","","","","","","","","","","","","","","","","","","","","","","","","","","","",""
"RBM","RBMCombat_leg_armors.xml","leather_boots","{=IOOTPpYj}Fur Rimmed Curved Boots","LegArmor","Culture.khuzait","","boot_f","0.8","","0","1","","Leather","leather","","","","30","","","","","","","","","","","","","","","","","","","","","","","","","","","","","","","","","","","","","","true","10","","","","true","","","","","","","","true","","","","","","","","","","","","","","","","","","","","","","","","","","","","","","","","","","","","","","","","","","","","","","","","","","","","","","","","","","","","","","","","",""
"RBM","RBMCombat_leg_armors.xml","battania_leather_boots","{=4Ygp7P0Y}Highborn Leather Boots","LegArmor","Culture.battania","","battania_leather_boots_a","1","","0","1","","Leather","leather","","","","32","","","","","","","","","","","","","","","","","","","","","","","","","","","","","","","","","","","","","","true","","","","","true","","","","","","","","","","","","","","","","","","","","","","","","","","","","","","","","","","","","","","","","","","","","","","","","","","","","","","","","","","","","","","","","","","","","","","","","",""
"RBM","RBMCombat_leg_armors.xml","leather_cavalier_boots","{=oEvhhNNR}Leather Cavalier Boots","LegArmor","Culture.vlandia","","cav_boots","0.9","","","1","","Leather","leather","","","","32","","","","","","","","","","","","","","","","","","","","","","","","","","","","","","","","","","","","","","true","","","","","true","","","","","","","","","","","","","","","","","","","","","","","","","","","","","","","","","","","","","","","","","","","","","","","","","","","","","","","","","","","","","","","","","","","","","","","","",""
"RBM","RBMCombat_leg_armors.xml","wrapped_leather_boots","{=WahziEXA}Wrapped Leather Boots","LegArmor","Culture.battania","","bandit_leather_boots","1","","","1","","Leather","leather","","","","33","","","","","","","","","","","","","","","","","","","","","","","","","","","","","","","","","","","","","","true","10","","","","true","","","","","","","","true","","","","","","","","","","","","","","","","","","","","","","","","","","","","","","","","","","","","","","","","","","","","","","","","","","","","","","","","","","","","","","","","",""
"RBM","RBMCombat_leg_armors.xml","battania_fur_boots","{=jVK5B86k}Fur Boots","LegArmor","Culture.battania","","battania_fur_boot_a","1.5","","0","1","","Leather","leather","","","","35","","","","","","","","","","","","","","","","","","","","","","","","","","","","","","","","","","","","","","true","","","","","true","","","","","","","","","","","","","","","","","","","","","","","","","","","","","","","","","","","","","","","","","","","","","","","","","","","","","","","","","","","","","","","","","","","","","","","","",""
"RBM","RBMCombat_leg_armors.xml","wrapped_shoes","{=4YxbZlbi}Wrapped Shoes","LegArmor","Culture.aserai","","wrapped_shoes","0.8","","","1","","Cloth","cloth","","","","35","","","","","","","","","","","","","","","","","","","","","","","","","","","","","","","","","","","","","","true","15","","","","true","","","","","","","","true","","","","","","","","","","","","","","","","","","","","","","","","","","","","","","","","","","","","","","","","","","","","","","","","","","","","","","","","","","","","","","","","",""
"RBM","RBMCombat_leg_armors.xml","reinforced_suede_boots","{=9Eyd2qGo}Reinforced Suede Boots","LegArmor","Culture.khuzait","","khuzait_suede_leather_foot","1","","0","1","","Leather","leather","","","","36","","","","","","","","","","","","","","","","","","","","","","","","","","","","","","","","","","","","","","true","","","","","true","","","","","","","","","","","","","","","","","","","","","","","","","","","","","","","","","","","","","","","","","","","","","","","","","","","","","","","","","","","","","","","","","","","","","","","","",""
"RBM","RBMCombat_leg_armors.xml","mail_chausses","{=DoiwC1Qa}Mail Chausses","LegArmor","Culture.sturgia","","mail_chausses_a","2.9","","","1.6","","Chainmail","chain","","","","42","","","","","","","","","","","","","","","","","","","","","","","","","","","","","","","","","","","","","","true","","","","","","","","","","","","","","","","","","","","","","","","","","","","","","","","","","","","","","","","","","","","","","","","","","","","","","","","","","","","","","","","","","","","","","","","","","","","","",""
"RBM","RBMCombat_leg_armors.xml","plated_strip_boots","{=Fb7PrJuc}Splint Boots","LegArmor","Culture.empire","","empire_plated_boots","2.7","","","2","","Plate","plate","","","","42","","","","","","","","","","","","","","","","","","","","","","","","","","","","","","","","","","","","","","true","","","","","","","","","","","","","","","","","","","","","","","","","","","","","","","","","","","","","","","","","","","","","","","","","","","","","","","","","","","","","","","","","","","","","","","","","","","","","",""
"RBM","RBMCombat_leg_armors.xml","mail_cavalier_boots","{=tWfAPrPa}Mail Cavalier Boots","LegArmor","Culture.vlandia","","cav_boots_reinforced","1.8","","0","1","","Chainmail","chain","","","","43","","","","","","","","","","","","","","","","","","","","","","","","","","","","","","","","","","","","","","true","","","","","","","","","","","","","","","","","","","","","","","","","","","","","","","","","","","","","","","","","","","","","","","","","","","","","","","","","","","","","","","","","","","","","","","","","","","","","",""
"RBM","RBMCombat_leg_armors.xml","strapped_mail_chausses","{=aYoIrpe0}Strapped Mail Chausses","LegArmor","Culture.sturgia","","mail_chausses_b","3","","0","1.6","","Chainmail","chain","","","","43","","","","","","","","","","","","","","","","","","","","","","","","","","","","","","","","","","","","","","true","","","","","","","","","","","","","","","","","","","","","","","","","","","","","","","","","","","","","","","","","","","","","","","","","","","","","","","","","","","","","","","","","","","","","","","","","","","","","",""
"RBM","RBMCombat_leg_armors.xml","decorated_imperial_boots","{=XXGZLTN6}Decorated Plate Boots","LegArmor","Culture.empire","","empire_plate_armor_boots","2.3","","","3","","Plate","plate","","","","44","","","","","","","","","","","","","","","","","","","","","","","","","","","","","","","","","","","","","","true","","","","","true","","","","","","","","","","","","","","","","","","","","","","","","","","","","","","","","","","","","","","","","","","","","","","","","","","","","","","","","","","","","","","","","","","","","","","","","",""
"RBM","RBMCombat_leg_armors.xml","battania_warlord_boots","{=UuWPfE1x}Scaled Boots","LegArmor","Culture.battania","","battania_warlord_boots","2.6","","0","3","","Plate","plate","","","","46","","","","","","","","","","","","","","","","","","","","","","","","","","","","","","","","","","","","","","true","","","","","","","","","","","","","","","","","","","","","","","","","","","","","","","","","","","","","","","","","","","","","","","","","","","","","","","","","","","","","","","","","","","","","","","","","","","","","",""
"RBM","RBMCombat_leg_armors.xml","northern_plated_boots","{=18ZFPXsO}Huscarl Plated Boots","LegArmor","Culture.sturgia","","sturgia_plate_boot","2.9","","","3","","Plate","plate","","","","60","","","","","","","","","","","","","","","","","","","","","","","","","","","","","","","","","","","","","","true","","","","","","","","","","","","","","","","","","","","","","","","","","","","","","","","","","","","","","","","","","","","","","","","","","","","","","","","","","","","","","","","","","","","","","","","","","","","","",""
"RBM","RBMCombat_leg_armors.xml","lamellar_plate_boots","{=9cHyHQ7a}Lamellar Plate Boots","LegArmor","Culture.empire","","imperial_boots","3.5","","0","3","","Plate","plate","","","","62","","","","","","","","","","","","","","","","","","","","","","","","","","","","","","","","","","","","","","true","","","","","","","","","","","","","","","","","","","","","","","","","","","","","","","","","","","","","","","","","","","","","","","","","","","","","","","","","","","","","","","","","","","","","","","","","","","","","",""
"RBM","RBMCombat_leg_armors.xml","assassin_boot","{=iqaRjMhe}Blackened Boots","LegArmor","Culture.nord","","assassin_boot","1","","","4","","Leather","leather","","","","28","","","","","","","","","","","","","","","","","","","","","","","","","","","","","","","","","","","","","","true","20","","","","","","","","","","","","true","","","","","","","","","","","","","","","","","","","","","","","","","","","","","","","","","","","","","","","","","","","","","","","","","","","","","","","","","","","","","","","","",""
"RBM","RBMCombat_ranged.xml","crossbow_f","{=RBM_RAN_001}330 Pound Eastern Crossbow","Crossbow","Culture.vlandia","","crossbow_f","2","20000","100","1","","","","","","","","","","","","","","","","","","Crossbow","Bolt","90","100","Pierce","40","","","70","80","330","","crossbow","crossbow","","","","","","","","","","0.0, 0.02131, 0.22975","","","","","","","bo_cross_bow_heavy","","true","","","","","","","","","","","","","","","","0.02,0,-0.4","","","","","crossbow_back:bow_hip:mace_right_hip:bow_hip_2","","","","","","","","","","","1","","0,0,0.4","","","","","wood_weapon","","2","","","","","","","","","","","","","","","","","","","","","","true","","","","","true","true","","true","",""
"RBM","RBMCombat_ranged.xml","crossbow_g","{=RBM_RAN_002}300 Pound Eastern Crossbow","Crossbow","Culture.vlandia","","crossbow_g","2.2","10000","80","1","","","","","","","","","","","","","","","","","","Crossbow","Bolt","95","100","Pierce","40","","","70","80","300","","crossbow","crossbow","","","","","","","","","","0.0, 0.02131, 0.22975","","","","","","","bo_composite_crossbows","","","","","","","","","","","","","","","","","","0.02,0,-0.4","","","","","crossbow_back:bow_hip:mace_right_hip:bow_hip_2","","","","","","","","","","","1","","0,0,0.4","","","","","wood_weapon","","2","","","","","","","","","","","","","","","","","","","","","","true","","","","","true","true","","true","",""
"RBM","RBMCombat_ranged.xml","crossbow_d","{=RBM_RAN_003}270 Pound Eastern Crossbow","Crossbow","Culture.empire","","crossbow_d","2.2","8000","60","1","","","","","","","","","","","","","","","","","","Crossbow","Bolt","95","100","Pierce","40","","","70","80","270","","crossbow","crossbow","","","","","","","","","","0.0, 0.02131, 0.22975","","","","","","","bo_composite_crossbows","","","","","","","","","","","","","","","","","","0.02,0,-0.4","","","","","crossbow_back:bow_hip:mace_right_hip:bow_hip_2","","","","","","","","","","","1","","0,0,0.4","","","","","wood_weapon","","2","","","","","","","","","","","","","","","","","","","","","","true","","","","","true","true","","true","",""
"RBM","RBMCombat_ranged.xml","crossbow_e","{=RBM_RAN_004}230 Pound Eastern Crossbow","Crossbow","Culture.empire","","crossbow_e","2.2","6000","50","1","","","","","","","","","","","","","","","","","","Crossbow","Bolt","95","100","Pierce","40","","","70","80","230","","crossbow","crossbow","","","","","","","","","","0.0, 0.02131, 0.22975","","","","","","","bo_composite_crossbows","","","","","","","","","","","","","","","","","","0.02,0,-0.4","","","","","crossbow_back:bow_hip:mace_right_hip:bow_hip_2","","","","","","","","","","","1","","0,0,0.4","","","","","wood_weapon","","2","","","","","","","","","","","","","","","","","","","","","","true","","","","","true","true","","true","",""
"RBM","RBMCombat_ranged.xml","crossbow_c","{=RBM_RAN_005}200 Pound Eastern Crossbow","Crossbow","Culture.vlandia","","crossbow_c","3","5000","40","1","","","","","","","","","","","","","","","","","","Crossbow","Bolt","95","100","Pierce","40","","","80","80","200","","crossbow","crossbow","","","","","","","","","","0.0, 0.02131, 0.24675","","","","","","","bo_cross_bow_heavy","","","","","","","","","","","true","","","","","","","0.02,0,-0.4","","","","","crossbow_back:bow_hip:mace_right_hip:bow_hip_2","","","","","","","","","","","1","","0,0,0.4","","","","","wood_weapon","","2","","","","","","","","","","","","","","","","","","","","","","true","","","","","true","true","","","",""
"RBM","RBMCombat_ranged.xml","crossbow_b","{=RBM_RAN_006}160 Pound Eastern Crossbow","Crossbow","Culture.vlandia","","crossbow_b","2.7","4000","30","1","","","","","","","","","","","","","","","","","","Crossbow","Bolt","95","100","Pierce","40","","","80","80","160","","crossbow","crossbow","","","","","","","","","","0.0, 0.02131, 0.24975","","","","","","","bo_cross_bow_heavy","","","","","","","","","","","true","","","","","","","0.02,0,-0.4","","","","","crossbow_back:bow_hip:mace_right_hip:bow_hip_2","","","","","","","","","","","1","","0,0,0.4","","","","","wood_weapon","","2","","","","","","","","","","","","","","","","","","","","","","true","","","","","true","true","","","",""
"RBM","RBMCombat_ranged.xml","crossbow_a","{=RBM_RAN_007}120 Pound Eastern Crossbow","Crossbow","","","crossbow_a","1","2000","20","0.3","","","","","","","","","","","","","","","","","","Crossbow","Bolt","95","100","Pierce","40","","","80","80","120","","crossbow","crossbow_fast","","","","","","","","","","0.0, 0.02131, 0.24650","","","","","","","bo_cross_bow_heavy","","true","","","","","","","","true","true","","","","","","","0.02,0,-0.4","","","","","crossbow_back:bow_hip:mace_right_hip:bow_hip_2","","","","","","","","","","","1","","0,0,0.4","","","","","wood_weapon","","2","","","","","","","","","","","","","","","true","","","","","","","true","","","","","true","true","","","",""
"RBM","RBMCombat_ranged.xml","crossbow_i","{=RBM_RAN_029}100 Pound Eastern Crossbow","Crossbow","Culture.empire","","crossbow_b","3.0","1500","10","0.4","","","","","","","","","","","","","","","","","","Crossbow","Bolt","95","100","Pierce","40","","","80","80","100","","crossbow","crossbow_fast","","","","","","","","","","0.0, 0.02131, 0.24975","","","","","","","bo_cross_bow_heavy","","true","","","","","","","","true","","","","","","","","0.02,0,-0.4","","","","","crossbow_back:bow_hip:mace_right_hip:bow_hip_2","","","","","","","","","","","1","","0,0,0.4","","","","","wood_weapon","","2","","","","","","","","","","","","","","","true","","","","","","","true","","","","","true","true","","","",""
"RBM","RBMCombat_ranged.xml","crossbow_h","{=RBM_RAN_030}Light 80 Pound Eastern Crossbow","Crossbow","Culture.vlandia","","crossbow_a","1.0","1000","0","0.4","","","","","","","","","","","","","","","","","","Crossbow","Bolt","95","100","Pierce","40","","","80","80","80","","crossbow","crossbow_fast","","","","","","","","","","0.0, 0.02131, 0.24650","","","","","","","bo_cross_bow_heavy","","true","","","","","","","","true","","","","","","","","0.02,0,-0.4","","","","","crossbow_back:bow_hip:mace_right_hip:bow_hip_2","","","","","","","","","","","1","","0,0,0.4","","","","","wood_weapon","","2","","","","","","","","","","","","","","","true","","","","","","","true","","","","","true","true","","","",""
"RBM","RBMCombat_ranged.xml","crossbow_repeating_heavy_RBM","{=RBM_RAN_031}Heavy 80 Pound Repeating Crossbow","Crossbow","Culture.vlandia","","crossbow_a","1.0","10000","30","0.4","","","","","","","","","","","","","","","","","","Crossbow","Bolt","95","100","Pierce","40","","","80","80","80","","crossbow","crossbow","","","","","","","","","","0.0, 0.02131, 0.24650","","","","","","","bo_cross_bow_heavy","","true","","","","","","","","true","","","","","","","","0.02,0,-0.4","","","","","crossbow_back:bow_hip:mace_right_hip:bow_hip_2","","","","","","","","","","","8","","0,0,0.4","","","","","wood_weapon","","2","","","","","","","","","","","","","","","true","","","","","","","true","","","","","true","true","","","",""
"RBM","RBMCombat_ranged.xml","crossbow_repeating_medium_RBM","{=RBM_RAN_032}Medium 60 Pound Repeating Crossbow","Crossbow","Culture.vlandia","","crossbow_a","1.0","5000","30","0.4","","","","","","","","","","","","","","","","","","Crossbow","Bolt","95","100","Pierce","40","","","80","80","60","","crossbow","crossbow","","","","","","","","","","0.0, 0.02131, 0.24650","","","","","","","bo_cross_bow_heavy","","true","","","","","","","","true","","","","","","","","0.02,0,-0.4","","","","","crossbow_back:bow_hip:mace_right_hip:bow_hip_2","","","","","","","","","","","10","","0,0,0.4","","","","","wood_weapon","","2","","","","","","","","","","","","","","","true","","","","","","","true","","","","","true","true","","","",""
"RBM","RBMCombat_ranged.xml","crossbow_repeating_light_RBM","{=RBM_RAN_033}Light 45 Pound Repeating Crossbow","Crossbow","Culture.vlandia","","crossbow_a","1.0","2000","0","0.4","","","","","","","","","","","","","","","","","","Crossbow","Bolt","95","100","Pierce","40","","","80","80","45","","crossbow","crossbow","","","","","","","","","","0.0, 0.02131, 0.24650","","","","","","","bo_cross_bow_heavy","","true","","","","","","","","true","","","","","","","","0.02,0,-0.4","","","","","crossbow_back:bow_hip:mace_right_hip:bow_hip_2","","","","","","","","","","","12","","0,0,0.4","","","","","wood_weapon","","2","","","","","","","","","","","","","","","true","","","","","","","true","","","","","true","true","","","",""
"RBM","RBMCombat_ranged.xml","noble_long_bow","{=RBM_RAN_008}200 Pound War Longbow","Bow","Culture.battania","","longbow_j","0.8","8000","140","1","","","","","","","","","","","","","","","","","","Bow","Arrow","118","100","Pierce","30","","","70","70","200","","bow","long_bow","","","","","","","","","","","","","","","","","bo_longbow_j","","true","","","","true","","","","","","","","","","","longbow_j_holster","","","","","","bow_back_longbow:bow_back_longbow_2","","","","","","","","","","","3","","0.15,0,0","","","","","wood_weapon","","","","","","","","","","","","","","","true","","","","","","","","","true","","","","","true","true","true","true","",""
"RBM","RBMCombat_ranged.xml","training_longbow","{=RBM_RAN_009}200 Pound Tournament Longbow","Bow","Culture.vlandia","bow","longbow_a","0.5","600","0","1","","","","","","","","","","","","","","","","","","Bow","Arrow","120","100","Pierce","90","","","70","70","200","","bow","long_bow","","","","","","","","","","","","","","","","","bo_longbow_a","","","","","","true","","","","","","","","","","","","","","","false","","bow_back_longbow:bow_back_longbow_2","","","","","","","","","","","3","","0.15,0,0","","","","","wood_weapon","","","","","","","","","","","","","","","true","","","","","","","","","true","","","","","true","true","true","true","",""
"RBM","RBMCombat_ranged.xml","woodland_longbow","{=RBM_RAN_010}180 Pound War Longbow","Bow","Culture.battania","","longbow_c","0.5","4800","120","1","","","","","","","","","","","","","","","","","","Bow","Arrow","118","100","Pierce","50","","","70","70","180","","bow","long_bow","","","","","","","","","","","","","","","","","bo_longbow_c","","","","","","true","","","","","","","","","","","longbow_c_holster","","","","","","bow_back_longbow:bow_back_longbow_2","","","","","","","","","","","3","","0.15,0,0","","","","","wood_weapon","","","","","","","","","","","","","","","true","","","","","","","","","true","","","","","true","true","true","true","",""
"RBM","RBMCombat_ranged.xml","nomad_bow","{=RBM_RAN_011}170 Pound War Longbow","Bow","Culture.aserai","","longbow_g","0.5","4950","110","1","","","","","","","","","","","","","","","","","","Bow","Arrow","114","100","Pierce","60","","","70","70","170","","bow","long_bow","","","","","","","","","","","","","","","","","bo_longbow_g","","","","","","true","","","","","","","","","","","longbow_g_holster","","","","","","bow_back_longbow:bow_back_longbow_2","","","","","","","","","","","3","","0.15,0,0","","","","","wood_weapon","","","","","","","","","","","","","","","true","","","","","","","","","true","","","","","true","true","true","true","",""
"RBM","RBMCombat_ranged.xml","noble_bow","{=RBM_RAN_012}166 Pound Composite War Bow","Bow","Culture.khuzait","","shortbow_f","0.8","25000","106","1","","","","","","","","","","","","","","","","","","Bow","Arrow","116","100","Pierce","64","","","70","70","166","","bow","bow","","","","","","","","","","","","","","","","","bo_shortbow_f","","true","","","","true","","","","true","","","","","","shortbow_f_holster","shortbow_f_holster_weapon","","","","","","bow_hip:bow_hip_2","","","","","","","","","","","3","","0.1,0,-0.15","","","","","wood_weapon","","","","","","","","","","","","","","","true","","true","","","","","","","true","","","","","true","true","true","true","",""
"RBM","RBMCombat_ranged.xml","training_bow","{=RBM_RAN_013}166 Pound Tournament Composite Bow","Bow","","","shortbow_b","0.3","600","0","1","","","","","","","","","","","","","","","","","","Bow","Arrow","106","100","Pierce","104","","","70","70","166","","bow","bow","","","","","","","","","","","","","","","","","bo_shortbow_b","","","","","","true","","","","true","","","","","","shortbow_b_holster","shortbow_b_holster_weapon","","","","false","","bow_hip:bow_hip_2","","","","","","","","","","","3","","0.0,0,-0.1","","","","","wood_weapon","","","","","","","","","","","","","","","true","","true","","","","","","","true","","","","","true","true","true","true","",""
"RBM","RBMCombat_ranged.xml","lowland_yew_bow","{=RBM_RAN_014}160 Pound War Longbow","Bow","Culture.vlandia","","longbow_b","0.5","4350","100","1","","","","","","","","","","","","","","","","","","Bow","Arrow","117","100","Pierce","70","","","70","70","160","","bow","long_bow","","","","","","","","","","","","","","","","","bo_longbow_b","","","","","","true","","","","","","","","","","","longbow_b_holster","","","","","","bow_back_longbow:bow_back_longbow_2","","","","","","","","","","","3","","0.15,0,0","","","","","wood_weapon","","","","","","","","","","","","","","","true","","","","","","","","","true","","","","","true","true","true","true","",""
"RBM","RBMCombat_ranged.xml","longbow_recurve_desert_bow","{=RBM_RAN_015}150 Pound War Longbow","Bow","Culture.aserai","","longbow_i","0.5","4500","90","1","","","","","","","","","","","","","","","","","","Bow","Arrow","116","100","Pierce","80","","","70","70","150","","bow","long_bow","","","","","","","","","","","","","","","","","bo_longbow_i","","","","","","true","","","","","","","","","","","longbow_i_holster","","","","","","bow_back_longbow:bow_back_longbow_2","","","","","","","","","","","3","","0.15,0,0","","","","","wood_weapon","","","","","","","","","","","","","","","true","","","","","","","","","true","","","","","true","true","true","true","",""
"RBM","RBMCombat_ranged.xml","woodland_yew_bow","{=RBM_RAN_016}140 Pound War Longbow","Bow","Culture.battania","","longbow_d","0.5","3900","80","1","","","","","","","","","","","","","","","","","","Bow","Arrow","115","100","Pierce","90","","","70","70","140","","bow","long_bow","","","","","","","","","","","","","","","","","bo_longbow_d","","","","","","true","","","","","","","","","","","longbow_d_holster","","","","","","bow_back_longbow:bow_back_longbow_2","","","","","","","","","","","3","","0.15,0,0","","","","","wood_weapon","","","","","","","","","","","","","","","true","","","","","","","","","true","","","","","true","true","true","true","",""
"RBM","RBMCombat_ranged.xml","steppe_war_bow","{=RBM_RAN_017}135 Pound Composite War Bow","Bow","Culture.khuzait","","shortbow_a","0.3","6075","75","1","","","","","","","","","","","","","","","","","","Bow","Arrow","107","100","Pierce","95","","","70","70","135","","bow","bow","","","","","","","","","","","","","","","","","bo_shortbow_a","","","","","","true","","","","true","","","","","","shortbow_a_holster","shortbow_a_holster_weapon","","","","","","bow_hip:bow_hip_2","","","","","","","","","","","3","","0.0,0,-0.15","","","","","wood_weapon","","","","","","","","","","","","","","","true","","true","","","","","","","true","","","","","true","true","true","true","",""
"RBM","RBMCombat_ranged.xml","tribal_bow","{=RBM_RAN_018}130 Pound War Longbow","Bow","Culture.aserai","","longbow_h","0.5","3000","70","1","","","","","","","","","","","","","","","","","","Bow","Arrow","115","100","Pierce","100","","","70","70","130","","bow","long_bow","","","","","","","","","","","","","","","","","bo_longbow_h","","","","","","true","","","","","","","","","","","longbow_h_holster","","","","","","bow_back_longbow:bow_back_longbow_2","","","","","","","","","","","3","","0.15,0,0","","","","","wood_weapon","","","","","","","","","","","","","","","true","","","","","","","","","true","","","","","true","true","true","true","",""
"RBM","RBMCombat_ranged.xml","steppe_heavy_bow","{=RBM_RAN_019}125 Pound Composite War Bow","Bow","Culture.khuzait","","shortbow_b","0.3","3750","65","1","","","","","","","","","","","","","","","","","","Bow","Arrow","106","100","Pierce","105","","","73","70","125","","bow","bow","","","","","","","","","","","","","","","","","bo_shortbow_b","","","","","","true","","","","true","","","","","","shortbow_b_holster","shortbow_b_holster_weapon","","","","","","bow_hip:bow_hip_2","","","","","","","","","","","3","","0.0,0,-0.1","","","","","wood_weapon","","","","","","","","","","","","","","","true","","true","","","","","","","true","","","","","true","true","true","true","",""
"RBM","RBMCombat_ranged.xml","lowland_longbow","{=RBM_RAN_020}120 Pound War Longbow","Bow","Culture.vlandia","bow","longbow_a","0.5","2400","60","1","","","","","","","","","","","","","","","","","","Bow","Arrow","120","100","Pierce","110","","","75","70","120","","bow","long_bow","","","","","","","","","","","","","","","","","bo_longbow_a","","","","","","true","","","","","","","","","","","longbow_a_holster","","","","","","bow_back_longbow:bow_back_longbow_2","","","","","","","","","","","3","","0.15,0,0","","","","","wood_weapon","","","","","","","","","","","","","","","true","","","","","","","","","true","","","","","true","true","true","true","",""
"RBM","RBMCombat_ranged.xml","nordic_shortbow","{=RBM_RAN_021}120 Pound Composite War Bow","Bow","Culture.sturgia","","shortbow_e","0.3","3450","60","1","","","","","","","","","","","","","","","","","","Bow","Arrow","108","100","Pierce","110","","","75","70","120","","bow","bow","","","","","","","","","","","","","","","","","bo_shortbow_e","","","","","","true","","","","true","","","","","","shortbow_e_holster","shortbow_e_holster_weapon","","","","","","bow_hip:bow_hip_2","","","","","","","","","","","3","","0.1,0,-0.15","","","","","wood_weapon","","","","","","","","","","","","","","","true","","true","","","","","","","true","","","","","true","true","true","true","",""
"RBM","RBMCombat_ranged.xml","composite_steppe_bow","{=RBM_RAN_022}110 Pound Composite War Bow","Bow","Culture.khuzait","","shortbow_d","0.3","3300","50","1","","","","","","","","","","","","","","","","","","Bow","Arrow","108","100","Pierce","120","","","80","70","110","","bow","bow","","","","","","","","","","","","","","","","","bo_shortbow_d","","","","","","true","","","","true","","","","","","shortbow_d_holster","shortbow_d_holster_weapon","","","","","","bow_hip:bow_hip_2","","","","","","","","","","","3","","0.1,0,-0.15","","","","","wood_weapon","","","","","","","","","","","","","","","true","","true","","","","","","","true","","","","","true","true","true","true","",""
"RBM","RBMCombat_ranged.xml","composite_bow","{=RBM_RAN_023}100 Pound Composite War Bow","Bow","","","shortbow_c","0.3","3000","40","1","","","","","","","","","","","","","","","","","","Bow","Arrow","110","100","Pierce","130","","","85","70","100","","bow","bow","","","","","","","","","","","","","","","","","bo_shortbow_c","","","","","","true","","","","true","","","","","","shortbow_c_holster","shortbow_c_holster_weapon","","","","","","bow_hip:bow_hip_2","","","","","","","","","","","3","","0.1,0,-0.15","","","","","wood_weapon","","","","","","","","","","","","","","","true","","true","","","","","","","true","","","","","true","true","true","true","",""
"RBM","RBMCombat_ranged.xml","glen_ranger_bow","{=RBM_RAN_024}100 Pound War Longbow","Bow","Culture.battania","","longbow_f","0.4","2200","40","1","","","","","","","","","","","","","","","","","","Bow","Arrow","111","100","Pierce","130","","","85","70","100","","bow","long_bow","","","","","","","","","","","","","","","","","bo_longbow_f","","","","","","true","","","","","","","","","","","longbow_f_holster","","","","","","bow_back_longbow:bow_back_longbow_2","","","","","","","","","","","3","","0.15,0,0","","","","","wood_weapon","","","","","","","","","","","","","","","true","","","","","","","","","true","","","","","true","true","true","true","",""
"RBM","RBMCombat_ranged.xml","highland_ranger_bow","{=RBM_RAN_025}90 Pound Longbow","Bow","Culture.battania","","longbow_e","0.4","1800","30","1","","","","","","","","","","","","","","","","","","Bow","Arrow","113","100","Pierce","140","","","90","70","90","","bow","long_bow","","","","","","","","","","","","","","","","","bo_longbow_e","","","","","","true","","","","","","","","","","","longbow_e_holster","","","","","","bow_back_longbow:bow_back_longbow_2","","","","","","","","","","","3","","0.15,0,0","","","","","wood_weapon","","","","","","","","","","","","","","","true","","","","","","","","","true","","","","","true","true","true","true","",""
"RBM","RBMCombat_ranged.xml","steppe_bow","{=RBM_RAN_026}90 Pound Composite Bow","Bow","Culture.khuzait","","shortbow_g","0.3","2700","30","1","","","","","","","","","","","","","","","","","","Bow","Arrow","110","100","Pierce","140","","","90","70","90","","bow","bow","","","","","","","","","","","","","","","","","bo_shortbow_g","","","","","","true","","","","true","","","","","","shortbow_g_holster","shortbow_g_holster_weapon","","","","","","bow_hip:bow_hip_2","","","","","","","","","","","3","","0.1,0,-0.15","","","","","wood_weapon","","","","","","","","","","","","","","","true","","true","","","","","","","true","","","","","true","true","true","true","",""
"RBM","RBMCombat_ranged.xml","mountain_hunting_bow","{=RBM_RAN_027}70 Pound Composite Bow","Bow","","","shortbow_i","0.3","700","10","1","","","","","","","","","","","","","","","","","","Bow","Arrow","108","100","Pierce","160","","","95","75","70","","bow","bow","","","","","","","","","","","","","","","","","bo_shortbow_i","","true","","","","true","","","","true","","","","","","shortbow_i_holster","shortbow_i_holster_weapon","","","","","","bow_hip:bow_hip_2","","","","","","","","","","","3","","0.1,0,-0.15","","","","","wood_weapon","","","","","","","","","","","","","","","true","","true","","","","","","","true","","","","","true","true","true","true","",""
"RBM","RBMCombat_ranged.xml","hunting_bow","{=RBM_RAN_028}60 Pound Composite Bow","Bow","","","shortbow_h","0.3","600","0","1","","","","","","","","","","","","","","","","","","Bow","Arrow","110","100","Pierce","170","","","100","75","60","","bow","bow","","","","","","","","","","","","","","","","","bo_shortbow_h","","true","","","","true","","","","true","","","","","","shortbow_h_holster","shortbow_h_holster_weapon","","","","","","bow_hip:bow_hip_2","","","","","","","","","","","3","","0.1,0,-0.15","","","","","wood_weapon","","","","","","","","","","","","","","","true","","true","","","","","","","true","","","","","true","true","true","true","",""
"RBM","RBMCombat_ranged.xml","throwing_stone","{=1CPdu9K0}Stone","Thrown","","","throwing_stone","0.3","2","","0.1","","","","","","","","","","","","","","","","","","Stone","Stone","10","33","Blunt","102","","","102","45","30","2","","stone","","","","","","","","","","","","","","","","","bo_throwing_stone","","true","","","","","","","","","","","","","bo_axe_short","stone_holster","stone_holster","","","","false","","throwing_stone:throwing_stone_2","","","","","","","","","","","","","","","","","","missile","","","100,30,20","0, -3.0, 0","","","","","","","","","","","true","","","","","","","true","","","","","","","","true","","","","true"
"RBM","RBMCombat_ranged.xml","sling_stoneammo","{=RBM_RAN_034}Stone Sling Pebbles 35 grams","SlingStones","","","sling_ammo","0.035","","","1","","","","","","","","","","","","","","","","","","SlingStone","","10","80","Cut","0","","","0","45","10","40","","","","","","","","","","","","","","","","","","","bo_sling_ammo","","","","","","true","","","","true","","","sling_ammo_flying","","bo_axe_short","stone_holster","stone_holster","","","","","","throwing_stone:throwing_stone_2","","","","","","","","1","","","","","","","","","","missile","","","","","","","","","","","true","","","true","","","","","","","","true","","","","","","","","","","","","true"
"RBM","RBMCombat_ranged.xml","sling_stoneammo_50g","{=RBM_RAN_035}Stone Sling Pebbles 50 grams","SlingStones","","","sling_ammo","0.05","","","1","","","","","","","","","","","","","","","","","","SlingStone","","10","85","Cut","0","","","0","45","10","40","","","","","","","","","","","","","","","","","","","bo_sling_ammo","","","","","","true","","","","true","","","sling_ammo_flying","","bo_axe_short","stone_holster","stone_holster","","","","","","throwing_stone:throwing_stone_2","","","","","","","","1","","","","","","","","","","missile","","","","","","","","","","","true","","","true","","","","","","","","true","","","","","","","","","","","","true"
"RBM","RBMCombat_ranged.xml","sling_stoneammo_80g","{=RBM_RAN_036}Stone Sling Pebbles 80 grams","SlingStones","","","sling_ammo","0.08","","","1","","","","","","","","","","","","","","","","","","SlingStone","","10","90","Cut","0","","","0","45","10","30","","","","","","","","","","","","","","","","","","","bo_sling_ammo","","","","","","true","","","","true","","","throwing_stone","","bo_axe_short","stone_holster","stone_holster","","","","","","throwing_stone:throwing_stone_2","","","","","","","","1","","","","","","","","","","missile","","","","","","","","","","","true","","","true","","","","","","","","true","","","","","","","","","","","","true"
"RBM","RBMCombat_ranged.xml","sling_stoneammo_120g","{=RBM_RAN_037}Stone Sling Stones 120 grams","SlingStones","","","sling_ammo","0.12","","","1","","","","","","","","","","","","","","","","","","SlingStone","","10","95","Cut","0","","","0","45","10","20","","","","","","","","","","","","","","","","","","","bo_sling_ammo","","","","","","true","","","","true","","","throwing_stone","","bo_axe_short","stone_holster","stone_holster","","","","","","throwing_stone:throwing_stone_2","","","","","","","","1","","","","","","","","","","missile","","","","","","","","","","","true","","","true","","","","","","","","true","","","","","","","","","","","","true"
"RBM","RBMCombat_ranged.xml","sling_stoneammo_164g","{=RBM_RAN_038}Stone Sling Half-Libra 164 grams","SlingStones","","","sling_ammo","0.164","","","1","","","","","","","","","","","","","","","","","","SlingStone","","10","100","Cut","0","","","0","45","10","15","","","","","","","","","","","","","","","","","","","bo_sling_ammo","","","","","","true","","","","true","","","throwing_stone","","bo_axe_short","stone_holster","stone_holster","","","","","","throwing_stone:throwing_stone_2","","","","","","","","1","","","","","","","","","","missile","","","","","","","","","","","true","","","true","","","","","","","","true","","","","","","","","","","","","true"
"RBM","RBMCombat_ranged.xml","sling_stoneammo_218g","{=RBM_RAN_039}Stone Sling Half-Mina 218 grams","SlingStones","","","sling_ammo","0.218","","","1","","","","","","","","","","","","","","","","","","SlingStone","","10","100","Cut","0","","","0","45","10","11","","","","","","","","","","","","","","","","","","","bo_sling_ammo","","","","","","true","","","","true","","","projectile_grapeshot_piece_a","","bo_axe_short","stone_holster","stone_holster","","","","","","throwing_stone:throwing_stone_2","","","","","","","","1","","","","","","","","","","missile","","","","","","","","","","","true","","","true","","","","","","","","true","","","","","","","","","","","","true"
"RBM","RBMCombat_ranged.xml","sling_stoneammo_329g","{=RBM_RAN_040}Stone Sling Libra 329 grams","SlingStones","","","sling_ammo","0.329","","","1","","","","","","","","","","","","","","","","","","SlingStone","","10","100","Cut","0","","","0","45","10","8","","","","","","","","","","","","","","","","","","","bo_sling_ammo","","","","","","true","","","","true","","","projectile_grapeshot_piece_a","","bo_axe_short","stone_holster","stone_holster","","","","","","throwing_stone:throwing_stone_2","","","","","","","","1","","","","","","","","","","missile","","","","","","","","","","","true","","","true","","","","","","","","true","","","","","","","","","","","","true"
"RBM","RBMCombat_ranged.xml","sling_stoneammo_436g","{=RBM_RAN_041}Stone Sling Mina 436 grams","SlingStones","","","sling_ammo","0.436","","","1","","","","","","","","","","","","","","","","","","SlingStone","","10","100","Cut","0","","","0","45","10","6","","","","","","","","","","","","","","","","","","","bo_sling_ammo","","","","","","true","","","","true","","","projectile_grapeshot_piece_a","","bo_axe_short","stone_holster","stone_holster","","","","","","throwing_stone:throwing_stone_2","","","","","","","","1","","","","","","","","","","missile","","","","","","","","","","","true","","","true","","","","","","","","true","","","","","","","","","","","","true"
"RBM","RBMCombat_ranged.xml","sling_chiseledammo","{=RBM_RAN_042}Chiseled Sling Bullets 35 grams","SlingStones","","","sling_ammo","0.035","","","1","","","","","","","","","","","","","","","","","","SlingStone","","10","100","Cut","0","","","0","45","10","40","","","","","","","","","","","","","","","","","","","bo_sling_ammo","","","","","","true","","","","true","","","sling_ammo_flying","","bo_axe_short","stone_holster","stone_holster","","","","","","throwing_stone:throwing_stone_2","","","","","","","","3","","","","","","","","","","missile","","","","","","","","","","","true","","","true","","","","","","","","true","","","","","","","","","","","","true"
"RBM","RBMCombat_ranged.xml","sling_chiseledammo_50g","{=RBM_RAN_043}Chiseled Sling Bullets 50 grams","SlingStones","","","sling_ammo","0.05","","","1","","","","","","","","","","","","","","","","","","SlingStone","","10","100","Cut","0","","","0","45","10","40","","","","","","","","","","","","","","","","","","","bo_sling_ammo","","","","","","true","","","","true","","","sling_ammo_flying","","bo_axe_short","stone_holster","stone_holster","","","","","","throwing_stone:throwing_stone_2","","","","","","","","3","","","","","","","","","","missile","","","","","","","","","","","true","","","true","","","","","","","","true","","","","","","","","","","","","true"
"RBM","RBMCombat_ranged.xml","sling_chiseledammo_80g","{=RBM_RAN_044}Chiseled Sling Bullets 80 grams","SlingStones","","","sling_ammo","0.08","","","1","","","","","","","","","","","","","","","","","","SlingStone","","10","100","Cut","0","","","0","45","10","30","","","","","","","","","","","","","","","","","","","bo_sling_ammo","","","","","","true","","","","true","","","sling_ammo_flying","","bo_axe_short","stone_holster","stone_holster","","","","","","throwing_stone:throwing_stone_2","","","","","","","","3","","","","","","","","","","missile","","","","","","","","","","","true","","","true","","","","","","","","true","","","","","","","","","","","","true"
"RBM","RBMCombat_ranged.xml","sling_chiseledammo_140g","{=RBM_RAN_045}Chiseled Sling Siege Bullets 140 grams","SlingStones","","","sling_ammo","0.14","","","1","","","","","","","","","","","","","","","","","","SlingStone","","10","100","Cut","0","","","0","45","10","17","","","","","","","","","","","","","","","","","","","bo_sling_ammo","","","","","","true","","","","true","","","sling_ammo_flying","","bo_axe_short","stone_holster","stone_holster","","","","","","throwing_stone:throwing_stone_2","","","","","","","","3","","","","","","","","","","missile","","","","","","","","","","","true","","","true","","","","","","","","true","","","","","","","","","","","","true"
"RBM","RBMCombat_ranged.xml","sling_leadammo","{=RBM_RAN_046}Lead Sling Bullets 35 grams","SlingStones","","","sling_ammo","0.035","","","1","","","","","","","","","","","","","","","","","","SlingStone","","10","100","Pierce","0","","","0","45","10","60","","","","","","","","","","","","","","","","","","","bo_sling_ammo","","","","","","true","","","","true","","","sling_ammo_flying","","bo_axe_short","stone_holster","stone_holster","","","","","","throwing_stone:throwing_stone_2","","","","","","","","4","","","","","","","","","","missile","","","","","","","","","","","true","","","true","","","","","","","","true","","","","","","","","","","","","true"
"RBM","RBMCombat_ranged.xml","sling_leadammo_50g","{=RBM_RAN_047}Lead Sling Bullets 50 grams","SlingStones","","","sling_ammo","0.05","","","1","","","","","","","","","","","","","","","","","","SlingStone","","10","100","Pierce","0","","","0","45","10","60","","","","","","","","","","","","","","","","","","","bo_sling_ammo","","","","","","true","","","","true","","","sling_ammo_flying","","bo_axe_short","stone_holster","stone_holster","","","","","","throwing_stone:throwing_stone_2","","","","","","","","4","","","","","","","","","","missile","","","","","","","","","","","true","","","true","","","","","","","","true","","","","","","","","","","","","true"
"RBM","RBMCombat_ranged.xml","sling_leadammo_80g","{=RBM_RAN_048}Lead Sling Bullets 80 grams","SlingStones","","","sling_ammo","0.08","","","1","","","","","","","","","","","","","","","","","","SlingStone","","10","100","Pierce","0","","","0","45","10","50","","","","","","","","","","","","","","","","","","","bo_sling_ammo","","","","","","true","","","","true","","","sling_ammo_flying","","bo_axe_short","stone_holster","stone_holster","","","","","","throwing_stone:throwing_stone_2","","","","","","","","4","","","","","","","","","","missile","","","","","","","","","","","true","","","true","","","","","","","","true","","","","","","","","","","","","true"
"RBM","RBMCombat_ranged.xml","sling_wool","{=RBM_RAN_049}Wool Sling 18 Inches","Thrown","","","sling_c","0.1","300","20","1","","","","","","","","","","","","","","","","","","Sling","SlingStone","20","100","Blunt","105","","","105","55","175","","","sling","","","","","","","","","","-0.02, 0.0, 0.0","","","","","","","bo_throwing_stone","","","","","","","","","","true","","","","","bo_axe_short","","sling_holster","","","","","","throwing_stone:throwing_stone_2","","","","","","sling_skeleton","sling_drop_weapon","","","","1","","0,0,0.1","","","","","wood_weapon","","","","","","","","","","","","","","","true","","","","","","","","","","","","","","","true","","","true","true"
"RBM","RBMCombat_ranged.xml","sling_braided","{=RBM_RAN_050}Braided Sling 28 Inches","Thrown","","","sling_b","0.1","600","50","1","","","","","","","","","","","","","","","","","","Sling","SlingStone","20","100","Blunt","100","","","100","50","260","","","sling","","","","","","","","","","-0.02, 0.0, 0.0","","","","","","","bo_throwing_stone","","","","","","","","","","true","","","","","bo_axe_short","","sling_holster","","","","","","throwing_stone:throwing_stone_2","","","","","","sling_skeleton","sling_drop_weapon","","","","1","","0,0,0.1","","","","","wood_weapon","","","","","","","","","","","","","","","true","","","","","","","","","","","","","","","true","","","true","true"
"RBM","RBMCombat_ranged.xml","sling_reinforced","{=RBM_RAN_051}Reinforced Sling 41 Inches","Thrown","","","sling_a","0.1","1000","80","1","","","","","","","","","","","","","","","","","","Sling","SlingStone","20","100","Blunt","120","","","120","45","320","","","sling","","","","","","","","","","-0.02, 0.0, 0.0","","","","","","","bo_throwing_stone","","","","","","","","","","true","","","","","bo_axe_short","","sling_holster","","","","","","throwing_stone:throwing_stone_2","","","","","","sling_skeleton","sling_drop_weapon","","","","1","","0,0,0.1","","","","","wood_weapon","","","","","","","","","","","","","","","true","","","","","","","","","","","","","","","true","","","true","true"
"RBM","RBMCombat_ranged.xml","Flamethrower_RBM","{=RBM_RAN_052}Imperial Cheirosiphon","Crossbow","Culture.vlandia","","crossbow_f","5","50000","100","1","","","","","","","","","","","","","","","","","","Crossbow","Bolt","200","100","Pierce","40","","","70","90","20","","crossbow","crossbow_fast","","","","","","","","","","0.0, 0.02131, 0.22975","","","","","","","bo_cross_bow_heavy","","true","","","","","","","","","","","","","","","","0.02,0,-0.4","","","false","","crossbow_back:bow_hip:mace_right_hip:bow_hip_2","","","","","","","","","","","1","","0,0,0.4","","","","","wood_weapon","","2","","","","","","","","","","","","","","","","","","","","","","true","","","","","true","true","","true","",""
"RBM","RBMCombat_shields.xml","adarga","{=QcKpipVr}Adarga","Shield","Culture.aserai","","shield_aserai_cavalary_a","4.7","","","0.1","","","","","","","","","","","","","","","","","","SmallShield","","60","8","Blunt","82","","","82","","","","","shield","","","","","","","","","","","","","","","","","bo_cap_shield_aserai_cavalary_a","","","","","","","true","true","","","","true","","true","","","","-0.1,-0.0,0","","","","","shield:shield_2:shield_3:shield_4","","","","false","bo_shield_aserai_cavalary_a","","","","","true","","4","-0.0,0.0,0.05","","","400","","wood_shield","0.0, 0.00, 0.00","","0.0,10.0,40.00","","","","","","","","","","","","","","","true","","","","","true","","","","","","","","","","",""
"RBM","RBMCombat_shields.xml","bound_desert_round_sparring_shield","{=RBM_SHI_043}Southern Round Sparring Shield","Shield","Culture.aserai","","aserai_shields_d","7.3","","","1","","","","","","","","","","","","","","","","","","SmallShield","","60","8","Blunt","82","","","82","","","","","shield","","","","","","","","","","","","","","","","","bo_cap_aserai_shields_c","","","","","","","true","true","","","","true","","true","","","","-0.12,-0.15,-0.025","","","false","","shield:shield_2:shield_3:shield_4","","","","false","bo_aserai_shields_d","","","","","true","","4","-0.0, 0.1, 0.1","","","410","","wood_shield","0.0, 0.00, 0.00","","0.0,10.0,40.00","","","","","","","","","","","","","","","true","","","","","true","","","","","","","","","","",""
"RBM","RBMCombat_shields.xml","bound_adarga","{=gfQDDkEY}Wooden Adarga","Shield","Culture.aserai","","aserai_shields_h","7.3","","","1","","","","","","","","","","","","","","","","","","SmallShield","","60","8","Blunt","82","","","82","","","","","shield","","","","","","","","","","","","","","","","","bo_cap_aserai_shields_h","","","","","","","true","true","","","","true","","true","","","","-0.1,-0.0,0","","","","","shield:shield_2:shield_3:shield_4","","","","false","bo_aserai_shields_h","","","","","true","","4","0.0,0.05,0.05","","","440","","wood_shield","0.0, 0.00, 0.00","","0.0,10.0,40.00","","","","","","","","","","","","","","","true","","","","","true","","","","","","","","","","",""
"RBM","RBMCombat_shields.xml","bound_desert_round_shield","{=RBM_SHI_044}Southern Round Shield","Shield","Culture.aserai","","aserai_shields_d","7.3","","","1","","","","","","","","","","","","","","","","","","SmallShield","","60","8","Blunt","82","","","82","","","","","shield","","","","","","","","","","","","","","","","","bo_cap_aserai_shields_c","","","","","","","true","true","","","","true","","true","","","","-0.12,-0.15,-0.025","","","","","shield:shield_2:shield_3:shield_4","","","","false","bo_aserai_shields_d","","","","","true","","4","-0.0, 0.1, 0.1","","","445","","wood_shield","0.0, 0.00, 0.00","","0.0,10.0,40.00","","","","","","","","","","","","","","","true","","","","","true","","","","","","","","","","",""
"RBM","RBMCombat_shields.xml","studded_adarga","{=0666zYUB}Studded Adarga","Shield","Culture.aserai","","shield_aserai_cavalary_b","4.7","","","1","","","","","","","","","","","","","","","","","","SmallShield","","60","8","Blunt","82","","","82","","","","","shield","","","","","","","","","","","","","","","","","bo_cap_shield_aserai_cavalary_b","","","","","","","true","true","","","","true","","true","","","","-0.1,-0.0,0","","","","","shield:shield_2:shield_3:shield_4","","","","false","bo_shield_aserai_cavalary_b","","","","","true","","5","-0.0,0.0,0.05","","","460","","wood_shield","0.0, 0.00, 0.00","","0.0,10.0,40.00","","","","","","","","","","","","","","","true","","","","","true","","","","","","","","","","",""
"RBM","RBMCombat_shields.xml","large_adarga","{=cXesETQJ}Large Adarga","Shield","Culture.aserai","","aserai_shields_i","7.3","","","1","","","","","","","","","","","","","","","","","","SmallShield","","60","8","Blunt","82","","","82","","","","","shield","","","","","","","","","","","","","","","","","bo_cap_aserai_shields_i","","","","","","","true","true","","","","true","","true","","","","-0.06,-0.0,0","","","","","shield:shield_2:shield_3:shield_4","","","","false","bo_aserai_shields_i","","","","","true","","4","0.0,0.05,0.05","","","570","","wood_shield","0.0, 0.00, 0.00","","0.0,10.0,40.00","","","","","","","","","","","","","","","true","","","","","true","","","","","","","","","","",""
"RBM","RBMCombat_shields.xml","ornate_adarga","{=YRYJGzxw}Ornate Adarga","Shield","Culture.aserai","","shield_aserai_cavalary_c","4.7","","","0.7","","","","","","","","","","","","","","","","","","SmallShield","","60","8","Blunt","82","","","82","","","","","shield","","","","","","","","","","","","","","","","","bo_cap_shield_aserai_cavalary_c","","","","","","","true","true","","","","true","","true","","","","-0.1,-0.0,0","","","","","shield:shield_2:shield_3:shield_4","","","","false","bo_shield_aserai_cavalary_c","","","","","true","","5","-0.0,0.0,0.05","","","620","","wood_shield","0.0, 0.00, 0.00","","0.0,10.0,40.00","","","","","","","","","","","","","","","true","","","","","true","","","","","","","","","","",""
"RBM","RBMCombat_shields.xml","studded_round_shield","{=QodawBSN}Iron Round Shield","Shield","Culture.aserai","","aserai_shields_f","7.3","","","0.7","","","","","","","","","","","","","","","","","","SmallShield","","60","8","Blunt","82","","","82","","","","","shield","","","","","","","","","","","","","","","","","bo_cap_aserai_shields_c","","","","","","","true","true","","","","true","","true","","","","-0.1,-0.1,0","","","","","shield:shield_2:shield_3:shield_4","","","","false","bo_aserai_shields_f","","","","","true","","6","-0.0, 0.1, 0.1","","","720","","wood_shield","0.0, 0.00, 0.00","","0.0,10.0,40.00","","","","","","","","","","","","","","","true","","","","","true","","","","","","","","","","",""
"RBM","RBMCombat_shields.xml","steel_round_shield","{=FktkkUMK}Steel Round Shield","Shield","Culture.khuzait","","aserai_shields_g","4","","","0.9","","","","","","","","","","","","","","","","","","SmallShield","","60","8","Blunt","82","","","82","","","","","shield","","","","","","","","","","","","","","","","","bo_cap_aserai_shields_g","","","","","","","true","true","","","","true","","true","","","","-0.1,-0.07,-0.05","","","","","shield:shield_2:shield_3:shield_4","","","","false","bo_aserai_shields_g","","","","","","","15","0.01, 0.07, 0.1","","","2000","","metal_shield","0.0, 0.00, 0.00","","0.0,10.0,40.00","","","","","","","","","","","","","","","true","","","","","true","","","","","","","","","","",""
"RBM","RBMCombat_shields.xml","decorated_steppe_shield","{=iE9JNuZI}Round Steppe Shield","Shield","Culture.khuzait","","shield_khuzait_cavalary_b","4.7","","","0.9","","","","","","","","","","","","","","","","","","SmallShield","","60","8","Blunt","82","","","82","","","","","shield","","","","","","","","","","","","","","","","","bo_cap_shield_khuzait_cavalary_b","","true","","","","","true","true","","","","true","","true","","","","-0.1,-0.05,0.01","","","","","shield_kite:shield_2:shield_3:shield_4","","","","false","bo_shield_khuzait_cavalary_b","","","","","true","","10","-0.0,0.075,0.05","","","1000","","metal_shield","0.0, 0.00, 0.00","","0.0,10.0,40.00","","","","","","","","","","","","","","","true","","","","","true","","","","","","","","","","",""
"RBM","RBMCombat_shields.xml","steppe_guardian_shield","{=8UMQ8ocB}Eastern Cavalry Shield","Shield","Culture.khuzait","","shield_khuzait_cavalary_d","2.7","","","0.9","","","","","","","","","","","","","","","","","","SmallShield","","60","8","Blunt","82","","","82","","","","","shield","","","","","","","","","","","","","","","","","bo_cap_shield_khuzait_cavalary_d","","true","","","","","true","true","","","","true","","true","","","","-0.1,-0.05,0.01","","","","","shield_kite:shield_2:shield_3:shield_4","","","","false","bo_shield_khuzait_cavalary_d","","","","","true","","11","-0.0,0.075,0.05","","","1100","","metal_shield","0.0, 0.00, 0.00","","0.0,10.0,40.00","","","","","","","","","","","","","","","true","","","","","true","","","","","","","","","","",""
"RBM","RBMCombat_shields.xml","tribal_steppe_shield","{=pmabPgC0}Tribal Steppe Shield","Shield","Culture.khuzait","","shield_khuzait_cavalary_a","4.7","","","0.9","","","","","","","","","","","","","","","","","","SmallShield","","60","8","Blunt","82","","","82","","","","","shield","","","","","","","","","","","","","","","","","bo_cap_shield_khuzait_cavalary_a","","true","","","","","true","true","","","","true","","true","","","","-0.1,-0.05,0.01","","","","","shield_kite:shield_2:shield_3:shield_4","","","","false","bo_shield_khuzait_cavalary_a","","","","","true","","9","-0.0,0.075,0.05","","","900","","metal_shield","0.0, 0.00, 0.00","","0.0,10.0,40.00","","","","","","","","","","","","","","","true","","","","","true","","","","","","","","","","",""
"RBM","RBMCombat_shields.xml","noyans_shield","{=3TAnl7hb}Decorated Eastern Shield","Shield","Culture.khuzait","","shield_khuzait_cavalary_c","4.7","","","0.9","","","","","","","","","","","","","","","","","","SmallShield","","60","8","Blunt","82","","","82","","","","","shield","","","","","","","","","","","","","","","","","bo_cap_shield_khuzait_cavalary_c","","true","","","","","true","true","","","","true","","true","","","","-0.1,-0.05,0.01","","","","","shield_kite:shield_2:shield_3:shield_4","","","","false","bo_shield_khuzait_cavalary_c","","","","","true","","12","-0.0,0.075,0.05","","","1500","","metal_shield","0.0, 0.00, 0.00","","0.0,10.0,40.00","","","","","","","","","","","","","","","true","","","","","true","","","","","","","","","","",""
"RBM","RBMCombat_shields.xml","highland_scouts_shield","{=dbbwszHd}Decorated Round Shield","Shield","Culture.battania","","shield_battania_cavalary_a","4.7","","","0.9","","","","","","","","","","","","","","","","","","LargeShield","","60","8","Blunt","82","","","82","","","","","shield","","","","","","","","","","","","","","","","","bo_cap_shield_battania_cavalary_a","","","","","","","true","true","","","","true","","true","","","","-0.1,-0.05,-0.04","","","","","shield_round:shield_4","","","","false","bo_shield_battania_cavalary_a","","","","","true","","4","-0.0,0.055,0.05","","","600","","wood_shield","0.0, 0.00, 0.00","","0.0,10.0,40.00","","","","","","","","","","","","","","","true","","","","","true","","","","","","","","","","",""
"RBM","RBMCombat_shields.xml","highland_riders_shield","{=OSHSIyhN}Highland Round Shield","Shield","Culture.battania","","shield_battania_cavalary_b","4.7","","","0.9","","","","","","","","","","","","","","","","","","LargeShield","","60","8","Blunt","120","","","82","","","","","shield","","","","","","","","","","","","","","","","","bo_cap_shield_battania_cavalary_b","","","","","","","true","true","","","","true","","true","","","","-0.1,-0.05,-0.04","","","","","shield_round:shield_4","","","","false","bo_shield_battania_cavalary_b","","","","","true","","4","-0.0,0.055,0.05","","","700","","wood_shield","0.0, 0.00, 0.00","","0.0,10.0,40.00","","","","","","","","","","","","","","","true","","","","","true","","","","","","","","","","",""
"RBM","RBMCombat_shields.xml","horsemans_heater_shield","{=LOhfAMnh}Small Cavalry Heater Shield","Shield","Culture.vlandia","","heater_shield_b","4.7","","","1","","","","","","","","","","","","","","","","","","SmallShield","","65","8","Blunt","82","","","97","","","","","shield","","","","","","","","","","","","","","","","","bo_cap_heater_shield_b","","","","","","","true","true","","","","true","","true","","","","-0.1,0.0,0.025","","","","","shield:shield_2:shield_3:shield_4","","","","false","bo_heater_shield_b","","","","","true","","4","0.0,0.1,0.05","","","410","","wood_shield","0.0, 0.00, 0.00","","0.0,10.0,40.00","","","","","","","","","","","","","","","true","","","","","true","","","","","","","","","","",""
"RBM","RBMCombat_shields.xml","curved_round_shield","{=hE8s9bpP}Curved Round Shield","Shield","Culture.aserai","","aserai_shields_e","7.3","","","1","","","","","","","","","","","","","","","","","","SmallShield","","66","8","Blunt","82","","","82","","","","","shield","","","","","","","","","","","","","","","","","bo_cap_aserai_shields_e","","","","","","","true","true","","","","true","","true","","","","-0.07,-0.1,-0.0","","","","","shield:shield_2:shield_3:shield_4","","","","false","bo_aserai_shields_e","","","","","true","","5","-0.0, 0.1, 0.1","","","490","","wood_shield","0.0, 0.00, 0.00","","0.0,10.0,40.00","","","","","","","","","","","","","","","true","","","","","true","","","","","","","","","","",""
"RBM","RBMCombat_shields.xml","small_flat_heater_shield","{=iFPkhVGe}Small Flat Heater Shield","Shield","Culture.vlandia","","heater_shield_h","2.5","","","1","","","","","","","","","","","","","","","","","","SmallShield","","70","8","Blunt","82","","","95","","","","","shield","","","","","","","","","","","","","","","","","bo_cap_heater_shield_h","","","","","","","true","true","","","","true","","true","","","","-0.08,0,0.0","","","","","shield:shield_2:shield_3:shield_4","","","","false","bo_heater_shield_h","","","","","true","","3","-0.035,0.1,0.05","","","420","","wood_shield","0.0, 0.00, 0.00","","0.0,10.0,40.00","","","","","","","","","","","","","","","true","","","","","true","","","","","","","","","","",""
"RBM","RBMCombat_shields.xml","small_heater_shield","{=Ai7qIb9I}Small Heater Shield","Shield","Culture.vlandia","","heater_shield_c","4.7","","","1","","","","","","","","","","","","","","","","","","SmallShield","","70","8","Blunt","82","","","82","","","","","shield","","","","","","","","","","","","","","","","","bo_cap_heater_shield_c","","","","","","","true","true","","","","true","","true","","","","-0.1,0.0,0.025","","","","","shield:shield_2:shield_3:shield_4","","","","false","bo_heater_shield_c","","","","","true","","4","0.0,0.1,0.05","","","450","","wood_shield","0.0, 0.00, 0.00","","0.0,10.0,40.00","","","","","","","","","","","","","","","true","","","","","true","","","","","","","","","","",""
"RBM","RBMCombat_shields.xml","battania_targe_b","{=MnmUBlbL}Targe","Shield","Culture.battania","","battania_targe_b","2.5","","","1.1","","","","","","","","","","","","","","","","","","SmallShield","","70","8","Blunt","82","","","82","","","","","shield","","","","","","","","","","","","","","","","","bo_cap_battania_targe_b","","true","","","","","true","true","","","","true","","true","","","","-0.1,0.0,0","","","","","left_forearm_shield","","","","false","bo_battania_targe_b","","","","","true","","4","-0.0, 0.12, 0.1","","","530","","wood_shield","0.02,-0.05, 0.02","","3.70,9.50,36.40","","","","","","","","","","","","","","","true","","","","","true","","","","","","","","","","",""
"RBM","RBMCombat_shields.xml","battania_shield_targe_a","{=JzZJpbTB}Reinforced Targe","Shield","Culture.battania","","battania_shield_targe_a","2.5","","","1.6","","","","","","","","","","","","","","","","","","SmallShield","","70","8","Blunt","82","","","82","","","","","shield","","","","","","","","","","","","","","","","","bo_cap_battania_shield_targe_a","","true","","","","","true","true","","","","true","","true","","","","0.0,0.0,0","","","","","shield_kite:shield_2:shield_3:shield_4","","","","false","bo_battania_shield_targe_a","","","","","true","","5","-0.0, 0.12, 0.1","","","580","","wood_shield","0.12, 0.08, 0.01","","3.40,5.10,25.00","","","","","","","","","","","","","","","true","","","","","true","","","","","","","","","","",""
"RBM","RBMCombat_shields.xml","battania_large_shield_c","{=RBM_SHI_051}Highland Skirmisher Shield","Shield","Culture.battania","","battania_large_shield_c","3.5","","","0.5","","","","","","","","","","","","","","","","","","SmallShield","","70","8","Blunt","82","","","82","","","","","hand_shield","","","","","","","","","","","","","","","","","bo_cap_battania_large_shield_c","","","","","","true","","true","","","","true","","true","","","","0.0,0.1,0,0","","","","","shield_kite:shield_2:shield_3:shield_4","","","","false","bo_battania_large_shield_c","","","","","true","","4","0.0,0.065,0.05","","","590","","wood_shield","0.01, 0.0, -0.01","","254.50,-68.80,8.70","","","","","","","","","","","","","","","true","","","","","true","","","","","","","","","","",""
"RBM","RBMCombat_shields.xml","battania_large_shield_a","{=RBM_SHI_052}Iron Reinforced Highland Skirmisher Shield","Shield","Culture.battania","","battania_large_shield_a","3.5","","","1.1","","","","","","","","","","","","","","","","","","SmallShield","","70","8","Blunt","82","","","82","","","","","hand_shield","","","","","","","","","","","","","","","","","bo_cap_battania_large_shield_a","","","","","","true","","true","","","","true","","true","","","","0.0,0.1,0","","","","","shield_kite:shield_2:shield_3:shield_4","","","","false","bo_battania_large_shield_a","","","","","true","","6","0.0,0.065,0.05","","","680","","wood_shield","0.05, -0.01, 0.00","","-91.80,-62.90,0.00","","","","","","","","","","","","","","","true","","","","","true","","","","","","","","","","",""
"RBM","RBMCombat_shields.xml","battania_large_shield_b","{=RBM_SHI_053}Bronze Reinforced Highland Skirmisher Shield","Shield","Culture.battania","","battania_large_shield_b","3.5","","","1","","","","","","","","","","","","","","","","","","SmallShield","","70","8","Blunt","82","","","82","","","","","hand_shield","","","","","","","","","","","","","","","","","bo_cap_battania_large_shield_b","","","","","","true","","true","","","","true","","true","","","","0.0,0.1,0","","","","","shield_kite:shield_2:shield_3:shield_4","","","","false","bo_battania_large_shield_b","","","","","true","","5","0.0,0.065,0.05","","","630","","wood_shield","0.04, -0.01, 0.0","","254.50,-62.10,8.70","","","","","","","","","","","","","","","true","","","","","true","","","","","","","","","","",""
"RBM","RBMCombat_shields.xml","northern_round_sparring_shield","{=RBM_SHI_045}Northern Round Sparring Shield","Shield","Culture.sturgia","","shield_sturgia_infantary_b","3.3","","0","1","","","","","","","","","","","","","","","","","","SmallShield","","70","8","Blunt","82","","","87","","","","","hand_shield","","","","","","","","","","","","","","","","","bo_cap_shield_sturgia_infantary_a","","","","","","true","","true","","","","true","","true","","","","0.0,0,0.01","","","false","","shield_round:shield_4","","","","false","bo_cap_shield_sturgia_infantary_b","","","","","true","","5","0.0,0.065,0.05","","","440","","wood_shield","-0.02, 0.0, 0.0","","-15.0,-90.0,-10.0","","","","","","","","","","","","","","","true","","","","","true","","","","","","","","","","",""
"RBM","RBMCombat_shields.xml","sturgia_old_shield_b","{=nTjEUF9z}Crude Large Round Shield","Shield","Culture.sturgia","","sturgia_old_shield_b","7.3","","0","1","","","","","","","","","","","","","","","","","","LargeShield","","70","8","Blunt","82","","","82","","","","","hand_shield","","","","","","","","","","","","","","","","","bo_cap_sturgia_old_shield","","","","","","true","","true","","","","true","","true","","","","0,0,0.01","","","","","shield_round:shield_4","","","","false","bo_sturgia_old_shield","","","","","true","","3","0, 0, 0","","","480","","wood_shield","-0.02, 0.0, 0.0","","-15.0,-90.0,-10.0","","","","","","","","","","","","","","","true","","","","","true","","","","","","","","","","",""
"RBM","RBMCombat_shields.xml","northern_round_shield","{=RBM_SHI_046}Northern Round Shield","Shield","Culture.sturgia","","shield_sturgia_infantary_b","3.3","","0","1","","","","","","","","","","","","","","","","","","SmallShield","","70","8","Blunt","82","","","87","","","","","hand_shield","","","","","","","","","","","","","","","","","bo_cap_shield_sturgia_infantary_a","","","","","","true","","true","","","","true","","true","","","","0.0,0,0.01","","","","","shield_round:shield_4","","","","false","bo_cap_shield_sturgia_infantary_b","","","","","true","","5","0.0,0.065,0.05","","","480","","wood_shield","-0.02, 0.0, 0.0","","-195.0,-90.0,-10.0","","","","","","","","","","","","","","","true","","","","","true","","","","","","","","","","",""
"RBM","RBMCombat_shields.xml","desert_round_shield","{=vFqkSbGC}Reinforced Desert Round Shield","Shield","Culture.aserai","","aserai_shields_c","7.3","","","0.9","","","","","","","","","","","","","","","","","","SmallShield","","70","8","Blunt","82","","","82","","","","","shield","","","","","","","","","","","","","","","","","bo_cap_aserai_shields_d","","","","","","","true","true","","","","true","","true","","","","-0.12,-0.20,-0.08","","","","","shield_round:shield_4","","","","false","bo_aserai_shields_c","","","","","true","","3","-0.0, 0.12, 0.1","","","500","","wood_shield","0.0, 0.00, 0.00","","0.0,10.0,40.00","","","","","","","","","","","","","","","true","","","","","true","","","","","","","","","","",""
"RBM","RBMCombat_shields.xml","sturgia_old_shield_c","{=EXLY9mEb}Reinforced Large Round Shield","Shield","Culture.sturgia","","sturgia_old_shield_c","7.3","","0","1","","","","","","","","","","","","","","","","","","LargeShield","","70","8","Blunt","82","","","82","","","","","hand_shield","","","","","","","","","","","","","","","","","bo_cap_sturgia_old_shield","","","","","","true","","true","","","","true","","true","","","","0,0,0.01","","","","","shield_round:shield_4","","","","false","bo_sturgia_old_shield","","","","","true","","6","0, 0, 0","","","630","","wood_shield","-0.02, 0.0, 0.0","","-15.0,-90.0,-10.0","","","","","","","","","","","","","","","true","","","","","true","","","","","","","","","","",""
"RBM","RBMCombat_shields.xml","viking_round_shield","{=z62uDlbh}Norse Round Shield","Shield","Culture.sturgia","","shield_sturgia_infantary_a","3.5","","","1","","","","","","","","","","","","","","","","","","SmallShield","","70","8","Blunt","82","","","82","","","","","hand_shield","","","","","","","","","","","","","","","","","bo_cap_shield_sturgia_infantary_a","","","","","","true","","true","","","","true","","true","","","","0.0,0,0.01","","","","","shield_round:shield_4","","","","false","bo_shield_sturgia_infantary_a","","","","","true","","5","0.0,0.065,0.05","","","630","","wood_shield","-0.02, 0.0, 0.0","","-15.0,-90.0,-10.0","","","","","","","","","","","","","","","true","","","","","true","","","","","","","","","","",""
"RBM","RBMCombat_shields.xml","leather_round_shield","{=WYFDXE82}Large Round Shield","Shield","Culture.sturgia","","sturgia_shield_b","6.9","","0","1","","","","","","","","","","","","","","","","","","LargeShield","","70","8","Blunt","89","","","89","","","","","hand_shield","","","","","","","","","","","","","","","","","bo_cap_sturgia_shield_a","","","","","","true","","true","","","","true","","true","","","","0,0,0.01","","","","","shield_round:shield_4","","","","false","bo_sturgia_shield_b","","","","","true","","5","0, 0.15, 0","","","680","","wood_shield","-0.02, 0.0, 0.0","","-15.0,-90.0,-10.0","","","","","","","","","","","","","","","true","","","","","true","","","","","","","","","","",""
"RBM","RBMCombat_shields.xml","strapped_round_shield","{=EXLY9mEb}Reinforced Large Round Shield","Shield","Culture.sturgia","","sturgia_shield_c","7.3","","0","1","","","","","","","","","","","","","","","","","","LargeShield","","70","8","Blunt","82","","","82","","","","","hand_shield","","","","","","","","","","","","","","","","","bo_cap_sturgia_shield_a","","","","","","true","","true","","","","true","","true","","","","0,0,0.01","","","","","shield_round:shield_4","","","","false","bo_sturgia_shield_c","","","","","true","","6","0, 0, 0","","","690","","wood_shield","-0.02, 0.0, 0.0","","-15.0,-90.0,-10.0","","","","","","","","","","","","","","","true","","","","","true","","","","","","","","","","",""
"RBM","RBMCombat_shields.xml","heavy_round_shield","{=hRKmfw2H}Heavy Round Shield","Shield","Culture.sturgia","","sturgia_shield_a","4.7","","0","0.9","","","","","","","","","","","","","","","","","","LargeShield","","70","8","Blunt","86","","","86","","","","","hand_shield","","","","","","","","","","","","","","","","","bo_cap_sturgia_shield_a","","","","","","true","","true","","","","true","","true","","","","0,0,0","","","","","shield_round:shield_4","","","","false","bo_sturgia_shield_a","","","","","true","","7","0, 0, 0","","","700","","wood_shield","-0.02, 0.0, 0.0","","-15.0,-90.0,-10.0","","","","","","","","","","","","","","","true","","","","","true","","","","","","","","","","",""
"RBM","RBMCombat_shields.xml","sturgia_old_shield_a","{=RddFH0BA}Iron Rimmed Large Round Shield","Shield","Culture.sturgia","","sturgia_old_shield_a","7.3","","0","1","","","","","","","","","","","","","","","","","","LargeShield","","70","8","Blunt","82","","","82","","","","","hand_shield","","","","","","","","","","","","","","","","","bo_cap_sturgia_old_shield","","","","","","true","","true","","","","true","","true","","","","0,0,0.01","","","","","shield_round:shield_4","","","","false","bo_sturgia_old_shield","","","","","true","","5","0, 0, 0","","","780","","wood_shield","-0.02, 0.0, 0.0","","-15.0,-90.0,-10.0","","","","","","","","","","","","","","","true","","","","","true","","","","","","","","","","",""
"RBM","RBMCombat_shields.xml","battered_horsemans_kite_shield","{=TV02bZ4t}Worn Horseman Kite Shield","Shield","Culture.empire","","kite_shield_k","3.6","","","0.1","","","","","","","","","","","","","","","","","","SmallShield","","78","8","Blunt","82","","","82","","","","","shield","","","","","","","","","","","","","","","","","bo_cap_kite_shield_k","","","","","","","true","true","","","","true","","true","","","","-0.1,-0.1,-0.025","","","","","shield_kite:shield_2:shield_3:shield_4","","","","false","bo_kite_shield_k","","","","","true","","1","0.0,0.1,0.0","","","370","","wood_shield","0.0, 0.00, 0.00","","0.0,10.0,40.00","","","","","","","","","","","","","","","true","","","","","true","","","","","","","","","","",""
"RBM","RBMCombat_shields.xml","old_horsemans_kite_shield","{=8ndLVeN0}Wooden Kite Shield","Shield","Culture.empire","","kite_shield_f","3.6","","","0.3","","","","","","","","","","","","","","","","","","SmallShield","","78","8","Blunt","82","","","82","","","","","shield","","","","","","","","","","","","","","","","","bo_cap_kite_shield_f","","","","","","","true","true","","","","true","","true","","","","-0.1,-0.1,0.035","","","","","shield_kite:shield_2:shield_3:shield_4","","","","false","bo_kite_shield_f","","","","","true","","3","0.0,0.05,0.0","","","390","","wood_shield","0.0, 0.00, 0.00","","0.0,10.0,40.00","","","","","","","","","","","","","","","true","","","","","true","","","","","","","","","","",""
"RBM","RBMCombat_shields.xml","worn_horsemans_kite_shield","{=7MlFqkJ8}Makeshift Horseman Kite Shield","Shield","Culture.empire","","kite_shield_g","4","","","1","","","","","","","","","","","","","","","","","","SmallShield","","78","8","Blunt","82","","","82","","","","","shield","","","","","","","","","","","","","","","","","bo_cap_kite_shield_g","","","","","","","true","true","","","","true","","true","","","","-0.1,-0.1,0.035","","","","","shield_kite:shield_2:shield_3:shield_4","","","","false","bo_kite_shield_g","","","","","true","","2","0.0,0.1,0.0","","","395","","wood_shield","0.0, 0.00, 0.00","","0.0,10.0,40.00","","","","","","","","","","","","","","","true","","","","","true","","","","","","","","","","",""
"RBM","RBMCombat_shields.xml","light_horsemans_kite_shield","{=O3TTXEFe}Light Cavalry Kite Shield","Shield","Culture.empire","","kite_shield_l","1.9","","","0.1","","","","","","","","","","","","","","","","","","SmallShield","","78","8","Blunt","82","","","103","","","","","shield","","","","","","","","","","","","","","","","","bo_cap_kite_shield_l","","","","","","","true","true","","","","true","","true","","","","-0.1,-0.1,0.025","","","","","shield_kite:shield_2:shield_3:shield_4","","","","false","bo_kite_shield_l","","","","","true","","3","0.0,0.1,0.0","","","405","","wood_shield","0.0, 0.00, 0.00","","0.0,10.0,40.00","","","","","","","","","","","","","","","true","","","","","true","","","","","","","","","","",""
"RBM","RBMCombat_shields.xml","bound_horsemans_kite_shield","{=FxnFBhrF}Cavalry Kite Shield","Shield","Culture.empire","","kite_shield_h","5.5","","","1","","","","","","","","","","","","","","","","","","SmallShield","","78","8","Blunt","82","","","94","","","","","shield","","","","","","","","","","","","","","","","","bo_cap_kite_shield_h","","","","","","","true","true","","","","true","","true","","","","-0.1,-0.1,-0.025","","","","","shield_kite:shield_2:shield_3:shield_4","","","","false","bo_kite_shield_h","","","","","true","","5","0.0,0.1,0.1","","","425","","wood_shield","0.0, 0.00, 0.00","","0.0,10.0,40.00","","","","","","","","","","","","","","","true","","","","","true","","","","","","","","","","",""
"RBM","RBMCombat_shields.xml","reinforced_horsemans_kite_shield","{=jqWBGBo7}Reinforced Cavalry Small Shield","Shield","Culture.empire","","kite_shield_j","5.8","","0","0.6","","","","","","","","","","","","","","","","","","SmallShield","","78","8","Blunt","82","","","82","","","","","shield","","","","","","","","","","","","","","","","","bo_cap_kite_shield_j","","","","","","","true","true","","","","true","","true","","","","-0.1,-0.1,-0.025","","","","","shield_kite:shield_2:shield_3:shield_4","","false","","false","bo_kite_shield_j","","","","","true","","6","0, 0, 0","","","465","","wood_shield","0.0, 0.00, 0.00","","0.0,10.0,40.00","","","","","","","","","","","","","","","true","","","","","true","","","","","","","","","","",""
"RBM","RBMCombat_shields.xml","northern_scouts_shield","{=RBM_SHI_047}Northern Cavalry Kite Shield","Shield","Culture.sturgia","","shield_sturgia_cavalary_a","4.7","","","0.7","","","","","","","","","","","","","","","","","","SmallShield","","78","8","Blunt","82","","","101","","","","","shield","","","","","","","","","","","","","","","","","bo_cap_shield_sturgia_cavalary_a","","","","","","","true","true","","","","true","","true","","","","-0.1,-0.1,0","","","","","shield_kite:shield_2:shield_3:shield_4","","","","false","bo_cap_shield_sturgia_cavalary_a","","","","","true","","5","0.0,0.1,0.05","","","500","","wood_shield","0.0, 0.00, 0.00","","0.0,10.0,40.00","","","","","","","","","","","","","","","true","","","","","true","","","","","","","","","","",""
"RBM","RBMCombat_shields.xml","northern_horsemans_shield","{=BmHJmxXz}Reinforced Cavalry Shield","Shield","Culture.sturgia","","shield_sturgia_cavalary_b","4.7","","","0.7","","","","","","","","","","","","","","","","","","SmallShield","","78","8","Blunt","82","","","82","","","","","shield","","","","","","","","","","","","","","","","","bo_cap_shield_sturgia_cavalary_b","","","","","","","true","true","","","","true","","true","","","","-0.1,-0.1,0","","","","","shield_kite:shield_2:shield_3:shield_4","","","","false","bo_shield_sturgia_cavalary_b","","","","","true","","6","0.0,0.1,0.05","","","520","","wood_shield","0.0, 0.00, 0.00","","0.0,10.0,40.00","","","","","","","","","","","","","","","true","","","","","true","","","","","","","","","","",""
"RBM","RBMCombat_shields.xml","heavy_horsemans_kite_shield","{=kNDbSy6K}Reinforced Cavalry Kite Shield","Shield","Culture.empire","","kite_shield_n","4.9","","","0.9","","","","","","","","","","","","","","","","","","SmallShield","","78","8","Blunt","82","","","82","","","","","shield","","","","","","","","","","","","","","","","","bo_cap_kite_shield_n","","","","","","","true","true","","","","true","","true","","","","-0.1,-0.1,-0.025","","","","","shield_kite:shield_2:shield_3:shield_4","","","","false","bo_kite_shield_n","","","","","true","","6","0.0,0.1,0.1","","","630","","wood_shield","0.0, 0.00, 0.00","","0.0,10.0,40.00","","","","","","","","","","","","","","","true","","","","","true","","","","","","","","","","",""
"RBM","RBMCombat_shields.xml","heater_shield_with_cutout","{=txgUxMYw}Heater Shield With Cutout","Shield","Culture.vlandia","","heater_shield_e","4.7","","","1","","","","","","","","","","","","","","","","","","SmallShield","","80","8","Blunt","82","","","82","","","","","shield","","","","","","","","","","","","","","","","","bo_cap_heater_shield_e","","","","","","","true","true","","","","true","","true","","","","-0.1,-0.0,-0.0","","","","","shield:shield_2:shield_3:shield_4","","","","false","bo_heater_shield_e","","","","","true","","4","0.0,0.1,0.8","","","435","","wood_shield","0.0, 0.00, 0.00","","0.0,10.0,40.00","","","","","","","","","","","","","","","true","","","","","true","","","","","","","","","","",""
"RBM","RBMCombat_shields.xml","western_riders_kite_sparring_shield","{=RBM_SHI_048}Western Riders Kite Sparring Shield","Shield","Culture.vlandia","","shield_vlandia_cavalary_a","4.7","","","1","","","","","","","","","","","","","","","","","","SmallShield","","85","8","Blunt","82","","","82","","","","","shield","","","","","","","","","","","","","","","","","bo_cap_shield_vlandia_cavalary_a","","","","","","","true","true","","","","true","","true","","","","-0.1,-0.1,0","","","false","","shield_kite:shield_2:shield_3:shield_4","","","","false","bo_shield_vlandia_cavalary_a","","","","","true","","4","0.0,0.1,0.05","","","435","","wood_shield","0.0, 0.00, 0.00","","0.0,10.0,40.00","","","","","","","","","","","","","","","true","","","","","true","","","","","","","","","","",""
"RBM","RBMCombat_shields.xml","western_riders_kite_shield","{=RBM_SHI_049}Western Riders Kite Shield","Shield","Culture.vlandia","","shield_vlandia_cavalary_a","4.7","","","1","","","","","","","","","","","","","","","","","","SmallShield","","85","8","Blunt","82","","","82","","","","","shield","","","","","","","","","","","","","","","","","bo_cap_shield_vlandia_cavalary_a","","","","","","","true","true","","","","true","","true","","","","-0.1,-0.1,0","","","","","shield_kite:shield_2:shield_3:shield_4","","","","false","bo_shield_vlandia_cavalary_a","","","","","true","","4","0.0,0.1,0.05","","","475","","wood_shield","0.0, 0.00, 0.00","","0.0,10.0,40.00","","","","","","","","","","","","","","","true","","","","","true","","","","","","","","","","",""
"RBM","RBMCombat_shields.xml","ironrim_riders_kite_shield","{=dWr3nuBq}Reinforced Ironrimmed Kite Shield","Shield","Culture.vlandia","","shield_vlandia_cavalary_b","4.7","","","0.6","","","","","","","","","","","","","","","","","","SmallShield","","85","8","Blunt","82","","","82","","","","","shield","","","","","","","","","","","","","","","","","bo_cap_shield_vlandia_cavalary_b","","","","","","","true","true","","","","true","","true","","","","-0.1,-0.1,0","","","","","shield_kite:shield_2:shield_3:shield_4","","","","false","bo_shield_vlandia_cavalary_b","","","","","true","","5","0.0,0.1,0.05","","","490","","wood_shield","0.0, 0.00, 0.00","","0.0,10.0,40.00","","","","","","","","","","","","","","","true","","","","","true","","","","","","","","","","",""
"RBM","RBMCombat_shields.xml","eastern_wicker_sparring_shield","{=89bCqb0Z}Wicker Square Tournament Shield","Shield","Culture.khuzait","","shield_khuzait_infantary_a","2.7","","","1","","","","","","","","","","","","","","","","","","LargeShield","","90","8","Blunt","82","","","82","","","","","shield","","","","","","","","","","","","","","","","","bo_cap_shield_khuzait_infantary_a","","","","","","","true","true","","","","true","","true","","","","-0.1,-0.1,0.01","","","false","","shield:shield_2:shield_3:shield_4","","","","false","bo_shield_khuzait_infantary_a","","","","","true","","2","-0.0,0.25,0.05","","","420","","wood_shield","0.0, 0.00, 0.00","","0.0,10.0,40.00","","","","","","","","","","","","","","","true","","","","","true","","","","","","","","","","",""
"RBM","RBMCombat_shields.xml","eastern_wicker_shield","{=pEaYQqG9}Wicker Square Shield","Shield","Culture.khuzait","","shield_khuzait_infantary_a","2.7","","","1","","","","","","","","","","","","","","","","","","LargeShield","","90","8","Blunt","82","","","82","","","","","shield","","","","","","","","","","","","","","","","","bo_cap_shield_khuzait_infantary_a","","","","","","","true","true","","","","true","","true","","","","-0.1,-0.1,0.01","","","","","shield:shield_2:shield_3:shield_4","","","","false","bo_shield_khuzait_infantary_a","","","","","true","","2","-0.0,0.25,0.05","","","460","","wood_shield","0.0, 0.00, 0.00","","0.0,10.0,40.00","","","","","","","","","","","","","","","true","","","","","true","","","","","","","","","","",""
"RBM","RBMCombat_shields.xml","flat_heater_shield","{=ap2yulQ2}Flat Heater Shield","Shield","Culture.vlandia","","heater_shield_f","4.7","","","1","","","","","","","","","","","","","","","","","","SmallShield","","90","8","Blunt","82","","","93","","","","","shield","","","","","","","","","","","","","","","","","bo_cap_heater_shield_f","","","","","","","true","true","","","","true","","true","","","","-0.10,0.1,0.025","","","","","shield:shield_2:shield_3:shield_4","","","","false","bo_heater_shield_f","","","","","true","","3","0.0,0.1,0.05","","","510","","wood_shield","0.0, 0.00, 0.00","","0.0,10.0,40.00","","","","","","","","","","","","","","","true","","","","","true","","","","","","","","","","",""
"RBM","RBMCombat_shields.xml","stronger_eastern_wicker_shield","{=F9HQABfN}Reinforced Wicker Square Shield","Shield","Culture.khuzait","","shield_khuzait_infantary_a","2.7","","","1","","","","","","","","","","","","","","","","","","LargeShield","","90","8","Blunt","82","","","82","","","","","shield","","","","","","","","","","","","","","","","","bo_cap_shield_khuzait_infantary_a","","","","","","","true","true","","","","true","","true","","","","-0.1,-0.1,0.01","","","","","shield:shield_2:shield_3:shield_4","","","","false","bo_shield_khuzait_infantary_a","","","","","true","","3","-0.0,0.25,0.05","","","570","","wood_shield","0.0, 0.00, 0.00","","0.0,10.0,40.00","","","","","","","","","","","","","","","true","","","","","true","","","","","","","","","","",""
"RBM","RBMCombat_shields.xml","wide_heater_shield","{=OhEQUMk0}Wide Heater Shield","Shield","Culture.vlandia","","heater_shield_i","4.7","","","0.7","","","","","","","","","","","","","","","","","","SmallShield","","90","8","Blunt","82","","","82","","","","","shield","","","","","","","","","","","","","","","","","bo_cap_heater_shield_i","","","","","","","true","true","","","","true","","true","","","","-0.1,-0.1,0","","","","","shield:shield_2:shield_3:shield_4","","","","false","bo_heater_shield_i","","","","","true","","4","-0.0,0.2,0.05","","","650","","wood_shield","0.0, 0.00, 0.00","","0.0,10.0,40.00","","","","","","","","","","","","","","","true","","","","","true","","","","","","","","","","",""
"RBM","RBMCombat_shields.xml","jousting_shield","{=nVAhoxcH}Knights Shield","Shield","Culture.vlandia","","heater_shield_d","4.7","","","1","","","","","","","","","","","","","","","","","","SmallShield","","90","8","Blunt","82","","","82","","","","","shield","","","","","","","","","","","","","","","","","bo_cap_heater_shield_d","","","","","","","true","true","","","","true","","true","","","","-0.1,-0.1,-0.0","","","","","shield_kite:shield_2:shield_3:shield_4","","","","false","bo_heater_shield_d","","","","","true","","5","0.0,0.1,0.05","","","485","","wood_shield","0.0, 0.00, 0.00","","0.0,10.0,40.00","","","","","","","","","","","","","","","true","","","","","true","","","","","","","","","","",""
"RBM","RBMCombat_shields.xml","footmans_wicker_shield","{=1w5StEM1}Wicker Shield","Shield","Culture.khuzait","","shield_khuzait_infantary_b","4.7","","","0.7","","","","","","","","","","","","","","","","","","LargeShield","","95","8","Blunt","82","","","82","","","","","shield","","","","","","","","","","","","","","","","","bo_cap_shield_khuzait_infantary_a","","","","","","","true","true","","","","true","","true","","","","-0.1,-0.1,0.01","","","","","shield:shield_2:shield_3:shield_4","","","","false","bo_shield_khuzait_infantary_b","","","","","true","","2","-0.0,0.25,0.05","","","500","","wood_shield","0.0, 0.00, 0.00","","0.0,10.0,40.00","","","","","","","","","","","","","","","true","","","","","true","","","","","","","","","","",""
"RBM","RBMCombat_shields.xml","stronger_footmans_wicker_shield","{=OIcwZGmC}Reinforced Wicker Shield","Shield","Culture.khuzait","","shield_khuzait_infantary_b","4.7","","","0.7","","","","","","","","","","","","","","","","","","LargeShield","","95","8","Blunt","82","","","82","","","","","shield","","","","","","","","","","","","","","","","","bo_cap_shield_khuzait_infantary_a","","","","","","","true","true","","","","true","","true","","","","-0.1,-0.1,0.01","","","","","shield:shield_2:shield_3:shield_4","","","","false","bo_shield_khuzait_infantary_b","","","","","true","","3","-0.0,0.25,0.05","","","540","","wood_shield","0.0, 0.00, 0.00","","0.0,10.0,40.00","","","","","","","","","","","","","","","true","","","","","true","","","","","","","","","","",""
"RBM","RBMCombat_shields.xml","bracketed_heater_shield","{=buaIafV6}Bracketed Heater Shield","Shield","Culture.vlandia","","heater_shield_j","4.7","","","1","","","","","","","","","","","","","","","","","","LargeShield","","95","8","Blunt","82","","","82","","","","","shield","","","","","","","","","","","","","","","","","bo_cap_heater_shield_j","","","","","","","true","true","","","","true","","true","","","","-0.1,-0.0,0","","","","","shield:shield_2:shield_3:shield_4","","","","false","bo_heater_shield_j","","","","","true","","4","-0.0,0.1,0.05","","","570","","wood_shield","0.0, 0.00, 0.00","","0.0,10.0,40.00","","","","","","","","","","","","","","","true","","","","","true","","","","","","","","","","",""
"RBM","RBMCombat_shields.xml","heavy_heater_shield","{=rF7Xm7C0}Heavy Heater Shield","Shield","Culture.vlandia","","heater_shield_g","3.3","","","0.7","","","","","","","","","","","","","","","","","","LargeShield","","100","8","Blunt","82","","","87","","","","","shield","","","","","","","","","","","","","","","","","bo_cap_heater_shield_g","","","","","","","true","true","","","","true","","true","","","","-0.1,0,0.025","","","","","shield:shield_2:shield_3:shield_4","","","","false","bo_heater_shield_g","","","","","true","","6","0.0,0.05,0.05","","","710","","wood_shield","0.0, 0.00, 0.00","","0.0,10.0,40.00","","","","","","","","","","","","","","","true","","","","","true","","","","","","","","","","",""
"RBM","RBMCombat_shields.xml","tall_heater_shield","{=Lbm7asY3}Tall Heater Shield","Shield","Culture.vlandia","","heater_shield_k","2.1","","","0.6","","","","","","","","","","","","","","","","","","LargeShield","","105","8","Blunt","82","","","85","","","","","shield","","","","","","","","","","","","","","","","","bo_cap_heater_shield_k","","","","","","","true","true","","","","true","","true","","","","-0.1,-0.0,0","","","","","shield:shield_2:shield_3:shield_4","","","","false","bo_heater_shield_k","","","","","true","","4","-0.0,0.1,0.05","","","740","","wood_shield","0.0, 0.00, 0.00","","0.0,10.0,40.00","","","","","","","","","","","","","","","true","","","","","true","","","","","","","","","","",""
"RBM","RBMCombat_shields.xml","battered_kite_shield","{=RBM_SHI_050}Battered Kite Shield","Shield","Culture.empire","","kite_shield_o","4.2","","","0.1","","","","","","","","","","","","","","","","","","LargeShield","","110","8","Blunt","82","","","82","","","","","shield","","","","","","","","","","","","","","","","","bo_cap_kite_shield_o","","","","","","","true","true","","","","true","","true","","","","-0.1,-0.0,0.025","","","","","shield_kite:shield_2:shield_3:shield_4","","","","false","bo_kite_shield_o","","","","","true","","1","0.0,0.0,0.0","","","375","","wood_shield","0.0, 0.00, 0.00","","0.0,10.0,40.00","","","","","","","","","","","","","","","true","","","","","true","","","","","","","","","","",""
"RBM","RBMCombat_shields.xml","western_kite_sparring_shield","{=lW3smDRu}Kite Sparring Shield","Shield","Culture.vlandia","","shield_vlandia_infantary_a","4.7","","","1","","","","","","","","","","","","","","","","","","LargeShield","","110","8","Blunt","82","","","82","","","","","shield","","","","","","","","","","","","","","","","","bo_cap_shield_vlandia_infantary_a","","","","","","","true","true","","","","true","","true","","","","-0.1,0.1,0","","","false","","shield_kite:shield_2:shield_3:shield_4","","","","false","bo_shield_vlandia_infantary_a","","","","","true","","4","-0.070,0.0,0.05","","","465","","wood_shield","0.0, 0.00, 0.00","","0.0,10.0,40.00","","","","","","","","","","","","","","","true","","","","","true","","","","","","","","","","",""
"RBM","RBMCombat_shields.xml","ironrim_kite_shield","{=WpdmIlU5}Iron Rimmed Kite Shield","Shield","Culture.vlandia","","shield_vlandia_infantary_b","4.7","","","0.7","","","","","","","","","","","","","","","","","","LargeShield","","110","8","Blunt","82","","","82","","","","","shield","","","","","","","","","","","","","","","","","bo_cap_shield_vlandia_infantary_a","","","","","","","true","true","","","","true","","true","","","","-0.1,0.1,0","","","","","shield_kite:shield_2:shield_3:shield_4","","","","false","bo_shield_vlandia_infantary_b","","","","","true","","5","-0.070,0.0,0.05","","","470","","wood_shield","0.0, 0.00, 0.00","","0.0,10.0,40.00","","","","","","","","","","","","","","","true","","","","","true","","","","","","","","","","",""
"RBM","RBMCombat_shields.xml","reinforced_flat_kite_shield","{=A1zFbFta}Reinforced Flat Kite Shield","Shield","Culture.vlandia","","kite_shield_p","4.6","","","0.6","","","","","","","","","","","","","","","","","","LargeShield","","110","8","Blunt","82","","","82","","","","","shield","","","","","","","","","","","","","","","","","bo_cap_kite_shield_p","","","","","","","true","true","","","","true","","true","","","","-0.1,-0.0,0.025","","","","","shield_kite:shield_2:shield_3:shield_4","","","","false","bo_kite_shield_p","","","","","true","","5","0.0,0.0,0.0","","","480","","wood_shield","0.0, 0.00, 0.00","","0.0,10.0,40.00","","","","","","","","","","","","","","","true","","","","","true","","","","","","","","","","",""
"RBM","RBMCombat_shields.xml","western_kite_shield","{=uqO6e6vN}Kite Shield","Shield","Culture.vlandia","","shield_vlandia_infantary_a","4.7","","","1","","","","","","","","","","","","","","","","","","LargeShield","","110","8","Blunt","82","","","82","","","","","shield","","","","","","","","","","","","","","","","","bo_cap_shield_vlandia_infantary_a","","","","","","","true","true","","","","true","","true","","","","-0.1,0.1,0","","","","","shield_kite:shield_2:shield_3:shield_4","","","","false","bo_shield_vlandia_infantary_a","","","","","true","","4","-0.070,0.0,0.05","","","500","","wood_shield","0.0, 0.00, 0.00","","0.0,10.0,40.00","","","","","","","","","","","","","","","true","","","","","true","","","","","","","","","","",""
"RBM","RBMCombat_shields.xml","studded_bound_kite_shield","{=hytuHaoA}Studded Bound Kite Shield","Shield","Culture.empire","","kite_shield_r","4.8","","","1","","","","","","","","","","","","","","","","","","LargeShield","","110","8","Blunt","82","","","91","","","","","shield","","","","","","","","","","","","","","","","","bo_cap_kite_shield_r","","","","","","","true","true","","","","true","","true","","","","-0.1,-0.0,0.0","","","","","shield_kite:shield_2:shield_3:shield_4","","","","false","bo_kite_shield_r","","","","","true","","7","0.0,0.0,0.05","","","570","","wood_shield","0.0, 0.00, 0.00","","0.0,10.0,40.00","","","","","","","","","","","","","","","true","","","","","true","","","","","","","","","","",""
"RBM","RBMCombat_shields.xml","fortified_kite_shield","{=NFvuDpwG}Fortified Kite Shield","Shield","Culture.empire","","kite_shield_s","5.4","","","0.7","","","","","","","","","","","","","","","","","","LargeShield","","110","8","Blunt","82","","","82","","","","","shield","","","","","","","","","","","","","","","","","bo_cap_kite_shield_s","","","","","","","true","true","","","","true","","true","","","","-0.1,-0.0,-0.025","","","","","shield_kite:shield_2:shield_3:shield_4","","","","false","bo_kite_shield_s","","","","","true","","7","0.0,0.0,0.1","","","730","","wood_shield","0.0, 0.00, 0.00","","0.0,10.0,40.00","","","","","","","","","","","","","","","true","","","","","true","","","","","","","","","","",""
"RBM","RBMCombat_shields.xml","chivalric_kite_shield","{=n3sz2k5j}Knights Kite Shield","Shield","Culture.vlandia","","shield_vlandia_cavalary_c","4.7","","","0.9","","","","","","","","","","","","","","","","","","SmallShield","","110","8","Blunt","82","","","82","","","","","shield","","","","","","","","","","","","","","","","","bo_cap_shield_vlandia_cavalary_c","","","","","","","true","true","","","","true","","true","","","","-0.1,-0.1,0","","","","","shield_kite:shield_2:shield_3:shield_4","","","","false","bo_shield_vlandia_cavalary_c","","","","","true","","6","0.0,0.1,0.05","","","750","","wood_shield","0.0, 0.00, 0.00","","0.0,10.0,40.00","","","","","","","","","","","","","","","true","","","","","true","","","","","","","","","","",""
"RBM","RBMCombat_shields.xml","desert_oval_shield","{=Mb1hQRyT}Desert Oval Shield","Shield","Culture.aserai","","shield_aserai_infantary_a","4.7","","","1","","","","","","","","","","","","","","","","","","LargeShield","","110","8","Blunt","82","","","82","","","","","shield","","","","","","","","","","","","","","","","","bo_cap_shield_aserai_infantary_a","","","","","","","true","true","","","","true","","true","","","","-0.04,-0.0,0","","","","","shield_oval:shield_4:shield_3:shield_2","","","","false","bo_shield_aserai_infantary_a","","","","","true","","3","-0.035, 0.1, 0.1","","","540","","wood_shield","0.0, 0.00, 0.00","","0.0,10.0,40.00","","","","","","","","","","","","","","","true","","","","","true","","","","","","","","","","",""
"RBM","RBMCombat_shields.xml","southern_oval_shield","{=8nNLS96w}Reinforced Oval Shield","Shield","Culture.aserai","","shield_aserai_infantary_b","4.7","","","0.8","","","","","","","","","","","","","","","","","","LargeShield","","110","8","Blunt","82","","","82","","","","","shield","","","","","","","","","","","","","","","","","bo_cap_shield_aserai_infantary_b","","","","","","","true","true","","","","true","","true","","","","-0.04,-0.0,0","","","","","shield_oval:shield_4:shield_3:shield_2","","","","false","bo_shield_aserai_infantary_b","","","","","true","","4","-0.035, 0.1, 0.1","","","560","","wood_shield","0.0, 0.00, 0.00","","0.0,10.0,40.00","","","","","","","","","","","","","","","true","","","","","true","","","","","","","","","","",""
"RBM","RBMCombat_shields.xml","emirs_oval_shield","{=G7AEWZ6c}Decorated Oval Shield","Shield","Culture.aserai","","shield_aserai_infantary_c","4.7","","","0.7","","","","","","","","","","","","","","","","","","LargeShield","","110","8","Blunt","82","","","82","","","","","shield","","","","","","","","","","","","","","","","","bo_cap_shield_aserai_infantary_c","","","","","","","true","true","","","","true","","true","","","","-0.04,-0.0,0","","","","","shield_oval:shield_4:shield_3:shield_2","","","","false","bo_shield_aserai_infantary_c","","","","","true","","5","-0.035, 0.1, 0.1","","","610","","wood_shield","0.0, 0.00, 0.00","","0.0,10.0,40.00","","","","","","","","","","","","","","","true","","","","","true","","","","","","","","","","",""
"RBM","RBMCombat_shields.xml","pavise_shield","{=aVGSZhCN}Pavise Shield","Shield","Culture.vlandia","","kite_shield_e","7","","","0.7","","","","","","","","","","","","","","","","","","LargeShield","","118","8","Blunt","82","","","82","","","","","shield","","","","","","","","","","","","","","","","","bo_cap_kite_shield_e","","","","","","","true","true","","","","true","","true","","","","-0.1,-0.1,-0.025","","","","","shield:shield_2:shield_3:shield_4","","","","false","bo_kite_shield_e","","","","","true","","7","0.0,0.1,0.1","","","760","","wood_shield","0.0, 0.00, 0.00","","0.0,10.0,40.00","","","","","","","","","","","","","","","true","","","","","true","","","","","","","","","","",""
"RBM","RBMCombat_shields.xml","worn_kite_shield","{=dacwWKE2}Worn Kite Shield","Shield","Culture.empire","","kite_shield_b","3.7","","0","0.3","","","","","","","","","","","","","","","","","","LargeShield","","128","8","Blunt","82","","","83","","","","","shield","","","","","","","","","","","","","","","","","bo_cap_kite_shield_b","","","","","","","true","true","","","","true","","true","","","","-0.1,0,-0.025","","","","","shield_kite:shield_2:shield_3:shield_4","","","","false","bo_kite_shield_b","","","","","true","","3","0,-0.1,0.1","","","380","","wood_shield","0.0, 0.00, 0.00","","0.0,10.0,40.00","","","","","","","","","","","","","","","true","","","","","true","","","","","","","","","","",""
"RBM","RBMCombat_shields.xml","leather_bound_kite_shield","{=Ita1lG33}Leather Bound Kite Shield","Shield","Culture.empire","","kite_shield_c","6.3","","","1","","","","","","","","","","","","","","","","","","LargeShield","","128","8","Blunt","82","","","82","","","","","shield","","","","","","","","","","","","","","","","","bo_cap_kite_shield_c","","","","","","","true","true","","","","true","","true","","","","-0.1,0,-0.025","","","","","shield_kite:shield_2:shield_3:shield_4","","","","false","bo_kite_shield_c","","","","","true","","4","0.0,0.05,0.05","","","415","","wood_shield","0.0, 0.00, 0.00","","0.0,10.0,40.00","","","","","","","","","","","","","","","true","","","","","true","","","","","","","","","","",""
"RBM","RBMCombat_shields.xml","reinforced_kite_shield","{=veI9RcR3}Reinforced Kite Shield","Shield","Culture.empire","","kite_shield_d","5.8","","","0.6","","","","","","","","","","","","","","","","","","LargeShield","","128","8","Blunt","82","","","82","","","","","shield","","","","","","","","","","","","","","","","","bo_cap_kite_shield_d","","","","","","","true","true","","","","true","","true","","","","-0.1,0,-0.025","","","","","shield_kite:shield_2:shield_3:shield_4","","","","false","bo_kite_shield_d","","","","","true","","5","0.0,0.05,0.05","","","550","","wood_shield","0.0, 0.00, 0.00","","0.0,10.0,40.00","","","","","","","","","","","","","","","true","","","","","true","","","","","","","","","","",""
"RBM","RBMCombat_shields.xml","stronger_reinforced_kite_shield","{=OM9achAa}Reinforced Oaken Kite Shield","Shield","Culture.empire","","kite_shield_d","5.8","","","0.7","","","","","","","","","","","","","","","","","","LargeShield","","128","8","Blunt","82","","","82","","","","","shield","","","","","","","","","","","","","","","","","bo_cap_kite_shield_d","","","","","","","true","true","","","","true","","true","","","","-0.1,0,-0.025","","","","","shield_kite:shield_2:shield_3:shield_4","","","","false","bo_kite_shield_d","","","","","true","","6","0.0,0.05,0.05","","","630","","wood_shield","0.0, 0.00, 0.00","","0.0,10.0,40.00","","","","","","","","","","","","","","","true","","","","","true","","","","","","","","","","",""
"RBM","RBMCombat_shields.xml","oval_shield","{=927d3urB}Wooden Oval Shield","Shield","Culture.aserai","","aserai_shields_b","2.1","","","0.7","","","","","","","","","","","","","","","","","","LargeShield","","132","8","Blunt","82","","","82","","","","","shield","","","","","","","","","","","","","","","","","bo_cap_aserai_shields_b","","","","","","","true","true","","","","true","","true","","","","-0.04,-0.0,0","","","","","shield_oval:shield_4:shield_3:shield_2","","","","false","bo_aserai_shields_b","","","","","true","","3","0, 0.1, 0.1","","","450","","wood_shield","0.0, 0.00, 0.00","","0.0,10.0,40.00","","","","","","","","","","","","","","","true","","","","","true","","","","","","","","","","",""
"RBM","RBMCombat_shields.xml","old_kite_sparring_shield","{=cDetN1Ao}Makeshift Kite Sparring Shield","Shield","Culture.vlandia","","kite_shield_a","4.2","","","0.3","","","","","","","","","","","","","","","","","","LargeShield","","170","8","Blunt","82","","","82","","","","","shield","","","","","","","","","","","","","","","","","bo_cap_kite_shield_a","","","","","","","true","true","","","","true","","true","","","","-0.1,0,-0.025","","","false","","shield_kite:shield_2:shield_3:shield_4","","","","false","bo_kite_shield_a","","","","","true","","2","0.0,0.05,0.05","","","345","","wood_shield","0.0, 0.00, 0.00","","0.0,10.0,40.00","","","","","","","","","","","","","","","true","","","","","true","","","","","","","","","","",""
"RBM","RBMCombat_shields.xml","old_kite_shield","{=vXvuViMT}Makeshift Kite Shield","Shield","Culture.vlandia","","kite_shield_a","4.2","","","0.3","","","","","","","","","","","","","","","","","","LargeShield","","170","8","Blunt","82","","","82","","","","","shield","","","","","","","","","","","","","","","","","bo_cap_kite_shield_a","","","","","","","true","true","","","","true","","true","","","","-0.1,0,-0.025","","","","","shield_kite:shield_2:shield_3:shield_4","","","","false","bo_kite_shield_a","","","","","true","","2","0.0,0.05,0.05","","","370","","wood_shield","0.0, 0.00, 0.00","","0.0,10.0,40.00","","","","","","","","","","","","","","","true","","","","","true","","","","","","","","","","",""
"RBM","RBMCombat_shields.xml","battania_shield_targe_a_shoulder","{=RBM_SHI_001}Shoulder Strapped Reinforced Targe","Shield","Culture.battania","","battania_shield_targe_a","2.5","","","1.6","","","","","","","","","","","","","","","","","","SmallShield","","70","8","Blunt","82","","","82","","","","","shield","","","","","","","","","","","","","","","","","bo_cap_battania_shield_targe_a","","true","","","","","true","true","","","","true","","true","","","","0.0,0.0,0","","","","","left_shoulder_targe:shield_kite:shield_2:shield_3:shield_4","","","","false","bo_battania_shield_targe_a","","","","","true","","5","-0.0, 0.12, 0.1","","","580","","wood_shield","0.12, 0.08, 0.01","","3.40,5.10,25.00","","","","","","","","","","","","","","","true","","","","","true","","","","","","","","","","",""
"RBM","RBMCombat_shields.xml","decorated_steppe_shield_shoulder","{=RBM_SHI_002}Shoulder Strapped Round Steppe Shield","Shield","Culture.khuzait","","shield_khuzait_cavalary_b","4.7","","","0.9","","","","","","","","","","","","","","","","","","SmallShield","","60","8","Blunt","82","","","82","","","","","shield","","","","","","","","","","","","","","","","","bo_cap_shield_khuzait_cavalary_b","","true","","","","","true","true","","","","true","","true","","","","-0.1,-0.05,0.01","","","true","","left_shoulder_targe:shield_kite:shield_2:shield_3:shield_4","","","","false","bo_shield_khuzait_cavalary_b","","","","","true","","10","-0.0,0.075,0.05","","","1000","","wood_shield","0.0, 0.00, 0.00","","0.0,10.0,40.00","","","","","","","","","","","","","","","true","","","","","true","","","","","","","","","","",""
"RBM","RBMCombat_shields.xml","steppe_guardian_shield_shoulder","{=RBM_SHI_003}Shoulder Strapped Eastern Cavalry Shield","Shield","Culture.khuzait","","shield_khuzait_cavalary_d","2.7","","","0.9","","","","","","","","","","","","","","","","","","SmallShield","","60","8","Blunt","82","","","82","","","","","shield","","","","","","","","","","","","","","","","","bo_cap_shield_khuzait_cavalary_d","","true","","","","","true","true","","","","true","","true","","","","-0.1,-0.05,0.01","","","true","","left_shoulder_targe:shield_kite:shield_2:shield_3:shield_4","","","","false","bo_shield_khuzait_cavalary_d","","","","","true","","11","-0.0,0.075,0.05","","","1100","","wood_shield","0.0, 0.00, 0.00","","0.0,10.0,40.00","","","","","","","","","","","","","","","true","","","","","true","","","","","","","","","","",""
"RBM","RBMCombat_shields.xml","tribal_steppe_shield_shoulder","{=RBM_SHI_004}Shoulder Strapped Tribal Steppe Shield","Shield","Culture.khuzait","","shield_khuzait_cavalary_a","4.7","","","0.9","","","","","","","","","","","","","","","","","","SmallShield","","60","8","Blunt","82","","","82","","","","","shield","","","","","","","","","","","","","","","","","bo_cap_shield_khuzait_cavalary_a","","true","","","","","true","true","","","","true","","true","","","","-0.1,-0.05,0.01","","","true","","left_shoulder_targe:shield_kite:shield_2:shield_3:shield_4","","","","false","bo_shield_khuzait_cavalary_a","","","","","true","","9","-0.0,0.075,0.05","","","900","","wood_shield","0.0, 0.00, 0.00","","0.0,10.0,40.00","","","","","","","","","","","","","","","true","","","","","true","","","","","","","","","","",""
"RBM","RBMCombat_shields.xml","noyans_shield_shoulder","{=RBM_SHI_005}Shoulder Strapped Decorated Eastern Shield","Shield","Culture.khuzait","","shield_khuzait_cavalary_c","4.7","","","0.9","","","","","","","","","","","","","","","","","","SmallShield","","60","8","Blunt","82","","","82","","","","","shield","","","","","","","","","","","","","","","","","bo_cap_shield_khuzait_cavalary_c","","true","","","","","true","true","","","","true","","true","","","","-0.1,-0.05,0.01","","","true","","left_shoulder_targe:shield_kite:shield_2:shield_3:shield_4","","","","false","bo_shield_khuzait_cavalary_c","","","","","true","","12","-0.0,0.075,0.05","","","1500","","metal_shield","0.0, 0.00, 0.00","","0.0,10.0,40.00","","","","","","","","","","","","","","","true","","","","","true","","","","","","","","","","",""
"RBM","RBMCombat_shields.xml","horsemans_heater_shield_shoulder","{=RBM_SHI_006}Shoulder Strapped Small Cavalry Heater Shield","Shield","Culture.vlandia","","heater_shield_b","4.7","","","1","","","","","","","","","","","","","","","","","","SmallShield","","65","8","Blunt","82","","","97","","","","","shield","","","","","","","","","","","","","","","","","bo_cap_heater_shield_b","","","","","","","true","true","","","","true","","true","","","","-0.1,0.0,0.025","","","true","","left_shoulder_shield:shield:shield_2:shield_3:shield_4","","","","false","bo_heater_shield_b","","","","","true","","4","0.0,0.1,0.05","","","410","","wood_shield","0.0, 0.00, 0.00","","0.0,10.0,40.00","","","","","","","","","","","","","","","true","","","","","true","","","","","","","","","","",""
"RBM","RBMCombat_shields.xml","small_flat_heater_shield_shoulder","{=RBM_SHI_007}Shoulder Strapped Small Flat Heater Shield","Shield","Culture.vlandia","","heater_shield_h","2.5","","","1","","","","","","","","","","","","","","","","","","SmallShield","","70","8","Blunt","82","","","95","","","","","shield","","","","","","","","","","","","","","","","","bo_cap_heater_shield_h","","","","","","","true","true","","","","true","","true","","","","-0.08,0,0.0","","","true","","left_shoulder_shield:shield:shield_2:shield_3:shield_4","","","","false","bo_heater_shield_h","","","","","true","","3","-0.035,0.1,0.05","","","420","","wood_shield","0.0, 0.00, 0.00","","0.0,10.0,40.00","","","","","","","","","","","","","","","true","","","","","true","","","","","","","","","","",""
"RBM","RBMCombat_shields.xml","small_heater_shield_shoulder","{=RBM_SHI_008}Shoulder Strapped Small Heater Shield","Shield","Culture.vlandia","","heater_shield_c","4.7","","","1","","","","","","","","","","","","","","","","","","SmallShield","","70","8","Blunt","82","","","82","","","","","shield","","","","","","","","","","","","","","","","","bo_cap_heater_shield_c","","","","","","","true","true","","","","true","","true","","","","-0.1,0.0,0.025","","","true","","left_shoulder_shield:shield:shield_2:shield_3:shield_4","","","","false","bo_heater_shield_c","","","","","true","","4","0.0,0.1,0.05","","","450","","wood_shield","0.0, 0.00, 0.00","","0.0,10.0,40.00","","","","","","","","","","","","","","","true","","","","","true","","","","","","","","","","",""
"RBM","RBMCombat_shields.xml","battered_horsemans_kite_shield_shoulder","{=RBM_SHI_009}Shoulder Strapped Battered Horseman's Kite Shield","Shield","Culture.empire","","kite_shield_k","3.6","","","0.1","","","","","","","","","","","","","","","","","","SmallShield","","78","8","Blunt","82","","","82","","","","","shield","","","","","","","","","","","","","","","","","bo_cap_kite_shield_k","","","","","","","true","true","","","","true","","true","","","","-0.1,-0.1,-0.025","","","true","","left_shoulder_shield:shield_kite:shield_2:shield_3:shield_4","","","","false","bo_kite_shield_k","","","","","true","","1","0.0,0.1,0.0","","","370","","wood_shield","0.0, 0.00, 0.00","","0.0,10.0,40.00","","","","","","","","","","","","","","","true","","","","","true","","","","","","","","","","",""
"RBM","RBMCombat_shields.xml","old_horsemans_kite_shield_shoulder","{=RBM_SHI_010}Shoulder Strapped Wooden Kite Shield","Shield","Culture.empire","","kite_shield_f","3.6","","","0.3","","","","","","","","","","","","","","","","","","SmallShield","","78","8","Blunt","82","","","82","","","","","shield","","","","","","","","","","","","","","","","","bo_cap_kite_shield_f","","","","","","","true","true","","","","true","","true","","","","-0.1,-0.1,0.035","","","true","","left_shoulder_shield:shield_kite:shield_2:shield_3:shield_4","","","","false","bo_kite_shield_f","","","","","true","","3","0.0,0.05,0.0","","","390","","wood_shield","0.0, 0.00, 0.00","","0.0,10.0,40.00","","","","","","","","","","","","","","","true","","","","","true","","","","","","","","","","",""
"RBM","RBMCombat_shields.xml","worn_horsemans_kite_shield_shoulder","{=RBM_SHI_011}Shoulder Strapped Makeshift Horsemans Kite Shield","Shield","Culture.empire","","kite_shield_g","4","","","1","","","","","","","","","","","","","","","","","","SmallShield","","78","8","Blunt","82","","","82","","","","","shield","","","","","","","","","","","","","","","","","bo_cap_kite_shield_g","","","","","","","true","true","","","","true","","true","","","","-0.1,-0.1,0.035","","","true","","left_shoulder_shield:shield_kite:shield_2:shield_3:shield_4","","","","false","bo_kite_shield_g","","","","","true","","2","0.0,0.1,0.0","","","395","","wood_shield","0.0, 0.00, 0.00","","0.0,10.0,40.00","","","","","","","","","","","","","","","true","","","","","true","","","","","","","","","","",""
"RBM","RBMCombat_shields.xml","light_horsemans_kite_shield_shoulder","{=RBM_SHI_012}Shoulder Strapped Light Cavalry Kite Shield","Shield","Culture.empire","","kite_shield_l","1.9","","","0.1","","","","","","","","","","","","","","","","","","SmallShield","","78","8","Blunt","82","","","103","","","","","shield","","","","","","","","","","","","","","","","","bo_cap_kite_shield_l","","","","","","","true","true","","","","true","","true","","","","-0.1,-0.1,0.025","","","true","","left_shoulder_shield:shield_kite:shield_2:shield_3:shield_4","","","","false","bo_kite_shield_l","","","","","true","","3","0.0,0.1,0.0","","","405","","wood_shield","0.0, 0.00, 0.00","","0.0,10.0,40.00","","","","","","","","","","","","","","","true","","","","","true","","","","","","","","","","",""
"RBM","RBMCombat_shields.xml","bound_horsemans_kite_shield_shoulder","{=RBM_SHI_013}Shoulder Strapped Cavalry Kite Shield","Shield","Culture.empire","","kite_shield_h","5.5","","","1","","","","","","","","","","","","","","","","","","SmallShield","","78","8","Blunt","82","","","94","","","","","shield","","","","","","","","","","","","","","","","","bo_cap_kite_shield_h","","","","","","","true","true","","","","true","","true","","","","-0.1,-0.1,-0.025","","","true","","left_shoulder_shield:shield_kite:shield_2:shield_3:shield_4","","","","false","bo_kite_shield_h","","","","","true","","5","0.0,0.1,0.1","","","425","","wood_shield","0.0, 0.00, 0.00","","0.0,10.0,40.00","","","","","","","","","","","","","","","true","","","","","true","","","","","","","","","","",""
"RBM","RBMCombat_shields.xml","reinforced_horsemans_kite_shield_shoulder","{=RBM_SHI_014}Shoulder Strapped Reinforced Cavalry Small Shield","Shield","Culture.empire","","kite_shield_j","5.8","","0","0.6","","","","","","","","","","","","","","","","","","SmallShield","","78","8","Blunt","82","","","82","","","","","shield","","","","","","","","","","","","","","","","","bo_cap_kite_shield_j","","","","","","","true","true","","","","true","","true","","","","-0.1,-0.1,-0.025","","","true","","left_shoulder_shield:shield_kite:shield_2:shield_3:shield_4","","false","","false","bo_kite_shield_j","","","","","true","","6","0, 0, 0","","","465","","wood_shield","0.0, 0.00, 0.00","","0.0,10.0,40.00","","","","","","","","","","","","","","","true","","","","","true","","","","","","","","","","",""
"RBM","RBMCombat_shields.xml","northern_scouts_shield_shoulder","{=RBM_SHI_015}Shoulder Strapped Northern Cavalry Kite Shield","Shield","Culture.sturgia","","shield_sturgia_cavalary_a","4.7","","","0.7","","","","","","","","","","","","","","","","","","SmallShield","","78","8","Blunt","82","","","101","","","","","shield","","","","","","","","","","","","","","","","","bo_cap_shield_sturgia_cavalary_a","","","","","","","true","true","","","","true","","true","","","","-0.1,-0.1,0","","","true","","left_shoulder_shield:shield_kite:shield_2:shield_3:shield_4","","","","false","bo_cap_shield_sturgia_cavalary_a","","","","","true","","5","0.0,0.1,0.05","","","500","","wood_shield","0.0, 0.00, 0.00","","0.0,10.0,40.00","","","","","","","","","","","","","","","true","","","","","true","","","","","","","","","","",""
"RBM","RBMCombat_shields.xml","northern_horsemans_shield_shoulder","{=RBM_SHI_016}Shoulder Strapped Reinforced Cavalry Shield","Shield","Culture.sturgia","","shield_sturgia_cavalary_b","4.7","","","0.7","","","","","","","","","","","","","","","","","","SmallShield","","78","8","Blunt","82","","","82","","","","","shield","","","","","","","","","","","","","","","","","bo_cap_shield_sturgia_cavalary_b","","","","","","","true","true","","","","true","","true","","","","-0.1,-0.1,0","","","true","","left_shoulder_shield:shield_kite:shield_2:shield_3:shield_4","","","","false","bo_shield_sturgia_cavalary_b","","","","","true","","6","0.0,0.1,0.05","","","520","","wood_shield","0.0, 0.00, 0.00","","0.0,10.0,40.00","","","","","","","","","","","","","","","true","","","","","true","","","","","","","","","","",""
"RBM","RBMCombat_shields.xml","heavy_horsemans_kite_shield_shoulder","{=RBM_SHI_017}Shoulder Strapped Reinforced Cavalry Kite Shield","Shield","Culture.empire","","kite_shield_n","4.9","","","0.9","","","","","","","","","","","","","","","","","","SmallShield","","78","8","Blunt","82","","","82","","","","","shield","","","","","","","","","","","","","","","","","bo_cap_kite_shield_n","","","","","","","true","true","","","","true","","true","","","","-0.1,-0.1,-0.025","","","true","","left_shoulder_shield:shield_kite:shield_2:shield_3:shield_4","","","","false","bo_kite_shield_n","","","","","true","","6","0.0,0.1,0.1","","","630","","wood_shield","0.0, 0.00, 0.00","","0.0,10.0,40.00","","","","","","","","","","","","","","","true","","","","","true","","","","","","","","","","",""
"RBM","RBMCombat_shields.xml","heater_shield_with_cutout_shoulder","{=RBM_SHI_018}Shoulder Strapped Heater Shield With Cutout","Shield","Culture.vlandia","","heater_shield_e","4.7","","","1","","","","","","","","","","","","","","","","","","SmallShield","","80","8","Blunt","82","","","82","","","","","shield","","","","","","","","","","","","","","","","","bo_cap_heater_shield_e","","","","","","","true","true","","","","true","","true","","","","-0.1,-0.0,-0.0","","","true","","left_shoulder_shield:shield:shield_2:shield_3:shield_4","","","","false","bo_heater_shield_e","","","","","true","","4","0.0,0.1,0.8","","","435","","wood_shield","0.0, 0.00, 0.00","","0.0,10.0,40.00","","","","","","","","","","","","","","","true","","","","","true","","","","","","","","","","",""
"RBM","RBMCombat_shields.xml","western_riders_kite_sparring_shield_shoulder","{=RBM_SHI_019}Shoulder Strapped Western Riders Kite Sparring Shield","Shield","Culture.vlandia","","shield_vlandia_cavalary_a","4.7","","","1","","","","","","","","","","","","","","","","","","SmallShield","","85","8","Blunt","82","","","82","","","","","shield","","","","","","","","","","","","","","","","","bo_cap_shield_vlandia_cavalary_a","","","","","","","true","true","","","","true","","true","","","","-0.1,-0.1,0","","","true","","left_shoulder_shield:shield_kite:shield_2:shield_3:shield_4","","","","false","bo_shield_vlandia_cavalary_a","","","","","true","","4","0.0,0.1,0.05","","","435","","wood_shield","0.0, 0.00, 0.00","","0.0,10.0,40.00","","","","","","","","","","","","","","","true","","","","","true","","","","","","","","","","",""
"RBM","RBMCombat_shields.xml","western_riders_kite_shield_shoulder","{=RBM_SHI_020}Shoulder Strapped Western Riders Kite Shield","Shield","Culture.vlandia","","shield_vlandia_cavalary_a","4.7","","","1","","","","","","","","","","","","","","","","","","SmallShield","","85","8","Blunt","82","","","82","","","","","shield","","","","","","","","","","","","","","","","","bo_cap_shield_vlandia_cavalary_a","","","","","","","true","true","","","","true","","true","","","","-0.1,-0.1,0","","","true","","left_shoulder_shield:shield_kite:shield_2:shield_3:shield_4","","","","false","bo_shield_vlandia_cavalary_a","","","","","true","","4","0.0,0.1,0.05","","","475","","wood_shield","0.0, 0.00, 0.00","","0.0,10.0,40.00","","","","","","","","","","","","","","","true","","","","","true","","","","","","","","","","",""
"RBM","RBMCombat_shields.xml","ironrim_riders_kite_shield_shoulder","{=RBM_SHI_021}Shoulder Strapped Reinforced Ironrimmed Kite Shield","Shield","Culture.vlandia","","shield_vlandia_cavalary_b","4.7","","","0.6","","","","","","","","","","","","","","","","","","SmallShield","","85","8","Blunt","82","","","82","","","","","shield","","","","","","","","","","","","","","","","","bo_cap_shield_vlandia_cavalary_b","","","","","","","true","true","","","","true","","true","","","","-0.1,-0.1,0","","","true","","left_shoulder_shield:shield_kite:shield_2:shield_3:shield_4","","","","false","bo_shield_vlandia_cavalary_b","","","","","true","","5","0.0,0.1,0.05","","","490","","wood_shield","0.0, 0.00, 0.00","","0.0,10.0,40.00","","","","","","","","","","","","","","","true","","","","","true","","","","","","","","","","",""
"RBM","RBMCombat_shields.xml","flat_heater_shield_shoulder","{=RBM_SHI_022}Shoulder Strapped Flat Heater Shield","Shield","Culture.vlandia","","heater_shield_f","4.7","","","1","","","","","","","","","","","","","","","","","","SmallShield","","90","8","Blunt","82","","","93","","","","","shield","","","","","","","","","","","","","","","","","bo_cap_heater_shield_f","","","","","","","true","true","","","","true","","true","","","","-0.10,0.1,0.025","","","true","","left_shoulder_shield:shield:shield_2:shield_3:shield_4","","","","false","bo_heater_shield_f","","","","","true","","3","0.0,0.1,0.05","","","510","","wood_shield","0.0, 0.00, 0.00","","0.0,10.0,40.00","","","","","","","","","","","","","","","true","","","","","true","","","","","","","","","","",""
"RBM","RBMCombat_shields.xml","wide_heater_shield_shoulder","{=RBM_SHI_023}Shoulder Strapped Wide Heater Shield","Shield","Culture.vlandia","","heater_shield_i","4.7","","","0.7","","","","","","","","","","","","","","","","","","SmallShield","","90","8","Blunt","82","","","82","","","","","shield","","","","","","","","","","","","","","","","","bo_cap_heater_shield_i","","","","","","","true","true","","","","true","","true","","","","-0.1,-0.1,0","","","true","","left_shoulder_shield:shield:shield_2:shield_3:shield_4","","","","false","bo_heater_shield_i","","","","","true","","4","-0.0,0.2,0.05","","","650","","wood_shield","0.0, 0.00, 0.00","","0.0,10.0,40.00","","","","","","","","","","","","","","","true","","","","","true","","","","","","","","","","",""
"RBM","RBMCombat_shields.xml","jousting_shield_shoulder","{=RBM_SHI_024}Shoulder Strapped Knights Shield","Shield","Culture.vlandia","","heater_shield_d","4.7","","","1","","","","","","","","","","","","","","","","","","SmallShield","","90","8","Blunt","82","","","82","","","","","shield","","","","","","","","","","","","","","","","","bo_cap_heater_shield_d","","","","","","","true","true","","","","true","","true","","","","-0.1,-0.1,-0.0","","","true","","left_shoulder_shield:shield_kite:shield_2:shield_3:shield_4","","","","false","bo_heater_shield_d","","","","","true","","5","0.0,0.1,0.05","","","485","","wood_shield","0.0, 0.00, 0.00","","0.0,10.0,40.00","","","","","","","","","","","","","","","true","","","","","true","","","","","","","","","","",""
"RBM","RBMCombat_shields.xml","bracketed_heater_shield_shoulder","{=RBM_SHI_025}Shoulder Strapped Bracketed Heater Shield","Shield","Culture.vlandia","","heater_shield_j","4.7","","","1","","","","","","","","","","","","","","","","","","LargeShield","","95","8","Blunt","82","","","82","","","","","shield","","","","","","","","","","","","","","","","","bo_cap_heater_shield_j","","","","","","","true","true","","","","true","","true","","","","-0.1,-0.0,0","","","true","","left_shoulder_shield:shield:shield_2:shield_3:shield_4","","","","false","bo_heater_shield_j","","","","","true","","4","-0.0,0.1,0.05","","","570","","wood_shield","0.0, 0.00, 0.00","","0.0,10.0,40.00","","","","","","","","","","","","","","","true","","","","","true","","","","","","","","","","",""
"RBM","RBMCombat_shields.xml","heavy_heater_shield_shoulder","{=RBM_SHI_026}Shoulder Strapped Heavy Heater Shield","Shield","Culture.vlandia","","heater_shield_g","3.3","","","0.7","","","","","","","","","","","","","","","","","","LargeShield","","100","8","Blunt","82","","","87","","","","","shield","","","","","","","","","","","","","","","","","bo_cap_heater_shield_g","","","","","","","true","true","","","","true","","true","","","","-0.1,0,0.025","","","true","","left_shoulder_shield:shield:shield_2:shield_3:shield_4","","","","false","bo_heater_shield_g","","","","","true","","6","0.0,0.05,0.05","","","710","","wood_shield","0.0, 0.00, 0.00","","0.0,10.0,40.00","","","","","","","","","","","","","","","true","","","","","true","","","","","","","","","","",""
"RBM","RBMCombat_shields.xml","tall_heater_shield_shoulder","{=RBM_SHI_027}Shoulder Strapped Tall Heater Shield","Shield","Culture.vlandia","","heater_shield_k","2.1","","","0.6","","","","","","","","","","","","","","","","","","LargeShield","","105","8","Blunt","82","","","85","","","","","shield","","","","","","","","","","","","","","","","","bo_cap_heater_shield_k","","","","","","","true","true","","","","true","","true","","","","-0.1,-0.0,0","","","true","","left_shoulder_shield:shield:shield_2:shield_3:shield_4","","","","false","bo_heater_shield_k","","","","","true","","4","-0.0,0.1,0.05","","","740","","wood_shield","0.0, 0.00, 0.00","","0.0,10.0,40.00","","","","","","","","","","","","","","","true","","","","","true","","","","","","","","","","",""
"RBM","RBMCombat_shields.xml","battered_kite_shield_shoulder","{=RBM_SHI_028}Shoulder Strapped Battered Kite Shield","Shield","Culture.empire","","kite_shield_o","4.2","","","0.1","","","","","","","","","","","","","","","","","","LargeShield","","110","8","Blunt","82","","","82","","","","","shield","","","","","","","","","","","","","","","","","bo_cap_kite_shield_o","","","","","","","true","true","","","","true","","true","","","","-0.1,-0.0,0.025","","","true","","left_shoulder_shield:shield_kite:shield_2:shield_3:shield_4","","","","false","bo_kite_shield_o","","","","","true","","1","0.0,0.0,0.0","","","375","","wood_shield","0.0, 0.00, 0.00","","0.0,10.0,40.00","","","","","","","","","","","","","","","true","","","","","true","","","","","","","","","","",""
"RBM","RBMCombat_shields.xml","western_kite_sparring_shield_shoulder","{=RBM_SHI_029}Shoulder Strapped Kite Sparring Shield","Shield","Culture.vlandia","","shield_vlandia_infantary_a","4.7","","","1","","","","","","","","","","","","","","","","","","LargeShield","","110","8","Blunt","82","","","82","","","","","shield","","","","","","","","","","","","","","","","","bo_cap_shield_vlandia_infantary_a","","","","","","","true","true","","","","true","","true","","","","-0.1,0.1,0","","","true","","left_shoulder_shield:shield_kite:shield_2:shield_3:shield_4","","","","false","bo_shield_vlandia_infantary_a","","","","","true","","4","-0.070,0.0,0.05","","","465","","wood_shield","0.0, 0.00, 0.00","","0.0,10.0,40.00","","","","","","","","","","","","","","","true","","","","","true","","","","","","","","","","",""
"RBM","RBMCombat_shields.xml","ironrim_kite_shield_shoulder","{=RBM_SHI_030}Shoulder Strapped Ironrimed Kite Shield","Shield","Culture.vlandia","","shield_vlandia_infantary_b","4.7","","","0.7","","","","","","","","","","","","","","","","","","LargeShield","","110","8","Blunt","82","","","82","","","","","shield","","","","","","","","","","","","","","","","","bo_cap_shield_vlandia_infantary_a","","","","","","","true","true","","","","true","","true","","","","-0.1,0.1,0","","","true","","left_shoulder_shield:shield_kite:shield_2:shield_3:shield_4","","","","false","bo_shield_vlandia_infantary_b","","","","","true","","5","-0.070,0.0,0.05","","","470","","wood_shield","0.0, 0.00, 0.00","","0.0,10.0,40.00","","","","","","","","","","","","","","","true","","","","","true","","","","","","","","","","",""
"RBM","RBMCombat_shields.xml","reinforced_flat_kite_shield_shoulder","{=RBM_SHI_031}Shoulder Strapped Reinforced Flat Kite Shield","Shield","Culture.vlandia","","kite_shield_p","4.6","","","0.6","","","","","","","","","","","","","","","","","","LargeShield","","110","8","Blunt","82","","","82","","","","","shield","","","","","","","","","","","","","","","","","bo_cap_kite_shield_p","","","","","","","true","true","","","","true","","true","","","","-0.1,-0.0,0.025","","","true","","left_shoulder_shield:shield_kite:shield_2:shield_3:shield_4","","","","false","bo_kite_shield_p","","","","","true","","5","0.0,0.0,0.0","","","480","","wood_shield","0.0, 0.00, 0.00","","0.0,10.0,40.00","","","","","","","","","","","","","","","true","","","","","true","","","","","","","","","","",""
"RBM","RBMCombat_shields.xml","western_kite_shield_shoulder","{=RBM_SHI_032}Shoulder Strapped Kite Shield","Shield","Culture.vlandia","","shield_vlandia_infantary_a","4.7","","","1","","","","","","","","","","","","","","","","","","LargeShield","","110","8","Blunt","82","","","82","","","","","shield","","","","","","","","","","","","","","","","","bo_cap_shield_vlandia_infantary_a","","","","","","","true","true","","","","true","","true","","","","-0.1,0.1,0","","","true","","left_shoulder_shield:shield_kite:shield_2:shield_3:shield_4","","","","false","bo_shield_vlandia_infantary_a","","","","","true","","4","-0.070,0.0,0.05","","","500","","wood_shield","0.0, 0.00, 0.00","","0.0,10.0,40.00","","","","","","","","","","","","","","","true","","","","","true","","","","","","","","","","",""
"RBM","RBMCombat_shields.xml","studded_bound_kite_shield_shoulder","{=RBM_SHI_033}Shoulder Strapped Studded Bound Kite Shield","Shield","Culture.empire","","kite_shield_r","4.8","","","1","","","","","","","","","","","","","","","","","","LargeShield","","110","8","Blunt","82","","","91","","","","","shield","","","","","","","","","","","","","","","","","bo_cap_kite_shield_r","","","","","","","true","true","","","","true","","true","","","","-0.1,-0.0,0.0","","","true","","left_shoulder_shield:shield_kite:shield_2:shield_3:shield_4","","","","false","bo_kite_shield_r","","","","","true","","7","0.0,0.0,0.05","","","570","","wood_shield","0.0, 0.00, 0.00","","0.0,10.0,40.00","","","","","","","","","","","","","","","true","","","","","true","","","","","","","","","","",""
"RBM","RBMCombat_shields.xml","fortified_kite_shield_shoulder","{=RBM_SHI_034}Shoulder Strapped Fortified Kite Shield","Shield","Culture.empire","","kite_shield_s","5.4","","","0.7","","","","","","","","","","","","","","","","","","LargeShield","","110","8","Blunt","82","","","82","","","","","shield","","","","","","","","","","","","","","","","","bo_cap_kite_shield_s","","","","","","","true","true","","","","true","","true","","","","-0.1,-0.0,-0.025","","","true","","left_shoulder_shield:shield_kite:shield_2:shield_3:shield_4","","","","false","bo_kite_shield_s","","","","","true","","7","0.0,0.0,0.1","","","730","","wood_shield","0.0, 0.00, 0.00","","0.0,10.0,40.00","","","","","","","","","","","","","","","true","","","","","true","","","","","","","","","","",""
"RBM","RBMCombat_shields.xml","chivalric_kite_shield_shoulder","{=RBM_SHI_035}Shoulder Strapped Knights Kite Shield","Shield","Culture.vlandia","","shield_vlandia_cavalary_c","4.7","","","0.9","","","","","","","","","","","","","","","","","","SmallShield","","110","8","Blunt","82","","","82","","","","","shield","","","","","","","","","","","","","","","","","bo_cap_shield_vlandia_cavalary_c","","","","","","","true","true","","","","true","","true","","","","-0.1,-0.1,0","","","true","","left_shoulder_shield:shield_kite:shield_2:shield_3:shield_4","","","","false","bo_shield_vlandia_cavalary_c","","","","","true","","6","0.0,0.1,0.05","","","750","","wood_shield","0.0, 0.00, 0.00","","0.0,10.0,40.00","","","","","","","","","","","","","","","true","","","","","true","","","","","","","","","","",""
"RBM","RBMCombat_shields.xml","pavise_shield_shoulder","{=RBM_SHI_036}Deployable Pavise Shield","Shield","Culture.vlandia","","kite_shield_e","7","","","0.7","","","","","","","","","","","","","","","","","","LargeShield","","118","8","Blunt","82","","","82","","","","","shield","","","","","","","","","","","","","","","","","bo_cap_kite_shield_e","","","","","","","true","true","","","","true","","true","","","","-0.1,-0.1,-0.025","","","true","","pavise:shield:shield_2:shield_3:shield_4","","","","false","bo_kite_shield_e","","","","","true","","7","0.0,0.1,0.1","","","760","","wood_shield","0.0, 0.00, 0.00","","0.0,10.0,40.00","","","","","","","","","","","","","","","true","","","","","true","","","","","","","","","","",""
"RBM","RBMCombat_shields.xml","worn_kite_shield_shoulder","{=RBM_SHI_037}Shoulder Strapped Worn Kite Shield","Shield","Culture.empire","","kite_shield_b","3.7","","0","0.3","","","","","","","","","","","","","","","","","","LargeShield","","128","8","Blunt","82","","","83","","","","","shield","","","","","","","","","","","","","","","","","bo_cap_kite_shield_b","","","","","","","true","true","","","","true","","true","","","","-0.1,0,-0.025","","","true","","left_shoulder_shield:shield_kite:shield_2:shield_3:shield_4","","","","false","bo_kite_shield_b","","","","","true","","3","0,-0.1,0.1","","","380","","wood_shield","0.0, 0.00, 0.00","","0.0,10.0,40.00","","","","","","","","","","","","","","","true","","","","","true","","","","","","","","","","",""
"RBM","RBMCombat_shields.xml","leather_bound_kite_shield_shoulder","{=RBM_SHI_038}Shoulder Strapped Leather Bound Kite Shield","Shield","Culture.empire","","kite_shield_c","6.3","","","1","","","","","","","","","","","","","","","","","","LargeShield","","128","8","Blunt","82","","","82","","","","","shield","","","","","","","","","","","","","","","","","bo_cap_kite_shield_c","","","","","","","true","true","","","","true","","true","","","","-0.1,0,-0.025","","","true","","left_shoulder_shield:shield_kite:shield_2:shield_3:shield_4","","","","false","bo_kite_shield_c","","","","","true","","4","0.0,0.05,0.05","","","415","","wood_shield","0.0, 0.00, 0.00","","0.0,10.0,40.00","","","","","","","","","","","","","","","true","","","","","true","","","","","","","","","","",""
"RBM","RBMCombat_shields.xml","reinforced_kite_shield_shoulder","{=RBM_SHI_039}Shoulder Strapped Reinforced Kite Shield","Shield","Culture.empire","","kite_shield_d","5.8","","","0.6","","","","","","","","","","","","","","","","","","LargeShield","","128","8","Blunt","82","","","82","","","","","shield","","","","","","","","","","","","","","","","","bo_cap_kite_shield_d","","","","","","","true","true","","","","true","","true","","","","-0.1,0,-0.025","","","true","","left_shoulder_shield:shield_kite:shield_2:shield_3:shield_4","","","","false","bo_kite_shield_d","","","","","true","","5","0.0,0.05,0.05","","","550","","wood_shield","0.0, 0.00, 0.00","","0.0,10.0,40.00","","","","","","","","","","","","","","","true","","","","","true","","","","","","","","","","",""
"RBM","RBMCombat_shields.xml","stronger_reinforced_kite_shield_shoulder","{=RBM_SHI_040}Shoulder Strapped Reinforced Oaken Kite Shield","Shield","Culture.empire","","kite_shield_d","5.8","","","0.7","","","","","","","","","","","","","","","","","","LargeShield","","128","8","Blunt","82","","","82","","","","","shield","","","","","","","","","","","","","","","","","bo_cap_kite_shield_d","","","","","","","true","true","","","","true","","true","","","","-0.1,0,-0.025","","","true","","left_shoulder_shield:shield_kite:shield_2:shield_3:shield_4","","","","false","bo_kite_shield_d","","","","","true","","6","0.0,0.05,0.05","","","630","","wood_shield","0.0, 0.00, 0.00","","0.0,10.0,40.00","","","","","","","","","","","","","","","true","","","","","true","","","","","","","","","","",""
"RBM","RBMCombat_shields.xml","old_kite_sparring_shield_shoulder","{=RBM_SHI_041}Shoulder Strapped Makeshift Kite Sparring Shield","Shield","Culture.vlandia","","kite_shield_a","4.2","","","0.3","","","","","","","","","","","","","","","","","","LargeShield","","170","8","Blunt","82","","","82","","","","","shield","","","","","","","","","","","","","","","","","bo_cap_kite_shield_a","","","","","","","true","true","","","","true","","true","","","","-0.1,0,-0.025","","","true","","left_shoulder_shield:shield_kite:shield_2:shield_3:shield_4","","","","false","bo_kite_shield_a","","","","","true","","2","0.0,0.05,0.05","","","345","","wood_shield","0.0, 0.00, 0.00","","0.0,10.0,40.00","","","","","","","","","","","","","","","true","","","","","true","","","","","","","","","","",""
"RBM","RBMCombat_shields.xml","old_kite_shield_shoulder","{=RBM_SHI_042}Shoulder Strapped Makeshift Kite Shield","Shield","Culture.vlandia","","kite_shield_a","4.2","","","0.3","","","","","","","","","","","","","","","","","","LargeShield","","170","8","Blunt","82","","","82","","","","","shield","","","","","","","","","","","","","","","","","bo_cap_kite_shield_a","","","","","","","true","true","","","","true","","true","","","","-0.1,0,-0.025","","","true","","left_shoulder_shield:shield_kite:shield_2:shield_3:shield_4","","","","false","bo_kite_shield_a","","","","","true","","2","0.0,0.05,0.05","","","370","","wood_shield","0.0, 0.00, 0.00","","0.0,10.0,40.00","","","","","","","","","","","","","","","true","","","","","true","","","","","","","","","","",""
"RBM","RBMCombat_shields.xml","highland_scouts_shield_shoulder","{=RBM_SHI_054}Shoulder Strapped Decorated Round Shield","Shield","Culture.battania","","shield_battania_cavalary_a","4.7","","","0.9","","","","","","","","","","","","","","","","","","LargeShield","","60","8","Blunt","82","","","82","","","","","shield","","","","","","","","","","","","","","","","","bo_cap_shield_battania_cavalary_a","","","","","","","true","true","","","","true","","true","","","","-0.1,-0.05,-0.04","","","","","left_shoulder_shield_experiment1:shield_round:shield_4","","","","false","bo_shield_battania_cavalary_a","","","","","true","","4","-0.0,0.055,0.05","","","600","","wood_shield","0.0, 0.00, 0.00","","0.0,10.0,40.00","","","","","","","","","","","","","","","true","","","","","true","","","","","","","","","","",""
"RBM","RBMCombat_shields.xml","highland_riders_shield_shoulder","{=RBM_SHI_055}Shoulder Strapped Highland Round Shield","Shield","Culture.battania","","shield_battania_cavalary_b","4.7","","","0.9","","","","","","","","","","","","","","","","","","LargeShield","","60","8","Blunt","120","","","82","","","","","shield","","","","","","","","","","","","","","","","","bo_cap_shield_battania_cavalary_b","","","","","","","true","true","","","","true","","true","","","","-0.1,-0.05,-0.04","","","","","left_shoulder_shield_experiment1:shield_round:shield_4","","","","false","bo_shield_battania_cavalary_b","","","","","true","","4","-0.0,0.055,0.05","","","700","","wood_shield","0.0, 0.00, 0.00","","0.0,10.0,40.00","","","","","","","","","","","","","","","true","","","","","true","","","","","","","","","","",""
"RBM","RBMCombat_shields.xml","leather_round_shield_shoulder","{=RBM_SHI_056}Shoulder Strapped Large Round Shield","Shield","Culture.sturgia","","sturgia_shield_b","6.9","","0","1","","","","","","","","","","","","","","","","","","LargeShield","","70","8","Blunt","89","","","89","","","","","hand_shield","","","","","","","","","","","","","","","","","bo_cap_sturgia_shield_a","","","","","","true","","true","","","","true","","true","","","","0,0,0.01","","","","","left_shoulder_shield_experiment1:shield_round:shield_4","","","","false","bo_sturgia_shield_b","","","","","true","","5","0, 0.15, 0","","","680","","wood_shield","-0.02, 0.0, 0.0","","-15.0,-90.0,-10.0","","","","","","","","","","","","","","","true","","","","","true","","","","","","","","","","",""
"RBM","RBMCombat_shields.xml","heavy_round_shield_shoulder","{=RBM_SHI_057}Shoulder Strapped Heavy Round Shield","Shield","Culture.sturgia","","sturgia_shield_a","4.7","","0","0.9","","","","","","","","","","","","","","","","","","LargeShield","","70","8","Blunt","86","","","86","","","","","hand_shield","","","","","","","","","","","","","","","","","bo_cap_sturgia_shield_a","","","","","","true","","true","","","","true","","true","","","","0,0,0","","","","","left_shoulder_shield_experiment1:shield_round:shield_4","","","","false","bo_sturgia_shield_a","","","","","true","","7","0, 0, 0","","","700","","wood_shield","-0.02, 0.0, 0.0","","-15.0,-90.0,-10.0","","","","","","","","","","","","","","","true","","","","","true","","","","","","","","","","",""
"RBM","RBMCombat_shields.xml","strapped_round_shield_shoulder","{=RBM_SHI_058}Shoulder Strapped Reinforced Large Round Shield","Shield","Culture.sturgia","","sturgia_shield_c","7.3","","0","1","","","","","","","","","","","","","","","","","","LargeShield","","70","8","Blunt","82","","","82","","","","","hand_shield","","","","","","","","","","","","","","","","","bo_cap_sturgia_shield_a","","","","","","true","","true","","","","true","","true","","","","0,0,0.01","","","","","left_shoulder_shield_experiment1:shield_round:shield_4","","","","false","bo_sturgia_shield_c","","","","","true","","6","0, 0, 0","","","690","","wood_shield","-0.02, 0.0, 0.0","","-15.0,-90.0,-10.0","","","","","","","","","","","","","","","true","","","","","true","","","","","","","","","","",""
"RBM","RBMCombat_shields.xml","vlandia_infantry_shield_a","{=djSq8yL0}Angular Kite Shield","Shield","Culture.vlandia","","vlandia_infantry_shield_a","3.7","","","1","","","","","","","","","","","","","","","","","","LargeShield","","133","","Blunt","85","","","85","","","","shield","shield","","","","","","","","","","","","","","","","","bo_cap_vlandia_infantry_shield_a","","","","","","","true","true","","","","true","","true","","","","-0.03,0.0,0.05","","","","","shield_kite:shield_2:shield_3:shield_4","","","","false","bo_vlandia_infantry_shield_a","","","","","true","","6","-0.070,0.0,0.05","","","700","","wood_shield","0.03, -0.02, 0.00","","0.00,16.00,40.00","","","","","","","","","","","","","","","true","","","","","true","","","","","","","","","","",""
"RBM","RBMCombat_shields.xml","sturgia_infantry_shield_a","{=eopAWegQ}Leaf-Point Kite Shield","Shield","Culture.sturgia","","sturgia_infantry_shield_a","4.7","","","1","","","","","","","","","","","","","","","","","","LargeShield","","133","","Blunt","82","","","82","","","","shield","shield","","","","","","","","","","","","","","","","","bo_cap_sturgia_infantry_shield_a","","","","","","","true","true","","","","true","","true","","","","-0.1,0.1,0.05","","","","","shield_kite:shield_2:shield_3:shield_4","","","","false","bo_sturgia_infantry_shield_a","","","","","true","","6","-0.070,0.0,0.05","","","750","","wood_shield","0.03, -0.02, -0.02","","0.00,10.00,40.00","","","","","","","","","","","","","","","true","","","","","true","","","","","","","","","","",""
"RBM","RBMCombat_shields.xml","sturgia_infantry_shield_b","{=jdOu5l5D}Reinforced Leaf-Point Kite Shield","Shield","Culture.sturgia","","sturgia_infantry_shield_b","4.7","","","1","","","","","","","","","","","","","","","","","","LargeShield","","133","","Blunt","82","","","82","","","","shield","shield","","","","","","","","","","","","","","","","","bo_cap_sturgia_infantry_shield_b","","","","","","","true","true","","","","true","","true","","","","-0.1,0.1,0.05","","","","","shield_kite:shield_2:shield_3:shield_4","","","","false","bo_sturgia_infantry_shield_b","","","","","true","","7","-0.070,0.0,0.05","","","800","","wood_shield","0.03, -0.02, -0.02","","0.00,10.00,40.00","","","","","","","","","","","","","","","true","","","","","true","","","","","","","","","","",""
"RBM","RBMCombat_shields.xml","steel_druzhinnik_kite_shield","{=T3SFANYK}Druzhinnik Kite Shield","Shield","Culture.sturgia","","steel_druzhinnik_kite_shield","4.1","","","1","","","","","","","","","","","","","","","","","","LargeShield","","133","","Blunt","87","","","87","","","","shield","shield","","","","","","","","","","","","","","","","","bo_cap_steel_druzhinnik_kite_shield","","","","","","","true","true","","","","true","","true","","","","-0.03,0.0,0.05","","","","","shield_kite:shield_2:shield_3:shield_4","","","","false","bo_steel_druzhinnik_kite_shield","","","","","true","","9","-0.070,0.0,0.05","","","650","","metal_shield","0.03, -0.02, 0.00","","0.00,16.00,40.00","","","","","","","","","","","","","","","true","","","","","true","","","","","","","","","","",""
"RBM","RBMCombat_shoulder_armors.xml","a_battania_cloak_a","{=Jm3AiUo3}Simple Cape","Cape","Culture.battania","","battania_cloak_a","0.5","","","3","","Cloth","cloth_unarmoured","","6","","","","","","","","","","","","","","","","","","","","","","","","","","","","","","","","","","","","","","","","","5","","","","true","","","","","","","","true","true","","","","","","","","","","","","","","","","","","","","","","","","","","","","","","","","","","","","","","","","","","","","","","","","","","","","","","","","","","","","","","","",""
"RBM","RBMCombat_shoulder_armors.xml","battania_civil_cloak","{=e6WOD7Ra}Fringed Cape","Cape","Culture.battania","body_armor","battania_civil_cloak","1","","0","4","","Cloth","cloth_unarmoured","","6","","","","","","","","","","","","","","","","","","","","","","","","","","","","","","","","","","","","","","","","","10","","","","","","","","","","","","true","true","","","","","","","","","","","","","","","","","","","","","","","","","","","","","","","","","","","","","","","","","","","","","","","","","","","","","","","","","","","","","","","",""
"RBM","RBMCombat_shoulder_armors.xml","battania_cloak","{=NZjbiEXg}Tartan Cloak","Cape","Culture.battania","","battania_cloak","0.5","","","2","","Cloth","cloth_unarmoured","","6","","","","","","","","","","","","","","","","","","","","","","","","","","","","","","","","","","","","","","","","","5","","","","true","","","","","","","","true","true","","","","","","","","","","","","","","","","","","","","","","","","","","","","","","","","","","","","","","","","","","","","","","","","","","","","","","","","","","","","","","","",""
"RBM","RBMCombat_shoulder_armors.xml","female_hood","{=FItBDuqh}Cotton Hood","Cape","Culture.neutral_culture","","female_peasant_cape_a","0.5","","","1","","Cloth","cloth_unarmoured","","6","","","","","","","","","","","","","","","","","","","","","","","","","","","","","","","","","","","","","","","","","","","","","true","","","","","","","","","true","","","","","","","","","","","","","","","","","","","","","","","","","","","","","","","","","","","","","","","","","","","","","","","","","","","","","","","","","","","","","","","",""
"RBM","RBMCombat_shoulder_armors.xml","scarf","{=GNdVXMue}Scarf","Cape","Culture.neutral_culture","body_armor","sturgia_cape_a","0.5","","0","3","","Cloth","cloth_unarmoured","","6","","","","","","","","","","","","","","","","","","","","","","","","","","","","","","","","","","","","","","","","","10","","","","true","","","","","","","","true","true","","","","","","","","","","","","","","","","","","","","","","","","","","","","","","","","","","","","","","","","","","","","","","","","","","","","","","","","","","","","","","","",""
"RBM","RBMCombat_shoulder_armors.xml","southern_shawl","{=1EhlbySK}Short Cloak","Cape","Culture.neutral_culture","","aserai_female_costume_cloak","0.4","","","4","","Cloth","cloth_unarmoured","","6","","","","","","","","","","","","","","","","","","","","","","","","","","","","","","","","","","","","","","","","","","","","","true","","","","","","","","","true","","","","","","","","","","","","","","","","","","","","","","","","","","","","","","","","","","","","","","","","","","","","","","","","","","","","","","","","","","","","","","","",""
"RBM","RBMCombat_shoulder_armors.xml","wrapped_scarf","{=h1bcf5zn}Shawl","Cape","Culture.neutral_culture","body_armor","aserai_shoulder_a","0.5","","0","2","","Cloth","cloth_unarmoured","","6","","","","","","","","","","","","","","","","","","","","","","","","","","","","","","","","","","","","","","","","","5","","","","true","","","","","","","","true","true","","","","","","","","","","","","","","","","","","","","","","","","","","","","","","","","","","","","","","","","","","","","","","","","","","","","","","","","","","","","","","","",""
"RBM","RBMCombat_shoulder_armors.xml","battania_civil_cape","{=5uqExwWb}Woodland Fur Cloak","Cape","Culture.battania","body_armor","battania_civil_cape","1.5","","0","3","","Cloth","cloth_unarmoured","","7","","","","","","","","","","","","","","","","","","","","","","","","","","","","","","","","","","","","","","","","","10","","","","","","","","","","","","true","","","","","","","","","","","","","","","","","","","","","","","","","","","","","","","","","","","","","","","","","","","","","","","","","","","","","","","","","","","","","","","","",""
"RBM","RBMCombat_shoulder_armors.xml","green_hood","{=UvOa4elc}Green Hood","Cape","Culture.vlandia","","shoulder_cape_a","0.5","","0","3","","Cloth","cloth_unarmoured","","7","","","","","","","","","","","","","","","","","","","","","","","","","","","","","","","","","","","","","","","","","5","","","","true","","","","","","","","true","","","","","","","","","","","","","","","","","","","","","","","","","","","","","","","","","","","","","","","","","","","","","","","","","","","","","","","","","","","","","","","","",""
"RBM","RBMCombat_shoulder_armors.xml","a_brass_lamellar_shoulder_a","{=NuWovN18}Bronze Lamellar Shoulder Guards","Cape","Culture.khuzait","","brass_lamellar_shoulder_a","1","","","4","","Plate","plate","","8","0","","","","","","","","","","","","","","","","","","","","","","","","","","","","","","","","","","","","","","","","","","","","","","","","","","","","","true","","","","","","","","","","","","","","","","","","","","","","","","","","","","","","","","","","","","","","","","","","","","","","","","","","","","","","","","","","","","","","","",""
"RBM","RBMCombat_shoulder_armors.xml","female_scarf","{=HJdIkdm2}Thick Scarf","Cape","Culture.neutral_culture","","female_peasant_cape_b","0.6","","","2","","Cloth","cloth_unarmoured","","8","","","","","","","","","","","","","","","","","","","","","","","","","","","","","","","","","","","","","","","","","10","","","","true","","","","","","","","true","true","","","","","","","","","","","","","","","","","","","","","","","","","","","","","","","","","","","","","","","","","","","","","","","","","","","","","","","","","","","","","","","",""
"RBM","RBMCombat_shoulder_armors.xml","desert_fabric_shoulderpad","{=EyQTfFS6}Woven Shoulder Pad","Cape","Culture.neutral_culture","","aserai_bigchain_shoulder_fabric","1.8","","","2","","Cloth","cloth_unarmoured","","9","","","","","","","","","","","","","","","","","","","","","","","","","","","","","","","","","","","","","","","","","","","","","true","","","","","","","","","true","","","","","","","","","","","","","","","","","","","","","","","","","","","","","","","","","","","","","","","","","","","","","","","","","","","","","","","","","","","","","","","",""
"RBM","RBMCombat_shoulder_armors.xml","hood","{=lbVB6KPl}Hood","Cape","Culture.vlandia","body_armor","shoulder_cape_multicolor","0.4","","0","4","","Cloth","cloth_unarmoured","","9","","","","","","","","","","","","","","","","","","","","","","","","","","","","","","","","","","","","","","","","","5","","","","true","","","","","","","","true","true","","","","","","","","","","","","","","","","","","","","","","","","","","","","","","","","","","","","","","","","","","","","","","","","","","","","","","","","","","","","","","","",""
"RBM","RBMCombat_shoulder_armors.xml","a_brass_lamellar_shoulder_white_a","{=QlpyR6uc}Lamellar Shoulder Guards","Cape","Culture.sturgia","","brass_lamellar_shoulder_white_a","1","","","5","","Plate","plate","","10","0","","","","","","","","","","","","","","","","","","","","","","","","","","","","","","","","","","","","","","","","","","","","","","","","","","","","","true","","","","","","","","","","","","","","","","","","","","","","","","","","","","","","","","","","","","","","","","","","","","","","","","","","","","","","","","","","","","","","","",""
"RBM","RBMCombat_shoulder_armors.xml","a_aserai_scale_b_shoulder_d","{=k9ouZ59X}Bronze Scale Pauldrons","Cape","Culture.aserai","","aserai_scale_b_shoulder_d","2.2","","","5","","Plate","plate","","12","0","","","","","","","","","","","","","","","","","","","","","","","","","","","","","","","","","","","","","","","","","","","","","","","","","","","","","","","","","","","","","","","","","","","","","","","","","","","","","","","","","","","","","","","","","","","","","","","","","","","","","","","","","","","","","","","","","","","","",""
"RBM","RBMCombat_shoulder_armors.xml","a_empire_plated_shoulder_a","{=TS7NjgyH}Legionary Studded Harness","Cape","Culture.empire","","empire_plated_shoulder_a","4.1","","","4","","Leather","leather","","12","0","","","","","","","","","","","","","","","","","","","","","","","","","","","","","","","","","","","","","","","","","","","","","","","","","","","","","","","","","","","","","","","","","","","","","","","","","","","","","","","","","","","","","","","","","","","","","","","","","","","","","","","","","","","","","","","","","","","","",""
"RBM","RBMCombat_shoulder_armors.xml","battanian_leather_shoulder_a","{=ICsecuVv}Cured Leather Shoulder Pieces","Cape","Culture.battania","body_armor","battanian_leather_shoulder_a","1.2","","0","3","","Leather","leather","","12","","","","","","","","","","","","","","","","","","","","","","","","","","","","","","","","","","","","","","","","","5","","","","","","","","","","","","true","","","","","","","","","","","","","","","","","","","","","","","","","","","","","","","","","","","","","","","","","","","","","","","","","","","","","","","","","","","","","","","","",""
"RBM","RBMCombat_shoulder_armors.xml","empire_cape_a","{=KQ9h5eAe}Heavy Cloak","Cape","Culture.neutral_culture","body_armor","empire_cape_a","0.5","","0","3","","Cloth","cloth_unarmoured","","12","","","","","","","","","","","","","","","","","","","","","","","","","","","","","","","","","","","","","","","","","","","","","true","","","","","","","","","true","","","","","","","","","","","","","","","","","","","","","","","","","","","","","","","","","","","","","","","","","","","","","","","","","","","","","","","","","","","","","","","",""
"RBM","RBMCombat_shoulder_armors.xml","desert_leather_shoulderpad","{=9w40yGlZ}Leather Shoulder Guard","Cape","Culture.neutral_culture","","aserai_bigchain_shoulder","1.8","","","3","","Leather","leather","","13","","","","","","","","","","","","","","","","","","","","","","","","","","","","","","","","","","","","","","","","","10","","","","","","","","","","","","true","","","","","","","","","","","","","","","","","","","","","","","","","","","","","","","","","","","","","","","","","","","","","","","","","","","","","","","","","","","","","","","","",""
"RBM","RBMCombat_shoulder_armors.xml","leopard_pelt","{=QxzcuhmA}Leopard Pelt","Cape","Culture.aserai","","leopard_pelt","2","","","7","","Leather","leather","","13","","","","","","","","","","","","","","","","","","","","","","","","","","","","","","","","","","","","","","","","","","","","","true","","","","","","","","","","","","","","","","","","","","","","","","","","","","","","","","","","","","","","","","","","","","","","","","","","","","","","","","","","","","","","","","","","","","","","","","",""
"RBM","RBMCombat_shoulder_armors.xml","reinforced_suede_shoulders","{=uIov9Yo9}Reinforced Suede Shoulder Guards","Cape","Culture.khuzait","body_armor","khuzait_suede_leather_shoulder","0.9","","0","3","","Leather","leather","","13","","","","","","","","","","","","","","","","","","","","","","","","","","","","","","","","","","","","","","","","","","","","","","","","","","","","","","","","","","","","","","","","","","","","","","","","","","","","","","","","","","","","","","","","","","","","","","","","","","","","","","","","","","","","","","","","","","","","","",""
"RBM","RBMCombat_shoulder_armors.xml","battania_scarf_a","{=ectdzWNx}Heavy Tartan Scarf","Cape","Culture.battania","body_armor","battania_scarf_a","0.55","","0","1.5","","Cloth","cloth_unarmoured","","13","","","","","","","","","","","","","","","","","","","","","","","","","","","","","","","","","","","","","","","","","5","","","","","","","","","","","","true","true","","","","","","","","","","","","","","","","","","","","","","","","","","","","","","","","","","","","","","","","","","","","","","","","","","","","","","","","","","","","","","","",""
"RBM","RBMCombat_shoulder_armors.xml","a_khuzait_leather_shoulder_b_b","{=Q19xluDy}Reinforced Studded Neckguard","Cape","Culture.khuzait","","khuzait_leather_shoulder_b_b","2.3","","","6","","Leather","leather","","14","0","","","","","","","","","","","","","","","","","","","","","","","","","","","","","","","","","","","","","","","","","","","","","","","","","","","","","","","","","","","","","","","","","","","","","","","","","","","","","","","","","","","","","","","","","","","","","","","","","","","","","","","","","","","","","","","","","","","","",""
"RBM","RBMCombat_shoulder_armors.xml","battania_cloak_b","{=lVtoBMhp}Tartan Cape","Cape","Culture.battania","body_armor","battania_cloak_b","3.2","","0","3","","Cloth","cloth","","14","","","","","","","","","","","","","","","","","","","","","","","","","","","","","","","","","","","","","","","","","10","","","","","","","","","","","","true","true","","","","","","","","","","","","","","","","","","","","","","","","","","","","","","","","","","","","","","","","","","","","","","","","","","","","","","","","","","","","","","","",""
"RBM","RBMCombat_shoulder_armors.xml","battania_shoulder_strap","{=y1YTxkmn}Shoulder Harness","Cape","Culture.battania","","battania_shoulder_strap","1","","","3","","Leather","leather","","14","","","","","","","","","","","","","","","","","","","","","","","","","","","","","","","","","","","","","","","","","","","","","","","","","","","","","","true","","","","","","","","","","","","","","","","","","","","","","","","","","","","","","","","","","","","","","","","","","","","","","","","","","","","","","","","","","","","","","","",""
"RBM","RBMCombat_shoulder_armors.xml","bolted_leather_strips","{=qGzZ78bM}Bolted Leather Strips","Cape","Culture.khuzait","","bandit_11_shoulders","0.5","","","3","","Leather","leather","","14","","","","","","","","","","","","","","","","","","","","","","","","","","","","","","","","","","","","","","","","","","","","","","","","","","","","","","","","","","","","","","","","","","","","","","","","","","","","","","","","","","","","","","","","","","","","","","","","","","","","","","","","","","","","","","","","","","","","","",""
"RBM","RBMCombat_shoulder_armors.xml","stitched_leather_shoulders","{=WrwO8xsN}Stitched Leather Shoulders","Cape","Culture.sturgia","","aserai_plated_shoulder","1.5","","","3","","Leather","leather","","14","","","","","","","","","","","","","","","","","","","","","","","","","","","","","","","","","","","","","","","","","10","","","","","","","","","","","","true","","","","","","","","","","","","","","","","","","","","","","","","","","","","","","","","","","","","","","","","","","","","","","","","","","","","","","","","","","","","","","","","",""
"RBM","RBMCombat_shoulder_armors.xml","a_aserai_scale_b_shoulder_b","{=U0zBG3F9}Scale Pauldrons","Cape","Culture.aserai","","aserai_scale_b_shoulder_b","2","","","5","","Plate","plate","","15","0","","","","","","","","","","","","","","","","","","","","","","","","","","","","","","","","","","","","","","","","","","","","","","","","","","","","","true","","","","","","","","","","","","","","","","","","","","","","","","","","","","","","","","","","","","","","","","","","","","","","","","","","","","","","","","","","","","","","","",""
"RBM","RBMCombat_shoulder_armors.xml","a_khuzait_leather_shoulder_b_a","{=567zyLq5}Cured Studded Leather Shoulders","Cape","Culture.khuzait","","khuzait_leather_shoulder_b_a","2.3","","","4","","Leather","leather","","15","0","","","","","","","","","","","","","","","","","","","","","","","","","","","","","","","","","","","","","","","","","","","","","","","","","","","","","","","","","","","","","","","","","","","","","","","","","","","","","","","","","","","","","","","","","","","","","","","","","","","","","","","","","","","","","","","","","","","","",""
"RBM","RBMCombat_shoulder_armors.xml","a_pauldron_cape_c","{=jQKVnVNR}Bronze Pauldrons","Cape","Culture.empire","","pauldron_cape_c","3.5","","","5","","Plate","plate","","15","0","","","","","","","","","","","","","","","","","","","","","","","","","","","","","","","","","","","","","","","","","","","","true","","","","","","","","","true","","","","","","","","","","","","","","","","","","","","","","","","","","","","","","","","","","","","","","","","","","","","","","","","","","","","","","","","","","","","","","","",""
"RBM","RBMCombat_shoulder_armors.xml","aserai_horseman_shoulder","{=5gsp0xUN}Ringmail Shoulder Guard","Cape","Culture.aserai","body_armor","aserai_horseman_shoulder","2.5","","0","2","","Leather","leather","","15","","","","","","","","","","","","","","","","","","","","","","","","","","","","","","","","","","","","","","","","","","","","","","","","","","","","","","","","","","","","","","","","","","","","","","","","","","","","","","","","","","","","","","","","","","","","","","","","","","","","","","","","","","","","","","","","","","","","","",""
"RBM","RBMCombat_shoulder_armors.xml","battania_shoulder_furr","{=4ryhrb9p}Reinforced Harness with Cape","Cape","Culture.battania","","battania_shoulder_furr","1.6","","","8","","Leather","leather","","15","","","","","","","","","","","","","","","","","","","","","","","","","","","","","","","","","","","","","","","","","","","","","true","","","","","","","","","","","","","","","","","","","","","","","","","","","","","","","","","","","","","","","","","","","","","","","","","","","","","","","","","","","","","","","","","","","","","","","","",""
"RBM","RBMCombat_shoulder_armors.xml","battania_woodland_cloak","{=hjYFbvcy}Woodland Cape","Cape","Culture.battania","body_armor","battania_woodland_cloak","1.4","","0","3","","Leather","leather","","15","0","","","","","","","","","","","","","","","","","","","","","","","","","","","","","","","","","","","","","","","","5","","","","","","","","","","","","true","","","","","","","","","","","","","","","","","","","","","","","","","","","","","","","","","","","","","","","","","","","","","","","","","","","","","","","","","","","","","","","","",""
"RBM","RBMCombat_shoulder_armors.xml","battania_shoulder_strap_cloak","{=vRBg9ICF}Tartan Shoulder Harness","Cape","Culture.battania","","battania_shoulder_strap_cloak","1.3","","","4","","Leather","leather","","16","","","","","","","","","","","","","","","","","","","","","","","","","","","","","","","","","","","","","","","","","","","","","true","","","","","","","","","true","","","","","","","","","","","","","","","","","","","","","","","","","","","","","","","","","","","","","","","","","","","","","","","","","","","","","","","","","","","","","","","",""
"RBM","RBMCombat_shoulder_armors.xml","woven_leather_shoulders","{=c7UNJSNi}Woven Leather Shoulders","Cape","Culture.empire","","vlandia_leather_stripes_shoulders","1.6","","","3","","Leather","leather","","16","0","","","","","","","","","","","","","","","","","","","","","","","","","","","","","","","","","","","","","","","","","","","","","","","","","","","","","","","","","","","","","","","","","","","","","","","","","","","","","","","","","","","","","","","","","","","","","","","","","","","","","","","","","","","","","","","","","","","","",""
"RBM","RBMCombat_shoulder_armors.xml","aserai_scale_shoulder_d","{=KrzAIXgG}Decorated Bronze Scale Pauldrons","Cape","Culture.aserai","","aserai_scale_shoulder_d","2.4","","","8","","Plate","plate","","16","","","","","","","","","","","","","","","","","","","","","","","","","","","","","","","","","","","","","","","","","","","","","true","","","","","","","","","","","","","","","","","","","","","","","","","","","","","","","","","","","","","","","","","","","","","","","","","","","","","","","","","","","","","","","","","","","","","","","","",""
"RBM","RBMCombat_shoulder_armors.xml","empire_plate_armor_shoulder_a","{=P96J2c61}Bronze Plate Pauldrons","Cape","Culture.empire","","empire_plate_armor_shoulder_a","3.6","","","7","","Plate","plate","","17","0","","","","","","","","","","","","","","","","","","","","","","","","","","","","","","","","","","","","","","","","","","","","","","","","","","","","","","","","","","","","","","","","","","","","","","","","","","","","","","","","","","","","","","","","","","","","","","","","","","","","","","","","","","","","","","","","","","","","",""
"RBM","RBMCombat_shoulder_armors.xml","a_leather_lamellar_armor_shoulder_a","{=zf2GUNfh}Decorated Lamellar Leather Shoulder Guards","Cape","Culture.khuzait","","leather_lamellar_armor_shoulder_a","2.3","","","4","","Leather","leather","","18","0","","","","","","","","","","","","","","","","","","","","","","","","","","","","","","","","","","","","","","","","","","","","","","","","","","","","","","","","","","","","","","","","","","","","","","","","","","","","","","","","","","","","","","","","","","","","","","","","","","","","","","","","","","","","","","","","","","","","",""
"RBM","RBMCombat_shoulder_armors.xml","varangian_bra_basic","{=564PHXk3}Decorated Leather Harness","Cape","Culture.empire","","varangian_bra_basic","2.5","","","7","","Leather","leather","","18","","","","","","","","","","","","","","","","","","","","","","","","","","","","","","","","","","","","","","","","","","","","","true","","","","","","","","","","","","","","","","","","","","","","","","","","","","","","","","","","","","","","","","","","","","","","","","","","","","","","","","","","","","","","","","","","","","","","","","",""
"RBM","RBMCombat_shoulder_armors.xml","a_brass_lamellar_shoulder_b","{=D2ZuOT3H}Reinforced Bronze Lamellar Shoulder Guards","Cape","Culture.khuzait","","brass_lamellar_shoulder_b","5","","","4","","Plate","plate","","20","0","","","","","","","","","","","","","","","","","","","","","","","","","","","","","","","","","","","","","","","","","","","","","","","","","","","","","true","","","","","","","","","","","","","","","","","","","","","","","","","","","","","","","","","","","","","","","","","","","","","","","","","","","","","","","","","","","","","","","",""
"RBM","RBMCombat_shoulder_armors.xml","a_pauldron_cape_b","{=URZVE5aK}Bronze Pauldrons with Neck Guard","Cape","Culture.empire","","pauldron_cape_b","3.5","","","5","","Plate","plate","","20","0","","","","","","","","","","","","","","","","","","","","","","","","","","","","","","","","","","","","","","","","","","","","","","","","","","","","","true","","","","","","","","","","","","","","","","","","","","","","","","","","","","","","","","","","","","","","","","","","","","","","","","","","","","","","","","","","","","","","","",""
"RBM","RBMCombat_shoulder_armors.xml","chainmail_shoulder_armor","{=P9wiCrIU}Reinforced Mail Shoulders","Cape","Culture.vlandia","","chainmail_shoulder_armor","1.4","","","4","","Chainmail","chain","","20","","","","","","","","","","","","","","","","","","","","","","","","","","","","","","","","","","","","","","","","","","","","","","","","","","","","","","","","","","","","","","","","","","","","","","","","","","","","","","","","","","","","","","","","","","","","","","","","","","","","","","","","","","","","","","","","","","","","","",""
"RBM","RBMCombat_shoulder_armors.xml","empire_plate_armor_shoulder_b","{=27GO9o9K}Iron Plate Pauldrons","Cape","Culture.empire","","empire_plate_armor_shoulder_b","3.6","","","6","","Plate","plate","","21","0","","","","","","","","","","","","","","","","","","","","","","","","","","","","","","","","","","","","","","","","","","","","","","","","","","","","","","","","","","","","","","","","","","","","","","","","","","","","","","","","","","","","","","","","","","","","","","","","","","","","","","","","","","","","","","","","","","","","",""
"RBM","RBMCombat_shoulder_armors.xml","steppe_leather_shoulders","{=Oub0aVl3}Cured Leather Pauldrons","Cape","Culture.khuzait","body_armor","khuzait_leather_armor_shoulder","0.7","","0","4","","Leather","leather","","21","0","","","","","","","","","","","","","","","","","","","","","","","","","","","","","","","","","","","","","","","","","","","","","","","","","","","","","","","","","","","","","","","","","","","","","","","","","","","","","","","","","","","","","","","","","","","","","","","","","","","","","","","","","","","","","","","","","","","","",""
"RBM","RBMCombat_shoulder_armors.xml","a_empire_plated_shoulder_b","{=DbEzJcbD}Lamellar Pauldrons","Cape","Culture.empire","","empire_plated_shoulder_b","4.1","","","4","","Plate","plate","","22","0","","","","","","","","","","","","","","","","","","","","","","","","","","","","","","","","","","","","","","","","","","","","","","","","","","","","","","","","","","","","","","","","","","","","","","","","","","","","","","","","","","","","","","","","","","","","","","","","","","","","","","","","","","","","","","","","","","","","",""
"RBM","RBMCombat_shoulder_armors.xml","battania_cloak_furr","{=B58Ocaxw}Chained Fur Cloak","Cape","Culture.battania","","battania_cloak_furr","1.5","","","6","","Leather","leather","","22","0","","","","","","","","","","","","","","","","","","","","","","","","","","","","","","","","","","","","","","","","","","","","true","","","","","","","","","","","","","","","","","","","","","","","","","","","","","","","","","","","","","","","","","","","","","","","","","","","","","","","","","","","","","","","","","","","","","","","","",""
"RBM","RBMCombat_shoulder_armors.xml","khuzait_leather_pauldron","{=UTXWsY1Y}Reinforced Leather Pauldrons","Cape","Culture.khuzait","","khuzait_leather_pauldron","1.5","","","4","","Leather","leather","","22","0","","","","","","","","","","","","","","","","","","","","","","","","","","","","","","","","","","","","","","","","","","","","","","","","","","","","","","","","","","","","","","","","","","","","","","","","","","","","","","","","","","","","","","","","","","","","","","","","","","","","","","","","","","","","","","","","","","","","",""
"RBM","RBMCombat_shoulder_armors.xml","padded_leather_shoulders","{=Bl72Ribb}Padded Leather Shoulders","Cape","Culture.vlandia","","shoulder_padding","1.4","","","2","","Cloth","cloth","","22","0","","","","","","","","","","","","","","","","","","","","","","","","","","","","","","","","","","","","","","","","","","","","","","","","","","","","","","","","","","","","","","","","","","","","","","","","","","","","","","","","","","","","","","","","","","","","","","","","","","","","","","","","","","","","","","","","","","","","",""
"RBM","RBMCombat_shoulder_armors.xml","wolf_shoulder","{=beg6guIH}Wolf Pelt Cape","Cape","Culture.battania","body_armor","wolf_shoulder","1.8","","0","4","","Leather","leather","","22","0","","","","","","","","","","","","","","","","","","","","","","","","","","","","","","","","","","","","","","","","","","","","true","","","","","","","","","","","","","","","","","","","","","","","","","","","","","","","","","","","","","","","","","","","","","","","","","","","","","","","","","","","","","","","","","","","","","","","","",""
"RBM","RBMCombat_shoulder_armors.xml","varangian_bra_royal","{=RXDyumYz}Caped Leather Harness","Cape","Culture.empire","","varangian_bra_royal","2.7","","","9","","Leather","leather","","22","","","","","","","","","","","","","","","","","","","","","","","","","","","","","","","","","","","","","","","","","","","","","","","","","","","","","","true","","","","","","","","","","","","","","","","","","","","","","","","","","","","","","","","","","","","","","","","","","","","","","","","","","","","","","","","","","","","","","","",""
"RBM","RBMCombat_shoulder_armors.xml","a_aserai_scale_b_shoulder_c","{=imHoaCGi}Bronze Scale Shoulder Guards","Cape","Culture.aserai","","aserai_scale_b_shoulder_c","4.4","","","5","","Plate","plate","","24","0","","","","","","","","","","","","","","","","","","","","","","","","","","","","","","","","","","","","","","","","","","","","","","","","","","","","","","","","","","","","","","","","","","","","","","","","","","","","","","","","","","","","","","","","","","","","","","","","","","","","","","","","","","","","","","","","","","","","",""
"RBM","RBMCombat_shoulder_armors.xml","empire_warrior_padded_armor_shoulder","{=WDNKhjca}Legionary Padded Straps","Cape","Culture.empire","","empire_warrior_padded_armor_shoulder","1.6","","","5","","Leather","leather","","24","0","","","","","","","","","","","","","","","","","","","","","","","","","","","","","","","","","","","","","","","","","","","","","","","","","","","","","","","","","","","","","","","","","","","","","","","","","","","","","","","","","","","","","","","","","","","","","","","","","","","","","","","","","","","","","","","","","","","","",""
"RBM","RBMCombat_shoulder_armors.xml","leather_lamellar_shoulders","{=AHQQp0O0}Leather Lamellar Shoulder Guards","Cape","Culture.khuzait","","leather_lamellar_armor_shoulder","2.3","","","6","","Leather","leather","","24","0","","","","","","","","","","","","","","","","","","","","","","","","","","","","","","","","","","","","","","","","","","","","","","","","","","","","","","","","","","","","","","","","","","","","","","","","","","","","","","","","","","","","","","","","","","","","","","","","","","","","","","","","","","","","","","","","","","","","",""
"RBM","RBMCombat_shoulder_armors.xml","a_brass_lamellar_shoulder_white_b","{=XpzvP7hE}Reinforced Lamellar Shoulder Guards","Cape","Culture.sturgia","","brass_lamellar_shoulder_white_b","5","","","5","","Plate","plate","","25","0","","","","","","","","","","","","","","","","","","","","","","","","","","","","","","","","","","","","","","","","","","","","","","","","","","","","","true","","","","","","","","","","","","","","","","","","","","","","","","","","","","","","","","","","","","","","","","","","","","","","","","","","","","","","","","","","","","","","","",""
"RBM","RBMCombat_shoulder_armors.xml","a_metal_lamellar_armor_shoulder_a","{=Uo2t80GH}Decorated Steel Lamellar Shoulder Pieces","Cape","Culture.khuzait","","metal_lamellar_armor_shoulder_a","5","","","6","","Plate","plate","","25","0","","","","","","","","","","","","","","","","","","","","","","","","","","","","","","","","","","","","","","","","","","","","","","","","","","","","","","","","","","","","","","","","","","","","","","","","","","","","","","","","","","","","","","","","","","","","","","","","","","","","","","","","","","","","","","","","","","","","",""
"RBM","RBMCombat_shoulder_armors.xml","brass_scale_shoulders","{=3Xx3hg8s}Decorated Scale Shoulder Guards","Cape","Culture.sturgia","","sturgia_leather_brass_shoulder","2.2","","","8","","Plate","plate","","25","0","","","","","","","","","","","","","","","","","","","","","","","","","","","","","","","","","","","","","","","","","","","","","","","","","","","","","","","","","","","","","","","","","","","","","","","","","","","","","","","","","","","","","","","","","","","","","","","","","","","","","","","","","","","","","","","","","","","","",""
"RBM","RBMCombat_shoulder_armors.xml","scale_shoulder_armor","{=aChUcrRt}Scale Shoulderguards","Cape","Culture.vlandia","","scale_shoulder_armor","1.7","","","1","","Plate","plate","","25","","","","","","","","","","","","","","","","","","","","","","","","","","","","","","","","","","","","","","","","","","","","","","","","","","","","","","","","","","","","","","","","","","","","","","","","","","","","","","","","","","","","","","","","","","","","","","","","","","","","","","","","","","","","","","","","","","","","","",""
"RBM","RBMCombat_shoulder_armors.xml","bearskin","{=s7WRzaf2}Bear Pelt","Cape","Culture.battania","body_armor","battania_helmet_h","2.3","","0","3","","Leather","leather","","26","0","","","","","","","","","","","","","","","","","","","","","","","","","","","","","","","","","","","","","","","","","","","","true","","","","","","","","","","","","","","","","","","","","","","","","","","","","","","","","","","","","","","","","","","","","","","","","","","","","","","","","","","","","","","","","","","","","","","","","",""
"RBM","RBMCombat_shoulder_armors.xml","rough_bearskin","{=KKWEkA4P}Rough Bearskin","Cape","Culture.battania","","cloak_fur_c","2.3","","0","2","","Leather","leather","","26","0","","","","","","","","","","","","","","","","","","","","","","","","","","","","","","","","","","","","","","","","","","","","true","","","","","","","","","","","","","","","","","","","","","","","","","","","","","","","","","","","","","","","","","","","","","","","","","","","","","","","","","","","","","","","","","","","","","","","","",""
"RBM","RBMCombat_shoulder_armors.xml","battanian_chainmail_shoulder_a","{=M0n609ut}Mail Shoulder Pieces","Cape","Culture.battania","body_armor","battanian_chainmail_shoulder_a","4.5","","0","3","","Chainmail","chain","","27","","","","","","","","","","","","","","","","","","","","","","","","","","","","","","","","","","","","","","","","","","","","","","","","","","","","","","","","","","","","","","","","","","","","","","","","","","","","","","","","","","","","","","","","","","","","","","","","","","","","","","","","","","","","","","","","","","","","","",""
"RBM","RBMCombat_shoulder_armors.xml","eastern_studded_shoulders","{=t6pQ6Vxc}Reinforced Studded Shoulder Guards","Cape","Culture.khuzait","","khuzait_leather_shoulder_b","2.3","","","6","","Leather","leather","","27","0","","","","","","","","","","","","","","","","","","","","","","","","","","","","","","","","","","","","","","","","","","","","","","","","","","","","","","","","","","","","","","","","","","","","","","","","","","","","","","","","","","","","","","","","","","","","","","","","","","","","","","","","","","","","","","","","","","","","",""
"RBM","RBMCombat_shoulder_armors.xml","varangian_bra_padded","{=qaKGuHSt}Decorated Leather Harness with Padding","Cape","Culture.empire","","varangian_bra_padded","3.2","","","7","","Leather","leather","","27","","","","","","","","","","","","","","","","","","","","","","","","","","","","","","","","","","","","","","","","","","","","","","","","","","","","","","true","","","","","","","","","","","","","","","","","","","","","","","","","","","","","","","","","","","","","","","","","","","","","","","","","","","","","","","","","","","","","","","",""
"RBM","RBMCombat_shoulder_armors.xml","aserai_scale_shoulder_c","{=k9ouZ59X}Bronze Scale Pauldrons","Cape","Culture.aserai","","aserai_scale_shoulder_c","1.9","","","6","","Plate","plate","","27","","","","","","","","","","","","","","","","","","","","","","","","","","","","","","","","","","","","","","","","","","","","","","","","","","","","","","","","","","","","","","","","","","","","","","","","","","","","","","","","","","","","","","","","","","","","","","","","","","","","","","","","","","","","","","","","","","","","","",""
"RBM","RBMCombat_shoulder_armors.xml","a_aserai_scale_b_shoulder_a","{=FQdTo5ay}Scale Shoulder Guards","Cape","Culture.aserai","","aserai_scale_b_shoulder_a","4","","","5","","Plate","plate","","30","0","","","","","","","","","","","","","","","","","","","","","","","","","","","","","","","","","","","","","","","","","","","","","","","","","","","","","true","","","","","","","","","","","","","","","","","","","","","","","","","","","","","","","","","","","","","","","","","","","","","","","","","","","","","","","","","","","","","","","",""
"RBM","RBMCombat_shoulder_armors.xml","mail_shoulders","{=W9bsRAfD}Mail Shoulder Guards","Cape","Culture.sturgia","body_armor","shoulder_chain_a","2.7","","0","2","","Chainmail","chain","","30","0","","","","","","","","","","","","","","","","","","","","","","","","","","","","","","","","","","","","","","","","","","","","","","","","","","","","","","","","","","","","","","","","","","","","","","","","","","","","","","","","","","","","","","","","","","","","","","","","","","","","","","","","","","","","","","","","","","","","",""
"RBM","RBMCombat_shoulder_armors.xml","pauldron_cape_a","{=pGmYxauO}Legionary Cape","Cape","Culture.empire","","pauldron_cape_a","3.5","","","8","","Plate","plate","","30","0","","","","","","","","","","","","","","","","","","","","","","","","","","","","","","","","","","","","","","","","","","","","","","","","","","","","","true","","","","","","","","","","","","","","","","","","","","","","","","","","","","","","","","","","","","","","","","","","","","","","","","","","","","","","","","","","","","","","","",""
"RBM","RBMCombat_shoulder_armors.xml","studded_imperial_neckguard","{=kjzCaoMK}Neckguard with Bronze Plate Pauldrons","Cape","Culture.empire","","empire_plate_armor_shoulder","3.6","","","2","","Plate","plate","","31","0","","","","","","","","","","","","","","","","","","","","","","","","","","","","","","","","","","","","","","","","","","","","","","","","","","","","","","","","","","","","","","","","","","","","","","","","","","","","","","","","","","","","","","","","","","","","","","","","","","","","","","","","","","","","","","","","","","","","",""
"RBM","RBMCombat_shoulder_armors.xml","battanian_chainmail_shoulder_b","{=qdMP2qWG}Mail Shoulder Reinforcements","Cape","Culture.battania","body_armor","battanian_chainmail_shoulder_b","4.5","","0","6","","Chainmail","chain","","32","","","","","","","","","","","","","","","","","","","","","","","","","","","","","","","","","","","","","","","","","","","","","","","","","","","","","","true","","","","","","","","","","","","","","","","","","","","","","","","","","","","","","","","","","","","","","","","","","","","","","","","","","","","","","","","","","","","","","","",""
"RBM","RBMCombat_shoulder_armors.xml","brass_lamellar_shoulder","{=RmPPVmgJ}Bronze Lamellar Shoulder Pieces","Cape","Culture.khuzait","","brass_lamellar_shoulder","5","","","2","","Plate","plate","","32","0","","","","","","","","","","","","","","","","","","","","","","","","","","","","","","","","","","","","","","","","","","","","","","","","","","","","","true","","","","","","","","","","","","","","","","","","","","","","","","","","","","","","","","","","","","","","","","","","","","","","","","","","","","","","","","","","","","","","","",""
"RBM","RBMCombat_shoulder_armors.xml","pauldron_with_cape","{=re2oRFLW}Pauldrons with Cape","Cape","Culture.vlandia","","pauldron_with_cape","1.3","","","7","","Plate","plate","","33","","","","","","","","","","","","","","","","","","","","","","","","","","","","","","","","","","","","","","","","","","","","","","","","","","","","","","true","","","","","","","","","","","","","","","","","","","","","","","","","","","","","","","","","","","","","","","","","","","","","","","","","","","","","","","","","","","","","","","",""
"RBM","RBMCombat_shoulder_armors.xml","imperial_studded_strip_shoulders","{=s7siCSsh}Legionary Reinforced Studded Harness","Cape","Culture.empire","","empire_plated_shoulder","4.1","","","5","","Plate","plate","","34","0","","","","","","","","","","","","","","","","","","","","","","","","","","","","","","","","","","","","","","","","","","","","","","","","","","","","","","","","","","","","","","","","","","","","","","","","","","","","","","","","","","","","","","","","","","","","","","","","","","","","","","","","","","","","","","","","","","","","",""
"RBM","RBMCombat_shoulder_armors.xml","varangian_bra_mail","{=P0FmQHgF}Decorated Leather Harness over Mail","Cape","Culture.empire","","varangian_bra_mail","3.2","","","7","","Chainmail","chain","","35","","","","","","","","","","","","","","","","","","","","","","","","","","","","","","","","","","","","","","","","","","","","","","","","","","","","","","","","","","","","","","","","","","","","","","","","","","","","","","","","","","","","","","","","","","","","","","","","","","","","","","","","","","","","","","","","","","","","","",""
"RBM","RBMCombat_shoulder_armors.xml","a_aserai_scale_b_shoulder_e","{=LePDTpFD}Reinforced Bronze Scale Shoulder Guards","Cape","Culture.aserai","","aserai_scale_b_shoulder_e","4.8","","","7","","Plate","plate","","36","0","","","","","","","","","","","","","","","","","","","","","","","","","","","","","","","","","","","","","","","","","","","","","","","","","","","","","","","","","","","","","","","","","","","","","","","","","","","","","","","","","","","","","","","","","","","","","","","","","","","","","","","","","","","","","","","","","","","","",""
"RBM","RBMCombat_shoulder_armors.xml","aserai_scale_shoulder_a","{=imHoaCGi}Bronze Scale Shoulder Guards","Cape","Culture.aserai","","aserai_scale_shoulder_a","1.8","","","5","","Plate","plate","","37","","","","","","","","","","","","","","","","","","","","","","","","","","","","","","","","","","","","","","","","","","","","","","","","","","","","","","true","","","","","","","","","","","","","","","","","","","","","","","","","","","","","","","","","","","","","","","","","","","","","","","","","","","","","","","","","","","","","","","",""
"RBM","RBMCombat_shoulder_armors.xml","aserai_scale_shoulder_e","{=dIgaajLB}Decorated Long Sleeve Bronze Scale Pauldrons","Cape","Culture.aserai","","aserai_scale_shoulder_e","2.8","","","8","","Plate","plate","","39","","","","","","","","","","","","","","","","","","","","","","","","","","","","","","","","","","","","","","","","","","","","","","","","","","","","","","","","","","","","","","","","","","","","","","","","","","","","","","","","","","","","","","","","","","","","","","","","","","","","","","","","","","","","","","","","","","","","","",""
"RBM","RBMCombat_shoulder_armors.xml","brass_lamellar_shoulder_white","{=DbEzJcbD}Lamellar Pauldrons","Cape","Culture.sturgia","","brass_lamellar_shoulder_white","5","","","2","","Plate","plate","","40","0","","","","","","","","","","","","","","","","","","","","","","","","","","","","","","","","","","","","","","","","","","","","","","","","","","","","","true","","","","","","","","","","","","","","","","","","","","","","","","","","","","","","","","","","","","","","","","","","","","","","","","","","","","","","","","","","","","","","","",""
"RBM","RBMCombat_shoulder_armors.xml","lamellar_shoulders","{=vo9kYKNQ}Lamellar Shoulder Pieces","Cape","Culture.khuzait","","metal_lamellar_armor_shoulder","5","","","6","","Plate","plate","","40","0","","","","","","","","","","","","","","","","","","","","","","","","","","","","","","","","","","","","","","","","","","","","","","","","","","","","","","","","","","","","","","","","","","","","","","","","","","","","","","","","","","","","","","","","","","","","","","","","","","","","","","","","","","","","","","","","","","","","",""
"RBM","RBMCombat_shoulder_armors.xml","varangian_bra_scale","{=eN1eFdhF}Decorated Leather Harness over Scale","Cape","Culture.empire","","varangian_bra_scale","4","","","8","","Plate","plate","","40","","","","","","","","","","","","","","","","","","","","","","","","","","","","","","","","","","","","","","","","","","","","","","","","","","","","","","","","","","","","","","","","","","","","","","","","","","","","","","","","","","","","","","","","","","","","","","","","","","","","","","","","","","","","","","","","","","","","","",""
"RBM","RBMCombat_shoulder_armors.xml","aserai_scale_shoulder_b","{=z4nryDlp}Long Sleeved Bronze Scale Shoulder Guards","Cape","Culture.aserai","","aserai_scale_shoulder_b","2.2","","","5","","Plate","plate","","43","","","","","","","","","","","","","","","","","","","","","","","","","","","","","","","","","","","","","","","","","","","","","","","","","","","","","","true","","","","","","","","","","","","","","","","","","","","","","","","","","","","","","","","","","","","","","","","","","","","","","","","","","","","","","","","","","","","","","","",""
"RBM","RBMCombat_shoulder_armors.xml","battania_warlord_pauldrons","{=yrCoCgJf}Heavy Warlord Pauldrons","Cape","Culture.battania","body_armor","battania_warlord_pauldrons","4","","0","6","","Plate","plate","","45","0","","","","","","","","","","","","","","","","","","","","","","","","","","","","","","","","","","","","","","","","","","","","","","","","","","","","","","","","","","","","","","","","","","","","","","","","","","","","","","","","","","","","","","","","","","","","","","","","","","","","","","","","","","","","","","","","","","","","",""
"RBM","RBMCombat_shoulder_armors.xml","desert_scale_shoulders","{=sbbNL1qF}Reinforced Scale Pauldrons","Cape","Culture.aserai","","aserai_scale_b_shoulder","4.4","","","6","","Plate","plate","","45","0","","","","","","","","","","","","","","","","","","","","","","","","","","","","","","","","","","","","","","","","","","","","","","","","","","","","","","","","","","","","","","","","","","","","","","","","","","","","","","","","","","","","","","","","","","","","","","","","","","","","","","","","","","","","","","","","","","","","",""
"RBM","RBMCombat_shoulder_armors.xml","pauldron_over_scale_armor","{=C6f64ZyJ}Reinforced Ornate Pauldrons over Scale","Cape","Culture.vlandia","","pauldron_over_scale_armor","3.4","","","8","","Plate","plate","","50","","","","","","","","","","","","","","","","","","","","","","","","","","","","","","","","","","","","","","","","","","","","","","","","","","","","","","true","","","","","","","","","","","","","","","","","","","","","","","","","","","","","","","","","","","","","","","","","","","","","","","","","","","","","","","","","","","","","","","",""
"RBM","RBMCombat_shoulder_armors.xml","imperial_lamellar_shoulders","{=Ie0EazLn}Heavy Lamellar Pauldrons","Cape","Culture.empire","","imperial_shoulders","3.5","","","3","","Plate","plate","","55","0","","","","","","","","","","","","","","","","","","","","","","","","","","","","","","","","","","","","","","","","","","","","","","","","","","","","","","","","","","","","","","","","","","","","","","","","","","","","","","","","","","","","","","","","","","","","","","","","","","","","","","","","","","","","","","","","","","","","",""
"RBM","RBMCombat_shoulder_armors.xml","noble_pauldron","{=NJSYumaV}Ornate Pauldrons","Cape","Culture.vlandia","","noble_pauldron","1.2","","","7","","Plate","plate","","60","","","","","","","","","","","","","","","","","","","","","","","","","","","","","","","","","","","","","","","","","","","","","","","","","","","","","","","","","","","","","","","","","","","","","","","","","","","","","","","","","","","","","","","","","","","","","","","","","","","","","","","","","","","","","","","","","","","","","",""
"RBM","RBMCombat_shoulder_armors.xml","noble_pauldron_with_cape","{=SRyvwNd1}Ornate Pauldrons with Cape","Cape","Culture.vlandia","","noble_pauldron_with_cape","1.8","","","8","","Plate","plate","","68","","","","","","","","","","","","","","","","","","","","","","","","","","","","","","","","","","","","","","","","","","","","","","","","","","","","","","true","","","","","","","","","","","","","","","","","","","","","","","","","","","","","","","","","","","","","","","","","","","","","","","","","","","","","","","","","","","","","","","",""
"RBM","RBMCombat_shoulder_armors.xml","noble_pauldron_with_scarf","{=wMsbMc2T}Reinforced Ornate Pauldrons","Cape","Culture.vlandia","","noble_pauldron_with_scarf","3.2","","","8","","Plate","plate","","88","","","","","","","","","","","","","","","","","","","","","","","","","","","","","","","","","","","","","","","","","","","","","","","","","","","","","","true","","","","","","","","","","","","","","","","","","","","","","","","","","","","","","","","","","","","","","","","","","","","","","","","","","","","","","","","","","","","","","","",""
"RBM","RBMCombat_shoulder_armors.xml","armored_bearskin","{=FOx5vZSJ}Armored Bearskin","Cape","Culture.battania","body_armor","battania_helmet_j","7","","0","2","","Leather","leather","","24","","","","","","","","","","","","","","","","","","","","","","","","","","","","","","","","","","","","","","","","","","","","","","","","","","","","","","","","","","","","","","","","","","","","","","","","","","","","","","","","","","","","","","","","","","","","","","","","","","","","","","","","","","","","","","","","","","","","","",""
"RBM","RBMCombat_shoulder_armors.xml","fur_cloak_a","{=ujntvg7M}Fur Cloak With Round Plate","Cape","Culture.battania","","fur_cloak_a","7.6","","","6","","Leather","leather","","20","","","","","","","","","","","","","","","","","","","","","","","","","","","","","","","","","","","","","","","","","","","","","","","","","","","","","","","","","","","","","","","","","","","","","","","","","","","","","","","","","","","","","","","","","","","","","","","","","","","","","","","","","","","","","","","","","","","","","",""
"RBM","RBMCombat_shoulder_armors.xml","fur_cloak_b","{=mTsEaNKb}Fur Cloak","Cape","Culture.battania","","fur_cloak_b","2.7","","","4","","Leather","leather","","7","","","","","","","","","","","","","","","","","","","","","","","","","","","","","","","","","","","","","","","","","","","","","","","","","","","","","","","","","","","","","","","","","","","","","","","","","","","","","","","","","","","","","","","","","","","","","","","","","","","","","","","","","","","","","","","","","","","","","",""
"RBM","RBMCombat_shoulder_armors.xml","fur_cloak_c","{=p0Xgt48l}Large Fur Cloak With Round Plate","Cape","Culture.battania","","fur_cloak_c","8.3","","","3","","Leather","leather","","25","","","","","","","","","","","","","","","","","","","","","","","","","","","","","","","","","","","","","","","","","","","","","","","","","","","","","","","","","","","","","","","","","","","","","","","","","","","","","","","","","","","","","","","","","","","","","","","","","","","","","","","","","","","","","","","","","","","","","",""
"RBM","RBMCombat_shoulder_armors.xml","assassin_shoulder","{=6CMYwYai}Blackened Cape","Cape","Culture.nord","body_armor","assassin_shoulder","0.85","","","5","","Leather","leather","","23","","","","","","","","","","","","","","","","","","","","","","","","","","","","","","","","","","","","","","","","","15","","","","true","","","","","","","","true","","","","","","","","","","","","","","","","","","","","","","","","","","","","","","","","","","","","","","","","","","","","","","","","","","","","","","","","","","","","","","","","",""
"RBM","RBMCombat_siege_ranged.xml","ballista_projectile","{=6Db7aDbF}Ballista Arrows","Arrows","","arrows","ballista_projectile_a","0.2","","0","1","","","","","","","","","","","","","","","","","","Arrow","","95","130","Pierce","0","","","0","","100","20","","","","","","","","","","","","","","","","","","","bo_ballista_projectile_a","true","","","","","","","","","","","","ballista_projectile_flying","","bo_axe_short","quiver","","","","","false","","","","false","","","","","","","","","","","0,0,0","","event:/mission/combat/missile/foley/passby","","","ballista_missile","","","","","0,-1.2,0","90,0,0","","","","","","","true","","","","","","","","true","true","","","","","","true","","","","","",""
"RBM","RBMCombat_siege_ranged.xml","ballista_projectile_burning","{=6Db7aDbF}Ballista Arrows","Arrows","","arrows","ballista_projectile_b","0.2","","0","1","","","","","","","","","","","","","","","","","","Arrow","","95","130","Cut","0","","","0","","100","20","","","","","","","","","","","","","","","","","","","bo_ballista_projectile_a","true","","","","","","","","","","","","ballista_projectile_flying","","bo_axe_short","quiver","","","","","false","","","","false","burning_ballista_projectile","","","","","","","","","","0,0,0","","event:/mission/combat/missile/foley/passby","","","burning_ballista","","","","","0,-1.2,0","90,0,0","psys_game_missile_flame","","","","","","true","","","true","","","","","true","true","","","true","","","true","","","","","",""
"RBM","RBMCombat_siege_ranged.xml","boulder","{=pzfbPbWW}Boulder","Thrown","","arrows","projectile_rock","17.88","","0","1","","","","","","","","","","","","","","","","","","Boulder","Boulder","95","33","Blunt","100","","","0","","5","1","","heavy_stone","","","","","","","","","","","","","","","","","bo_projectile_rock","true","","","true","true","","","","true","","","","","","bo_axe_short","","","","","","false","","","","false","","","","","","","","","","","0,0,0","","event:/mission/combat/boulder/passby","","","boulder_stone","0.05, -0.15, 0","","","2, 0.5, 0","","","","","false","","","true","","","","","","","true","true","true","true","","","true","","true","true","true","true","","true","","true"
"RBM","RBMCombat_siege_ranged.xml","boulder_projectile","{=pzfbPbWW}Boulder","Thrown","","arrows","projectile_rock","17.88","","0","1","","","","","","","","","","","","","","","","","","Boulder","Boulder","95","5","","100","","","0","","5","1","","heavy_stone","","","","","","","","","","","","","","","","","bo_projectile_rock","true","","","true","true","","","","true","","","","","","bo_axe_short","","","","","","false","","","","false","","","","","","","","","","","0,0,0","","event:/mission/combat/boulder/passby","","","boulder_stone","0.05, -0.15, 0","","","2, 0.5, 0","","","","","false","","","true","","","","","","","true","true","true","true","","","true","","true","true","true","true","","true","","true"
"RBM","RBMCombat_siege_ranged.xml","pot","{=HP1GzM8l}Fire Pot","Thrown","","arrows","projectile_pot","5","","0","1","","","","","","","","","","","","","","","","","","Boulder","Boulder","95","5","Blunt","100","","","0","","5","1","","heavy_stone","","","","","","","","","","","","","","","","","bo_projectile_rock","true","","","true","true","","","","true","","","","projectile_pot","","bo_axe_short","","","","","","false","","","","false","","","","","","","","","","","","","event:/mission/combat/boulder/passby","","","burning_jar","0.05, -0.15, 0","","","2, 0.5, 0","","","psys_game_burning_jar_trail","","true","false","true","","","","","true","","","","","true","true","","","true","","true","","true","true","","true","","true"
"RBM","RBMCombat_siege_ranged.xml","pot_projectile","{=HP1GzM8l}Fire Pot","Thrown","","arrows","projectile_pot","5","","0","1","","","","","","","","","","","","","","","","","","Boulder","Boulder","95","15","Blunt","100","","","0","","5","1","","heavy_stone","","","","","","","","","","","","","","","","","bo_projectile_rock","true","","","true","true","","","","true","","","","projectile_pot","","bo_axe_short","","","","","","false","","","","false","","","","","","","","","","","","1000","event:/mission/combat/boulder/passby","","","burning_jar","0.05, -0.15, 0","","","2, 0.5, 0","","","psys_game_burning_jar_trail","","true","false","true","","","","","true","","","true","","true","true","","","true","","true","","true","true","","true","","true"
"RBM","RBMCombat_siege_ranged.xml","grapeshot_stack","{=ZeU1fvdz}Grapeshot Stack","Thrown","","arrows","projectile_grapeshot_carry","18","","0","1","","","","","","","","","","","","","","","","","","Boulder","Boulder","95","33","Blunt","100","","","0","","5","1","","heavy_stone","","","","","","","","","","","","","","","","","bo_projectile_grapeshot_carry","true","","","true","true","","","","true","","","","","","bo_axe_short","","","","","","false","","","","false","","","","","","","","","","","0,0,0","","event:/mission/combat/boulder/passby","","","boulder_stone","0.05, -0.15, 0","","","2, 0.5, 0","","","","","","","","true","","","","","","","","true","true","true","","","true","","true","","true","true","","true","","true"
"RBM","RBMCombat_siege_ranged.xml","grapeshot_fire_stack","{=ZeU1fvdz}Grapeshot Stack","Thrown","","arrows","projectile_grapeshot_carry","15","","0","1","","","","","","","","","","","","","","","","","","Boulder","Boulder","95","33","Blunt","100","","","0","","5","1","","heavy_stone","","","","","","","","","","","","","","","","","bo_projectile_grapeshot_carry","true","","","true","true","","","","true","","","","","","bo_axe_short","","","","","","false","","","","false","","","","","","","","","","","0,0,0","","event:/mission/combat/boulder/passby","","","boulder_stone","0.05, -0.15, 0","","","2, 0.5, 0","","","","","","","","true","","","","","","","","true","true","true","","","true","","true","","true","true","","true","","true"
"RBM","RBMCombat_siege_ranged.xml","grapeshot_projectile","{=XGytILlt}Grapeshot Ammo","Thrown","","arrows","projectile_grapeshot_piece_a","3.6","","0","1","","","","","","","","","","","","","","","","","","Boulder","Boulder","95","10","Blunt","100","","","0","","8","1","","heavy_stone","","","","","","","","","","","","","","","","","bo_projectile_grapeshot_piece_a","true","","","true","true","","","","true","","","","","","bo_axe_short","","","","","","false","","","","false","","","","","","","","","","","0,0,0","","event:/mission/combat/boulder/passby","","","boulder_stone","0.05, -0.15, 0","","","2, 0.5, 0","","","","","","","","true","","","","","","","","true","true","true","","","true","","true","","true","true","","true","","true"
"RBM","RBMCombat_siege_ranged.xml","grapeshot_fire_projectile","{=XGytILlt}Grapeshot Ammo","Thrown","","arrows","projectile_grapeshot_piece_a","3","","0","1","","","","","","","","","","","","","","","","","","Boulder","Boulder","95","14","Blunt","100","","","0","","8","1","","heavy_stone","","","","","","","","","","","","","","","","","bo_projectile_grapeshot_piece_a","true","","","true","true","","","","true","","","","","","bo_axe_short","","","","","","false","","","","false","","","","","","","","","","","0,0,0","","event:/mission/combat/boulder/passby","","","boulder_stone","0.05, -0.15, 0","","","2, 0.5, 0","","","mangonel_grapeshot_burning_projectile","","false","","","true","","","","true","","","","true","true","true","","","true","","true","","true","true","","true","","true"
"RBM","RBMEconomyCombat_ranged.xml","crossbow_f","{=RBM_RAN_001}330 Pound Eastern Crossbow","Crossbow","Culture.vlandia","","crossbow_f","2","2800","100","1","","","","","","","","","","","","","","","","","","Crossbow","Bolt","90","100","Pierce","40","","","70","80","330","","crossbow","crossbow","","","","","","","","","","0.0, 0.02131, 0.22975","","","","","","","bo_cross_bow_heavy","","true","","","","","","","","","","","","","","","","0.02,0,-0.4","","","","","crossbow_back:bow_hip:mace_right_hip:bow_hip_2","","","","","","","","","","","1","","0,0,0.4","","","","","wood_weapon","","2","","","","","","","","","","","","","","","","","","","","","","true","","","","","true","true","","true","",""
"RBM","RBMEconomyCombat_ranged.xml","crossbow_g","{=RBM_RAN_002}300 Pound Eastern Crossbow","Crossbow","Culture.vlandia","","crossbow_g","2.2","2500","80","1","","","","","","","","","","","","","","","","","","Crossbow","Bolt","95","100","Pierce","40","","","70","80","300","","crossbow","crossbow","","","","","","","","","","0.0, 0.02131, 0.22975","","","","","","","bo_composite_crossbows","","","","","","","","","","","","","","","","","","0.02,0,-0.4","","","","","crossbow_back:bow_hip:mace_right_hip:bow_hip_2","","","","","","","","","","","1","","0,0,0.4","","","","","wood_weapon","","2","","","","","","","","","","","","","","","","","","","","","","true","","","","","true","true","","true","",""
"RBM","RBMEconomyCombat_ranged.xml","crossbow_d","{=RBM_RAN_003}270 Pound Eastern Crossbow","Crossbow","Culture.empire","","crossbow_d","2.2","2200","60","1","","","","","","","","","","","","","","","","","","Crossbow","Bolt","95","100","Pierce","40","","","70","80","270","","crossbow","crossbow","","","","","","","","","","0.0, 0.02131, 0.22975","","","","","","","bo_composite_crossbows","","","","","","","","","","","","","","","","","","0.02,0,-0.4","","","","","crossbow_back:bow_hip:mace_right_hip:bow_hip_2","","","","","","","","","","","1","","0,0,0.4","","","","","wood_weapon","","2","","","","","","","","","","","","","","","","","","","","","","true","","","","","true","true","","true","",""
"RBM","RBMEconomyCombat_ranged.xml","crossbow_e","{=RBM_RAN_004}230 Pound Eastern Crossbow","Crossbow","Culture.empire","","crossbow_e","2.2","1900","50","1","","","","","","","","","","","","","","","","","","Crossbow","Bolt","95","100","Pierce","40","","","70","80","230","","crossbow","crossbow","","","","","","","","","","0.0, 0.02131, 0.22975","","","","","","","bo_composite_crossbows","","","","","","","","","","","","","","","","","","0.02,0,-0.4","","","","","crossbow_back:bow_hip:mace_right_hip:bow_hip_2","","","","","","","","","","","1","","0,0,0.4","","","","","wood_weapon","","2","","","","","","","","","","","","","","","","","","","","","","true","","","","","true","true","","true","",""
"RBM","RBMEconomyCombat_ranged.xml","crossbow_c","{=RBM_RAN_005}200 Pound Eastern Crossbow","Crossbow","Culture.vlandia","","crossbow_c","3","1700","40","1","","","","","","","","","","","","","","","","","","Crossbow","Bolt","95","100","Pierce","40","","","80","80","200","","crossbow","crossbow","","","","","","","","","","0.0, 0.02131, 0.24675","","","","","","","bo_cross_bow_heavy","","","","","","","","","","","true","","","","","","","0.02,0,-0.4","","","","","crossbow_back:bow_hip:mace_right_hip:bow_hip_2","","","","","","","","","","","1","","0,0,0.4","","","","","wood_weapon","","2","","","","","","","","","","","","","","","","","","","","","","true","","","","","true","true","","","",""
"RBM","RBMEconomyCombat_ranged.xml","crossbow_b","{=RBM_RAN_006}160 Pound Eastern Crossbow","Crossbow","Culture.vlandia","","crossbow_b","2.7","1500","30","1","","","","","","","","","","","","","","","","","","Crossbow","Bolt","95","100","Pierce","40","","","80","80","160","","crossbow","crossbow","","","","","","","","","","0.0, 0.02131, 0.24975","","","","","","","bo_cross_bow_heavy","","","","","","","","","","","true","","","","","","","0.02,0,-0.4","","","","","crossbow_back:bow_hip:mace_right_hip:bow_hip_2","","","","","","","","","","","1","","0,0,0.4","","","","","wood_weapon","","2","","","","","","","","","","","","","","","","","","","","","","true","","","","","true","true","","","",""
"RBM","RBMEconomyCombat_ranged.xml","crossbow_a","{=RBM_RAN_007}120 Pound Eastern Crossbow","Crossbow","","","crossbow_a","1","1200","20","0.3","","","","","","","","","","","","","","","","","","Crossbow","Bolt","95","100","Pierce","40","","","80","80","120","","crossbow","crossbow_fast","","","","","","","","","","0.0, 0.02131, 0.24650","","","","","","","bo_cross_bow_heavy","","true","","","","","","","","true","true","","","","","","","0.02,0,-0.4","","","","","crossbow_back:bow_hip:mace_right_hip:bow_hip_2","","","","","","","","","","","1","","0,0,0.4","","","","","wood_weapon","","2","","","","","","","","","","","","","","","true","","","","","","","true","","","","","true","true","","","",""
"RBM","RBMEconomyCombat_ranged.xml","crossbow_i","{=RBM_RAN_029}100 Pound Eastern Crossbow","Crossbow","Culture.empire","","crossbow_b","3.0","1000","10","0.4","","","","","","","","","","","","","","","","","","Crossbow","Bolt","95","100","Pierce","40","","","80","80","100","","crossbow","crossbow_fast","","","","","","","","","","0.0, 0.02131, 0.24975","","","","","","","bo_cross_bow_heavy","","true","","","","","","","","true","","","","","","","","0.02,0,-0.4","","","","","crossbow_back:bow_hip:mace_right_hip:bow_hip_2","","","","","","","","","","","1","","0,0,0.4","","","","","wood_weapon","","2","","","","","","","","","","","","","","","true","","","","","","","true","","","","","true","true","","","",""
"RBM","RBMEconomyCombat_ranged.xml","crossbow_h","{=RBM_RAN_030}Light 80 Pound Eastern Crossbow","Crossbow","Culture.vlandia","","crossbow_a","1.0","800","0","0.4","","","","","","","","","","","","","","","","","","Crossbow","Bolt","95","100","Pierce","40","","","80","80","80","","crossbow","crossbow_fast","","","","","","","","","","0.0, 0.02131, 0.24650","","","","","","","bo_cross_bow_heavy","","true","","","","","","","","true","","","","","","","","0.02,0,-0.4","","","","","crossbow_back:bow_hip:mace_right_hip:bow_hip_2","","","","","","","","","","","1","","0,0,0.4","","","","","wood_weapon","","2","","","","","","","","","","","","","","","true","","","","","","","true","","","","","true","true","","","",""
"RBM","RBMEconomyCombat_ranged.xml","crossbow_repeating_heavy_RBM","{=RBM_RAN_031}Heavy 80 Pound Repeating Crossbow","Crossbow","Culture.vlandia","","crossbow_a","1.0","1500","30","0.4","","","","","","","","","","","","","","","","","","Crossbow","Bolt","95","100","Pierce","40","","","80","80","80","","crossbow","crossbow","","","","","","","","","","0.0, 0.02131, 0.24650","","","","","","","bo_cross_bow_heavy","","true","","","","","","","","true","","","","","","","","0.02,0,-0.4","","","","","crossbow_back:bow_hip:mace_right_hip:bow_hip_2","","","","","","","","","","","8","","0,0,0.4","","","","","wood_weapon","","2","","","","","","","","","","","","","","","true","","","","","","","true","","","","","true","true","","","",""
"RBM","RBMEconomyCombat_ranged.xml","crossbow_repeating_medium_RBM","{=RBM_RAN_032}Medium 60 Pound Repeating Crossbow","Crossbow","Culture.vlandia","","crossbow_a","1.0","1200","30","0.4","","","","","","","","","","","","","","","","","","Crossbow","Bolt","95","100","Pierce","40","","","80","80","60","","crossbow","crossbow","","","","","","","","","","0.0, 0.02131, 0.24650","","","","","","","bo_cross_bow_heavy","","true","","","","","","","","true","","","","","","","","0.02,0,-0.4","","","","","crossbow_back:bow_hip:mace_right_hip:bow_hip_2","","","","","","","","","","","10","","0,0,0.4","","","","","wood_weapon","","2","","","","","","","","","","","","","","","true","","","","","","","true","","","","","true","true","","","",""
"RBM","RBMEconomyCombat_ranged.xml","crossbow_repeating_light_RBM","{=RBM_RAN_033}Light 45 Pound Repeating Crossbow","Crossbow","Culture.vlandia","","crossbow_a","1.0","900","0","0.4","","","","","","","","","","","","","","","","","","Crossbow","Bolt","95","100","Pierce","40","","","80","80","45","","crossbow","crossbow","","","","","","","","","","0.0, 0.02131, 0.24650","","","","","","","bo_cross_bow_heavy","","true","","","","","","","","true","","","","","","","","0.02,0,-0.4","","","","","crossbow_back:bow_hip:mace_right_hip:bow_hip_2","","","","","","","","","","","12","","0,0,0.4","","","","","wood_weapon","","2","","","","","","","","","","","","","","","true","","","","","","","true","","","","","true","true","","","",""
"RBM","RBMEconomyCombat_ranged.xml","noble_long_bow","{=RBM_RAN_008}200 Pound War Longbow","Bow","Culture.battania","","longbow_j","0.8","440","140","1","","","","","","","","","","","","","","","","","","Bow","Arrow","118","100","Pierce","30","","","70","70","200","","bow","long_bow","","","","","","","","","","","","","","","","","bo_longbow_j","","true","","","","true","","","","","","","","","","","longbow_j_holster","","","","","","bow_back_longbow:bow_back_longbow_2","","","","","","","","","","","3","","0.15,0,0","","","","","wood_weapon","","","","","","","","","","","","","","","true","","","","","","","","","true","","","","","true","true","true","true","",""
"RBM","RBMEconomyCombat_ranged.xml","training_longbow","{=RBM_RAN_009}200 Pound Tournament Longbow","Bow","Culture.vlandia","bow","longbow_a","0.5","600","0","1","","","","","","","","","","","","","","","","","","Bow","Arrow","120","100","Pierce","90","","","70","70","200","","bow","long_bow","","","","","","","","","","","","","","","","","bo_longbow_a","","","","","","true","","","","","","","","","","","","","","","false","","bow_back_longbow:bow_back_longbow_2","","","","","","","","","","","3","","0.15,0,0","","","","","wood_weapon","","","","","","","","","","","","","","","true","","","","","","","","","true","","","","","true","true","true","true","",""
"RBM","RBMEconomyCombat_ranged.xml","woodland_longbow","{=RBM_RAN_010}180 Pound War Longbow","Bow","Culture.battania","","longbow_c","0.5","400","120","1","","","","","","","","","","","","","","","","","","Bow","Arrow","118","100","Pierce","50","","","70","70","180","","bow","long_bow","","","","","","","","","","","","","","","","","bo_longbow_c","","","","","","true","","","","","","","","","","","longbow_c_holster","","","","","","bow_back_longbow:bow_back_longbow_2","","","","","","","","","","","3","","0.15,0,0","","","","","wood_weapon","","","","","","","","","","","","","","","true","","","","","","","","","true","","","","","true","true","true","true","",""
"RBM","RBMEconomyCombat_ranged.xml","nomad_bow","{=RBM_RAN_011}170 Pound War Longbow","Bow","Culture.aserai","","longbow_g","0.5","380","110","1","","","","","","","","","","","","","","","","","","Bow","Arrow","114","100","Pierce","60","","","70","70","170","","bow","long_bow","","","","","","","","","","","","","","","","","bo_longbow_g","","","","","","true","","","","","","","","","","","longbow_g_holster","","","","","","bow_back_longbow:bow_back_longbow_2","","","","","","","","","","","3","","0.15,0,0","","","","","wood_weapon","","","","","","","","","","","","","","","true","","","","","","","","","true","","","","","true","true","true","true","",""
"RBM","RBMEconomyCombat_ranged.xml","noble_bow","{=RBM_RAN_012}166 Pound Composite War Bow","Bow","Culture.khuzait","","shortbow_f","0.8","1500","106","1","","","","","","","","","","","","","","","","","","Bow","Arrow","116","100","Pierce","64","","","70","70","166","","bow","bow","","","","","","","","","","","","","","","","","bo_shortbow_f","","true","","","","true","","","","true","","","","","","shortbow_f_holster","shortbow_f_holster_weapon","","","","","","bow_hip:bow_hip_2","","","","","","","","","","","3","","0.1,0,-0.15","","","","","wood_weapon","","","","","","","","","","","","","","","true","","true","","","","","","","true","","","","","true","true","true","true","",""
"RBM","RBMEconomyCombat_ranged.xml","training_bow","{=RBM_RAN_013}166 Pound Tournament Composite Bow","Bow","","","shortbow_b","0.3","600","0","1","","","","","","","","","","","","","","","","","","Bow","Arrow","106","100","Pierce","104","","","70","70","166","","bow","bow","","","","","","","","","","","","","","","","","bo_shortbow_b","","","","","","true","","","","true","","","","","","shortbow_b_holster","shortbow_b_holster_weapon","","","","false","","bow_hip:bow_hip_2","","","","","","","","","","","3","","0.0,0,-0.1","","","","","wood_weapon","","","","","","","","","","","","","","","true","","true","","","","","","","true","","","","","true","true","true","true","",""
"RBM","RBMEconomyCombat_ranged.xml","lowland_yew_bow","{=RBM_RAN_014}160 Pound War Longbow","Bow","Culture.vlandia","","longbow_b","0.5","360","100","1","","","","","","","","","","","","","","","","","","Bow","Arrow","117","100","Pierce","70","","","70","70","160","","bow","long_bow","","","","","","","","","","","","","","","","","bo_longbow_b","","","","","","true","","","","","","","","","","","longbow_b_holster","","","","","","bow_back_longbow:bow_back_longbow_2","","","","","","","","","","","3","","0.15,0,0","","","","","wood_weapon","","","","","","","","","","","","","","","true","","","","","","","","","true","","","","","true","true","true","true","",""
"RBM","RBMEconomyCombat_ranged.xml","longbow_recurve_desert_bow","{=RBM_RAN_015}150 Pound War Longbow","Bow","Culture.aserai","","longbow_i","0.5","340","90","1","","","","","","","","","","","","","","","","","","Bow","Arrow","116","100","Pierce","80","","","70","70","150","","bow","long_bow","","","","","","","","","","","","","","","","","bo_longbow_i","","","","","","true","","","","","","","","","","","longbow_i_holster","","","","","","bow_back_longbow:bow_back_longbow_2","","","","","","","","","","","3","","0.15,0,0","","","","","wood_weapon","","","","","","","","","","","","","","","true","","","","","","","","","true","","","","","true","true","true","true","",""
"RBM","RBMEconomyCombat_ranged.xml","woodland_yew_bow","{=RBM_RAN_016}140 Pound War Longbow","Bow","Culture.battania","","longbow_d","0.5","320","80","1","","","","","","","","","","","","","","","","","","Bow","Arrow","115","100","Pierce","90","","","70","70","140","","bow","long_bow","","","","","","","","","","","","","","","","","bo_longbow_d","","","","","","true","","","","","","","","","","","longbow_d_holster","","","","","","bow_back_longbow:bow_back_longbow_2","","","","","","","","","","","3","","0.15,0,0","","","","","wood_weapon","","","","","","","","","","","","","","","true","","","","","","","","","true","","","","","true","true","true","true","",""
"RBM","RBMEconomyCombat_ranged.xml","steppe_war_bow","{=RBM_RAN_017}135 Pound Composite War Bow","Bow","Culture.khuzait","","shortbow_a","0.3","1150","75","1","","","","","","","","","","","","","","","","","","Bow","Arrow","107","100","Pierce","95","","","70","70","135","","bow","bow","","","","","","","","","","","","","","","","","bo_shortbow_a","","","","","","true","","","","true","","","","","","shortbow_a_holster","shortbow_a_holster_weapon","","","","","","bow_hip:bow_hip_2","","","","","","","","","","","3","","0.0,0,-0.15","","","","","wood_weapon","","","","","","","","","","","","","","","true","","true","","","","","","","true","","","","","true","true","true","true","",""
"RBM","RBMEconomyCombat_ranged.xml","tribal_bow","{=RBM_RAN_018}130 Pound War Longbow","Bow","Culture.aserai","","longbow_h","0.5","300","70","1","","","","","","","","","","","","","","","","","","Bow","Arrow","115","100","Pierce","100","","","70","70","130","","bow","long_bow","","","","","","","","","","","","","","","","","bo_longbow_h","","","","","","true","","","","","","","","","","","longbow_h_holster","","","","","","bow_back_longbow:bow_back_longbow_2","","","","","","","","","","","3","","0.15,0,0","","","","","wood_weapon","","","","","","","","","","","","","","","true","","","","","","","","","true","","","","","true","true","true","true","",""
"RBM","RBMEconomyCombat_ranged.xml","steppe_heavy_bow","{=RBM_RAN_019}125 Pound Composite War Bow","Bow","Culture.khuzait","","shortbow_b","0.3","1050","65","1","","","","","","","","","","","","","","","","","","Bow","Arrow","106","100","Pierce","105","","","73","70","125","","bow","bow","","","","","","","","","","","","","","","","","bo_shortbow_b","","","","","","true","","","","true","","","","","","shortbow_b_holster","shortbow_b_holster_weapon","","","","","","bow_hip:bow_hip_2","","","","","","","","","","","3","","0.0,0,-0.1","","","","","wood_weapon","","","","","","","","","","","","","","","true","","true","","","","","","","true","","","","","true","true","true","true","",""
"RBM","RBMEconomyCombat_ranged.xml","lowland_longbow","{=RBM_RAN_020}120 Pound War Longbow","Bow","Culture.vlandia","bow","longbow_a","0.5","280","60","1","","","","","","","","","","","","","","","","","","Bow","Arrow","120","100","Pierce","110","","","75","70","120","","bow","long_bow","","","","","","","","","","","","","","","","","bo_longbow_a","","","","","","true","","","","","","","","","","","longbow_a_holster","","","","","","bow_back_longbow:bow_back_longbow_2","","","","","","","","","","","3","","0.15,0,0","","","","","wood_weapon","","","","","","","","","","","","","","","true","","","","","","","","","true","","","","","true","true","true","true","",""
"RBM","RBMEconomyCombat_ranged.xml","nordic_shortbow","{=RBM_RAN_021}120 Pound Composite War Bow","Bow","Culture.sturgia","","shortbow_e","0.3","1000","60","1","","","","","","","","","","","","","","","","","","Bow","Arrow","108","100","Pierce","110","","","75","70","120","","bow","bow","","","","","","","","","","","","","","","","","bo_shortbow_e","","","","","","true","","","","true","","","","","","shortbow_e_holster","shortbow_e_holster_weapon","","","","","","bow_hip:bow_hip_2","","","","","","","","","","","3","","0.1,0,-0.15","","","","","wood_weapon","","","","","","","","","","","","","","","true","","true","","","","","","","true","","","","","true","true","true","true","",""
"RBM","RBMEconomyCombat_ranged.xml","composite_steppe_bow","{=RBM_RAN_022}110 Pound Composite War Bow","Bow","Culture.khuzait","","shortbow_d","0.3","900","50","1","","","","","","","","","","","","","","","","","","Bow","Arrow","108","100","Pierce","120","","","80","70","110","","bow","bow","","","","","","","","","","","","","","","","","bo_shortbow_d","","","","","","true","","","","true","","","","","","shortbow_d_holster","shortbow_d_holster_weapon","","","","","","bow_hip:bow_hip_2","","","","","","","","","","","3","","0.1,0,-0.15","","","","","wood_weapon","","","","","","","","","","","","","","","true","","true","","","","","","","true","","","","","true","true","true","true","",""
"RBM","RBMEconomyCombat_ranged.xml","composite_bow","{=RBM_RAN_023}100 Pound Composite War Bow","Bow","Culture.empire","","shortbow_c","0.3","800","40","1","","","","","","","","","","","","","","","","","","Bow","Arrow","110","100","Pierce","130","","","85","70","100","","bow","bow","","","","","","","","","","","","","","","","","bo_shortbow_c","","","","","","true","","","","true","","","","","","shortbow_c_holster","shortbow_c_holster_weapon","","","","","","bow_hip:bow_hip_2","","","","","","","","","","","3","","0.1,0,-0.15","","","","","wood_weapon","","","","","","","","","","","","","","","true","","true","","","","","","","true","","","","","true","true","true","true","",""
"RBM","RBMEconomyCombat_ranged.xml","glen_ranger_bow","{=RBM_RAN_024}100 Pound War Longbow","Bow","Culture.battania","","longbow_f","0.4","240","40","1","","","","","","","","","","","","","","","","","","Bow","Arrow","111","100","Pierce","130","","","85","70","100","","bow","long_bow","","","","","","","","","","","","","","","","","bo_longbow_f","","","","","","true","","","","","","","","","","","longbow_f_holster","","","","","","bow_back_longbow:bow_back_longbow_2","","","","","","","","","","","3","","0.15,0,0","","","","","wood_weapon","","","","","","","","","","","","","","","true","","","","","","","","","true","","","","","true","true","true","true","",""
"RBM","RBMEconomyCombat_ranged.xml","highland_ranger_bow","{=RBM_RAN_025}90 Pound Longbow","Bow","Culture.battania","","longbow_e","0.4","220","30","1","","","","","","","","","","","","","","","","","","Bow","Arrow","113","100","Pierce","140","","","90","70","90","","bow","long_bow","","","","","","","","","","","","","","","","","bo_longbow_e","","","","","","true","","","","","","","","","","","longbow_e_holster","","","","","","bow_back_longbow:bow_back_longbow_2","","","","","","","","","","","3","","0.15,0,0","","","","","wood_weapon","","","","","","","","","","","","","","","true","","","","","","","","","true","","","","","true","true","true","true","",""
"RBM","RBMEconomyCombat_ranged.xml","steppe_bow","{=RBM_RAN_026}90 Pound Composite Bow","Bow","Culture.khuzait","","shortbow_g","0.3","900","30","1","","","","","","","","","","","","","","","","","","Bow","Arrow","110","100","Pierce","140","","","90","70","90","","bow","bow","","","","","","","","","","","","","","","","","bo_shortbow_g","","","","","","true","","","","true","","","","","","shortbow_g_holster","shortbow_g_holster_weapon","","","","","","bow_hip:bow_hip_2","","","","","","","","","","","3","","0.1,0,-0.15","","","","","wood_weapon","","","","","","","","","","","","","","","true","","true","","","","","","","true","","","","","true","true","true","true","",""
"RBM","RBMEconomyCombat_ranged.xml","mountain_hunting_bow","{=RBM_RAN_027}70 Pound Composite Bow","Bow","Culture.sturgia","","shortbow_i","0.3","700","10","1","","","","","","","","","","","","","","","","","","Bow","Arrow","108","100","Pierce","160","","","95","75","70","","bow","bow","","","","","","","","","","","","","","","","","bo_shortbow_i","","true","","","","true","","","","true","","","","","","shortbow_i_holster","shortbow_i_holster_weapon","","","","","","bow_hip:bow_hip_2","","","","","","","","","","","3","","0.1,0,-0.15","","","","","wood_weapon","","","","","","","","","","","","","","","true","","true","","","","","","","true","","","","","true","true","true","true","",""
"RBM","RBMEconomyCombat_ranged.xml","hunting_bow","{=RBM_RAN_028}60 Pound Composite Bow","Bow","Culture.empire","","shortbow_h","0.3","600","0","1","","","","","","","","","","","","","","","","","","Bow","Arrow","110","100","Pierce","170","","","100","75","60","","bow","bow","","","","","","","","","","","","","","","","","bo_shortbow_h","","true","","","","true","","","","true","","","","","","shortbow_h_holster","shortbow_h_holster_weapon","","","","","","bow_hip:bow_hip_2","","","","","","","","","","","3","","0.1,0,-0.15","","","","","wood_weapon","","","","","","","","","","","","","","","true","","true","","","","","","","true","","","","","true","true","true","true","",""
"RBM","RBMEconomyCombat_ranged.xml","throwing_stone","{=1CPdu9K0}Stone","Thrown","","","throwing_stone","0.3","2","","0.1","","","","","","","","","","","","","","","","","","Stone","Stone","10","33","Blunt","102","","","102","45","30","2","","stone","","","","","","","","","","","","","","","","","bo_throwing_stone","","true","","","","","","","","","","","","","bo_axe_short","stone_holster","stone_holster","","","","false","","throwing_stone:throwing_stone_2","","","","","","","","","","","","","","","","","","missile","","","100,30,20","0, -3.0, 0","","","","","","","","","","","true","","","","","","","true","","","","","","","","true","","","","true"
"RBM","RBMEconomyCombat_ranged.xml","sling_stoneammo","{=RBM_RAN_034}Stone Sling Pebbles 35 grams","SlingStones","","","sling_ammo","0.035","","","1","","","","","","","","","","","","","","","","","","SlingStone","","10","80","Cut","0","","","0","45","10","40","","","","","","","","","","","","","","","","","","","bo_sling_ammo","","","","","","true","","","","true","","","sling_ammo_flying","","bo_axe_short","stone_holster","stone_holster","","","","","","throwing_stone:throwing_stone_2","","","","","","","","1","","","","","","","","","","missile","","","","","","","","","","","true","","","true","","","","","","","","true","","","","","","","","","","","","true"
"RBM","RBMEconomyCombat_ranged.xml","sling_stoneammo_50g","{=RBM_RAN_035}Stone Sling Pebbles 50 grams","SlingStones","","","sling_ammo","0.05","","","1","","","","","","","","","","","","","","","","","","SlingStone","","10","85","Cut","0","","","0","45","10","40","","","","","","","","","","","","","","","","","","","bo_sling_ammo","","","","","","true","","","","true","","","sling_ammo_flying","","bo_axe_short","stone_holster","stone_holster","","","","","","throwing_stone:throwing_stone_2","","","","","","","","1","","","","","","","","","","missile","","","","","","","","","","","true","","","true","","","","","","","","true","","","","","","","","","","","","true"
"RBM","RBMEconomyCombat_ranged.xml","sling_stoneammo_80g","{=RBM_RAN_036}Stone Sling Pebbles 80 grams","SlingStones","","","sling_ammo","0.08","","","1","","","","","","","","","","","","","","","","","","SlingStone","","10","90","Cut","0","","","0","45","10","30","","","","","","","","","","","","","","","","","","","bo_sling_ammo","","","","","","true","","","","true","","","throwing_stone","","bo_axe_short","stone_holster","stone_holster","","","","","","throwing_stone:throwing_stone_2","","","","","","","","1","","","","","","","","","","missile","","","","","","","","","","","true","","","true","","","","","","","","true","","","","","","","","","","","","true"
"RBM","RBMEconomyCombat_ranged.xml","sling_stoneammo_120g","{=RBM_RAN_037}Stone Sling Stones 120 grams","SlingStones","","","sling_ammo","0.12","","","1","","","","","","","","","","","","","","","","","","SlingStone","","10","95","Cut","0","","","0","45","10","20","","","","","","","","","","","","","","","","","","","bo_sling_ammo","","","","","","true","","","","true","","","throwing_stone","","bo_axe_short","stone_holster","stone_holster","","","","","","throwing_stone:throwing_stone_2","","","","","","","","1","","","","","","","","","","missile","","","","","","","","","","","true","","","true","","","","","","","","true","","","","","","","","","","","","true"
"RBM","RBMEconomyCombat_ranged.xml","sling_stoneammo_164g","{=RBM_RAN_038}Stone Sling Half-Libra 164 grams","SlingStones","","","sling_ammo","0.164","","","1","","","","","","","","","","","","","","","","","","SlingStone","","10","100","Cut","0","","","0","45","10","15","","","","","","","","","","","","","","","","","","","bo_sling_ammo","","","","","","true","","","","true","","","throwing_stone","","bo_axe_short","stone_holster","stone_holster","","","","","","throwing_stone:throwing_stone_2","","","","","","","","1","","","","","","","","","","missile","","","","","","","","","","","true","","","true","","","","","","","","true","","","","","","","","","","","","true"
"RBM","RBMEconomyCombat_ranged.xml","sling_stoneammo_218g","{=RBM_RAN_039}Stone Sling Half-Mina 218 grams","SlingStones","","","sling_ammo","0.218","","","1","","","","","","","","","","","","","","","","","","SlingStone","","10","100","Cut","0","","","0","45","10","11","","","","","","","","","","","","","","","","","","","bo_sling_ammo","","","","","","true","","","","true","","","projectile_grapeshot_piece_a","","bo_axe_short","stone_holster","stone_holster","","","","","","throwing_stone:throwing_stone_2","","","","","","","","1","","","","","","","","","","missile","","","","","","","","","","","true","","","true","","","","","","","","true","","","","","","","","","","","","true"
"RBM","RBMEconomyCombat_ranged.xml","sling_stoneammo_329g","{=RBM_RAN_040}Stone Sling Libra 329 grams","SlingStones","","","sling_ammo","0.329","","","1","","","","","","","","","","","","","","","","","","SlingStone","","10","100","Cut","0","","","0","45","10","8","","","","","","","","","","","","","","","","","","","bo_sling_ammo","","","","","","true","","","","true","","","projectile_grapeshot_piece_a","","bo_axe_short","stone_holster","stone_holster","","","","","","throwing_stone:throwing_stone_2","","","","","","","","1","","","","","","","","","","missile","","","","","","","","","","","true","","","true","","","","","","","","true","","","","","","","","","","","","true"
"RBM","RBMEconomyCombat_ranged.xml","sling_stoneammo_436g","{=RBM_RAN_041}Stone Sling Mina 436 grams","SlingStones","","","sling_ammo","0.436","","","1","","","","","","","","","","","","","","","","","","SlingStone","","10","100","Cut","0","","","0","45","10","6","","","","","","","","","","","","","","","","","","","bo_sling_ammo","","","","","","true","","","","true","","","projectile_grapeshot_piece_a","","bo_axe_short","stone_holster","stone_holster","","","","","","throwing_stone:throwing_stone_2","","","","","","","","1","","","","","","","","","","missile","","","","","","","","","","","true","","","true","","","","","","","","true","","","","","","","","","","","","true"
"RBM","RBMEconomyCombat_ranged.xml","sling_chiseledammo","{=RBM_RAN_042}Chiseled Sling Bullets 35 grams","SlingStones","","","sling_ammo","0.035","","","1","","","","","","","","","","","","","","","","","","SlingStone","","10","100","Cut","0","","","0","45","10","40","","","","","","","","","","","","","","","","","","","bo_sling_ammo","","","","","","true","","","","true","","","sling_ammo_flying","","bo_axe_short","stone_holster","stone_holster","","","","","","throwing_stone:throwing_stone_2","","","","","","","","3","","","","","","","","","","missile","","","","","","","","","","","true","","","true","","","","","","","","true","","","","","","","","","","","","true"
"RBM","RBMEconomyCombat_ranged.xml","sling_chiseledammo_50g","{=RBM_RAN_043}Chiseled Sling Bullets 50 grams","SlingStones","","","sling_ammo","0.05","","","1","","","","","","","","","","","","","","","","","","SlingStone","","10","100","Cut","0","","","0","45","10","40","","","","","","","","","","","","","","","","","","","bo_sling_ammo","","","","","","true","","","","true","","","sling_ammo_flying","","bo_axe_short","stone_holster","stone_holster","","","","","","throwing_stone:throwing_stone_2","","","","","","","","3","","","","","","","","","","missile","","","","","","","","","","","true","","","true","","","","","","","","true","","","","","","","","","","","","true"
"RBM","RBMEconomyCombat_ranged.xml","sling_chiseledammo_80g","{=RBM_RAN_044}Chiseled Sling Bullets 80 grams","SlingStones","","","sling_ammo","0.08","","","1","","","","","","","","","","","","","","","","","","SlingStone","","10","100","Cut","0","","","0","45","10","30","","","","","","","","","","","","","","","","","","","bo_sling_ammo","","","","","","true","","","","true","","","sling_ammo_flying","","bo_axe_short","stone_holster","stone_holster","","","","","","throwing_stone:throwing_stone_2","","","","","","","","3","","","","","","","","","","missile","","","","","","","","","","","true","","","true","","","","","","","","true","","","","","","","","","","","","true"
"RBM","RBMEconomyCombat_ranged.xml","sling_chiseledammo_140g","{=RBM_RAN_045}Chiseled Sling Siege Bullets 140 grams","SlingStones","","","sling_ammo","0.14","","","1","","","","","","","","","","","","","","","","","","SlingStone","","10","100","Cut","0","","","0","45","10","17","","","","","","","","","","","","","","","","","","","bo_sling_ammo","","","","","","true","","","","true","","","sling_ammo_flying","","bo_axe_short","stone_holster","stone_holster","","","","","","throwing_stone:throwing_stone_2","","","","","","","","3","","","","","","","","","","missile","","","","","","","","","","","true","","","true","","","","","","","","true","","","","","","","","","","","","true"
"RBM","RBMEconomyCombat_ranged.xml","sling_leadammo","{=RBM_RAN_046}Lead Sling Bullets 35 grams","SlingStones","","","sling_ammo","0.035","","","1","","","","","","","","","","","","","","","","","","SlingStone","","10","100","Pierce","0","","","0","45","10","60","","","","","","","","","","","","","","","","","","","bo_sling_ammo","","","","","","true","","","","true","","","sling_ammo_flying","","bo_axe_short","stone_holster","stone_holster","","","","","","throwing_stone:throwing_stone_2","","","","","","","","4","","","","","","","","","","missile","","","","","","","","","","","true","","","true","","","","","","","","true","","","","","","","","","","","","true"
"RBM","RBMEconomyCombat_ranged.xml","sling_leadammo_50g","{=RBM_RAN_047}Lead Sling Bullets 50 grams","SlingStones","","","sling_ammo","0.05","","","1","","","","","","","","","","","","","","","","","","SlingStone","","10","100","Pierce","0","","","0","45","10","60","","","","","","","","","","","","","","","","","","","bo_sling_ammo","","","","","","true","","","","true","","","sling_ammo_flying","","bo_axe_short","stone_holster","stone_holster","","","","","","throwing_stone:throwing_stone_2","","","","","","","","4","","","","","","","","","","missile","","","","","","","","","","","true","","","true","","","","","","","","true","","","","","","","","","","","","true"
"RBM","RBMEconomyCombat_ranged.xml","sling_leadammo_80g","{=RBM_RAN_048}Lead Sling Bullets 80 grams","SlingStones","","","sling_ammo","0.08","","","1","","","","","","","","","","","","","","","","","","SlingStone","","10","100","Pierce","0","","","0","45","10","50","","","","","","","","","","","","","","","","","","","bo_sling_ammo","","","","","","true","","","","true","","","sling_ammo_flying","","bo_axe_short","stone_holster","stone_holster","","","","","","throwing_stone:throwing_stone_2","","","","","","","","4","","","","","","","","","","missile","","","","","","","","","","","true","","","true","","","","","","","","true","","","","","","","","","","","","true"
"RBM","RBMEconomyCombat_ranged.xml","sling_wool","{=RBM_RAN_049}Wool Sling 18 Inches","Thrown","","","sling_c","0.1","30","20","1","","","","","","","","","","","","","","","","","","Sling","SlingStone","20","100","Blunt","105","","","105","55","175","","","sling","","","","","","","","","","-0.02, 0.0, 0.0","","","","","","","bo_throwing_stone","","","","","","","","","","true","","","","","bo_axe_short","","sling_holster","","","","","","throwing_stone:throwing_stone_2","","","","","","sling_skeleton","sling_drop_weapon","","","","1","","0,0,0.1","","","","","wood_weapon","","","","","","","","","","","","","","","true","","","","","","","","","","","","","","","true","","","true","true"
"RBM","RBMEconomyCombat_ranged.xml","sling_braided","{=RBM_RAN_050}Braided Sling 28 Inches","Thrown","","","sling_b","0.1","60","50","1","","","","","","","","","","","","","","","","","","Sling","SlingStone","20","100","Blunt","100","","","100","50","260","","","sling","","","","","","","","","","-0.02, 0.0, 0.0","","","","","","","bo_throwing_stone","","","","","","","","","","true","","","","","bo_axe_short","","sling_holster","","","","","","throwing_stone:throwing_stone_2","","","","","","sling_skeleton","sling_drop_weapon","","","","1","","0,0,0.1","","","","","wood_weapon","","","","","","","","","","","","","","","true","","","","","","","","","","","","","","","true","","","true","true"
"RBM","RBMEconomyCombat_ranged.xml","sling_reinforced","{=RBM_RAN_051}Reinforced Sling 41 Inches","Thrown","","","sling_a","0.1","100","80","1","","","","","","","","","","","","","","","","","","Sling","SlingStone","20","100","Blunt","120","","","120","45","320","","","sling","","","","","","","","","","-0.02, 0.0, 0.0","","","","","","","bo_throwing_stone","","","","","","","","","","true","","","","","bo_axe_short","","sling_holster","","","","","","throwing_stone:throwing_stone_2","","","","","","sling_skeleton","sling_drop_weapon","","","","1","","0,0,0.1","","","","","wood_weapon","","","","","","","","","","","","","","","true","","","","","","","","","","","","","","","true","","","true","true"
"RBM","RBMEconomyCombat_ranged.xml","Flamethrower_RBM","{=RBM_RAN_052}Imperial Cheirosiphon","Crossbow","Culture.vlandia","","crossbow_f","5","50000","100","1","","","","","","","","","","","","","","","","","","Crossbow","Bolt","200","100","Pierce","40","","","70","90","20","","crossbow","crossbow_fast","","","","","","","","","","0.0, 0.02131, 0.22975","","","","","","","bo_cross_bow_heavy","","true","","","","","","","","","","","","","","","","0.02,0,-0.4","","","false","","crossbow_back:bow_hip:mace_right_hip:bow_hip_2","","","","","","","","","","","1","","0,0,0.4","","","","","wood_weapon","","2","","","","","","","","","","","","","","","","","","","","","","true","","","","","true","true","","true","",""
"RBM","RBMEconomy_trade_goods.xml","wool","{=WVqaRKUm}Wool{@Plural}loads of wool{\@}","Goods","","","merchandise_wool","2","160","","","wool","","","","","","","","","","","","","","","","","","","","","","","","","","","","","","","","","","","","","","","","","","","","","","","","","true","","","","","","","","","","","","","","","","","","","","","","","","","","","","","","","","","","","","","","","","","","","","","","","","","","","","","","","","","","","","","","","","","","","","","","","","",""
"RBM","RBMEconomy_trade_goods.xml","silver","{=9X2l53vY}Silver Ore{@Plural}loads of silver ore{\@}","Goods","","","silver_ore","0.85","85","","","silver","","","","","","","","","","","","","","","","","","","","","","","","","","","","","","","","","","","","","","","","","","","","","","","","","true","","","","","","","","","","","","","","","","","","","","","","","","","","","","","","","","","","","","","","","","","","","","","","","","","","","","","","","","","","","","","","","","","","","","","","","","",""
"RBM","RBMEconomy_trade_goods.xml","jewelry","{=yQTBY9ie}Jewelry{@Plural}items of jewelry{\@}","Goods","","","bd_sturgia_statue","0.025","420","","","jewelry","","","","","","","","","","","","","","","","","","","","","","","","","","","","","","","","","","","","","","","","","","","","","","","","","true","","","","","","","","","","","","","","","","","","","","","","","","","","","","","","","","","","","","","","","","","","","","","","","","","","","","","","","","","","","","","","","","","","","","","","","","",""
"RBM","RBMEconomy_trade_goods.xml","salt","{=IK2IPJi1}Salt{@Plural}sacks of salt{\@}","Goods","","","merchandise_salt","1","30","","","salt","","","","","","","","","","","","","","","","","","","","","","","","","","","","","","","","","","","","","","","","","","","","","","","","","true","","","","","","","","","","","","","","","","","","","","","","","","","","","","","","","","","","","","","","","","","","","","","","","","","","","","","","","","","","","","","","","","","","","","","","","","",""
"RBM","RBMEconomy_trade_goods.xml","spice","{=1jqxlEkT}Spice{@Plural}sacks of spice{\@}","Goods","","","spice_sack","1","60","","","","","","","","","","","","","","","","","","","","","","","","","","","","","","","","","","","","","","","","","","","","","","","","","","","","true","","","","","","","","","","","","","","","","","","","","","","","","","","","","","","","","","","","","","","","","","","","","","","","","","","","","","","","","","","","","","","","","","","","","","","","","",""
"RBM","RBMEconomy_trade_goods.xml","cotton","{=Vqu67a3b}Raw Silk{@Plural}bolts of silk{\@}","Goods","","","merchandise_raw_silk","1","1925","","","cotton","","","","","","","","","","","","","","","","","","","","","","","","","","","","","","","","","","","","","","","","","","","","","","","","","true","","","","","","","","","","","","","","","","","","","","","","","","","","","","","","","","","","","","","","","","","","","","","","","","","","","","","","","","","","","","","","","","","","","","","","","","",""
"RBM","RBMEconomy_trade_goods.xml","flax","{=xsu6bPTv}Flax{@Plural}sacks of flax{\@}","Goods","","","merchandise_flax","1","34","","","flax","","","","","","","","","","","","","","","","","","","","","","","","","","","","","","","","","","","","","","","","","","","","","","","","","true","","","","","","","","","","","","","","","","","","","","","","","","","","","","","","","","","","","","","","","","","","","","","","","","","","","","","","","","","","","","","","","","","","","","","","","","",""
"RBM","RBMEconomy_trade_goods.xml","clay","{=RBM_E_001}Plain Ceramic{@Plural}plain ceramics{\@}","Goods","","","merchandise_clay","10","130","","","clay","","","","","","","","","","","","","","","","","","","","","","","","","","","","","","","","","","","","","","","","","","","","","","","","","true","","","","","","","","","","","","","","","","","","","","","","","","","","","","","","","","","","","","","","","","","","","","","","","","","","","","","","","","","","","","","","","","","","","","","","","","",""
"RBM","RBMEconomy_trade_goods.xml","pottery","{=RBM_E_002}Decorated Pottery{@Plural}crates of decorated pottery{\@}","Goods","","","merchandise_pottery","10","900","","","pottery","","","","","","","","","","","","","","","","","","","","","","","","","","","","","","","","","","","","","","","","","","","","","","","","","true","","","","","","","","","","","","","","","","","","","","","","","","","","","","","","","","","","","","","","","","","","","","","","","","","","","","","","","","","","","","","","","","","","","","","","","","",""
"RBM","RBMEconomy_trade_goods.xml","linen","{=DvGueBrU}Linen{@Plural}rolls of linen{\@}","Goods","","","merchandise_linen","0.76","170","","","linen","","","","","","","","","","","","","","","","","","","","","","","","","","","","","","","","","","","","","","","","","","","","","","","","","true","","","","","","","","","","","","","","","","","","","","","","","","","","","","","","","","","","","","","","","","","","","","","","","","","","","","","","","","","","","","","","","","","","","","","","","","",""
"RBM","RBMEconomy_trade_goods.xml","leather","{=ufnnUxKb}Leather{@Plural}crates of leather{\@}","Goods","","","merchandise_leather_a","0.8","176","","","leather","","","","","","","","","","","","","","","","","","","","","","","","","","","","","","","","","","","","","","","","","","","","","","","","","true","","","","","","","","","","","","","","","","","","","","","","","","","","","","","","","","","","","","","","","","","","","","","","","","","","","","","","","","","","","","","","","","","","","","","","","","",""
"RBM","RBMEconomy_trade_goods.xml","velvet","{=O8TpGSDA}Velvet{@Plural}rolls of velvet{\@}","Goods","","","merchandise_velvet","0.5","26500","","","velvet","","","","","","","","","","","","","","","","","","","","","","","","","","","","","","","","","","","","","","","","","","","","","","","","","true","","","","","","","","","","","","","","","","","","","","","","","","","","","","","","","","","","","","","","","","","","","","","","","","","","","","","","","","","","","","","","","","","","","","","","","","",""
"RBM","RBMEconomy_trade_goods.xml","cheese","{=WSk5Sibs}Cheese{@Plural}barrels of cheese{\@}","Goods","","","merchandise_cheese_b","15","166","","","cheese","","","","","","","","","","","","","","","","","","","","","","","","","","","","","","","","","","","","","","","","","","","","","","","","","true","","","","","","","","","","","","","","","","","","","","true","","","","","","","","","","1","","","","","","","","","","","","","","","","","","","","","","","","","","","","","","","","","","","","","","","","","","",""
"RBM","RBMEconomy_trade_goods.xml","butter","{=VbL6GFmy}Butter{@Plural}casks of butter{\@}","Goods","","","merchandise_cheese_b","8.4","230","","","butter","","","","","","","","","","","","","","","","","","","","","","","","","","","","","","","","","","","","","","","","","","","","","","","","","true","","","","","","","","","","","","","","","","","","","","true","","","","","","","","","","1","","","","","","","","","","","","","","","","","","","","","","","","","","","","","","","","","","","","","","","","","","",""
"RBM","RBMEconomy_trade_goods.xml","fish","{=QGaIYQpg}Fish{@Plural}barrels of fish{\@}","Goods","","","merchandise_fish_a","20","125","","","fish","","","","","","","","","","","","","","","","","","","","","","","","","","","","","","","","","","","","","","","","","","","","","","","","","true","","","","","","","","","","","","","","","","","","","","true","","","","","","","","","","1","","","","","","","","","","","","","","","","","","","","","","","","","","","","","","","","","","","","","","","","","","",""
"RBM","RBMEconomy_trade_goods.xml","grape","{=ZgVVPGTb}Grapes{@Plural}sacks of grapes{\@}","Goods","","","kitchen_basket_grape_b","89","275","","","grape","","","","","","","","","","","","","","","","","","","","","","","","","","","","","","","","","","","","","","","","","","","","","","","","","true","","","","","","","","","","","","","","","","","","","","true","","","","","","","","","","1","","","","","","","","","","","","","","","","","","","","","","","","","","","","","","","","","","","","","","","","","","",""
"RBM","RBMEconomy_trade_goods.xml","date_fruit","{=NtsdmmW9}Date Fruit{@Plural}sacks of date fruit{\@}","Goods","","","bd_barrel_a","20","333","","","date_fruit","","","","","","","","","","","","","","","","","","","","","","","","","","","","","","","","","","","","","","","","","","","","","","","","","true","","","","","","","","","","","","","","","","","","","","true","","","","","","","","","","2","","","","","","","","","","","","","","","","","","","","","","","","","","","","","","","","","","","","","","","","","","",""
"RBM","RBMEconomy_trade_goods.xml","olives","{=45kZUyjh}Olives{@Plural}barrels of olives{\@}","Goods","","","bd_barrel_a","46","45","","","olives","","","","","","","","","","","","","","","","","","","","","","","","","","","","","","","","","","","","","","","","","","","","","","","","","true","","","","","","","","","","","","","","","","","","","","true","","","","","","","","","","2","","","","","","","","","","","","","","","","","","","","","","","","","","","","","","","","","","","","","","","","","","",""
"RBM","RBMEconomy_trade_goods.xml","beer","{=RBM_E_003}Ale{@Plural}casks of ale{\@}","Goods","","","bd_barrel_a","72","180","","","beer","","","","","","","","","","","","","","","","","","","","","","","","","","","","","","","","","","","","","","","","","","","","","","","","","true","","","","","","","","","","","","","","","","","","","","true","","","","","","","","","","2","","","","","","","","","","","","","","","","","","","","","","","","","","","","","","","","","","","","","","","","","","",""
"RBM","RBMEconomy_trade_goods.xml","wine","{=ELsDFwAD}Wine{@Plural}amphorae of wine{\@}","Goods","","","amphora_slim","85","1330","","","wine","","","","","","","","","","","","","","","","","","","","","","","","","","","","","","","","","","","","","","","","","","","","","","","","","true","","","","","","","","","","","","","","","","","","","","false","","","","","","","","","","3","","","","","","","","","","","","","","","","","","","","","","","","","","","","","","","","","","","","","","","","","","",""
"RBM","RBMEconomy_trade_goods.xml","oil","{=lULBZ714}Oil{@Plural}amphorae of oil{\@}","Goods","","","amphora_slim","6.23","270","","","oil","","","","","","","","","","","","","","","","","","","","","","","","","","","","","","","","","","","","","","","","","","","","","","","","","true","","","","","","","","","","","","","","","","","","","","false","","","","","","","","","","","","","","","","","","","","","","","","","","","","","","","","","","","","","","","","","","","","","","","","","","","","",""
"RBM","RBMEconomy_trade_goods.xml","fur","{=ADJBbfbQ}Fur{@Plural}packs of fur{\@}","Goods","","","hung_fur_b","0.75","833","","","fur","","","","","","","","","","","","","","","","","","","","","","","","","","","","","","","","","","","","","","","","","","","","","","","","","true","","","","","","","","","","","","","","","","","","","","","","","","","","","","","","","","","","","","","","","","","","","","","","","","","","","","","","","","","","","","","","","","","","","","","","","","",""
"RBM","RBMEconomy_trade_goods.xml","sheep","{=RBM_E_004}Herd of Sheep{@Plural}herds of sheep{\@}","Animal","","","sheep_mesh_new","60","220","","","sheep","","","","","","","","","","","","","","","","","","","","","","","","","","","","","","","Monster.sheep","40","12","0","104","","","","","","","","","","","","","","true","","","","","","","","","","","","","","","","","","","","","","","","","","","","","","","","","","","","","","","","","","","","","","","","","","","","","","","","","","","","","","","","","","","","","","","","",""
"RBM","RBMEconomy_trade_goods.xml","cow","{=QWqvGa1P}Cow{@Plural}head of cattle{\@}","Animal","","","cow","175","480","","","cow","","","","","","","","","","","","","","","","","","","","","","","","","","","","","","","Monster.cow","30","22","5","104","","","","","","","","","","","","","","true","","","","","","","","","","","","","","","","","","","","","","","","","","","","","","","","","","","","","","","","","","","","","","","","","","","","","","","","","","","","","","","","","","","","","","","","",""
"RBM","RBMEconomy_trade_goods.xml","hog","{=ZbsGBv10}Hog","Animal","","","hog_mesh","60","130","","","hog","","","","","","","","","","","","","","","","","","","","","","","","","","","","","","","Monster.hog","40","10","5","104","","","","","","","","","","","","","","true","","","","","","","","","","","","","","","","","","","","","","","","","","","","","","","","","","","","","","","","","","","","","","","","","","","","","","","","","","","","","","","","","","","","","","","","",""
"RBM_WS","RBMCombat_WS_arrow_visuals.xml","stealth_arrow","{=peTfjzWZ}Whisper Arrows","Arrows","","arrows","stealth_arrow","0.065","","0","1","","","","","","","","","","","","","","","","","","Arrow","","97","120","Pierce","0","","","0","","60","30","arrow","arrow_top","","","","","","","","","","","","","","","","","bo_capsule_arrow","","","","","","","","","","","","","arrow_bl_flying","","bo_stealth_quiver","stealth_quiver","stealth_quiver","0,0,0.15","","","","","quiver_back_lower:quiver_back_lower_2","","","","","","","","","","","","","0,0.0,-0.13","","","","event:/mission/combat/missile/passby","missile","","","0, -80, 25","","0,-0.97,0","90,0,0","","","","","true","","true","true","","","","","","","","true","","","","","","","","","","","",""
"RBM_WS","RBMCombat_WS_items.xml","northman_raider_armor","{=iVGuFOec}Northern Raider Armor","BodyArmor","Culture.nord","","northman_raider_armor","18","","","7","","Plate","plate","","60","40","15","true","true","","","","","","","","","","","","","","","","","","","","","","","","","","","","","","","","","","","","","","","","","false","","","","","","","","","true","","","","","","","","","","","","","","","","","","","","","","","","","","","","","","","","","","","","","","","","","","","","","","","","","","","","","","","","","","","","","","","",""
"RBM_WS","RBMCombat_WS_items.xml","naval_strappy_tunic","{=7bOfcEzK}Nordic Luxury Tunic","BodyArmor","Culture.nord","","naval_strappy_tunic","5","","","5","","Cloth","cloth_unarmoured","","25","27","25","true","false","","","","","","","","","","","","","","","","","","","","","","","","","","","","","","","","","","","","","","","","","true","","","","","","","","","true","","","","","","","","","","","","","","","","","","","","","","","","","","","","","","","","","","","","","","","","","","","","","","","","","","","","","","","","","","","","","","","",""
"RBM_WS","RBMCombat_WS_items.xml","nord_chainmail_armor","{=ZAeQ7GpQ}Nordic Heavy Mail Armor","BodyArmor","Culture.nord","","naval_chainmail_armor","17","","","6","","Chainmail","chain","","45","48","45","true","true","","","","","","","","","","","","","","","","","","","","","","","","","","","","","","","","","","","","","","","","","false","","","","","","","","","true","","","","","","","","","","","","","","","","","","","","","","","","","","","","","","","","","","","","","","","","","","","","","","","","","","","","","","","","","","","","","","","",""
"RBM_WS","RBMCombat_WS_items.xml","double_belted_leather_armor","{=UTXYzNim}Long Leather Vest","BodyArmor","Culture.nord","","double_belted_leather_armor","6","","","5","","Leather","leather","","28","18","28","true","true","","","","","","","","","","","","","","","","","","","","","","","","","","","","","","","","","","","","","","","","","true","","","","","","","","","true","","","","","","","","","","","","","","","","","","","","","","","","","","","","","","","","","","","","","","","","","","","","","","","","","","","","","","","","","","","","","","","",""
"RBM_WS","RBMCombat_WS_items.xml","norse_chainmail_pleatedtrousers","{=WCM38v9X}Norse Chainmail","BodyArmor","Culture.nord","","norse_chainmail_pleatedtrousers","16","","","5","","Chainmail","chain","","38","38","23","true","true","","","","","","","","","","","","","","","","","","","","","","","","","","","","","","","","","","","","","","","","","true","","","","","","","","","true","","","","","","","","","","","","","","","","","","","","","","","","","","","","","","","","","","","","","","","","","","","","","","","","","","","","","","","","","","","","","","","",""
"RBM_WS","RBMCombat_WS_items.xml","heavy_gambeson_armor","{=dpHDIwKz}Mariner Leather Gambeson","BodyArmor","Culture.nord","","heavy_gambeson_armor","5.5","","","1","","Leather","leather","","35","40","35","true","","","","","","","","","","","","","","","","","","","","","","","","","","","","","","","","","","","","","","","","","","true","","","","","","","","","true","","","","","","","","","","","","","","","","","","","","","","","","","","","","","","","","","","","","","","","","","","","","","","","","","","","","","","","","","","","","","","","",""
"RBM_WS","RBMCombat_WS_items.xml","heavy_gambeson_armor_plain","{=nRjmVzmb}Mariner Gambeson","BodyArmor","Culture.nord","","heavy_gambeson_armor_plain","5","","","2","","Leather","leather","","27","30","27","true","true","","","","","","","","","","","","","","","","","","","","","","","","","","","","","","","","","","","","","","","","","true","","","","","","","","","true","","","","","","","","","","","","","","","","","","","","","","","","","","","","","","","","","","","","","","","","","","","","","","","","","","","","","","","","","","","","","","","",""
"RBM_WS","RBMCombat_WS_items.xml","nordic_chainmail_a","{=Vo9rZoJC}Nordic Long Heavy Mail","BodyArmor","Culture.nord","body_armor","nordic_chainmail_a","18","","","4","","Chainmail","chain","","60","50","50","true","true","","","","","","","","","","","","","","","","","","","","","","","","","","","","","","","","","","","","","","","","","","","","","","","","","","true","","","","","","","","","","","","","","","","","","","","","","","","","","","","","","","","","","","","","","","","","","","","","","","","","","","","","","","","","","","","","","","",""
"RBM_WS","RBMCombat_WS_items.xml","nordic_chainmail_c","{=ZTLwYnQH}Reinforced Mail Coat","BodyArmor","Culture.nord","body_armor","nordic_chainmail_c","18","","","5","","Chainmail","chain","","75","55","60","true","true","","","","","","","","","","","","","","","","","","","","","","","","","","","","","","","","","","","","","","","","","","","","","","","","","","true","","","","","","","","","","","","","","","","","","","","","","","","","","","","","","","","","","","","","","","","","","","","","","","","","","","","","","","","","","","","","","","",""
"RBM_WS","RBMCombat_WS_items.xml","strapped_jackboots","{=BvOMXDhA}Strapped Jackboots","LegArmor","Culture.nord","","strapped_jackboots","0.7","","","4","","Leather","leather","","","","28","","","","","","","","","","","","","","","","","","","","","","","","","","","","","","","","","","","","","","true","","","","","true","","","","","","","","","","","","","","","","","","","","","","","","","","","","","","","","","","","","","","","","","","","","","","","","","","","","","","","","","","","","","","","","","","","","","","","","",""
"RBM_WS","RBMCombat_WS_items.xml","northman_raider_boot","{=8d8xLbBH}Northern Raider Boots","LegArmor","Culture.nord","","northman_raider_boot","0.4","","","3","","Leather","leather","","","","30","","","","","","","","","","","","","","","","","","","","","","","","","","","","","","","","","","","","","","false","","","","","true","","","","","","","","","","","","","","","","","","","","","","","","","","","","","","","","","","","","","","","","","","","","","","","","","","","","","","","","","","","","","","","","","","","","","","","","",""
"RBM_WS","RBMCombat_WS_items.xml","splinted_bracers","{=3x5dzOFX}Splinted Bracers","HandArmor","Culture.nord","","splinted_bracers","1.1","","0","4","","Leather","leather","","","29","","","","","","","","","","","","","","","","","","","","","","","","","","","","","","","","","","","","","","","","","","","","false","","","","","","","","","","","","","","","","","","","","","","","","","","","","","","","","","","","","","","","","","","","","","","","","","","","","","","","","","","","","","","","","","","","","","","","","",""
"RBM_WS","RBMCombat_WS_items.xml","mail_mitten_d","{=NeCHVy6I}Reinforced Northern Mail Mittens","HandArmor","Culture.nord","","mail_mitten_d","1.7","","","4","","Chainmail","chain","","","58","","","","","","","","","","","","","","","","","","","","","","","","","","","","","","","","","","","","","true","","","","","","","","","","","","","","","","","","","","","","","","","","","","","","","","","","","","","","","","","","","","","","","","","","","","","","","","","","","","","","","","","","","","","","","","","","","","","","","",""
"RBM_WS","RBMCombat_WS_items.xml","mail_mitten_g","{=qAWN552z}Mail Mittens with Leather Reinforcement","HandArmor","Culture.nord","","mail_mitten_g","1.7","","","4","","Leather","leather","","","55","","","","","","","","","","","","","","","","","","","","","","","","","","","","","","","","","","","","","true","","","","","","","","","","","","","","","","","","","","","","","","","","","","","","","","","","","","","","","","","","","","","","","","","","","","","","","","","","","","","","","","","","","","","","","","","","","","","","","",""
"RBM_WS","RBMCombat_WS_items.xml","northman_wrist_armor","{=96SmfRN8}Northmen Raider Wrist Guards","HandArmor","Culture.nord","","northman_wrist_armor","1.2","","0","4","","Plate","plate","","","36","","","","","","","","","","","","","","","","","","","","","","","","","","","","","","","","","","","","","","","","","","","","true","","","","","","","","","","","","","","","","","","","","","","","","","","","","","","","","","","","","","","","","","","","","","","","","","","","","","","","","","","","","","","","","","","","","","","","","",""
"RBM_WS","RBMCombat_WS_items.xml","studded_arm_guards","{=cahNTPOW}Studded Arm Guards","HandArmor","Culture.nord","","studded_arm_guards","1.1","","0","4","","Leather","leather","","","21","","","","","","","","","","","","","","","","","","","","","","","","","","","","","","","","","","","","","","","","","","","","true","","","","","","","","","","","","","","","","","","","","","","","","","","","","","","","","","","","","","","","","","","","","","","","","","","","","","","","","","","","","","","","","","","","","","","","","",""
"RBM_WS","RBMCombat_WS_items.xml","fur_cape_a","{=DsV34PTX}Nordic Furry Mail Cape","Cape","Culture.nord","","fur_cape_a","1.5","","","5","","Leather","leather","","17","8","","","","","","","","","","","","","","","","","","","","","","","","","","","","","","","","","","","","","","","","","","","","true","","","","","","","","","true","","","","","","","","","","false","","","","","","","","","","","","","","","","","","","","","","","","","","","","","","","","","","","","","","","","","","","","","","","","","","","","","",""
"RBM_WS","RBMCombat_WS_items.xml","fur_cape_b","{=2ubbCL20}Nordic Furry Cape","Cape","Culture.nord","","fur_cape_b","1.2","","","4","","Leather","leather","","40","0","","","","","","","","","","","","","","","","","","","","","","","","","","","","","","","","","","","","","","","","","","","","true","","","","","","","","","true","","","","","","","","","","false","","","","","","","","","","","","","","","","","","","","","","","","","","","","","","","","","","","","","","","","","","","","","","","","","","","","","",""
"RBM_WS","RBMCombat_WS_items.xml","northman_raider_cape","{=wkgxuGvo}Northmen Raider Heavy Fur Cape","Cape","Culture.nord","","northman_raider_cape","2.3","","","7","","Leather","leather","","42","0","","","","","","","","","","","","","","","","","","","","","","","","","","","","","","","","","","","","","","","","","","","","true","","","","","","","","","true","","","","","","","","","","","","","","","","","","","","","","","","","","","","","","","","","","","","","","","","","","","","","","","","","","","","","","","","","","","","","","","",""
"RBM_WS","RBMCombat_WS_items.xml","northman_raider_shoulder","{=9jhbWP5f}Nordic Armored Shoulder Pads","Cape","Culture.nord","","northman_raider_shoulder","1.6","","","7","","Plate","plate","","21","0","","","","","","","","","","","","","","","","","","","","","","","","","","","","","","","","","","","","","","","","","","","","false","","","","","","","","","true","","","","","","","","","","","","","","","","","","","","","","","","","","","","","","","","","","","","","","","","","","","","","","","","","","","","","","","","","","","","","","","",""
"RBM_WS","RBMCombat_WS_items.xml","nord_shoulder_b","{=viDpmCPa}Northern Lamellar Pauldrons","Cape","Culture.nord","","nord_shoulder_b","2.7","","","3","","Plate","plate","","20","0","","","","","","","","","","","","","","","","","","","","","","","","","","","","","","","","","","","","","","","","","","","","","","","","","","","","","true","","","","","","","","","","","","","","","","","","","","","","","","","","","","","","","","","","","","","","","","","","","","","","","","","","","","","","","","","","","","","","","",""
"RBM_WS","RBMCombat_WS_items.xml","nord_shoulder_a","{=4TsyBEUX}Reinforced Lamellar Pauldrons","Cape","Culture.nord","","nord_shoulder_a","2.5","","","3","","Plate","plate","","25","0","","","","","","","","","","","","","","","","","","","","","","","","","","","","","","","","","","","","","","","","","","","","","","","","","","","","","true","","","","","","","","","","","","","","","","","","","","","","","","","","","","","","","","","","","","","","","","","","","","","","","","","","","","","","","","","","","","","","","",""
"RBM_WS","RBMCombat_WS_items.xml","nord_fur_shoulder","{=7FJ3axqD}Long Linen Fur Cape","Cape","Culture.nord","","nord_fur_shoulder","3","","","4","","Leather","leather","","15","0","","","","","","","","","","","","","","","","","","","","","","","","","","","","","","","","","","","","","","","","","","","","true","","","","","","","","","true","","","","","","","","","","","","","","","","","","","","","","","","","","","","","","","","","","","","","","","","","","","","","","","","","","","","","","","","","","","","","","","",""
"RBM_WS","RBMCombat_WS_items.xml","berserker_cloak","{=KzwOR85I}Berserker Cloak","Cape","Culture.nord","","berserker_cloak","3.8","","","4","","Leather","leather","","25","0","","","","","","","","","","","","","","","","","","","","","","","","","","","","","","","","","","","","","","","","","","","","true","","","","","","","","","false","","","","","","","","","","","","","","","","","","","","","","","","","","","","","","","","","","","","","","","","","","","","","","","","","","","","","","","","","","","","","","","",""
"RBM_WS","RBMCombat_WS_items.xml","chainmail_shoulder_armor_b","{=zwiRWTW9}Chainmail Shoulder Guards","Cape","Culture.nord","","chainmail_shoulder_armor_b","3","","","5","","Plate","plate","","27","","","","","","","","","","","","","","","","","","","","","","","","","","","","","","","","","","","","","","","","","","","","","false","","","","","","","","","false","","","","","","","","","","","","","","","","","","","","","","","","","","","","","","","","","","","","","","","","","","","","","","","","","","","","","","","","","","","","","","","",""
"RBM_WS","RBMCombat_WS_items.xml","wolf_shoulder_ulfhedinn","{=beg6guIH}Wolf Pelt Cape","Cape","","body_armor","wolf_shoulder_2","3","","0","4","","Leather","leather","","23","","","","","","","","","","","","","","","","","","","","","","","","","","","","","","","","","","","","","","","","","","","","","","","","","","","","","","","","","","","","","","","","","","","","","","","","","","","","","","","","","","","","","","","","","","","","","","","","","","","","","","","","","","","","","","","","","","","","","",""
"RBM_WS","RBMCombat_WS_items.xml","berserker_helmet","{=stt6kTpR}Berserker Helmet","HeadArmor","Culture.nord","berserker_helmet","berserker_helmet","2.0","","","3","","Leather","leather","35","0","10","","","false","none","type1","","","","","","","","","","","","","","","","","","","","","","","","","","","","","","","","","","","10","","","","","","","","","","","","true","false","","","","","","","","","","","","","","","","","","","","","","","","","","","","","","","","","","","","","","","","","","","","","","","","","","","","","","","","","","","","","","","",""
"RBM_WS","RBMCombat_WS_items.xml","wolfhead_ulfhedinn","{=IK9aaUNt}Reinforced Wolf Head","HeadArmor","","head_armor","wolfhead_reinforced","3","","","3","","Leather","leather","62","7","9","","","false","all","","","","","","","","","","","","","","","","","","","","","","","","","","","","","","","","","","","","10","","","","","","","","","","","","true","","","","","","","","","","","","","","","","","","","","","","","","","","","","","","","","","","","","","","","","","","","","","","","","","","","","","","","","","","","","","","","","",""
"RBM_WS","RBMCombat_WS_items.xml","berserker_helmet_reinforced","{=1RpDRgLe}Berserker Reinforced Cloak","HeadArmor","Culture.nord","berserker_helmet_reinforced","berserker_helmet_reinforced","3.0","","","3","","Plate","plate","65","8","10","","","false","type1","type2","","","","","","","","","","","","","","","","","","","","","","","","","","","","","","","","","","","10","","","","","","","","","","","","true","false","","","","","","","","","","","","","","","","","","","","","","","","","","","","","","","","","","","","","","","","","","","","","","","","","","","","","","","","","","","","","","","",""
"RBM_WS","RBMCombat_WS_items.xml","celtic_helmet","{=VPICWkKq}Old Guard Helmet","HeadArmor","Culture.battania","head_armor","celtic_helmet","2.5","","","4","","Plate","plate","63","0","","","","","type1","none","","","","","","","","","","","","","","","","","","","","","","","","","","","","","","","","","","","","","","","","","","","","","","","","true","","","","","","","","","","","","","","","","","","","","","","","","","","","","","","","","","","","","","","","","","","","","","","","","","","","","","","","","","","","","","","","",""
"RBM_WS","RBMCombat_WS_items.xml","nord_helmet_a","{=g2ZSzfD0}Ornate Vendel Helmet","HeadArmor","Culture.nord","head_armor","nord_helmet_a","3.3","","","3","","Plate","plate","105","32","20","","","false","all","type2","","","","","","","","","","","","","","","","","","","","","","","","","","","","","","","","","","","","","","","","","","","","","","","","","","","","","","","","","","","","","","","","","","","","","","","","","","","","","","","","","","","","","","","","","","","","","","","","","","","","","","","","","","","","","","","",""
"RBM_WS","RBMCombat_WS_items.xml","nord_helmet_b","{=Q1NegWRJ}Vendel Noble Helmet","HeadArmor","Culture.nord","head_armor","nord_helmet_b","3.2","","","3","","Plate","plate","105","28","20","","","false","all","type2","","","","","","","","","","","","","","","","","","","","","","","","","","","","","","","","","","","","","","","","","","","","","","","","","","","","","","","","","","","","","","","","","","","","","","","","","","","","","","","","","","","","","","","","","","","","","","","","","","","","","","","","","","","","","","","",""
"RBM_WS","RBMCombat_WS_items.xml","nord_helmet_c","{=0s6iBQlt}Brass Vendel Helmet","HeadArmor","Culture.nord","head_armor","nord_helmet_c","3.2","","","3","","Plate","plate","90","30","20","","","false","all","type2","","","","","","","","","","","","","","","","","","","","","","","","","","","","","","","","","","","","","","","","","","","","","","","","","","","","","","","","","","","","","","","","","","","","","","","","","","","","","","","","","","","","","","","","","","","","","","","","","","","","","","","","","","","","","","","",""
"RBM_WS","RBMCombat_WS_items.xml","nord_helmet_d","{=2l0Vqtdm}Nordic Spectacle Helmet","HeadArmor","Culture.nord","head_armor","nord_helmet_d","2.8","","","2","","Plate","plate","85","26","20","","","false","all","type2","","","","","","","","","","","","","","","","","","","","","","","","","","","","","","","","","","","","","","","","","","","","","","","","","","","","","","","","","","","","","","","","","","","","","","","","","","","","","","","","","","","","","","","","","","","","","","","","","","","","","","","","","","","","","","","",""
"RBM_WS","RBMCombat_WS_items.xml","nord_helmet_da","{=5sjm7Ufs}Nordic Spectacle Helm over Padded","HeadArmor","Culture.nord","head_armor","nord_helmet_da","2.5","","","2","","Plate","plate","73","26","8","","","false","all","type2","","","","","","","","","","","","","","","","","","","","","","","","","","","","","","","","","","","","","","","","","","","","","","","","","","","","","","","","","","","","","","","","","","","","","","","","","","","","","","","","","","","","","","","","","","","","","","","","","","","","","","","","","","","","","","","",""
"RBM_WS","RBMCombat_WS_items.xml","nord_helmet_e","{=TJgEpiqz}Nordic Nasal Helm over Mail","HeadArmor","Culture.nord","head_armor","nord_helmet_e","2.3","","","2","","Plate","plate","87","12","20","","","false","all","type2","","","","","","","","","","","","","","","","","","","","","","","","","","","","","","","","","","","","","","","","","","","","","","","","","","","","","","","","","","","","","","","","","","","","","","","","","","","","","","","","","","","","","","","","","","","","","","","","","","","","","","","","","","","","","","","",""
"RBM_WS","RBMCombat_WS_items.xml","nord_helmet_ea","{=7zexUGUb}Nordic Nasal Helmet","HeadArmor","Culture.nord","head_armor","nord_helmet_ea","2.2","","","2","","Plate","plate","75","12","7","","","false","all","type2","","","","","","","","","","","","","","","","","","","","","","","","","","","","","","","","","","","","","","","","","","","","","","","","","","","","","","","","","","","","","","","","","","","","","","","","","","","","","","","","","","","","","","","","","","","","","","","","","","","","","","","","","","","","","","","",""
"RBM_WS","RBMCombat_WS_items.xml","nord_helmet_f","{=V32cLwdx}Nordic Iron Helm over Mail","HeadArmor","Culture.nord","head_armor","nord_helmet_f","2.1","","","2","","Plate","plate","68","12","17","","","false","all","type2","","","","","","","","","","","","","","","","","","","","","","","","","","","","","","","","","","","","","","","","","","","","","","","","","","","","","","","","","","","","","","","","","","","","","","","","","","","","","","","","","","","","","","","","","","","","","","","","","","","","","","","","","","","","","","","",""
"RBM_WS","RBMCombat_WS_items.xml","nord_helmet_fa","{=tiYr7rPf}Nordic Iron Helmet","HeadArmor","Culture.nord","head_armor","nord_helmet_fa","2.0","","","2","","Plate","plate","55","12","7","","","false","all","type2","","","","","","","","","","","","","","","","","","","","","","","","","","","","","","","","","","","","","","","","","","","","","","","","","","","","","","","","","","","","","","","","","","","","","","","","","","","","","","","","","","","","","","","","","","","","","","","","","","","","","","","","","","","","","","","",""
"RBM_WS","RBMCombat_WS_items.xml","nasal_helmet","{=k4kivaf5}Steel Cap with Nose Guard","HeadArmor","Culture.nord","","nasal_helmet_a","1.8","","","2","","Plate","plate","50","12","","","","false","type1","","","","","","","","","","","","","","","","","","","","","","","","","","","","","","","","","","","","","","","","","","","","","","","","","","","","","","","","","","","","","","","","","","","","","","","","","","","","","","","","","","","","","","","","","","","","","","","","","","","","","","","","","","","","","","","","",""
"RBM_WS","RBMCombat_WS_items.xml","lendman_helmet_over_mail","{=VYmHTbTY}Warlord Helmet over Mail","HeadArmor","Culture.nord","","sturgia_helmet_g","1.9","","","3","","Plate","plate","119","24","20","","","false","all","none","","","","","","","","","","","","","","","","","","","","","","","","","","","","","","","","","","","","","","","","","","","","","","","","","","","","","","","","","","","","","","","","","","","","","","","","","","","","","","","","","","","","","","","","","","","","","","","","","","","","","","","","","","","","","","","",""
"RBM_WS","RBMCombat_WS_items.xml","northern_goggled_helmet","{=ISCtxKub}Sea Raider Goggled Helmet","HeadArmor","Culture.nord","","sturgia_helmet_k","1.8","","","1.6","","Plate","plate","89","24","20","","","false","all","none","","","","","","","","","","","","","","","","","","","","","","","","","","","","","","","","","","","","","","","","","","","","","","","","","","","","","","","","","","","","","","","","","","","","","","","","","","","","","","","","","","","","","","","","","","","","","","","","","","","","","","","","","","","","","","","",""
"RBM_WS","RBMCombat_WS_items.xml","nordic_helmet","{=OLkncAaD}Closed Mail Goggled Helmet","HeadArmor","Culture.nord","","sturgia_masked_helm_a","4.1","","","1","","Plate","chain","86","40","40","","","false","all","all","","","","","","","","","","","","","","","","","","","","","","","","","","","","","","","","","","","","","","","","","","","","","","","","","","","","","","","","","","","","","","","","","","","","","","","","","","","","","","","","","","","","","","","","","","","","","","","","","","","","","","","","","","","","","","","",""
"RBM_WS","RBMCombat_WS_items.xml","goggled_helmet_over_full_mail","{=mU5CY4bz}Closed Huscarl Helmet","HeadArmor","Culture.nord","","sturgia_helmet_e","4.4","","","1.6","","Plate","chain","114","74","40","","","false","all","all","","","","","","","","","","","","","","","","","","","","","","","","","","","","","","","","","","","","","","","","","","","","","","","","","","","","","","","","","","","","","","","","","","","","","","","","","","","","","","","","","","","","","","","","","","","","","","","","","","","","","","","","","","","","","","","",""
"RBM_WS","RBMCombat_WS_items.xml","closed_goggled_helmet","{=aYLCCpS4}Northern Closed Warlord Helmet","HeadArmor","Culture.nord","","sturgia_helmet_l","4.1","","","1.6","","Plate","chain","104","64","40","","","false","all","all","","","","","","","","","","","","","","","","","","","","","","","","","","","","","","","","","","","","","","","","","","","","","","","","","","","","","","","","","","","","","","","","","","","","","","","","","","","","","","","","","","","","","","","","","","","","","","","","","","","","","","","","","","","","","","","",""
"RBM_WS","RBMCombat_WS_items.xml","goggled_helmet_over_mail","{=qc0P0b2r}Goggled Helmet over Mail","HeadArmor","Culture.nord","","sturgia_helmet_c","1.8","","","3.2","","Plate","plate","106","24","20","","","false","all","none","","","","","","","","","","","","","","","","","","","","","","","","","","","","","","","","","","","","","","","","","","","","","","","","","","","","","","","","","","","","","","","","","","","","","","","","","","","","","","","","","","","","","","","","","","","","","","","","","","","","","","","","","","","","","","","",""
"RBM_WS","RBMCombat_WS_items.xml","nordic_civilian_hat","{=ZqQFHHvy}Nordic Civilian Hat","HeadArmor","Culture.nord","nordic_civilian_hat","nordic_civilian_hat","0.5","","","1","","Cloth","cloth_unarmoured","7","","","","","false","type2","none","","","","","","","","","","","","","","","","","","","","","","","","","","","","","","","","","","","","","","","true","","","","","","","","","true","","","","","","","","","","","","","","","","","","","","","","","","","","","","","","","","","","","","","","","","","","","","","","","","","","","","","","","","","","","","","","","",""
"RBM_WS","RBMCombat_WS_items.xml","nordic_civilian_hat_fur_brim","{=jw8fKXRu}Nordic Civilian Hat with Fur Brim","HeadArmor","Culture.nord","nordic_civilian_hat_fur_brim","nordic_civilian_hat_fur_brim","0.6","","","1","","Cloth","cloth_unarmoured","7","","","","","false","type2","none","","","","","","","","","","","","","","","","","","","","","","","","","","","","","","","","","","","","","","","true","","","","","","","","","true","","","","","","","","","","","","","","","","","","","","","","","","","","","","","","","","","","","","","","","","","","","","","","","","","","","","","","","","","","","","","","","",""
"RBM_WS","RBMCombat_WS_items.xml","nordic_civilian_dress","{=ja1tbR4y}Nordic Dress","BodyArmor","Culture.nord","","nordic_civilian_dress","4","","","1","","Cloth","cloth_unarmoured","","8","5","10","true","","","","","","","","","","","","","","","","","","","","","","","","","","","","","","","","","","","","","","","","","","true","","","","","","","","","true","","","","","","","","","","","","","","","","","","","","","","","","","","","","","","","","","","","","","","","","","","","","","","","","","","","","","","","","","","","","","","","",""
"RBM_WS","RBMCombat_WS_items.xml","nordic_civilian_dress_plaid","{=WTum1FXz}Nordic Plaid Dress","BodyArmor","Culture.nord","","nordic_civilian_dress_plaid","4","","","1","","Cloth","cloth_unarmoured","","8","5","10","true","","","","","","","","","","","","","","","","","","","","","","","","","","","","","","","","","","","","","","","","","","true","","","","","","","","","true","","","","","","","","","","","","","","","","","","","","","","","","","","","","","","","","","","","","","","","","","","","","","","","","","","","","","","","","","","","","","","","",""
"RBM_WS","RBMCombat_WS_items.xml","dress_norse_lady","{=KCYVy9fn}Northern Knotwork Tunic","BodyArmor","Culture.nord","","dress_norse_lady","2","","","8","","Cloth","cloth_unarmoured","","12","7","12","true","true","","","","","","","","","","","","","","","","","","","","","","","","","","","","","","","","","","","","","","","","","true","","","","","","","","","false","","","","","","","","","","","","","","","","","","","","","","","","","","","","","","","","","","","","","","","","","","","","","","","","","","","","","","","","","","","","","","","",""
"RBM_WS","RBMCombat_WS_items.xml","cape_norse_lady","{=nrKlORwM}Northern Fur Cape","Cape","Culture.nord","body_armor","cape_norse_lady","1","","","8","","Cloth","cloth_unarmoured","","13","0","","","","","","","","","","","","","","","","","","","","","","","","","","","","","","","","","","","","","","","","","","","","true","","","","","","","","","","","","","","","","","","","","","","","","","","","","","","","","","","","","","","","","","","","","","","","","","","","","","","","","","","","","","","","","","","","","","","","","",""
"RBM_WS","RBMCombat_WS_items.xml","nord_casual_tunic","{=er4Ewoeo}Nordic Woolen Tunic","BodyArmor","Culture.nord","body_armor","nord_casual_tunic","3","","","2","","Leather","leather","","13","13","13","true","true","","","","","","","","","","","","","","","","","","","","","","","","","","","","","","","","","","","","","","","","","true","","","","","","","","","true","","","","","","","","","","","","","","","","","","","","","","","","","","","","","","","","","","","","","","","","","","","","","","","","","","","","","","","","","","","","","","","",""
"RBM_WS","RBMCombat_WS_items.xml","nord_casual_cloak","{=1sowgke0}Long Woolen Cloak","Cape","Culture.nord","body_armor","nord_casual_cloak","0.5","","","3","","Cloth","cloth_unarmoured","","8","0","","","","","","","","","","","","","","","","","","","","","","","","","","","","","","","","","","","","","","","","","","","","true","","","","","","","","","true","","","","","","","","","","","","","","","","","","","","","","","","","","","","","","","","","","","","","","","","","","","","","","","","","","","","","","","","","","","","","","","",""
"RBM_WS","RBMCombat_WS_items.xml","nord_casual_boots","{=5eUfSvDL}Short Flap Boots","LegArmor","Culture.nord","","nord_casual_boots","0.5","","","1","","Leather","leather","","","","18","","","","","","","","","","","","","","","","","","","","","","","","","","","","","","","","","","","","","","true","","","","","true","","","","","","","","","","","","","","","","","","","","","","","","","","","","","","","","","","","","","","","","","","","","","","","","","","","","","","","","","","","","","","","","","","","","","","","","",""
"RBM_WS","RBMCombat_WS_items.xml","nord_casual_bracers","{=eeQ4v41t}Leather Bracers","HandArmor","Culture.nord","","nord_casual_bracers","0.6","","","1","","Leather","leather","","","21","","","","","","","","","","","","","","","","","","","","","","","","","","","","","","","","","","","","","false","","","","","","","true","","","","","","","","","","","","","","","","","","","","","","","","","","","","","","","","","","","","","","","","","","","","","","","","","","","","","","","","","","","","","","","","","","","","","","","","",""
"RBM_WS","RBMCombat_WS_items.xml","nord_poor_civil","{=RkBmuucV}Old Linen Tunic","BodyArmor","Culture.nord","body_armor","nord_poor_civil","3","","","0.1","","Leather","leather","","11","8","8","true","true","","","","","","","","","","","","","","","","","","","","","","","","","","","","","","","","","","","","","","","","","true","","","","","","","","","","","","","","","","","","","","","","","","","","","","","","","","","","","","","","","","","","","","","","","","","","","","","","","","","","","","","","","","","","","","","","","","",""
"RBM_WS","RBMCombat_WS_items.xml","nord_poor_boot","{=mMEBkvP9}Worn Leather Boots","LegArmor","Culture.nord","","nord_poor_boot","0.5","","","0.1","","Leather","leather","","","","17","","","","","","","","","","","","","","","","","","","","","","","","","","","","","","","","","","","","","","true","","","","","true","","","","","","","","","","","","","","","","","","","","","","","","","","","","","","","","","","","","","","","","","","","","","","","","","","","","","","","","","","","","","","","","","","","","","","","","",""
"RBM_WS","RBMCombat_WS_items.xml","pirate_a_head","{=LQ9X2e1A}Pirate Turban","HeadArmor","Culture.aserai","head_armor","pirate_a_head","0.5","","","1","","Cloth","cloth_unarmoured","12","","","","","false","all","type3","","","","","","","","","","","","","","","","","","","","","","","","","","","","","","","","","","","","","","","true","","","","","","","","","","","","","","","","","","","","","","","","","","","","","","","","","","","","","","","","","","","","","","","","","","","","","","","","","","","","","","","","","","","","","","","","",""
"RBM_WS","RBMCombat_WS_items.xml","pirate_tier_2_head","{=3FKW6OLa}Pirate Turban with Stone","HeadArmor","Culture.aserai","pirate_tier_2_head","pirate_tier_2_head","0.6","","","4","","Cloth","cloth_unarmoured","11","","","","","false","type2","none","","","","","","","","","","","","","","","","","","","","","","","","","","","","","","","","","","","","","","","true","","","","","","","","","","","","","","","","","","","","","","","","","","","","","","","","","","","","","","","","","","","","","","","","","","","","","","","","","","","","","","","","","","","","","","","","",""
"RBM_WS","RBMCombat_WS_items.xml","pirate_tier_3_head","{=nnEMKAcy}Pirate Helmet with Turban","HeadArmor","Culture.aserai","pirate_tier_3_head","pirate_tier_3_head","2.3","","","3","","Plate","plate","40","2","","","","false","all","type2","","","","","","","","","","","","","","","","","","","","","","","","","","","","","","","","","","","","","","","","","","","","","","","","true","","","","","","","","","","","","","","","","","","","","","","","","","","","","","","","","","","","","","","","","","","","","","","","","","","","","","","","","","","","","","","","",""
"RBM_WS","RBMCombat_WS_items.xml","southern_pirate_head","{=3z2G3Db5}Corsair Helmet","HeadArmor","Culture.aserai","southern_pirate_head","southern_pirate_head","1.3","","","1","","Cloth","cloth_unarmoured","15","10","","","","false","all","all","","","","","","","","","","","","","","","","","","","","","","","","","","","","","","","","","","","","","","","","","","","","","","","","true","","","","","","","","","","","","","","","","","","","","","","","","","","","","","","","","","","","","","","","","","","","","","","","","","","","","","","","","","","","","","","","",""
"RBM_WS","RBMCombat_WS_items.xml","southern_pirate_turban","{=lDV710IL}Corsair Feathered Helmet","HeadArmor","Culture.aserai","head_armor","southern_pirate_turban","1","","","3","","Cloth","cloth_unarmoured","9","","","","","","type1","none","","","","","","","","","","","","","","","","","","","","","","","","","","","","","","","","","","","","","","","true","","","","","","","","","true","","","","","","","","","","","","","","","","","","","","","","","","","","","","","","","","","","","","","","","","","","","","","","","","","","","","","","","","","","","","","","","",""
"RBM_WS","RBMCombat_WS_items.xml","pirate_a","{=sRNDwJ85}Pirate Cloth Armor","BodyArmor","Culture.nord","","pirate_a","3","","","1","","Cloth","cloth","","11","11","11","true","","","","","","","","","","","","","","","","","","","","","","","","","","","","","","","","","","","","","","","","","","true","","","","","","","","","true","","","","","","","","","","","","","","","","","","","","","","","","","","","","","","","","","","","","","","","","","","","","","","","","","","","","","","","","","","","","","","","",""
"RBM_WS","RBMCombat_WS_items.xml","pirate_tier_2_body","{=wwlSmzZ6}Pirate Leather Armor","BodyArmor","Culture.nord","","pirate_tier_2_body","5","","","2","","Leather","leather","","26","11","11","true","","","","","","","","","","","","","","","","","","","","","","","","","","","","","","","","","","","","","","","","","","true","","","","","","","","","true","","","","","","","","","","","","","","","","","","","","","","","","","","","","","","","","","","","","","","","","","","","","","","","","","","","","","","","","","","","","","","","",""
"RBM_WS","RBMCombat_WS_items.xml","pirate_tier_3_armor","{=3bB9jfSX}Sky Chain Armor","BodyArmor","Culture.nord","","pirate_tier_3_armor","14","","","2","","Chainmail","chain","","62","38","13","true","","","","","","","","","","","","","","","","","","","","","","","","","","","","","","","","","","","","","","","","","","","","","","","","","","","true","","","","","","","","","","","","","","","","","","","","","","","","","","","","","","","","","","","","","","","","","","","","","","","","","","","","","","","","","","","","","","","",""
"RBM_WS","RBMCombat_WS_items.xml","southern_pirate_armor","{=na3nZMbV}Corsair Cloth Armor","BodyArmor","Culture.neutral_culture","","southern_pirate_armor","4","","","1","","Cloth","cloth","","17","17","17","true","","","","","","","","","","","","","","","","","","","","","","","","","","","","","","","","","","","","","","","","","","true","","","","","","","","","true","","","","","","","","","","","","","","","","","","","","","","","","","","","","","","","","","","","","","","","","","","","","","","","","","","","","","","","","","","","","","","","",""
"RBM_WS","RBMCombat_WS_items.xml","tacky_bandit","{=jYNggNHl}Gilded Raider Armor","BodyArmor","Culture.neutral_culture","","tacky_bandit","18","","","5","","Chainmail","chain","","60","55","55","true","","","","","","","","","","","","","","","","","","","","","","","","","","","","","","","","","","","","","","","","","","","","","","","","","","","true","","","","","","","","","","","","","","","","","","","","","","","","","","","","","","","","","","","","","","","","","","","","","","","","","","","","","","","","","","","","","","","",""
"RBM_WS","RBMCombat_WS_items.xml","tacky_bandit_helmet","{=SbVmtrUw}Feathered Helmet","HeadArmor","Culture.neutral_culture","tacky_bandit_helmet","tacky_bandit_helmet","2.5","","","3","","Plate","plate","45","8","","","","","all","none","","","","","","","","","","","","","","","","","","","","","","","","","","","","","","","","","","","","","","","","","","","","","","","","true","","","","","","","","","","","","","","","","","","","","","","","","","","","","","","","","","","","","","","","","","","","","","","","","","","","","","","","","","","","","","","","",""
"RBM_WS","RBMCombat_WS_items.xml","tacky_bandit_helmet_b","{=LYjawjAg}Plumed Bandit Helmet","HeadArmor","Culture.neutral_culture","tacky_bandit_helmet_b","tacky_bandit_helmet_b","3.0","","","3.3","","Plate","plate","53","10","","","","","all","none","","","","","","","","","","","","","","","","","","","","","","","","","","","","","","","","","","","","","","","","","","","","","","","","true","","","","","","","","","","","","","","","","","","","","","","","","","","","","","","","","","","","","","","","","","","","","","","","","","","","","","","","","","","","","","","","",""
"RBM_WS","RBMCombat_WS_items.xml","tacky_bandit_helmet_c","{=4RGsWCZp}Serpenthide Plume Helmet","HeadArmor","Culture.neutral_culture","tacky_bandit_helmet_c","tacky_bandit_helmet_c","2","","","3.2","","Plate","plate","55","10","","","","","all","none","","","","","","","","","","","","","","","","","","","","","","","","","","","","","","","","","","","","","","","","","","","","","","","","true","","","","","","","","","","","","","","","","","","","","","","","","","","","","","","","","","","","","","","","","","","","","","","","","","","","","","","","","","","","","","","","",""
"RBM_WS","RBMCombat_WS_items.xml","tacky_bandit_shoulder","{=eigRPme7}Gilded Raider Shoulder","Cape","Culture.neutral_culture","","tacky_bandit_shoulder","3","","","4","","Plate","plate","","40","0","","","","","","","","","","","","","","","","","","","","","","","","","","","","","","","","","","","","","","","","","","","","true","","","","","","","","","true","","","","","","","","","","","","","","","","","","","","","","","","","","","","","","","","","","","","","","","","","","","","","","","","","","","","","","","","","","","","","","","",""
"RBM_WS","RBMCombat_WS_items.xml","tacky_bandit_shoulder_b","{=aVqWDZFA}Plumed Serpenthide Shoulder","Cape","Culture.neutral_culture","","tacky_bandit_shoulder_b","2","","","3","","Leather","leather","","28","0","","","","","","","","","","","","","","","","","","","","","","","","","","","","","","","","","","","","","","","","","","","","true","","","","","","","","","true","","","","","","","","","","","","","","","","","","","","","","","","","","","","","","","","","","","","","","","","","","","","","","","","","","","","","","","","","","","","","","","",""
"RBM_WS","RBMCombat_WS_items.xml","tacky_bandit_bracer","{=lCaC2QVC}Gilded Raider Bracers","HandArmor","Culture.neutral_culture","","tacky_bandit_bracer","1.4","","","4","","Plate","plate","","","39","","","","","","","","","","","","","","","","","","","","","","","","","","","","","","","","","","","","","","","","","","","","false","","","","","","","","","","","","","","","","","","","","","","","","","","","","","","","","","","","","","","","","","","","","","","","","","","","","","","","","","","","","","","","","","","","","","","","","",""
"RBM_WS","RBMCombat_WS_items.xml","tacky_bandit_boot","{=US2w3NXN}Gilded Raider Boots","LegArmor","Culture.neutral_culture","","tacky_bandit_boot","2.6","","","3","","Plate","plate","","","","50","","","","","","","","","","","","","","","","","","","","","","","","","","","","","","","","","","","","","","true","","","","","true","","","","","","","","","","","","","","","","","","","","","","","","","","","","","","","","","","","","","","","","","","","","","","","","","","","","","","","","","","","","","","","","","","","","","","","","",""
"RBM_WS","RBMCombat_WS_items.xml","bandit_hybrid_armor_helmet_a","{=Y3RErkMr}Raider Fur Helmet","HeadArmor","Culture.neutral_culture","head_armor","bandit_hybrid_armor_helmet_a","0.8","","","2","","Leather","leather","25","12","12","","","false","all","all","","","","","","","","","","","","","","","","","","","","","","","","","","","","","","","","","","","15","","","","","","","","","","","","true","","","","","","","","","","","","","","","","","","","","","","","","","","","","","","","","","","","","","","","","","","","","","","","","","","","","","","","","","","","","","","","","",""
"RBM_WS","RBMCombat_WS_items.xml","bandit_hybrid_armor_helmet_b","{=vkz9JMS4}Raider Reinforced Fur Helmet","HeadArmor","Culture.neutral_culture","head_armor","bandit_hybrid_armor_helmet_b","2.1","","","1.3","","Plate","plate","65","12","12","","","false","all","all","","","","","","","","","","","","","","","","","","","","","","","","","","","","","","","","","","","10","","","","","","","","","","","","true","","","","","","","","","","","","","","","","","","","","","","","","","","","","","","","","","","","","","","","","","","","","","","","","","","","","","","","","","","","","","","","","",""
"RBM_WS","RBMCombat_WS_items.xml","bandit_hybrid_armor_shoulder_a","{=MNVp3MUF}Raider Fur Shoulderguard","Cape","Culture.neutral_culture","body_armor","bandit_hybrid_armor_shoulder_a","0.85","","","3","","Leather","leather","","10","0","","","","","","","","","","","","","","","","","","","","","","","","","","","","","","","","","","","","","","","","","","","","","","","","","","","","","","","","","","","","","","","","","","","","","","","","","","","","","","","","","","","","","","","","","","","","","","","","","","","","","","","","","","","","","","","","","","","","",""
"RBM_WS","RBMCombat_WS_items.xml","bandit_hybrid_armor_shoulder_b","{=HabHagNK}Raider Reinforced Shoulderguard","Cape","Culture.neutral_culture","body_armor","bandit_hybrid_armor_shoulder_b","1.8","","","3","","Plate","plate","","45","0","","","","","","","","","","","","","","","","","","","","","","","","","","","","","","","","","","","","","","","","","","","","","","","","","","","","","","","","","","","","","","","","","","","","","","","","","","","","","","","","","","","","","","","","","","","","","","","","","","","","","","","","","","","","","","","","","","","","",""
"RBM_WS","RBMCombat_WS_items.xml","bandit_hybrid_armor_a","{=mWbA1P4z}Raider Bronze Clothing","BodyArmor","Culture.neutral_culture","body_armor","bandit_hybrid_armor_a","4","","","2","","Cloth","cloth","","20","12","12","true","true","","","","","","","","","","","","","","","","","","","","","","","","","","","","","","","","","","","","","","","","","","","","","","","","","","true","","","","","","","","","","","","","","","","","","","","","","","","","","","","","","","","","","","","","","","","","","","","","","","","","","","","","","","","","","","","","","","",""
"RBM_WS","RBMCombat_WS_items.xml","bandit_hybrid_armor_b","{=ecc2QSuK}Raider Iron Clothing","BodyArmor","Culture.neutral_culture","body_armor","bandit_hybrid_armor_b","4","","","3","","Cloth","cloth","","23","12","12","true","true","","","","","","","","","","","","","","","","","","","","","","","","","","","","","","","","","","","","","","","","","","","","","","","","","","true","","","","","","","","","","","","","","","","","","","","","","","","","","","","","","","","","","","","","","","","","","","","","","","","","","","","","","","","","","","","","","","",""
"RBM_WS","RBMCombat_WS_items.xml","bandit_hybrid_armor_c","{=beShQCIS}Raider Clothes","BodyArmor","Culture.neutral_culture","body_armor","bandit_hybrid_armor_c","3","","","1.5","","Cloth","cloth_unarmoured","","12","12","12","true","true","","","","","","","","","","","","","","","","","","","","","","","","","","","","","","","","","","","","","","","","","","","","","","","","","","true","","","","","","","","","","","","","","","","","","","","","","","","","","","","","","","","","","","","","","","","","","","","","","","","","","","","","","","","","","","","","","","",""
"RBM_WS","RBMCombat_WS_items.xml","bandit_hybrid_armor_gloves_a","{=9uJYaxe3}Raider Bronze Gloves","HandArmor","Culture.neutral_culture","","bandit_hybrid_armor_gloves_a","2","","","3","","Plate","plate","","","42","","","","","","","","","","","","","","","","","","","","","","","","","","","","","","","","","","","","","true","","","","","","","","","","","","","","","","","","","","","","","","","","","","","","","","","","","","","","","","","","","","","","","","","","","","","","","","","","","","","","","","","","","","","","","","","","","","","","","",""
"RBM_WS","RBMCombat_WS_items.xml","bandit_hybrid_armor_boots_a","{=GL5XuZUs}Raider Bronze Boots","LegArmor","Culture.neutral_culture","","bandit_hybrid_armor_boots_a","2.4","","","3","","Plate","plate","","","","40","","","","","","","","","","","","","","","","","","","","","","","","","","","","","","","","","","","","","","true","","","","","true","","","","","","","","","","","","","","","","","","","","","","","","","","","","","","","","","","","","","","","","","","","","","","","","","","","","","","","","","","","","","","","","","","","","","","","","",""
"RBM_WS","RBMCombat_WS_items.xml","nord_king_armor","{=ar8zJlCr}Mastercrafted Northern Armor","BodyArmor","Culture.nord","","nord_king_armor","25","","","6","","Plate","plate","","60","60","55","true","","","","","","","","","","","","","","","","","","","","","","","","","","","","","","","","","","","","","","","","","","","","","","","","","","","true","","","","","","","","","","","","","","","","","","","","","","","","","","","","","","","","","","","","","","","","","","","","","","","","","","","","","","","","","","","","","","","",""
"RBM_WS","RBMCombat_WS_items.xml","nord_king_armor_c","{=iPI533Ht}Gilded Shield-Companion Armor","BodyArmor","Culture.nord","","nord_king_armor_c","21","","","5","","Plate","plate","","62","62","57","true","","","","","","","","","","","","","","","","","","","","","","","","","","","","","","","","","","","","","","","","","","","","","","","","","","","true","","","","","","","","","","","","","","","","","","","","","","","","","","","","","","","","","","","","","","","","","","","","","","","","","","","","","","","","","","","","","","","",""
"RBM_WS","RBMCombat_WS_items.xml","nord_king_armor_d","{=ar8zJlCr}Mastercrafted Northern Armor","BodyArmor","Culture.nord","","nord_king_armor","25","","","6","","Plate","plate","","60","60","55","true","","","","","","","","","","","","","","","","","","","","","","","","","","","","","","","","","","","","","","","","","","","","","","","","","","","true","","","","","","","","","","","","","","","","","","","","","","","","","","","","","","","","","","","","","","","","","","","","","","","","","","","","","","","","","","","","","","","",""
"RBM_WS","RBMCombat_WS_items.xml","nord_king_crown","{=MX73rUwD}Northern Majestic Crown","HeadArmor","Culture.nord","head_armor","nord_king_crown","0.3","","","6","","Plate","plate","4","","","","","false","none","none","","","","","","","","","","","","","","","","","","","","","","","","","","","","","","","","","","","","","","","true","","","","","","","","","true","","","","","","","","","","","","","","","","","","","","","","","","","","","","","","","","","","","","","","","","","","","","","","","","","","","","","","","","","","","","","","","",""
"RBM_WS","RBMCombat_WS_items.xml","nord_king_shoulder_armor","{=PrUts5OS}Northern Majestic Shoulder","Cape","Culture.nord","","nord_king_shoulder_armor","1","","","6","","Plate","plate","","50","0","","","","","","","","","","","","","","","","","","","","","","","","","","","","","","","","","","","","","","","","","","","","true","","","","","","","","","true","","","","","","","","","","","","","","","","","","","","","","","","","","","","","","","","","","","","","","","","","","","","","","","","","","","","","","","","","","","","","","","",""
"RBM_WS","RBMCombat_WS_items.xml","hybrid_armor_boots_b","{=YHmObN5p}Majectic Iron Boots","LegArmor","Culture.nord","","bandit_hybrid_armor_boots_b","2","","","4","","Plate","plate","","","","59","","","","","","","","","","","","","","","","","","","","","","","","","","","","","","","","","","","","","","true","","","","","true","","","","","","","","","","","","","","","","","","","","","","","","","","","","","","","","","","","","","","","","","","","","","","","","","","","","","","","","","","","","","","","","","","","","","","","","",""
"RBM_WS","RBMCombat_WS_items.xml","hybrid_armor_gloves_b","{=CHhdu8A3}Majestic Gloves","HandArmor","Culture.nord","","bandit_hybrid_armor_gloves_b","1.8","","","4","","Plate","plate","","","55","","","","","","","","","","","","","","","","","","","","","","","","","","","","","","","","","","","","","true","","","","","","","","","","","","","","","","","","","","","","","","","","","","","","","","","","","","","","","","","","","","","","","","","","","","","","","","","","","","","","","","","","","","","","","","","","","","","","","",""
"RBM_WS","RBMCombat_WS_items.xml","nord_king_armor_b","{=QELt180J}Gilded Noble Armor","BodyArmor","Culture.nord","","nord_king_armor_b","21","","","6","","Plate","plate","","62","62","57","true","","","","","","","","","","","","","","","","","","","","","","","","","","","","","","","","","","","","","","","","","","","","","","","","","","","true","","","","","","","","","","","","","","","","","","","","","","","","","","","","","","","","","","","","","","","","","","","","","","","","","","","","","","","","","","","","","","","",""
"RBM_WS","RBMCombat_WS_items.xml","nord_king_shoulder_armor_b","{=S7jzipVJ}Gilded Noble Shoulder","Cape","Culture.nord","","nord_king_shoulder_armor_b","1","","","6","","Plate","plate","","52","0","","","","","","","","","","","","","","","","","","","","","","","","","","","","","","","","","","","","","","","","","","","","true","","","","","","","","","true","","","","","","","","","","","","","","","","","","","","","","","","","","","","","","","","","","","","","","","","","","","","","","","","","","","","","","","","","","","","","","","",""
"RBM_WS","RBMCombat_WS_items.xml","stealth_bow","{=RBM_RAN_053}Whispering Shadow 150 Pounder","Bow","","","stealth_bow","0.45","3000","90","1","","","","","","","","","","","","","","","","","","Bow","Arrow","106","100","Pierce","100","","","70","80","150","","bow","bow","","","","","","","","","","","","","","","","","bo_short_bow_c","","","","","","true","","","","true","","","","","","","","","","","false","","bow_hip:bow_hip_2","","","","","","","","","","","3","","0.0,0,-0.1","","","","","wood_weapon","","","","","","","","","","","","","","","true","","true","","","","","","","true","","","","","true","true","true","true","true",""
"RBM_WS","RBMCombat_WS_items.xml","nord_shield_tier_2_d","{=F8ZJza3k}Ropebound Shield","Shield","Culture.nord","","nord_shield_tier_2_d","4.4","","0","1","","","","","","","","","","","","","","","","","","LargeShield","","70","8","Blunt","84","","","85","","","","shield","hand_shield","","","","","","","","","","","","","","","","","bo_cap_nord_shield_tier_2_d","","","","","","true","","true","","","","true","","true","","","","0,0,0.02","","","","","shield_round:shield_4","","","","false","bo_nord_shield_tier_2_d","","","","","true","","4","0, 0, 0","","","490","","wood_shield","0.0, 0.0, 0.0","","-94.30,-51.50,18.20","","","","","","","","","","","","","","","true","","","","","true","","","","","","","","","","",""
"RBM_WS","RBMCombat_WS_items.xml","nord_shield_tier_3_a","{=C9GW6OSF}Leather Round Shield","Shield","Culture.nord","","nord_shield_tier_3_a","4.7","","0","1.4","","","","","","","","","","","","","","","","","","LargeShield","","70","8","Blunt","82","","","82","","","","shield","hand_shield","","","","","","","","","","","","","","","","","bo_cap_nord_shield_tier_3_a","","","","","","true","","true","","","","true","","true","","","","0,0,0.02","","","","","shield_round:shield_4","","","","false","bo_nord_shield_tier_3_a","","","","","true","","5","0, 0, 0","","","580","","wood_shield","0.0, 0.01, 0.0","","-94.30,-51.50,18.20","","","","","","","","","","","","","","","true","","","","","true","","","","","","","","","","",""
"RBM_WS","RBMCombat_WS_items.xml","nord_shield_tier_3_b","{=0XaVL52l}Fur Round Shield","Shield","Culture.nord","","nord_shield_tier_3_b","4.7","","0","1.2","","","","","","","","","","","","","","","","","","LargeShield","","70","8","Blunt","82","","","82","","","","shield","hand_shield","","","","","","","","","","","","","","","","","bo_cap_nord_shield_tier_3_b","","","","","","true","","true","","","","true","","true","","","","0,0,0.02","","","","","shield_round:shield_4","","","","false","bo_nord_shield_tier_3_b","","","","","true","","5","0, 0, 0","","","550","","wood_shield","0.0, 0.01, 0.0","","-94.30,-51.50,18.20","","","","","","","","","","","","","","","true","","","","","true","","","","","","","","","","",""
"RBM_WS","RBMCombat_WS_items.xml","nord_shield_tier_4_a","{=GAJbg0Jx}Nordic Decorated Targe","Shield","Culture.nord","","nord_shield_tier_4_a","4.7","","0","0.9","","","","","","","","","","","","","","","","","","LargeShield","","70","9","Blunt","82","","","82","","","","shield","hand_shield","","","","","","","","","","","","","","","","","bo_cap_nord_shield_tier_4_a","","","","","","true","","true","","","","true","","true","","","","0,0,0.02","","","","","shield_round:shield_4","","","","false","bo_nord_shield_tier_4_a","","","","","true","","6","0, 0, 0","","","680","","wood_shield","0.0, 0.01, 0.0","","-94.30,-51.50,18.20","","","","","","","","","","","","","","","true","","","","","true","","","","","","","","","","",""
"RBM_WS","RBMCombat_WS_items.xml","nord_shield_tier_4_b","{=hJbTKM2u}Nordic Targe","Shield","Culture.nord","","nord_shield_tier_4_b","4.7","","0","0.9","","","","","","","","","","","","","","","","","","LargeShield","","70","9","Blunt","82","","","82","","","","shield","hand_shield","","","","","","","","","","","","","","","","","bo_cap_nord_shield_tier_4_b","","","","","","true","","true","","","","true","","true","","","","0,0,0.02","","","","","shield_round:shield_4","","","","false","bo_nord_shield_tier_4_b","","","","","true","","5","0, 0, 0","","","650","","wood_shield","0.0, 0.01, 0.0","","-94.30,-51.50,18.20","","","","","","","","","","","","","","","true","","","","","true","","","","","","","","","","",""
"RBM_WS","RBMCombat_WS_items.xml","nord_shield_tier_5_a","{=LUZRUXQg}Steel Cross Shield","Shield","Culture.nord","","nord_shield_tier_5_a","4.8","","0","0.9","","","","","","","","","","","","","","","","","","LargeShield","","70","5","Blunt","86","","","86","","","","shield","hand_shield","","","","","","","","","","","","","","","","","bo_cap_nord_shield_tier_5_a","","","","","","true","","true","","","","true","","true","","","","0,0,0.02","","","","","shield_round:shield_4","","","","false","bo_nord_shield_tier_5_a","","","","","true","","6","0, 0, 0","","","750","","wood_shield","0.0, 0.01, 0.0","","-94.30,-51.50,18.20","","","","","","","","","","","","","","","true","","","","","true","","","","","","","","","","",""
"RBM_WS","RBMCombat_WS_items.xml","nord_shield_tier_5_b","{=1vXF13ka}Steel Ornamented Shield","Shield","Culture.nord","","nord_shield_tier_5_b","4.8","","0","0.9","","","","","","","","","","","","","","","","","","LargeShield","","70","5","Blunt","86","","","86","","","","shield","hand_shield","","","","","","","","","","","","","","","","","bo_cap_nord_shield_tier_5_b","","","","","","true","","true","","","","true","","true","","","","0,0,0.02","","","","","shield_round:shield_4","","","","false","bo_nord_shield_tier_5_b","","","","","true","","7","0, 0, 0","","","750","","wood_shield","0.0, 0.01, 0.0","","-94.30,-51.50,18.20","","","","","","","","","","","","","","","true","","","","","true","","","","","","","","","","",""
"RBM_WS","RBMCombat_WS_items.xml","nord_shield_tier_6_a","{=3xujua9x}Decorated Nordic Shield","Shield","Culture.nord","","nord_shield_tier_6_a","4.9","","0","1.5","","","","","","","","","","","","","","","","","","LargeShield","","70","5","Blunt","86","","","86","","","","shield","hand_shield","","","","","","","","","","","","","","","","","bo_cap_nord_shield_tier_6_a","","","","","","true","","true","","","","true","","true","","","","0,0,0.02","","","","","shield_round:shield_4","","","","false","bo_nord_shield_tier_6_a","","","","","true","","8","0, 0, 0","","","820","","metal_shield","0.0, 0.01, 0.0","","-94.30,-51.50,18.20","","","","","","","","","","","","","","","true","","","","","true","","","","","","","","","","",""
"RBM_WS","RBMCombat_WS_items.xml","nord_shield_tier_6_b","{=aJsihC9U}Ornamented Nordic Shield","Shield","Culture.nord","","nord_shield_tier_6_b","4.9","","0","1.5","","","","","","","","","","","","","","","","","","LargeShield","","70","5","Blunt","88","","","88","","","","shield","hand_shield","","","","","","","","","","","","","","","","","bo_cap_nord_shield_tier_6_b","","","","","","true","","true","","","","true","","true","","","","0,0,0.02","","","","","shield_round:shield_4","","","","false","bo_nord_shield_tier_6_b","","","","","true","","7","0, 0, 0","","","840","","metal_shield","0.0, 0.01, 0.0","","-94.30,-51.50,18.20","","","","","","","","","","","","","","","true","","","","","true","","","","","","","","","","",""
"RBM_WS","RBMCombat_WS_items.xml","ballista_c_projectile","{=6Db7aDbF}Ballista Arrows","Arrows","","arrows","ballista_projectile_a","0.8","","0","1","","","","","","","","","","","","","","","","","","Arrow","","95","200","Pierce","0","","","0","","80","20","","","","","","","","","","","","","","","","","","","bo_ballista_projectile_a","true","","","","","","","","","","","","ballista_projectile_flying","","bo_axe_short","quiver","","","","","false","","","","false","","","","","","","","","","","0,0,-0.3","","event:/mission/combat/missile/foley/passby","","","ballista_missile","","","","","0,-1.2,0","90,0,0","","","","","","","true","","","","","","","","true","true","","","","","","true","","","","","",""
"RBM_WS","RBMCombat_WS_items.xml","ballista_c_projectile_burning","{=6Db7aDbF}Ballista Arrows","Arrows","","arrows","ballista_projectile_b","0.8","","0","1","","","","","","","","","","","","","","","","","","Arrow","","95","200","Pierce","0","","","0","","80","20","","","","","","","","","","","","","","","","","","","bo_ballista_projectile_a","true","","","","","","","","","","","","ballista_projectile_flying","","bo_axe_short","quiver","","","","","false","","","","false","burning_ballista_projectile","","","","","","","","","","0,0,-0.3","750","event:/mission/combat/missile/foley/passby","","","burning_ballista","","","","","0,-1.2,0","90,0,0","mangonel_grapeshot_burning_projectile","","","","","","true","","","true","","","","","true","true","","","true","","","true","","","","","",""
"RBM_WS","RBMCombat_WS_items.xml","burning_arrows","{=coP0JrWQ}Burning Arrows","Arrows","","","arrow_bl_i","0.050","","","1","","","","","","","","","","","","","","","","","","Arrow","","97","150","Pierce","0","","","0","","60","30","arrow","arrow_right","","","","","","","","","","","","","","","","","bo_capsule_arrow","","","","","","","","","","","","","","","bo_arrow_bl_i_quiver","arrow_bl_i_quiver","arrow_bl_i_quiver","0.0,0.0,0.15","","","false","","quiver_back_middle:quiver_bolts_2:quiver_bolts","","false","burning_arrow","","","","","","","","","","0,0,-0.13","50","","","event:/mission/combat/missile/passby","missile","","","0, -80, 25","","0,-0.97,0","90,0,0","mangonel_grapeshot_burning_projectile","","","","true","","true","","","true","","","","","","true","","","true","","","","","","","","",""
"RBM_WS","RBMCombat_WS_items.xml","burning_bolts","{=uovbbXnc}Burning Bolts","Bolts","","","bolt_bl_c","0.05","","","1","","","","","","","","","","","","","","","","","","Bolt","","37","150","Pierce","0","","","0","","60","30","bolt","","","","","","","","","","","","","","","","","","bo_capsule_arrow","","","","","","true","","","","","","","","","bo_axe_short","bolt_bl_c_quiver","bolt_bl_c_quiver","","","","false","","quiver_bolts:quiver_bolts_2:quiver_back_middle:quiver_back_top","","false","burning_bolt","","","","","","","","","","0,0,-0.1","50","","","event:/mission/combat/missile/passby","missile","","","180, 0, 0","","0,-0.37,0","90,0,0","mangonel_grapeshot_burning_projectile","","","","true","","true","true","","true","","","","","","true","","","true","","","","","","","","",""
"RBM_WS","RBMCombat_WS_items.xml","ballista_c_projectile_pot","{=HP1GzM8l}Fire Pot","Thrown","","arrows","ballista_projectile_d","1","","0","1","","","","","","","","","","","","","","","","","","BallistaBoulder","Boulder","95","4","Pierce","100","","","0","","8","1","","heavy_stone","","","","","","","","","","","","","","","","","bo_ballista_projectile_d","true","","","true","true","","","","true","","","","ballista_projectile_d","","bo_axe_short","","","","","","false","","","","false","","","","","","","","","","","","2500","event:/mission/combat/boulder/passby","","","burning_jar","0.05, -0.15, 0","","","2, 0.5, 0","","","psys_game_burning_jar_trail","","","true","true","","","","","true","","","true","","true","true","","","true","","true","","true","true","","true","","true"
"RBM_WS","RBMCombat_WS_items.xml","ballista_c_projectile_stone","{=pzfbPbWW}Boulder","Thrown","","arrows","ballista_projectile_c","4","","0","1","","","","","","","","","","","","","","","","","","BallistaBoulder","Boulder","95","5","Pierce","100","","","0","","8","1","","heavy_stone","","","","","","","","","","","","","","","","","bo_ballista_projectile_c","true","","","true","true","","","","true","","","","ballista_projectile_c","","bo_axe_short","","","","","","false","","","","false","","","","","","","","","","","0,0,0","","event:/mission/combat/boulder/passby","","","boulder_stone","0.05, -0.15, 0","","","2, 0.5, 0","","","","","true","","","true","","","","","","","true","true","true","true","","","true","","true","true","true","true","","true","","true"
"RBM_WS","RBMCombat_WS_items.xml","ballista_c_projectile_iron","{=pzfbPbWW}Iron","Thrown","","arrows","ballista_projectile_g","5","","0","1","","","","","","","","","","","","","","","","","","BallistaBoulder","Boulder","95","6","Pierce","100","","","0","","8","1","","heavy_stone","","","","","","","","","","","","","","","","","bo_ballista_projectile_c","true","","","true","true","","","","true","","","","ballista_projectile_g_flying","","bo_axe_short","","","","","","false","","","","false","","","","","","","","","","","0,0,0","","event:/mission/combat/boulder/passby","","","boulder_stone","0.05, -0.15, 0","","","2, 0.5, 0","","","","","true","","","true","","","","","","","true","true","true","true","","","true","","true","","true","true","","true","","true"
"RBM_WS","RBMCombat_WS_items.xml","ballista_c_projectile_grape","{=ZeU1fvdz}Grapeshot Stack","Thrown","","arrows","ballista_projectile_c","18","","0","1","","","","","","","","","","","","","","","","","","BallistaBoulder","Boulder","95","33","","100","","","0","","8","1","","heavy_stone","","","","","","","","","","","","","","","","","bo_ballista_projectile_c","true","","","true","true","","","","true","","","","ballista_projectile_c","","bo_axe_short","","","","","","false","","","","false","","","","","","","","","","","0,0,0","","event:/mission/combat/boulder/passby","","","boulder_stone","0.05, -0.15, 0","","","2, 0.5, 0","","","","","","","","true","","","","","","","true","true","true","true","","","true","","true","","true","true","","true","","true"
"RBM_WS","RBMCombat_WS_items.xml","ballista_c_projectile_grape_projectile","{=XGytILlt}Grapeshot Ammo","Thrown","","arrows","ballista_projectile_e_flying","0.14","","0","1","","","","","","","","","","","","","","","","","","BallistaStone","Stone","95","4","Pierce","100","","","0","","8","1","","heavy_stone","","","","","","","","","","","","","","","","","bo_ballista_projectile_e","true","","","true","true","","","","true","","","","ballista_projectile_e_flying","","bo_axe_short","","","","","","false","","","","false","","","","","","","","","","","0,0,0","","event:/mission/combat/boulder/passby","","","boulder_stone","0.05, -0.15, 0","","","2, 0.5, 0","","","","","","","","true","","","","","","","true","true","true","true","","","true","","true","","true","true","","true","","true"
"RBM_WS","RBMCombat_WS_items.xml","ballista_c_projectile_grape_fire","{=oiTOCwhg}Fire Grapeshot Stack","Thrown","","arrows","ballista_projectile_f","18","","0","1","","","","","","","","","","","","","","","","","","BallistaBoulder","Boulder","95","33","","100","","","0","","8","1","","heavy_stone","","","","","","","","","","","","","","","","","bo_ballista_projectile_c","true","","","true","true","","","","true","","","","ballista_projectile_f_flying","","bo_axe_short","","","","","","false","","","","false","","","","","","","","","","","0,0,0","","event:/mission/combat/boulder/passby","","","boulder_stone","0.05, -0.15, 0","","","2, 0.5, 0","","","","","","","","true","","","","","","","true","true","true","true","","","true","","true","","true","true","","true","","true"
"RBM_WS","RBMCombat_WS_items.xml","ballista_c_projectile_grape_fire_projectile","{=ic68RdeQ}Fire Grapeshot Ammo","Thrown","","arrows","ballista_projectile_e_flying","0.14","","0","1","","","","","","","","","","","","","","","","","","BallistaStone","Stone","95","3","Pierce","100","","","0","","8","1","","heavy_stone","","","","","","","","","","","","","","","","","bo_ballista_projectile_e","true","","","true","true","","","","true","","","","ballista_projectile_e_flying","","bo_axe_short","","","","","","false","","","","false","","","","","","","","","","","0,0,0","125","event:/mission/combat/boulder/passby","","","boulder_stone","0.05, -0.15, 0","","","2, 0.5, 0","","","psys_game_burning_jar_trail","","","","","true","","","","true","","","true","true","true","true","","","true","","true","","true","true","","true","","true"
"RBM_WS","RBMCombat_WS_items.xml","mangonel_c_boulder","{=pzfbPbWW}Boulder","Thrown","","arrows","projectile_rock","15","","0","1","","","","","","","","","","","","","","","","","","BallistaBoulder","Boulder","95","33","","100","","","0","","8","1","","heavy_stone","","","","","","","","","","","","","","","","","bo_projectile_rock","true","","","true","true","","","","true","","","","","","bo_axe_short","","","","","","false","","","","false","","","","","","","","","","","0,0,0","","event:/mission/combat/boulder/passby","","","boulder_stone","0.05, -0.15, 0","","","2, 0.5, 0","","","","","true","","","true","","","","","","","true","true","true","true","","","true","","true","","true","true","","true","","true"
"RBM_WS","RBMCombat_WS_items.xml","mangonel_c_boulder_projectile","{=pzfbPbWW}Boulder","Thrown","","arrows","projectile_rock","7","","0","1","","","","","","","","","","","","","","","","","","BallistaBoulder","Boulder","95","5","Pierce","100","","","0","","8","1","","heavy_stone","","","","","","","","","","","","","","","","","bo_projectile_rock","true","","","true","true","","","","true","","","","","","bo_axe_short","","","","","","false","","","","false","","","","","","","","","","","0,0,0","","event:/mission/combat/boulder/passby","","","boulder_stone","0.05, -0.15, 0","","","2, 0.5, 0","","","","","true","","","true","","","","","","","true","true","true","true","","","true","","true","","true","true","","true","","true"
"RBM_WS","RBMCombat_WS_items.xml","mangonel_c_pot","{=HP1GzM8l}Fire Pot","Thrown","","arrows","projectile_pot","15","","0","1","","","","","","","","","","","","","","","","","","BallistaBoulder","Boulder","95","33","","100","","","0","","8","1","","heavy_stone","","","","","","","","","","","","","","","","","bo_projectile_rock","true","","","true","true","","","","true","","","","projectile_pot","","bo_axe_short","","","","","","false","","","","false","","","","","","","","","","","","1000","event:/mission/combat/boulder/passby","","","burning_jar","0.05, -0.15, 0","","","2, 0.5, 0","","","psys_game_burning_jar_trail","","","true","true","","","","","true","","","true","","true","true","","","true","","true","","true","true","","true","","true"
"RBM_WS","RBMCombat_WS_items.xml","mangonel_c_pot_projectile","{=HP1GzM8l}Fire Pot","Thrown","","arrows","projectile_pot","6","","0","1","","","","","","","","","","","","","","","","","","BallistaBoulder","Boulder","95","7","Pierce","100","","","0","","8","1","","heavy_stone","","","","","","","","","","","","","","","","","bo_projectile_rock","true","","","true","true","","","","true","","","","projectile_pot","","bo_axe_short","","","","","","false","","","","false","","","","","","","","","","","","1000","event:/mission/combat/boulder/passby","","","burning_jar","0.05, -0.15, 0","","","2, 0.5, 0","","","psys_game_burning_jar_trail","","","true","true","","","","","true","","","true","","true","true","","","true","","true","","true","true","","true","","true"
"RBM_WS","RBMCombat_WS_items.xml","mangonel_c_grapeshot_stack","{=ZeU1fvdz}Grapeshot Stack","Thrown","","arrows","projectile_grapeshot_carry","18","","0","1","","","","","","","","","","","","","","","","","","BallistaBoulder","Boulder","95","33","","100","","","0","","8","1","","heavy_stone","","","","","","","","","","","","","","","","","bo_projectile_grapeshot_carry","true","","","true","true","","","","true","","","","","","bo_axe_short","","","","","","false","","","","false","","","","","","","","","","","0,0,0","","event:/mission/combat/boulder/passby","","","boulder_stone","0.05, -0.15, 0","","","2, 0.5, 0","","","","","","","","true","","","","","","","true","true","true","true","","","true","","true","","true","true","","true","","true"
"RBM_WS","RBMCombat_WS_items.xml","mangonel_c_grapeshot_fire_stack","{=ZeU1fvdz}Grapeshot Stack","Thrown","","arrows","projectile_grapeshot_carry","18","","0","1","","","","","","","","","","","","","","","","","","BallistaBoulder","Boulder","95","33","","100","","","0","","8","1","","heavy_stone","","","","","","","","","","","","","","","","","bo_projectile_grapeshot_carry","true","","","true","true","","","","true","","","","","","bo_axe_short","","","","","","false","","","","false","","","","","","","","","","","0,0,0","","event:/mission/combat/boulder/passby","","","boulder_stone","0.05, -0.15, 0","","","2, 0.5, 0","","","","","","","","true","","","","","","","true","true","true","true","","","true","","true","","true","true","","true","","true"
"RBM_WS","RBMCombat_WS_items.xml","mangonel_c_grapeshot_projectile","{=XGytILlt}Grapeshot Ammo","Thrown","","arrows","projectile_grapeshot_piece_a","0.14","","0","1","","","","","","","","","","","","","","","","","","BallistaBoulder","Boulder","95","4","Pierce","100","","","0","","8","1","","heavy_stone","","","","","","","","","","","","","","","","","bo_projectile_grapeshot_piece_a","true","","","true","true","","","","true","","","","","","bo_axe_short","","","","","","false","","","","false","","","","","","","","","","","0,0,0","","event:/mission/combat/boulder/passby","","","boulder_stone","0.05, -0.15, 0","","","2, 0.5, 0","","","","","","","","true","","","","","","","true","true","true","true","","","true","","true","","true","true","","true","","true"
"RBM_WS","RBMCombat_WS_items.xml","mangonel_c_grapeshot_fire_projectile","{=XGytILlt}Grapeshot Ammo","Thrown","","arrows","projectile_grapeshot_piece_a","0.14","","0","1","","","","","","","","","","","","","","","","","","BallistaBoulder","Boulder","95","3","","100","","","0","","8","1","","heavy_stone","","","","","","","","","","","","","","","","","bo_projectile_grapeshot_piece_a","true","","","true","true","","","","true","","","","","","bo_axe_short","","","","","","false","","","","false","","","","","","","","","","","0,0,0","100","event:/mission/combat/boulder/passby","","","boulder_stone","0.05, -0.15, 0","","","2, 0.5, 0","","","mangonel_grapeshot_burning_projectile","","true","","","true","","","","true","","","true","true","true","true","","","true","","true","","true","true","","true","","true"
"RBM_WS","RBMCombat_WS_items.xml","RBM_master_assassin_boot","{=RBM_WS_001}Master Assassin Boots","LegArmor","Culture.nord","","assassin_boot","1","","","4","","Chainmail","chain","","","","48","","","","","","","","","","","","","","","","","","","","","","","","","","","","","","","","","","","","","","true","25","","","","","","","","","","","","true","","","","","","","","","","","false","","","","","","","","","","","","","","","","","","","","","","","","","","","","","","","","","","","","","","","","","","","","","","","","","","","","","",""
"RBM_WS","RBMCombat_WS_items.xml","RBM_master_assassin_armor","{=RBM_WS_002}Master Assassin Armor","BodyArmor","Culture.nord","body_armor","assassin_armor","5","","","4","","Chainmail","chain","","53","45","42","true","true","","","","","","","","","","","","","","","","","","","","","","","","","","","","","","","","","","","","","35","","","","","","","","","","","","true","","","","","","","","","","","false","","","","","","","","","","","","","","","","","","","","","","","","","","","","","","","","","","","","","","","","","","","","","","","","","","","","","",""
"RBM_WS","RBMCombat_WS_items.xml","RBM_master_assassin_shoulder","{=RBM_WS_003}Master Assassin Cape","Cape","Culture.nord","body_armor","assassin_shoulder","0.85","","","5","","Chainmail","chain","","43","","","","","","","","","","","","","","","","","","","","","","","","","","","","","","","","","","","","","","","","","20","","","","true","","","","","","","","true","","","","","","","","","","","false","","","","","","","","","","","","","","","","","","","","","","","","","","","","","","","","","","","","","","","","","","","","","","","","","","","","","",""
"RBM_WS","RBMCombat_WS_items.xml","improved_assassin_boot_q5","{=iqaRjMhe}Blackened Boots","LegArmor","Culture.nord","","assassin_boot","1","","","4","","Leather","leather","","","","38","","","","","","","","","","","","","","","","","","","","","","","","","","","","","","","","","","","","","","true","25","","","","","","","","","","","","true","","","","","","","","","","","false","","","","","","","","","","","","","","","","","","","","","","","","","","","","","","","","","","","","","","","","","","","","","","","","","","","","","",""
"RBM_WS","RBMCombat_WS_items.xml","improved_assassin_armor_q5","{=uZYqmBST}Blackened Armor","BodyArmor","Culture.nord","body_armor","assassin_armor","5","","","4","","Leather","leather","","38","35","32","true","true","","","","","","","","","","","","","","","","","","","","","","","","","","","","","","","","","","","","","35","","","","","","","","","","","","true","","","","","","","","","","","false","","","","","","","","","","","","","","","","","","","","","","","","","","","","","","","","","","","","","","","","","","","","","","","","","","","","","",""
"RBM_WS","RBMCombat_WS_items.xml","improved_assassin_shoulder_q5","{=6CMYwYai}Blackened Cape","Cape","Culture.nord","body_armor","assassin_shoulder","0.85","","","5","","Leather","leather","","33","","","","","","","","","","","","","","","","","","","","","","","","","","","","","","","","","","","","","","","","","20","","","","true","","","","","","","","true","","","","","","","","","","","false","","","","","","","","","","","","","","","","","","","","","","","","","","","","","","","","","","","","","","","","","","","","","","","","","","","","","",""
"RBM_WS","RBMCombat_WS_items.xml","improved_assassin_hood_q5","{=XrsKuPT5}Blackened Hood","HeadArmor","Culture.nord","head_armor","assassin_hood","0.4","","","4","","Leather","leather","40","28","40","","","false","all","all","","","","","","","","","","","","","","","","","","","","","","","","","","","","","","","","","","","30","","","","true","","","","","","","","true","","","","","","","","","","","false","","","","","","","","","","","","","","","","","","","","","","","","","","","","","","","","","","","","","","","","","","","","","","","","","","","","","",""
"RBM_WS","RBMCombat_WS_items.xml","ballista_c_projectile_pot_storyline","{=HP1GzM8l}Fire Pot","Thrown","","arrows","ballista_projectile_d","15","","0","1","","","","","","","","","","","","","","","","","","BallistaBoulder","BallistaBoulder","95","3500","","100","","","0","","8","1","","heavy_stone","","","","","","","","","","","","","","","","","bo_ballista_projectile_d","true","","","true","true","","","","true","","","","ballista_projectile_d","","bo_axe_short","","","","","","false","","","","false","","","","","","","","","","","","2500","event:/mission/combat/boulder/passby","","","burning_jar","0.05, -0.15, 0","","","2, 0.5, 0","","","psys_game_burning_jar_trail","","","true","true","","","","","true","","","true","","true","true","","","true","","true","","true","true","","true","","true"
"RBM_WS","RBMCombat_WS_items.xml","calradian_fire_RBM","{=RBM_WS_004}Calradian Liquid Fire","Bolts","","","bolt_bl_c","0.08","","","1","","","","","","","","","","","","","","","","","","Bolt","","37","1500","Blunt","0","","","0","","60","10","bolt","","","","","","","","","","","","","","","","","","bo_projectile_rock","","","","","","true","","","","","","","","","bo_axe_short","bolt_bl_c_quiver","bolt_bl_c_quiver","","","","false","","quiver_bolts:quiver_bolts_2:quiver_back_middle:quiver_back_top","","false","burning_bolt","","","","","","","","","","0,0,-0.1","50","","","event:/mission/combat/missile/passby","missile","","","180, 0, 0","","0,-0.37,0","90,0,0","psys_game_burning_jar_trail","","","","true","","","true","","true","","","true","","true","true","","","true","","true","true","","","","","",""
