"source_mod","source_file","id","name","tier","piece_type","culture","mesh","weight","length","BladeData.blade_length","BladeData.blade_width","BladeData.stack_amount","BladeData.Swing.damage_type","BladeData.Swing.damage_factor","BladeData.Thrust.damage_type","BladeData.Thrust.damage_factor","BuildData.piece_offset","BuildData.next_piece_offset","CraftingCost","is_default","is_hidden","BladeData.body_name","BladeData.holster_body_name","BladeData.holster_mesh","BladeData.holster_mesh_length","BladeData.physics_material","BuildData.previous_piece_offset","distance_to_next_piece","distance_to_previous_piece","excluded_item_usage_features","Flags.Flag.name","Flags.Flag.type","full_scale","item_holster_pos_shift"
"RBM","RBMCombat_axe_pieces.xml","axe_craft_32_head","{=KhHXgQJb}Common Wrought Iron Axe Head","1","Blade","","axe_craft_32_head","0.332","","9.664","17.21","3","Cut","0.6","","","-10","","","true","","bo_axe_longer_b","","","","metal_weapon","","4.35","5.4","","Stealth","ItemFlags","",""
"RBM","RBMCombat_axe_pieces.xml","axe_craft_37_head","{=aPr8NPdo}Western Iron Polearm Head","1","Blade","","axe_craft_37_head","0.332","","15.764","12","3","Cut","0.6","","","-7","","","","","bo_axe_longer_b","","","","metal_weapon","","2.04","3.27","","Civilian","ItemFlags","",""
"RBM","RBMCombat_axe_pieces.xml","axe_craft_36_head","{=cEU66ABf}Northern Battle Axe Blade","3","Blade","","axe_craft_36_head","0.396","","15.764","16","3","Cut","0.9","","","-16","","","","","bo_axe_longer_b","","","","metal_weapon","","10.4","10.4","","BonusAgainstShield","ItemFlags","",""
"RBM","RBMCombat_axe_pieces.xml","axe_craft_35_head","{=VfzFTGd8}Small Round Bit Head","2","Blade","","axe_craft_35_head","0.366","","10.364","20.3","3","Cut","0.7","","","-11.5","","","","","bo_axe_longer_b","","","","metal_weapon","","5.04","6.33","","BonusAgainstShield","ItemFlags","",""
"RBM","RBMCombat_axe_pieces.xml","axe_craft_27_head","{=g2r3QKOB}Southern Small Axe Head","2","Blade","","axe_craft_27_head","0.367","","16.562","13.626","3","Cut","0.7","","","-13","","","","","bo_axe_longer_b","","","","metal_weapon","","8.38","8.38","","BonusAgainstShield","ItemFlags","",""
"RBM","RBMCombat_axe_pieces.xml","axe_craft_26_head","{=Tui9qvOZ}Tzikurion Head","3","Blade","","axe_craft_26_head","0.507","","17.6","19.393","2","Cut","0.9","","","-15","","","","","bo_axe_longer_b","","throwing_axe_quiver_1","","metal_weapon","","8.86","8.86","","BonusAgainstShield","ItemFlags","",""
"RBM","RBMCombat_axe_pieces.xml","axe_craft_11_head","{=1NSafswc}Gallogaich Axe Head","4","Blade","","axe_craft_11_head","0.425","","9.79","28.335","3","Cut","1.1","","","-14","","","","","bo_axe_longer_b","","","","metal_weapon","","3.91","8.23","","BonusAgainstShield","ItemFlags","",""
"RBM","RBMCombat_axe_pieces.xml","axe_craft_25_head","{=m6CVEgTU}Spiked Battle Axe Blade","5","Blade","","axe_craft_25_head","0.7","","25.328","31.023","3","Cut","1.1","","","-17","","","","","bo_axe_longer_b","","","","metal_weapon","","14","11.7","","Civilian","ItemFlags","",""
"RBM","RBMCombat_axe_pieces.xml","axe_craft_20_head","{=X7OrRebK}Narrow Sparth Blade","2","Blade","","axe_craft_20_head","0.362","","9.683","18.004","3","Cut","0.7","","","-10.5","","","","","bo_axe_longer_b","","","","metal_weapon","","3.63","5.93","","BonusAgainstShield","ItemFlags","",""
"RBM","RBMCombat_axe_pieces.xml","axe_craft_20_head_blunt","{=nsjbWcmp}Narrow Blunt Sparth Blade","2","Blade","","axe_craft_20_head","0.362","","9.683","18.004","3","Cut","0.7","","","-10.5","","","","true","bo_axe_longer_b","","","","metal_weapon","","3.63","5.93","","BonusAgainstShield","ItemFlags","",""
"RBM","RBMCombat_axe_pieces.xml","axe_craft_21_head","{=NS83CCvb}Common Iron Axe Head","3","Blade","","axe_craft_21_head","0.371","","9.382","18.004","3","Cut","0.9","","","-10","","","","","bo_axe_longer_b","","","","metal_weapon","","2.66","6.64","","BonusAgainstShield","ItemFlags","",""
"RBM","RBMCombat_axe_pieces.xml","axe_craft_30_head","{=IZw8FnwW}Large Ascia Head","2","Blade","","axe_craft_30_head","0.394","","8.442","19.527","3","Cut","0.7","","","-11","","","","","bo_axe_longer_b","","","","metal_weapon","","5.04","6.14","","BonusAgainstShield","ItemFlags","",""
"RBM","RBMCombat_axe_pieces.xml","axe_craft_30_head_blunt","{=M9ACQeD6}Large Blunt Ascia Head","2","Blade","","axe_craft_30_head","0.394","","8.442","19.527","3","Cut","0.7","","","-11","","","","true","bo_axe_longer_b","","","","metal_weapon","","5.04","6.14","","BonusAgainstShield","ItemFlags","",""
"RBM","RBMCombat_axe_pieces.xml","axe_craft_18_head","{=4Ilo91CO}Western Battle Axe Head","4","Blade","","axe_craft_18_head","0.50","","11.4","17.4","3","Cut","1.1","","","-12","","","","","bo_axe_longer_b","","","","metal_weapon","","1.97","8.21","","BonusAgainstShield","ItemFlags","",""
"RBM","RBMCombat_axe_pieces.xml","axe_craft_2_head","{=VccYBtB0}Northern Hatchet Head","2","Blade","","axe_craft_2_head","0.40","","12.2","24.433","3","Cut","0.7","","","-14","","","","","bo_axe_longer_a","","","","metal_weapon","","4.1","8.68","","BonusAgainstShield","ItemFlags","",""
"RBM","RBMCombat_axe_pieces.xml","axe_craft_23_head","{=kNhcSC6i}Northern Bearded Head","4","Blade","","axe_craft_23_head","0.60","","24.97","20.661","3","Cut","1.1","","","-28","","","","","bo_axe_longer_b","","","","metal_weapon","","3.16","22.1","","BonusAgainstShield","ItemFlags","",""
"RBM","RBMCombat_axe_pieces.xml","axe_craft_9_head","{=8S6ZYPFD}Round Bitted Fine Steel Hatchet Head","5","Blade","","axe_craft_9_head","0.383","","11.538","26.876","3","Cut","1.3","","","-12","","","","","bo_axe_longer_b","","","","metal_weapon","","4.63","7.24","","Civilian","ItemFlags","",""
"RBM","RBMCombat_axe_pieces.xml","axe_craft_8_head","{=WkTkxQfw}Rectangular Bit Blade","5","Blade","","axe_craft_8_head","0.651","","22.332","23.205","3","Cut","1.2","","","-16","","","","","bo_axe_longer_b","","","","metal_weapon","","11.1","11.6","","Civilian","ItemFlags","",""
"RBM","RBMCombat_axe_pieces.xml","axe_craft_24_head","{=fOrRdtNK}Small Spurred Axe Head","2","Blade","","axe_craft_24_head","0.40","","9.46","21.987","3","Cut","0.7","","","-11","","","","","bo_axe_longer_b","","","","metal_weapon","","2.64","7.05","","BonusAgainstShield","ItemFlags","",""
"RBM","RBMCombat_axe_pieces.xml","axe_craft_29_head","{=iFhr5nGq}Imperial Axe Head","3","Blade","","axe_craft_29_head","0.40","","9.105","23.082","3","Cut","0.9","","","-15","","","","","bo_axe_longer_b","","","","metal_weapon","","6.59","6.57","","BonusAgainstShield","ItemFlags","",""
"RBM","RBMCombat_axe_pieces.xml","axe_craft_28_head","{=ajVcY9v6}Small Hammer Axe Head","3","Blade","","axe_craft_28_head","0.40","","12.961","19.393","3","Cut","0.9","","","-16","","","","","bo_axe_longer_b","","","","metal_weapon","","3.54","10.7","","BonusAgainstShield","ItemFlags","",""
"RBM","RBMCombat_axe_pieces.xml","axe_craft_12_head","{=cK6D7cyn}Large Franziska Head","3","Blade","","axe_craft_12_head","0.347","","11.622","23.945","3","Cut","0.9","","","-10.5","","","","","bo_axe_longer_b","","","","metal_weapon","","5.04","6.51","","BonusAgainstShield","ItemFlags","",""
"RBM","RBMCombat_axe_pieces.xml","axe_craft_19_head","{=ZxZ7AJ1r}Southern Battle Axe Blade","4","Blade","","axe_craft_19_head","0.45","","22.539","16.706","3","Cut","1.1","","","-20","","","","","bo_axe_longer_b","","","","metal_weapon","","11.2","11.8","","BonusAgainstShield","ItemFlags","",""
"RBM","RBMCombat_axe_pieces.xml","axe_craft_33_head","{=SR7a3qlO}Round Bit Battle Axe Head","2","Blade","","axe_craft_33_head","0.366","","12.564","15.1","3","Cut","0.7","","","-16.5","","","","","bo_axe_longer_b","","","","metal_weapon","","7.37","11.3","","BonusAgainstShield","ItemFlags","",""
"RBM","RBMCombat_axe_pieces.xml","axe_craft_15_head","{=LSrJljDL}Adze Head","1","Blade","","axe_craft_15_head","0.5","","4.552","25.764","3","Cut","0.6","","","-8","","","true","","bo_axe_longer_b","","","","metal_weapon","","2.96","2.96","","Civilian","ItemFlags","",""
"RBM","RBMCombat_axe_pieces.xml","axe_craft_7_head","{=USWfzbuW}Northern Broad Great Axe Head","4","Blade","","axe_craft_7_head","0.6","","28.366","28.192","3","Cut","1.1","","","-19","","","","","bo_axe_longer_b","","","","metal_weapon","","14.9","13.5","","BonusAgainstShield","ItemFlags","",""
"RBM","RBMCombat_axe_pieces.xml","axe_craft_17_head","{=R62maL2H}Bill Head","4","Blade","","axe_craft_17_head","0.7","","33.887","22.47","3","Pierce","0.9","","","-30","","","","","bo_axe_longer_b","","","","metal_weapon","","21.3","23.7","","BonusAgainstShield","ItemFlags","",""
"RBM","RBMCombat_axe_pieces.xml","axe_craft_6_head","{=tNtulHAv}Broad Large Norse Head","3","Blade","","axe_craft_6_head","0.5","","24.612","24.998","3","Cut","0.9","","","-14","","","","","bo_axe_longer_b","","","","metal_weapon","","18.6","6.66","","BonusAgainstShield","ItemFlags","",""
"RBM","RBMCombat_axe_pieces.xml","axe_craft_16_head","{=0gteBOD7}Bardiche Head","4","Blade","","axe_craft_16_head","0.7","","57.435","23.337","3","Cut","1.0","","","-39","","","","true","bo_axe_longer_b","","","","metal_weapon","","29","31.1","","BonusAgainstShield","ItemFlags","",""
"RBM","RBMCombat_axe_pieces.xml","axe_craft_38_head","{=SEsx3kZz}Heavy Bardiche Head","5","Blade","","axe_craft_16_head","0.8","","57.435","23.337","3","Cut","1.2","","","-39","","","","","bo_axe_longer_b","","","","metal_weapon","","29","31.1","","Civilian","ItemFlags","",""
"RBM","RBMCombat_axe_pieces.xml","axe_craft_1_head","{=NfPgejKk}Drilled Sparth Blade","5","Blade","","axe_craft_1_head","0.5","","16.651","26.744","3","Cut","1.3","","","-20","","","","","bo_axe_longer_b","","","","metal_weapon","","6.46","11.7","","Civilian","ItemFlags","",""
"RBM","RBMCombat_axe_pieces.xml","axe_craft_22_head","{=IxCaIvUk}Large Northern Broad Head With Decorated Neck","5","Blade","","axe_craft_22_head","0.6","","20.781","30.384","3","Cut","1.25","","","-16.5","","","","","bo_axe_longer_b","","","","metal_weapon","","9.82","11.6","","Civilian","ItemFlags","",""
"RBM","RBMCombat_axe_pieces.xml","axe_craft_14_head","{=ALO9gw69}Square Bit Two Handed Axe Head","2","Blade","","axe_craft_14_head","0.4","","13.923","21.94","3","Cut","0.7","","","-16","","","","","bo_axe_longer_b","","","","metal_weapon","","3.73","10.9","","BonusAgainstShield","ItemFlags","",""
"RBM","RBMCombat_axe_pieces.xml","axe_craft_14_head_blunt","{=Wn4GjoXY}Square Bit Blunt Two Handed Axe Head","2","Blade","","axe_craft_14_head","0.4","","13.923","21.94","3","Cut","0.7","","","-16","","","","true","bo_axe_longer_b","","","","metal_weapon","","3.73","10.9","","BonusAgainstShield","ItemFlags","",""
"RBM","RBMCombat_axe_pieces.xml","axe_craft_5_head","{=orwoyDlX}Great Sparth Axe Head","2","Blade","","axe_craft_5_head","0.5","","13.105","27.618","3","Cut","0.7","","","-15","","","","","bo_axe_longer_b","","","","metal_weapon","","4.09","10.1","","BonusAgainstShield","ItemFlags","",""
"RBM","RBMCombat_axe_pieces.xml","axe_craft_3_head","{=gSdybwMN}Large Drilled Norse Bearded Head","4","Blade","","axe_craft_3_head","0.55","","23.005","22.407","3","Cut","1.1","","","-16","","","","","bo_axe_longer_b","","","","metal_weapon","","13.1","10.4","","BonusAgainstShield","ItemFlags","",""
"RBM","RBMCombat_axe_pieces.xml","axe_craft_34_head","{=a0erBuF1}Hooked Axe Head","4","Blade","","axe_craft_34_head","0.5","","20.281","19.8","3","Cut","1.1","","","-23","","","","","bo_axe_longer_b","","","","metal_weapon","","8.84","14.5","","BonusAgainstShield","ItemFlags","",""
"RBM","RBMCombat_axe_pieces.xml","axe_craft_4_head","{=fdR6zYiP}Franziska Head","4","Blade","","axe_craft_4_head","0.226","","10.566","19.257","2","Cut","1.1","","","-9","","","true","","bo_axe_longer_b","","throwing_axe_quiver_1","","metal_weapon","","3.94","4.72","","CanBePickedUpFromCorpse","ItemFlags","",""
"RBM","RBMCombat_axe_pieces.xml","axe_craft_13_head","{=hSSk6tTn}Throwing Axe Head","4","Blade","","axe_craft_13_head","0.240","","8.707","16.898","2","Cut","1.1","","","-10","","","","","bo_axe_longer_b","","throwing_axe_quiver_1","","metal_weapon","","1.77","7.07","","CanBePickedUpFromCorpse","ItemFlags","",""
"RBM","RBMCombat_axe_pieces.xml","axe_craft_31_head","{=sNJNDDKN}Small Axe Head","2","Blade","","axe_craft_31_head","0.293","","13.366","13.211","2","Cut","0.7","","","-14","","","","","bo_axe_longer_b","","throwing_axe_quiver_1","","metal_weapon","","6.77","6.77","","CanBePickedUpFromCorpse","ItemFlags","",""
"RBM","RBMCombat_axe_pieces.xml","axe_craft_13_head_blunt","{=yrdrYLA9}Blunt Throwing Axe Head","4","Blade","","axe_craft_13_head","0.381","","8.707","16.898","3","Cut","1.1","","","-10","","","","true","bo_axe_longer_b","","throwing_axe_quiver_1","","metal_weapon","","1.77","7.07","","CanBePickedUpFromCorpse","ItemFlags","",""
"RBM","RBMCombat_couched_lances.xml","spear_handle_5","{=baQ99nza}Long Ash Shaft","2","Handle","","spear_handle_5","0.595","229","","","","","","","","-11","","110","","","","","","","","","","","","","","",""
"RBM","RBMCombat_couched_lances.xml","spear_handle_6","{=RXjhTS9s}Long Wrapped Oak Shaft","2","Handle","","spear_handle_6","0.65","250","","","","","","","","-13","","120","","","","","","","","","","","","","","",""
"RBM","RBMCombat_couched_lances.xml","spear_handle_25","{=nGP3FlHm}Long Mahogany Shaft","3","Handle","","spear_handle_25","0.702","270","","","","","","","","-14","","","","","","","","","","","","","","","","",""
"RBM","RBMCombat_couched_lances.xml","spear_handle_27","{=tSQbGb4m}Extra Long Mahogany Shaft","4","Handle","","spear_handle_27","0.754","290","","","","","","","","-15","","","true","","","","","","","","","","","","","",""
"RBM","RBMCombat_couched_lances.xml","spear_handle_3","{=71588OX7}Bamboo Shaft","2","Handle","","spear_handle_3","0.465","179","","","","","","","","-8","","100","","","","","","","","","","","long","","","",""
"RBM","RBMCombat_couched_lances.xml","spear_handle_4","{=LSOXMCAW}Pine Shaft","4","Handle","","spear_handle_4","0.494","190","","","","","","","","-9","","100","","","","","","","","","","","long","","","","0,0,0.10"
"RBM","RBMCombat_couched_lances.xml","spear_handle_18","{=ow1aK4DJ}Wrapped Oaken Long Shaft","3","Handle","","spear_handle_18","0.52","200","","","","","","","","-10","","","","","","","","","","","","","long","","","",""
"RBM","RBMCombat_couched_lances.xml","spear_handle_22","{=HaNPlFBt}Wrapped Hardwood Long Shaft","3","Handle","","spear_handle_22","0.624","240","","","","","","","","-12","","","","","","","","","","","","","","","","",""
"RBM","RBMCombat_couched_lances.xml","spear_handle_21","{=7EZbFRaG}Reinforced Pine Shaft","3","Handle","","spear_handle_21","0.598","230","","","","","","","","-12","","","","","","","","","","","","","","","","",""
"RBM","RBMCombat_couched_lances.xml","spear_handle_16","{=yD9v5GS0}Decorated Pine Shaft","4","Handle","","spear_handle_16","0.468","180","","","","","","","","-9","","","","","","","","","","","","","","","","",""
"RBM","RBMCombat_couched_lances.xml","spear_handle_14","{=AtNVVwTF}Short Pine Shaft","3","Handle","","spear_handle_14","0.416","160","","","","","","","","-7","","","","","","","","","","","","","","","","",""
"RBM","RBMCombat_couched_lances.xml","spear_handle_7","{=Nhhmj7bz}Hard Maple Pike Shaft","5","Handle","","spear_handle_7","2.36","295","","","","","","","","70.0","","150","","","","","","","","","","","swing","","","",""
"RBM","RBMCombat_couched_lances.xml","spear_handle_23","{=GsBQCQEF}Reinforced Long Pine Shaft","3","Handle","","spear_handle_23","2.29","250","","","","","","","","65.0","","","","","","","","","","","","","","","","",""
"RBM","RBMCombat_couched_lances.xml","spear_handle_19","{=e1DF7wbz}Hardened Ashen Staff","5","Handle","","spear_handle_19","2.115","210","","","","","","","","50.0","","","","","","","","","","","","","","","","",""
"RBM","RBMCombat_couched_lances.xml","spear_handle_13","{=pocRP9dq}Long Ash Staff","3","Handle","","spear_handle_13","2.088","228","","","","","","","","40.0","","110","","","","","","","","","","","","","","",""
"RBM","RBMCombat_couched_lances.xml","spear_handle_24","{=8yb60cDi}Mahogany Long Spear Shaft","4","Handle","","spear_handle_24","2.381","260","","","","","","","","70.0","","","","","","","","","","","","","","","","",""
"RBM","RBMCombat_couched_lances.xml","spear_handle_20","{=tgJ3dSOx}Oaken Long Spear Staff","4","Handle","","spear_handle_20","1.612","220","","","","","","","","55.0","","","","","","","","","","","","","","","","",""
"RBM","RBMCombat_couched_lances.xml","spear_handle_17","{=J5Tu73Mb}Hardened Pine Long Spear Staff","4","Handle","","spear_handle_17","2.08","190","","","","","","","","45.0","","","","","","","","","","","","","","","","",""
"RBM","RBMCombat_couched_lances.xml","spear_handle_8","{=aQa3tp6Q}Decorated Long Pine Shaft","5","Handle","","spear_handle_8","0.65","230","","","","","","","","10.0","","110","","","","","","","","","","","","","","",""
"RBM","RBMCombat_couched_lances.xml","spear_handle_26","{=ELpWa0K5}Cured Oaken Pike Shaft","5","Handle","","spear_handle_26","0.75","280","","","","","","","","10.0","","","","","","","","","","","","","","","","",""
"RBM","RBMCombat_couched_lances.xml","spear_handle_15","{=NQb8boHt}Hardened Ash Shaft","4","Handle","","spear_handle_15","0.55","170","","","","","","","","10.0","","","","","","","","","","","","","","","","",""
"RBM","RBMCombat_couched_lances.xml","spear_handle_1","{=Uhc0KIdz}Pine Spear Staff","1","Handle","","spear_handle_1","0.5","149","","","","","","","","14.9","","100","true","","","","","","","","","","long","","","",""
"RBM","RBMCombat_couched_lances.xml","spear_blade_13","{=MpVC0RXl}Northern Triangular Spear","5","Blade","","spear_blade_13","0.4592","50.864","","","2","","","Pierce","1.1","","","","","","bo_spear_b","bo_throwing_spear_quiver_5_1","throwing_spear_quiver_5_1","96.7","wood_weapon","","","","swing","","","",""
"RBM","RBMCombat_couched_lances.xml","spear_blade_35","{=ZUp9mm79}Jagged Spear Head","5","Blade","","spear_blade_35","0.3256","41","","","2","","","Pierce","1.1","","","","","","bo_spear_b","bo_throwing_spear_quiver_5_1","throwing_spear_quiver_5_1","96.7","wood_weapon","","","","swing","","","",""
"RBM","RBMCombat_couched_lances.xml","spear_blade_35_blunt","{=c6aNuaDP}Jagged Blunt Spear Head","5","Blade","","spear_blade_35","0.3256","41","","","2","","","Pierce","1.1","","","","","true","bo_spear_b","bo_throwing_spear_quiver_5_1","throwing_spear_quiver_5_1","96.7","wood_weapon","","","","swing","","","",""
"RBM","RBMCombat_couched_lances.xml","spear_blade_38","{=nr3K4od2}Pilum Head","5","Blade","","spear_blade_38","0.250","23.7","","","2","","","Pierce","1","","","","","","bo_spear_b","bo_throwing_spear_quiver_3_2","throwing_spear_quiver_3_2","96.8","wood_weapon","","","","swing","BonusAgainstShield","","",""
"RBM","RBMCombat_couched_lances.xml","spear_blade_43","{=wait0O6m}Warrazor Head","5","Blade","","spear_blade_43","0.6","64.4","","","3","Cut","1.3","Pierce","0.4","","","","","","bo_spear_b","","","","wood_weapon","","","","shield","","","",""
"RBM","RBMCombat_couched_lances.xml","spear_blade_7","{=dXRt8jY4}Menavlion Head","5","Blade","","spear_blade_7","0.3656","30","","","3","","","Pierce","1.3","","","","","","bo_spear_b","","","","wood_weapon","-11","","","swing","","","",""
"RBM","RBMCombat_couched_lances.xml","spear_blade_7_blunt","{=n55UtbGg}Sparring Menavlion Head","5","Blade","","spear_blade_7","0.3656","30","","","3","","","Blunt","1.3","","","","","","bo_spear_b","","","","wood_weapon","","","","swing","","","",""
"RBM","RBMCombat_couched_lances.xml","spear_blade_18","{=qSV6C2tp}Swordstaff Head","5","Blade","","spear_blade_18","0.4096","45","","","3","","","Pierce","1.35","","","","","","bo_spear_b","","","","wood_weapon","-11","","","swing","","","",""
"RBM","RBMCombat_couched_lances.xml","spear_blade_19","{=OBeOZ27b}Glaive Head","5","Blade","","spear_blade_19","0.35","37.4","","","3","Cut","1.1","Pierce","0.4","","","","","","bo_spear_b","","","","wood_weapon","","","","","","","",""
"RBM","RBMCombat_couched_lances.xml","spear_blade_19_blunt","{=TqXFwLYL}Blunt Glaive Head","5","Blade","","spear_blade_19","0.3","37.4","","","3","Cut","1.1","Pierce","0.4","","","","","true","bo_spear_b","","","","wood_weapon","","","","","","","",""
"RBM","RBMCombat_couched_lances.xml","spear_blade_24","{=bjQ8J71a}Long Glaive Head","5","Blade","","spear_blade_24","0.40","68","","","3","Cut","1.2","Pierce","0.5","","","","","","bo_spear_b","","","","wood_weapon","","","","","","","",""
"RBM","RBMCombat_couched_lances.xml","axe_craft_10_head","{=LNDbMUK0}Voulge Head","5","Blade","","axe_craft_10_head","0.6","","23.118","18.371","3","Cut","1.2","Pierce","0.8","-8","","","","","bo_axe_longer_b","","","","metal_weapon","","23","4","","CanBePickedUpFromCorpse","ItemFlags","",""
"RBM","RBMCombat_couched_lances.xml","spear_blade_33","{=R62maL2H}Bill Head","2","Blade","","spear_blade_33","0.3296","35.5","","","3","Cut","0.5","","","","","","","","bo_spear_b","","","","wood_weapon","","","","shield:thrust","","","",""
"RBM","RBMCombat_couched_lances.xml","spear_blade_33_blunt","{=EjJl6bA4}Blunt Bill Head","2","Blade","","spear_blade_33","0.3296","35.5","","","3","Cut","0.5","","","","","","","true","bo_spear_b","","","","wood_weapon","","","","shield:thrust","","","",""
"RBM","RBMCombat_couched_lances.xml","battania_blade_7","{=1Ia3Wxbf}Fine Steel Falx Blade","5","Blade","Culture.battania","battania_blade_7","0.6","75","","","3","Cut","1.2","","","","","","","true","bo_sword_one_handed","","","","metal_weapon","","","","shield:thrust","BonusAgainstShield","","",""
"RBM","RBMCombat_couched_lances.xml","spear_blade_22","{=3ged5Ozt}Exceptional Eastern Glaive","5","Blade","","spear_blade_22","0.4","89","","","3","Cut","1.3","Pierce","0.55","","","","","","bo_spear_b","","","","wood_weapon","","","","","","","",""
"RBM","RBMCombat_couched_lances.xml","spear_blade_44","{=PmPxx2gK}Bent Razor Head","1","Blade","","spear_blade_44","0.33","80","","","3","Cut","0.6","Pierce","0.4","","","","","","bo_spear_b","","","","wood_weapon","","","","","","","",""
"RBM","RBMCombat_couched_lances.xml","spear_blade_45","{=LNDbMUK0}Voulge Head","4","Blade","","spear_blade_45","1.2","40","","","3","Cut","0.9","Pierce","0.7","","","","","","bo_spear_b","","","","wood_weapon","","","","","","","",""
"RBM","RBMCombat_couched_lances.xml","spear_blade_23","{=RBM_CLA_001}Light Lance Head","4","Blade","","spear_blade_23","0.1","42","","","3","","","Pierce","1.0","","","","","","bo_spear_b","","","","wood_weapon","","","","swing","","","",""
"RBM","RBMCombat_couched_lances.xml","spear_blade_23_blunt","{=RBM_CLA_002}Tournament Light Lance Head","4","Blade","","spear_blade_23","0.1","42","","","3","","","Pierce","1.0","","","","","true","bo_spear_b","","","","wood_weapon","","","","swing","","","",""
"RBM","RBMCombat_couched_lances.xml","spear_blade_20","{=RBM_CLA_003}Medium Lance Head","5","Blade","","spear_blade_20","0.1","46","","","3","","","Pierce","1.05","","","","","","bo_spear_b","","","","wood_weapon","","","","swing","","","",""
"RBM","RBMCombat_couched_lances.xml","spear_blade_20_blunt","{=RBM_CLA_004}Tournament Medium Lance Head","5","Blade","","spear_blade_20","0.1","46","","","3","","","Pierce","1.05","","","","","true","bo_spear_b","","","","wood_weapon","","","","swing","","","",""
"RBM","RBMCombat_couched_lances.xml","spear_blade_5","{=RBM_CLA_005}Heavy Lance Head","5","Blade","","spear_blade_5","0.1","52.242","","","3","","","Pierce","1.1","","","","","","bo_spear_b","","","","wood_weapon","","","","swing","","","",""
"RBM","RBMCombat_couched_lances.xml","spear_blade_6","{=S75vUGzK}Fine Steel Hewing Spear Head","5","Blade","","spear_blade_6","1.25","84.4","","","3","Cut","0.9","Pierce","1.15","","","","","","bo_spear_b","","","","wood_weapon","","","","","","","",""
"RBM","RBMCombat_couched_lances.xml","spear_blade_1","{=Oxew9WCe}Imperial Simple Spear Head","2","Blade","","spear_blade_1","0.36","48","","","5","","","Pierce","0.8","","","","","","bo_spear_b","bo_throwing_spear_quiver_4","throwing_spear_quiver_4","96.2","wood_weapon","","","","swing","","","",""
"RBM","RBMCombat_couched_lances.xml","spear_blade_8","{=CdBAvJdP}Kontos Head","3","Blade","","spear_blade_8","0.4","60.153","","","3","","","Pierce","0.9","","","","","","bo_spear_b","","","","wood_weapon","","","","swing","","","",""
"RBM","RBMCombat_couched_lances.xml","spear_blade_4","{=ZcUNAfKT}Extra Long Fine Steel Spear Head","4","Blade","","spear_blade_4","0.5168","72.558","","","3","","","Pierce","1","","","","","","bo_spear_b","","","","wood_weapon","","","","swing","","","",""
"RBM","RBMCombat_couched_lances.xml","spear_blade_42","{=9aYBy1RN}Fine Steel Leaf Spear Head","4","Blade","","spear_blade_42","0.5456","42","","","3","","","Pierce","1","","","","","","bo_spear_b","bo_throwing_spear_quiver_4_1","throwing_spear_quiver_4_1","96.2","wood_weapon","","","","swing","","","",""
"RBM","RBMCombat_couched_lances.xml","spear_blade_14","{=T1aiDuOp}Narrow Menavlon Head","3","Blade","","spear_blade_14","0.5268","46.28","","","5","","","Pierce","0.9","","","","","","bo_spear_b","bo_throwing_spear_quiver_4","throwing_spear_quiver_4","96.2","wood_weapon","","","","swing:TwoHandedPolearm_Bracing","","","",""
"RBM","RBMCombat_couched_lances.xml","spear_blade_37","{=XSabsFbx}Weighted Awl Pike Head","3","Blade","","spear_blade_37","0.4104","23.7","","","5","","","Pierce","0.9","","","","","","bo_spear_b","bo_throwing_spear_quiver_5","throwing_spear_quiver_5","96.7","wood_weapon","","","","swing","","","",""
"RBM","RBMCombat_couched_lances.xml","spear_blade_27","{=1rGNXUaJ}Thin Fine Steel Hewing Spear Head","5","Blade","","spear_blade_27","0.7","69.5","","","4","Cut","1.0","Pierce","1.25","","","","","","bo_spear_b","bo_throwing_spear_quiver_2","throwing_spear_quiver_2","94.6","wood_weapon","","","","","","","",""
"RBM","RBMCombat_couched_lances.xml","spear_blade_40","{=NAHHwS3G}Broad Leaf Shaped Spear Tip","3","Blade","","spear_blade_40","1","42","","","3","Cut","0.7","Pierce","0.85","","","","","","bo_spear_b","","","","wood_weapon","","","","","","","",""
"RBM","RBMCombat_couched_lances.xml","spear_blade_36","{=nRKOX66b}Jagged Fine Steel Spear Head","4","Blade","","spear_blade_36","0.468","42.5","","","3","","","Pierce","1","","","","","","bo_spear_b","","","","wood_weapon","","","","swing","","","",""
"RBM","RBMCombat_couched_lances.xml","spear_blade_15","{=Y4tIQnS4}Short Simple Spear Head","2","Blade","","spear_blade_15","0.300","22.862","","","5","","","Pierce","0.8","","","","","","bo_spear_b","bo_throwing_spear_quiver_1_1","throwing_spear_quiver_1_1","68.9","wood_weapon","","","","swing","","","",""
"RBM","RBMCombat_couched_lances.xml","spear_blade_15_blunt","{=hbv5aCRX}Short Simple Blunt Spear Head","2","Blade","","spear_blade_15","0.300","22.862","","","4","","","Pierce","0.8","","","","","true","bo_spear_b","bo_throwing_spear_quiver_1_1","throwing_spear_quiver_1_1","68.9","wood_weapon","","","","swing","","","",""
"RBM","RBMCombat_couched_lances.xml","spear_blade_41","{=RBM_CLA_006}Thamaskene Steel Leaf Shaped Pike Head","5","Blade","","spear_blade_41","0.4792","53.2","","","1","","","Pierce","1.2","","","","","","bo_spear_b","bo_throwing_spear_quiver_4","throwing_spear_quiver_4","96.2","wood_weapon","","","","swing","","","",""
"RBM","RBMCombat_couched_lances.xml","spear_blade_10","{=emUoygLE}Harpoon Head","2","Blade","","spear_blade_10","0.54","39.775","","","5","","","Pierce","0.8","","","","","","bo_spear_b","bo_throwing_spear_quiver_1","throwing_spear_quiver_1","68.9","wood_weapon","","","","swing","","","",""
"RBM","RBMCombat_couched_lances.xml","spear_blade_16","{=Js1FKwrL}Javelin Head","3","Blade","","spear_blade_16","0.450","23.328","","","4","","","Pierce","0.9","","","","","","bo_spear_b","bo_throwing_spear_quiver_3_1","throwing_spear_quiver_3_1","96.8","wood_weapon","","","","swing","","","",""
"RBM","RBMCombat_couched_lances.xml","spear_blade_11","{=S9zZO7qJ}Fine Steel Pike Head","4","Blade","","spear_blade_11","0.5096","34.56","","","3","","","Pierce","1","","","","","","bo_spear_b","","","","wood_weapon","","","","swing","","","",""
"RBM","RBMCombat_couched_lances.xml","spear_blade_9","{=r3R6RM9G}Short Simple Pike Head","1","Blade","","spear_blade_9","0.404","23.328","","","3","","","Pierce","0.75","","","","true","","bo_spear_b","bo_throwing_spear_quiver_3_1","throwing_spear_quiver_3_1","96.8","wood_weapon","","","","swing","","","",""
"RBM","RBMCombat_couched_lances.xml","spear_blade_3","{=ZAoWK9Gt}Rounded Imperial Spear Head","2","Blade","","spear_blade_3","0.5536","57.143","","","3","","","Pierce","0.8","","","","","","bo_spear_b","","","","wood_weapon","","","","swing","","","",""
"RBM","RBMCombat_couched_lances.xml","spear_blade_26","{=Y0gbKTgZ}Sturgian Military Fork Head","2","Blade","","spear_blade_26","0.5584","29.8","","","3","","","Pierce","0.8","","","","","","bo_spear_b","","","","wood_weapon","","","","swing","","","",""
"RBM","RBMCombat_couched_lances.xml","spear_blade_2","{=U30HpvtI}Triangular Iron Northern Spear Head","3","Blade","","spear_blade_2","0.4912","47.843","","","3","","","Pierce","0.9","","","","","","bo_spear_b","","","","wood_weapon","","","","swing","","","",""
"RBM","RBMCombat_couched_lances.xml","spear_blade_39","{=8T7gNbfM}Drilled Wide Leaf Shaped Spear Head","4","Blade","","spear_blade_39","0.5216","54.2","","","3","","","Pierce","1","","","","","","bo_spear_b","","","","wood_weapon","","","","swing","","","",""
"RBM","RBMCombat_couched_lances.xml","spear_blade_25","{=mrTkURKV}Notched Fork Head","3","Blade","","spear_blade_25","0.5504","42.5","","","3","","","Pierce","0.9","","","","","","bo_spear_b","","","","wood_weapon","","","","swing","","","",""
"RBM","RBMCombat_couched_lances.xml","battania_blade_6","{=IUlApNGp}Long Falx Blade","5","Blade","Culture.battania","battania_blade_6","0.8","95.6","","","3","Cut","1.2","","","","","","","","bo_sword_one_handed","","","","metal_weapon","","","","thrust:TwoHandedPolearm_Bracing","BonusAgainstShield","","",""
"RBM","RBMCombat_couched_lances.xml","spear_blade_31","{=iMbT3L4I}Scythe Blade","1","Blade","","spear_blade_31","0.1","","","","3","Cut","0.2","","","-13","","","","","bo_spear_b","","","","wood_weapon","","4.29","16.5","shield:thrust","Civilian","ItemFlags","",""
"RBM","RBMCombat_couched_lances.xml","sickle_blade_1_polearm","{=vxqrW5GN}Sickle Blade","1","Blade","","sickle_blade_1","0.1","38.5","","","3","Cut","0.2","","","","","","","","bo_mace_a","","","","wood_weapon","","","","shield:thrust","","","true",""
"RBM","RBMCombat_couched_lances.xml","spear_blade_12","{=5ALE9Joh}War Scythe Head","2","Blade","","spear_blade_12","0.1","63","","","3","Cut","0.2","","","","","","","","bo_spear_b","","","","wood_weapon","","","","shield:thrust","","","",""
"RBM","RBMCombat_couched_lances.xml","spear_blade_21","{=GMwWb6SE}Wooden Spear Head","1","Blade","","spear_blade_21","0.1","23.5","","","3","Cut","0.2","","","","","75","","","bo_spear_b","","","","wood_weapon","","","","shield:thrust","","","",""
"RBM","RBMCombat_couched_lances.xml","spear_blade_28","{=f4GSe3UB}Shovel Head","1","Blade","","spear_blade_28","0.1","29.7","","","3","Cut","0.2","","","","","","","","bo_spear_b","","","","wood_weapon","","","","shield:thrust","","","",""
"RBM","RBMCombat_couched_lances.xml","spear_blade_30","{=QNe7mQlZ}Rake Head","1","Blade","","spear_blade_30","0.1","42.5","","","3","","","Pierce","0.4","","","","","","bo_spear_b","","","","wood_weapon","","","","swing","","","",""
"RBM","RBMCombat_couched_lances.xml","spear_blade_32","{=SVBYn9KW}Iron Fork","1","Blade","","spear_blade_32","0.1","32.7","","","3","","","Pierce","0.4","","","","","","bo_spear_b","","","","wood_weapon","","","","swing","Civilian","ItemFlags","",""
"RBM","RBMCombat_couched_lances.xml","spear_blade_29","{=ZgCUNieQ}Fork Head","1","Blade","","spear_blade_29","0.1","42.5","","","3","","","Pierce","0.2","","","","","","bo_spear_b","","","","wood_weapon","","","","swing","Civilian","ItemFlags","",""
"RBM","RBMCombat_couched_lances.xml","spear_handle_2","{=MCRppfbZ}Pine Javelin Shaft","2","Handle","","spear_handle_2","0.17","85.1","","","","","","","","0.0","","80","true","","","","","","","","","","long","","","",""
"RBM","RBMCombat_couched_lances.xml","spear_handle_9","{=DXLlcbf9}Ash Javelin Shaft","2","Handle","","spear_handle_9","0.213","82.3","","","","","","","","","","80","","","","","","","","","","","long","","","",""
"RBM","RBMCombat_couched_lances.xml","spear_handle_10","{=aaEv3sBU}Oaken Javelin Shaft","3","Handle","","spear_handle_10","0.258","86.7","","","","","","","","","","80","","","","","","","","","","","long","","","",""
"RBM","RBMCombat_couched_lances.xml","spear_handle_11","{=gIm5Lnh8}Mahogany Javelin Shaft","3","Handle","","spear_handle_11","0.234","90","","","","","","","","","","80","","","","","","","","","","","long","","","",""
"RBM","RBMCombat_couched_lances.xml","spear_handle_12","{=mcYSvJfA}Tree Branch","2","Handle","","spear_handle_12","0.18","90","","","","","","","","","","90","","","","","","","","","","","long","","","",""
"RBM","RBMCombat_couched_lances.xml","spear_blade_34","{=V9Kbq6vj}Blunt Practice Tip","1","Blade","","spear_blade_34","0.4","18.3","","","3","Blunt","0.5","Blunt","0.5","","","","","","bo_spear_b","","","","wood_weapon","","","","","NoBlood","","",""
"RBM","RBMCombat_couched_lances.xml","spear_handle_19_2","{=!}Heavy Pilum Handle","4","Handle","","spear_handle_13","1.2","228","","","","","","","","22.9","","110","","true","","","","","","","","","","","","",""
"RBM","RBMCombat_couched_lances.xml","spear_handle_13_2","{=pocRP9dq}Long Ash Staff","4","Handle","","spear_handle_13","1","228","","","","","","","","22.9","","110","","true","","","","","","","","","","","","",""
"RBM","RBMCombat_mace_pieces.xml","mace_head_22","{=lZoqaYmx}Spiked Club Head","2","Blade","","mace_head_22","0.26","","","","3","Blunt","0.5","Pierce","0.8","-7","","","","","bo_mace_a","","","","wood_weapon","","9.75","9.75","","","","true",""
"RBM","RBMCombat_mace_pieces.xml","mace_head_16","{=YFy0t1NY}Fullered Western Mace Head","4","Blade","","mace_head_16","0.5","16.6","","","3","Blunt","0.9","","","","","","","","bo_mace_a","","","","wood_weapon","0","","","thrust","","","true",""
"RBM","RBMCombat_mace_pieces.xml","mace_head_2","{=cag70E1F}Pernach Head","5","Blade","","mace_head_2","0.56","17","","","3","Blunt","1.3","","","","","","","","bo_mace_a","","","","wood_weapon","0","","","thrust","","","true",""
"RBM","RBMCombat_mace_pieces.xml","mace_head_23","{=L3vLdPJT}Improved Spiked Club Head","2","Blade","","mace_head_23","0.32","","","","3","Blunt","0.5","Pierce","0.9","","","","","","bo_mace_a","","","","wood_weapon","0","11.7","11.7","","","","true",""
"RBM","RBMCombat_mace_pieces.xml","mace_head_20","{=hRtzRR6C}Imperial Light Mace Head","3","Blade","","mace_head_20","0.42","6.1","","","3","Blunt","0.7","","","","","","","","bo_mace_a","","","","wood_weapon","0","","","thrust","","","true",""
"RBM","RBMCombat_mace_pieces.xml","mace_head_8","{=trGnmFsh}Calradic Mace Head","4","Blade","","mace_head_8","0.45","7","","","3","Blunt","0.9","","","","","","","","bo_mace_a","","","","wood_weapon","0","","","thrust","","","true",""
"RBM","RBMCombat_mace_pieces.xml","mace_head_13","{=3Q3FFqu0}Light Royal Mace Head","5","Blade","","mace_head_13","0.45","9.2","","","3","Blunt","1.3","","","","","","","","bo_mace_a","","","","wood_weapon","0","","","thrust","Civilian","ItemFlags","true",""
"RBM","RBMCombat_mace_pieces.xml","mace_head_7","{=IR8UeIRp}Cataphracts Mace Head","5","Blade","","mace_head_7","0.6","22","","","3","Blunt","1.1","","","","","","","","bo_mace_a","","","","wood_weapon","0","","","thrust","","","true",""
"RBM","RBMCombat_mace_pieces.xml","mace_head_1","{=sw5rAz73}Light Southern Mace Head","1","Blade","","mace_head_1","0.4","","","","3","Blunt","0.3","","","-2.5","","","true","","bo_mace_a","","","","wood_weapon","","7.35","7.35","thrust","","","true",""
"RBM","RBMCombat_mace_pieces.xml","mace_head_17","{=b9bboB3v}Southern Infantry Mace Head","2","Blade","","mace_head_17","0.46","8.15","","","3","Blunt","0.5","","","","","","","","bo_mace_a","","","","wood_weapon","0","","","thrust","","","true",""
"RBM","RBMCombat_mace_pieces.xml","mace_head_19","{=qQrmuHQ9}Heavy Horsemans Mace Head","3","Blade","","mace_head_19","0.52","11","","","3","Blunt","0.7","","","","","","","","bo_mace_a","","","","wood_weapon","0","","","thrust","","","true",""
"RBM","RBMCombat_mace_pieces.xml","mace_head_15","{=rSs1M2EJ}Spiralled Mace Head","4","Blade","","mace_head_15","0.49","13.5","","","3","Blunt","0.9","","","","","","","","bo_mace_a","","","","wood_weapon","0","","","thrust","","","true",""
"RBM","RBMCombat_mace_pieces.xml","mace_head_14","{=1e9OaUWk}Eastern Light Mace Head","2","Blade","","mace_head_14","0.4","20.9","","","3","Blunt","0.5","Pierce","0.9","","","","","","bo_mace_a","","","","wood_weapon","0","","","","","","true",""
"RBM","RBMCombat_mace_pieces.xml","mace_head_11","{=fhbGCsdC}Eastern Heavy Mace Head","4","Blade","","mace_head_11","0.54","18.3","","","3","Blunt","0.9","","","","","","","","bo_mace_a","","","","wood_weapon","0","","","thrust","","","true",""
"RBM","RBMCombat_mace_pieces.xml","mace_head_10","{=yWvSjlnb}Eastern Fine Steel Mace Head","4","Blade","","mace_head_10","0.45","17.6","","","3","Blunt","0.9","","","","","","","","bo_mace_a","","","","wood_weapon","","","","thrust","","","true",""
"RBM","RBMCombat_mace_pieces.xml","mace_head_6","{=knobbedclubcraftingpiece}Knobbed Club","2","Blade","","mace_head_6","0.28","11.4","","","3","Blunt","0.5","","","","","","","","bo_mace_a","","","","wood_weapon","0","","","thrust","","","true",""
"RBM","RBMCombat_mace_pieces.xml","mace_head_5","{=0SpLcthg}Highland Spiked Club","2","Blade","","mace_head_5","0.45","28.5","","","3","Blunt","0.55","Pierce","0.85","","","","","","bo_mace_a","","","","wood_weapon","0","","","","","","true",""
"RBM","RBMCombat_mace_pieces.xml","blacksmith_hammer_tip_1","{=X1FY4VYe}Smith Hammer Head","1","Blade","","blacksmith_hammer_tip","0.3","7.18","","","3","Blunt","0.3","","","-10","","","","","bo_mace_a","","","","wood_weapon","","","","thrust","Stealth","ItemFlags","true",""
"RBM","RBMCombat_mace_pieces.xml","mace_head_31","{=1NLsucbu}Heavy Flanged Mace Head","3","Blade","","mace_head_31","0.45","28.5","","","3","Blunt","0.7","","","","","","","","bo_mace_a","","","","wood_weapon","0","","","thrust","","","true",""
"RBM","RBMCombat_mace_pieces.xml","mace_head_32","{=WrvDoYKa}Heavy Long Flanged Mace Head","4","Blade","","mace_head_32","0.55","28","","","3","Blunt","0.9","","","","","","","","bo_mace_a","","","","wood_weapon","0","","","thrust","","","true",""
"RBM","RBMCombat_mace_pieces.xml","mace_head_33","{=MQEuR8Yz}Studded Long Heavy Mace Head","3","Blade","","mace_head_33","0.35","27","","","3","Blunt","0.8","","","","","","","","bo_mace_a","","","","wood_weapon","0","","","thrust","","","true",""
"RBM","RBMCombat_mace_pieces.xml","mace_head_34","{=qQrmuHQ9}Heavy Horsemans Mace Head","4","Blade","","mace_head_34","0.45","14","","","3","Blunt","0.9","","","","","","","","bo_mace_a","","","","wood_weapon","0","","","thrust","","","true",""
"RBM","RBMCombat_mace_pieces.xml","mace_head_35","{=LbnJhG2R}Heavy Spiked Club Head","2","Blade","","mace_head_35","0.3","","","","3","Blunt","0.5","Pierce","0.9","","","","true","","bo_mace_a","","","","wood_weapon","-5","11.1","11.1","","","","true",""
"RBM","RBMCombat_mace_pieces.xml","mace_head_36","{=hX6YZ5GJ}Heavy Large Spiked Club Head","2","Blade","","mace_head_36","0.35","","","","3","Blunt","0.6","Pierce","0.8","0","","","","","bo_mace_a","","","","wood_weapon","","17.35","17.35","","","","true",""
"RBM","RBMCombat_mace_pieces.xml","mace_head_37","{=AlRRkKut}Heavy Morning Star Head","3","Blade","","mace_head_37","0.55","17","","","3","Blunt","0.8","Pierce","0.9","0","","","","","bo_mace_a","","","","wood_weapon","","","","","","","true",""
"RBM","RBMCombat_mace_pieces.xml","mace_head_38","{=CeeJmlSq}Heavy Shishpar Head","4","Blade","","mace_head_38","0.5","15.2","","","3","Blunt","0.9","","","0","","","","","bo_mace_a","","","","wood_weapon","","","","thrust","","","true",""
"RBM","RBMCombat_mace_pieces.xml","mace_head_39","{=fhbGCsdC}Eastern Heavy Mace Head","3","Blade","","mace_head_39","0.5","28.5","","","3","Blunt","0.7","","","0","","","","","bo_mace_a","","","","wood_weapon","","","","thrust","","","true",""
"RBM","RBMCombat_mace_pieces.xml","mace_head_24","{=Dix4EYD8}Mallet Head","1","Blade","","mace_head_24","0.3","12.6","","","3","Blunt","0.3","","","-2","","","","","bo_mace_a","","","","wood_weapon","","","","thrust","Stealth","ItemFlags","true",""
"RBM","RBMCombat_mace_pieces.xml","sickle_blade_1","{=vxqrW5GN}Sickle Blade","1","Blade","","sickle_blade_1","0.1","38.7","","","3","Cut","0.3","","","","","","","","bo_mace_a","","","","wood_weapon","","","","thrust","Stealth","ItemFlags","true",""
"RBM","RBMCombat_mace_pieces.xml","mace_head_3","{=1yEQNTG1}Long Shestopyor Head","4","Blade","","mace_head_3","0.49","20.4","","","3","Blunt","0.9","","","","","","","","bo_mace_a","","","","wood_weapon","0","","","thrust","","","true",""
"RBM","RBMCombat_mace_pieces.xml","mace_head_4","{=Zc2Mb991}Shestopyor Head","3","Blade","","mace_head_4","0.4","16.6","","","3","Blunt","0.7","","","","","","","","bo_mace_a","","","","wood_weapon","0","","","thrust","","","true",""
"RBM","RBMCombat_mace_pieces.xml","mace_head_12","{=I9yrLqPc}Eastern Flanged Steel Mace Head","5","Blade","","mace_head_12","0.5","20","","","3","Blunt","1.1","","","","","","","","bo_mace_a","","","","wood_weapon","0","","","thrust","","","true",""
"RBM","RBMCombat_mace_pieces.xml","mace_head_9","{=mU8oVsFW}Morningstar Head","3","Blade","","mace_head_9","0.426","16.8","","","3","Blunt","0.7","Pierce","1","","","","","","bo_mace_a","","","","wood_weapon","0","","","","","","true",""
"RBM","RBMCombat_mace_pieces.xml","mace_head_21","{=ntIEIQ0N}Light Shishpar Head","4","Blade","","mace_head_21","0.378","6.5","","","3","Blunt","0.9","","","","","","","","bo_mace_a","","","","wood_weapon","0","","","thrust","","","true",""
"RBM","RBMCombat_mace_pieces.xml","mace_head_26","{=o2kFafbu}Eastern Steel Mace Head","4","Blade","","mace_head_26","0.563","21.4","","","3","Blunt","0.9","","","","","","","","bo_mace_a","","","","wood_weapon","0","","","thrust","","","true",""
"RBM","RBMCombat_mace_pieces.xml","mace_head_18","{=6xkt7bxz}Heavy Royal Mace Head","5","Blade","","mace_head_18","0.632","8.48","","","3","Blunt","1.3","","","","","","","","bo_mace_a","","","","wood_weapon","0","","","thrust","Civilian","ItemFlags","true",""
"RBM","RBMCombat_mace_pieces.xml","mace_head_25","{=45k6EEUu}Iron Bill Head","2","Blade","","mace_head_25","0.463","35.5","","","3","Blunt","0.5","","","","","","","","bo_mace_a","","","","wood_weapon","0","","","thrust","","","true",""
"RBM","RBMCombat_mace_pieces.xml","mace_handle_6","{=87BmkiMO}Gnarled Mace Handle","2","Handle","","mace_handle_6","0.146","56.2","","","","","","","","15","","75","","","","","","","","","","","","","","","0,0,0.1"
"RBM","RBMCombat_mace_pieces.xml","mace_handle_3","{=V3JMuFEg}Tied Mace Handle","2","Handle","","mace_handle_3","0.176","60","","","","","","","","13","","75","","","","","","","","0.2","","","","","","","0,0,0.15"
"RBM","RBMCombat_mace_pieces.xml","mace_handle_8","{=jMRMazLr}Decorated Pine Mace Handle","2","Handle","","mace_handle_8","0.196","62.9","","","","","","","","19.3","","75","","","","","","","","","","","","Civilian","ItemFlags","","0,0,-0.05"
"RBM","RBMCombat_mace_pieces.xml","mace_handle_7","{=bfE00BnK}Iron Pommeled Mace Handle","3","Handle","","mace_handle_7","0.288","62.1","","","","","","","","17.5","","80","","","","","","","","","","","","","","","0,0,-0.05"
"RBM","RBMCombat_mace_pieces.xml","mace_handle_10","{=kjw9c4M2}Steel Angular Mace Handle","4","Handle","","mace_handle_10","0.50","52","","","","","","","","13.7","","80","","","","","","","","","","","","","","","0,0,0.1"
"RBM","RBMCombat_mace_pieces.xml","mace_handle_9","{=k2MQ9kL0}Steel Mace Handle","4","Handle","","mace_handle_9","0.61","61.5","","","","","","","","21.2","","90","","","","","","","","","","","","","","","0,0,-0.1"
"RBM","RBMCombat_mace_pieces.xml","mace_handle_5","{=4VIUHmbP}Decorated Steel Mace Handle","4","Handle","","mace_handle_5","0.598","61","","","","","","","","23","","90","","","","","","","","","","","","Civilian","ItemFlags","","0,0,-0.1"
"RBM","RBMCombat_mace_pieces.xml","mace_handle_4","{=9HMxA4AU}Iron Mace Handle","3","Handle","","mace_handle_4","0.55","61","","","","","","","","20","","90","","","","","","","","","","","","","","","0,0,-0.05"
"RBM","RBMCombat_mace_pieces.xml","mace_handle_13","{=AGfMPOWB}Angular Fine Steel Mace Handle","5","Handle","","mace_handle_13","0.54","65","","","","","","","","13.7","","","","","","","","","","","","","","","","","0,0,0.05"
"RBM","RBMCombat_mace_pieces.xml","blacksmith_hammer_handle_1","{=reHxxC6K}Blacksmith Hammer Handle","1","Handle","","blacksmith_hammer_handle","0.1","45","","","","","","","","10.0","0.5","75","true","","","","","","","","","","","","","","0,0,0.25"
"RBM","RBMCombat_mace_pieces.xml","mace_handle_15","{=NmkDgmWW}Steel Horsemans Mace Handle","5","Handle","","mace_handle_15","0.74","80","","","","","","","","13.7","","","","","","","","","","","","","","","","","0,0,-0.1"
"RBM","RBMCombat_mace_pieces.xml","mace_handle_18","{=xa3vFv52}Iron Topped Two Handed Mace Handle","3","Handle","","mace_handle_18","0.720","124","","","","","","","","15","0.6","75","","","","","","","","","","","","","","",""
"RBM","RBMCombat_mace_pieces.xml","mace_handle_19","{=OwA6LLeY}Leather Wrapped Two Handed Mace Handle","2","Handle","","mace_handle_19","0.540","124.2","","","","","","","","13","1","75","","","","","","","","","","","","","","",""
"RBM","RBMCombat_mace_pieces.xml","mace_handle_20","{=NehOioZp}Iron Reinforced Two Handed Mace Handle","4","Handle","","mace_handle_20","0.640","133.2","","","","","","","","19.3","2","75","","","","","","","","","","","","","","","0,0,-0.05"
"RBM","RBMCombat_mace_pieces.xml","mace_handle_1","{=FxCfO3zN}Iron Reinforced Mace Handle","3","Handle","","mace_handle_1","0.332","62.5","","","","","","","","18","","75","","","","","","","","","","","","","","",""
"RBM","RBMCombat_mace_pieces.xml","mace_handle_2","{=hk3d4d35}Redwood Mace Handle","2","Handle","","mace_handle_2","0.16","58.2","","","","","","","","15.5","","","","","","","","","","","","","","","","",""
"RBM","RBMCombat_mace_pieces.xml","mace_handle_11","{=JCYmlrKF}Steel Reinforced Mace Handle","4","Handle","","mace_handle_11","0.34","78","","","","","","","","17","","","","","","","","","","","","","","","","","0,0,-0.05"
"RBM","RBMCombat_mace_pieces.xml","mace_handle_12","{=qZYeu55z}Long Iron Bottomed Mace Handle","3","Handle","","mace_handle_12","0.32","78","","","","","","","","17","","","","","","","","","","","","","","","","","0,0,0.05"
"RBM","RBMCombat_mace_pieces.xml","mace_handle_14","{=57DBqJd1}Leather Wrapped Thick Mace Handle","2","Handle","","mace_handle_14","0.2","45","","","","","","","","13.7","","","","","","","","","","","","","","Civilian","ItemFlags","","0,0,0.1"
"RBM","RBMCombat_mace_pieces.xml","mace_handle_16","{=YUDKID1R}Reinforced Long Ash Mace Handle","4","Handle","","mace_handle_16","0.34","80","","","","","","","","13.7","","","","","","","","","","","","","","","","","0,0,0.05"
"RBM","RBMCombat_mace_pieces.xml","mace_handle_17","{=ybjDbw8p}Long Oaken Mace Handle","2","Handle","","mace_handle_17","0.26","80","","","","","","","","13.7","","","","","","","","","","","","","","","","","0,0,0.05"
"RBM","RBMCombat_mace_pieces.xml","sickle_handle_1","{=0kP9bf7n}Sickle Handle","2","Handle","","sickle_handle_1","0.1","32.8","","","","","","","","13.7","0.1","75","","","","","","","","","","","","","","","0,0,0.1"
"RBM","RBMCombat_sword_blades.xml","wood_blade_1","{=p2xjr5Bp}Wooden Blade","1","Blade","Culture.empire","wood_blade_1","0.4","87.2","","","3","Cut","0.25","Pierce","0.5","","","75","","true","bo_sword_one_handed","","","","wood_weapon","","","","","NoBlood","","",""
"RBM","RBMCombat_sword_blades.xml","wood_blade_2","{=fuIxmJ2g}Heavy Wooden Blade","1","Blade","Culture.empire","wood_blade_1","0.7","87.2","","","3","Cut","0.3","Pierce","0.55","","","75","","true","bo_sword_one_handed","","","","wood_weapon","","","","","NoBlood","","",""
"RBM","RBMCombat_sword_blades.xml","empire_blade_3","{=kuROzU1J}Simple Warsword Blade","1","Blade","Culture.empire","empire_blade_3","0.62","92.4","","","3","Cut","0.4","Pierce","0.65","","","","true","","bo_sword_one_handed","","empire_blade_3_scabbard_3","","metal_weapon","-0.4","","","","Stealth","ItemFlags","",""
"RBM","RBMCombat_sword_blades.xml","vlandian_blade_1","{=q7jHkLam}Fullered Narrow Arming Sword Blade","2","Blade","Culture.vlandia","vlandian_blade_1","0.65","94","","","3","Cut","0.4","Pierce","0.8","","","","","","bo_sword_one_handed","","vlandian_blade_1_scabbard_2","","metal_weapon","","","","","Civilian","ItemFlags","",""
"RBM","RBMCombat_sword_blades.xml","vlandian_blade_1_blunt","{=dNk7UZVD}Fullered Narrow Blunt Arming Sword Blade","2","Blade","Culture.vlandia","vlandian_blade_1","0.65","94","","","3","Cut","0.4","Pierce","0.8","","","","","true","bo_sword_one_handed","","vlandian_blade_1_scabbard_1","","metal_weapon","","","","","Civilian","ItemFlags","",""
"RBM","RBMCombat_sword_blades.xml","vlandian_blade_3","{=mak3naEe}Wide Fullered Broad Two Hander Blade","5","Blade","Culture.vlandia","vlandian_blade_3","0.89","99.4","","","3","Cut","1.2","Pierce","1","","","","","","bo_sword_one_handed","","vlandian_blade_2_scabbard_2","","metal_weapon","","","","","","","",""
"RBM","RBMCombat_sword_blades.xml","vlandian_blade_3_blunt","{=PvB0pW1Q}Wide Fullered Blunt Blade","1","Blade","Culture.vlandia","vlandian_blade_3","0.65","99.4","","","3","Cut","0.4","Pierce","0.65","","","","","true","bo_sword_one_handed","","vlandian_blade_2_scabbard_2","","metal_weapon","","","","","","","",""
"RBM","RBMCombat_sword_blades.xml","vlandian_blade_4","{=zCYuj3yr}Ridged Tipped Arming Sword Blade","3","Blade","Culture.vlandia","vlandian_blade_4","0.64","93.6","","","3","Cut","0.8","Pierce","0.9","","","","","","bo_sword_one_handed","","vlandian_blade_4_scabbard_4","","metal_weapon","","","","","Stealth","ItemFlags","",""
"RBM","RBMCombat_sword_blades.xml","vlandian_blade_5","{=OTtMvvJK}Ridged Arming Sword Blade","4","Blade","Culture.vlandia","vlandian_blade_5","0.66","99.2","","","3","Cut","1","Pierce","1","","","","","","bo_sword_one_handed","","vlandian_blade_5_scabbard_5","","metal_weapon","","","","","","","",""
"RBM","RBMCombat_sword_blades.xml","vlandian_blade_7","{=C89rbAz6}Knightly Arming Sword Blade","4","Blade","Culture.vlandia","vlandian_blade_7","0.6","89","","","3","Cut","1","Pierce","1","","","","","","bo_sword_one_handed","","vlandian_blade_7_scabbard_7","","metal_weapon","","","","","Stealth","ItemFlags","",""
"RBM","RBMCombat_sword_blades.xml","empire_blade_1","{=iuQE1xwL}Narrow Fullered Spatha Blade","3","Blade","Culture.empire","empire_blade_1","0.63","92.3","","","3","Cut","0.8","Pierce","0.9","","","","","","bo_sword_one_handed","","empire_blade_1_scabbard_1","","metal_weapon","","","","","Stealth","ItemFlags","",""
"RBM","RBMCombat_sword_blades.xml","empire_blade_4","{=TUbTwW9U}Flat Ridged Spatha Blade","2","Blade","Culture.empire","empire_blade_4","0.63","91.4","","","3","Cut","0.6","Pierce","0.7","","","","","","bo_sword_one_handed","","empire_blade_4_scabbard_4","","metal_weapon","0","","","","Stealth","ItemFlags","",""
"RBM","RBMCombat_sword_blades.xml","empire_blade_4_blunt","{=pnS90zg8}Flat Ridged Blunt Spatha Blade","2","Blade","Culture.empire","empire_blade_4","0.63","91.4","","","3","Cut","0.6","Pierce","0.7","","","","","true","bo_sword_one_handed","","empire_blade_4_scabbard_4","","metal_weapon","0","","","","Stealth","ItemFlags","",""
"RBM","RBMCombat_sword_blades.xml","empire_blade_5","{=y5A3HGua}Fine Steel Paramerion Blade","4","Blade","Culture.empire","empire_blade_5","0.64","96.4","","","3","Cut","1.2","Pierce","0.8","","","","","","bo_sword_one_handed","","empire_blade_5_scabbard_5","","metal_weapon","","","","","","","",""
"RBM","RBMCombat_sword_blades.xml","empire_blade_6","{=kIbtwQRF}Fine Steel Spatha Blade","4","Blade","Culture.empire","empire_blade_6","0.62","92.8","","","4","Cut","1","Pierce","0.9","","","","","","bo_sword_one_handed","","empire_blade_6_scabbard_1","","metal_weapon","","","","","Stealth","ItemFlags","",""
"RBM","RBMCombat_sword_blades.xml","empire_blade_7","{=dafrn0mR}Thamaskene Steel Spatha Blade","5","Blade","Culture.vlandia","empire_blade_7","0.63","99","","","3","Cut","1.2","Pierce","1","","","","","","bo_sword_one_handed","","empire_blade_7_scabbard_7","","metal_weapon","","","","","","","",""
"RBM","RBMCombat_sword_blades.xml","empire_blade_8","{=c1YI2Nxt}Iron Spatha Blade","2","Blade","Culture.empire","empire_blade_8","0.77","82.17","","","3","Cut","0.6","Pierce","0.7","","","","","","bo_sword_one_handed","","empire_blade_8_scabbard_8","","metal_weapon","0","","","","Civilian","ItemFlags","",""
"RBM","RBMCombat_sword_blades.xml","empire_blade_9","{=wsVbMK6L}Tournament Flat Blade","1","Blade","Culture.empire","empire_blade_9","0.63","82.17","","","3","Cut","0.4","Pierce","0.6","","","","true","","bo_sword_one_handed","","empire_blade_9_scabbard_9","","metal_weapon","0","","","","Stealth","ItemFlags","",""
"RBM","RBMCombat_sword_blades.xml","empire_blade_10","{=TUbTwW9U}Flat Ridged Spatha Blade","2","Blade","Culture.empire","empire_blade_10","0.69","86.7","","","3","Cut","0.6","Pierce","0.7","","","","","","bo_sword_one_handed","","empire_blade_10_scabbard_10","","metal_weapon","0","","","","Stealth","ItemFlags","",""
"RBM","RBMCombat_sword_blades.xml","aserai_blade_1","{=k66YIIWR}Narrow Fine Steel Kaskara Blade","4","Blade","Culture.aserai","aserai_blade_1","0.67","102","","","3","Cut","1.2","Pierce","0.8","","","","","","bo_sword_one_handed","","aserai_blade_1_scabbard_1","","metal_weapon","","","","","","","",""
"RBM","RBMCombat_sword_blades.xml","aserai_blade_2","{=v22onVb2}Slightly Ridged Flyssa Blade","3","Blade","Culture.aserai","aserai_blade_2","0.71","106","","","3","Cut","0.9","Pierce","0.8","","","","","","bo_sword_one_handed","","aserai_blade_2_scabbard_2","","metal_weapon","","","","","","","",""
"RBM","RBMCombat_sword_blades.xml","aserai_blade_3","{=WNch6azL}Iron Scimitar Blade","2","Blade","Culture.aserai","aserai_blade_3","0.64","93.2","","","3","Cut","0.8","Pierce","0.6","","","","","","bo_sword_one_handed","","aserai_blade_3_scabbard_3","","metal_weapon","","","","","Civilian","ItemFlags","",""
"RBM","RBMCombat_sword_blades.xml","aserai_blade_3_blunt","{=NkV2CAmL}Iron Blunt Scimitar Blade","2","Blade","Culture.aserai","aserai_blade_3","0.64","93.2","","","3","Cut","0.8","Pierce","0.6","","","","","true","bo_sword_one_handed","","aserai_blade_3blunt_scabbard_3","","metal_weapon","","","","","Stealth","ItemFlags","",""
"RBM","RBMCombat_sword_blades.xml","aserai_blade_4","{=Qw9HWSY7}Iron Flyssa Blade","2","Blade","Culture.aserai","aserai_blade_4","0.7","104","","","3","Cut","0.7","Pierce","0.7","","","","","","bo_sword_one_handed","","aserai_blade_4_scabbard_4","","metal_weapon","","","","","Civilian","ItemFlags","",""
"RBM","RBMCombat_sword_blades.xml","aserai_blade_4_blunt","{=5l0PBFAe}Iron Flyssa Blunt Blade","2","Blade","Culture.aserai","aserai_blade_4","0.7","104","","","3","Cut","0.7","Pierce","0.7","","","","","true","bo_sword_one_handed","","aserai_blade_4_scabbard_4","","metal_weapon","","","","","Civilian","ItemFlags","",""
"RBM","RBMCombat_sword_blades.xml","aserai_blade_5","{=pX4nTZOI}Fine Steel Broad Kaskara","4","Blade","Culture.battania","aserai_blade_5","0.72","109","","","3","Cut","1.2","Pierce","0.8","","","","","","bo_sword_one_handed","","aserai_blade_5_scabbard_5","","metal_weapon","","","","","","","",""
"RBM","RBMCombat_sword_blades.xml","aserai_blade_8","{=PQ8rR13R}Long Fine Steel Scimitar Blade","4","Blade","Culture.aserai","aserai_blade_8","0.69","105","","","3","Cut","1.2","Pierce","0.8","","","","","","bo_sword_one_handed","","aserai_blade_8_scabbard_8","","metal_weapon","","","","","","","",""
"RBM","RBMCombat_sword_blades.xml","aserai_blade_11","{=aTnuOUCC}Thamaskene Steel Kaskara Blade","5","Blade","Culture.aserai","aserai_blade_11","0.67","102.4","","","3","Cut","1.4","Pierce","0.9","","","","","","bo_sword_one_handed","","aserai_blade_11_scabbard_2","","metal_weapon","","","","","","","",""
"RBM","RBMCombat_sword_blades.xml","aserai_blade_18","{=feVbf7sb}Ridged Short Kaskara Blade","1","Blade","Culture.aserai","aserai_blade_18","0.423","62.3","","","3","Cut","0.6","Pierce","0.5","","","","","","bo_sword_one_handed","","aserai_blade_18_scabbard_18","","metal_weapon","0","","","","","","",""
"RBM","RBMCombat_sword_blades.xml","aserai_blade_19","{=WNch6azL}Iron Scimitar Blade","2","Blade","Culture.aserai","aserai_blade_19","0.465","65.24","","","3","Cut","0.8","Pierce","0.6","","","","","","bo_sword_one_handed","","aserai_blade_19_scabbard_19","","metal_weapon","","","","","","","",""
"RBM","RBMCombat_sword_blades.xml","aserai_blade_20","{=Qw9HWSY7}Iron Flyssa Blade","2","Blade","Culture.aserai","aserai_blade_20","0.68","83.2","","","3","Cut","0.9","Pierce","0.55","","","","","","bo_sword_one_handed","","aserai_blade_20_scabbard_20","","metal_weapon","","","","","","","",""
"RBM","RBMCombat_sword_blades.xml","aserai_blade_21","{=v22onVb2}Slightly Ridged Flyssa Blade","3","Blade","Culture.aserai","aserai_blade_21","0.69","89.76","","","3","Cut","1","Pierce","0.7","","","","","","bo_sword_one_handed","","aserai_blade_21_scabbard_21","","metal_weapon","","","","","","","",""
"RBM","RBMCombat_sword_blades.xml","aserai_blade_22","{=N1qLYlxF}Fine Steel Kaskara Blade","4","Blade","Culture.aserai","aserai_blade_22","0.67","87.87","","","3","Cut","1.2","Pierce","0.8","","","","","","bo_sword_one_handed","","aserai_blade_22_scabbard_22","","metal_weapon","","","","","","","",""
"RBM","RBMCombat_sword_blades.xml","aserai_blade_23","{=N1qLYlxF}Fine Steel Kaskara Blade","4","Blade","Culture.aserai","aserai_blade_23","0.7","90.09","","","3","Cut","1.1","Pierce","0.85","","","","","","bo_sword_one_handed","","aserai_blade_23_scabbard_23","","metal_weapon","","","","","","","",""
"RBM","RBMCombat_sword_blades.xml","aserai_blade_24","{=N1qLYlxF}Fine Steel Kaskara Blade","4","Blade","Culture.aserai","aserai_blade_24","0.71","92.07","","","3","Cut","1.3","Pierce","0.75","","","","","","bo_sword_one_handed","","aserai_blade_24_scabbard_24","","metal_weapon","","","","","","","",""
"RBM","RBMCombat_sword_blades.xml","aserai_blade_25","{=PQ8rR13R}Long Fine Steel Scimitar Blade","4","Blade","Culture.aserai","aserai_blade_25","0.73","94.05","","","3","Cut","1.3","Pierce","0.7","","","","","","bo_sword_one_handed","","aserai_blade_25_scabbard_25","","metal_weapon","","","","","","","",""
"RBM","RBMCombat_sword_blades.xml","aserai_blade_26","{=pX4nTZOI}Fine Steel Broad Kaskara","4","Blade","Culture.aserai","aserai_blade_26","0.89","98.01","","","3","Cut","1.2","Pierce","0.8","","","","","","bo_sword_one_handed","","aserai_blade_26_scabbard_26","","metal_weapon","","","","","","","",""
"RBM","RBMCombat_sword_blades.xml","aserai_blade_27","{=aTnuOUCC}Thamaskene Steel Kaskara Blade","5","Blade","Culture.aserai","aserai_blade_27","0.79","92.07","","","3","Cut","1.5","Pierce","0.9","","","","","","bo_sword_one_handed","","aserai_blade_27_scabbard_27","","metal_weapon","","","","","","","",""
"RBM","RBMCombat_sword_blades.xml","khuzait_blade_1","{=Ld1nfdj4}Fine Steel Saber Blade","4","Blade","Culture.khuzait","khuzait_blade_1","0.62","91.8","","","3","Cut","1.2","Pierce","0.8","","","","","","bo_sword_one_handed","","khuzait_blade_1_scabbard_2","","metal_weapon","","","","","Stealth","ItemFlags","",""
"RBM","RBMCombat_sword_blades.xml","khuzait_blade_2","{=C2hTDlWq}Heavy Saber Blade","4","Blade","Culture.khuzait","khuzait_blade_2","0.64","95","","","3","Cut","1.2","Pierce","0.8","","","","","","bo_sword_one_handed","","khuzait_blade_2_scabbard_2","","metal_weapon","","","","","Civilian","ItemFlags","",""
"RBM","RBMCombat_sword_blades.xml","khuzait_blade_3","{=OHHpwD0F}Straight Saber Blade","3","Blade","Culture.khuzait","khuzait_blade_3","0.61","90.2","","","3","Cut","1","Pierce","0.7","","","","","","bo_sword_one_handed","","khuzait_blade_3_scabbard_3","","metal_weapon","","","","","Stealth","ItemFlags","",""
"RBM","RBMCombat_sword_blades.xml","khuzait_blade_5","{=CODGBskg}Long Saber Blade","3","Blade","Culture.khuzait","khuzait_blade_5","0.67","101","","","3","Cut","1","Pierce","0.7","","","","","","bo_sword_one_handed","","khuzait_blade_5_scabbard_5","","metal_weapon","","","","","Civilian","ItemFlags","",""
"RBM","RBMCombat_sword_blades.xml","khuzait_blade_7","{=wQGWxeCc}Thick Saber Blade","2","Blade","Culture.khuzait","khuzait_blade_7","0.56","82.5","","","3","Cut","0.8","Pierce","0.6","","","","","","bo_sword_one_handed","","","","metal_weapon","","","","","Stealth","ItemFlags","",""
"RBM","RBMCombat_sword_blades.xml","khuzait_blade_7_blunt","{=lz8rSkzE}Thick Blunt Saber Blade","2","Blade","Culture.khuzait","khuzait_blade_7","0.56","82.5","","","3","Cut","0.8","Pierce","0.6","","","","","true","bo_sword_one_handed","","","","metal_weapon","","","","","Stealth","ItemFlags","",""
"RBM","RBMCombat_sword_blades.xml","sturgian_blade_1","{=xbB9Ga5X}Tapered Northern Blade","2","Blade","Culture.sturgia","sturgian_blade_1","0.5","73.7","","","3","Cut","0.6","Pierce","0.7","","","","","","bo_sword_one_handed","","sturgian_blade_1_scabbard_1","","metal_weapon","","","","","Stealth","ItemFlags","",""
"RBM","RBMCombat_sword_blades.xml","sturgian_blade_1_blunt","{=AlIRh9mz}Tapered Blunt Northern Blade","2","Blade","Culture.sturgia","sturgian_blade_1","0.5","73.7","","","3","Cut","0.6","Pierce","0.7","","","","","true","bo_sword_one_handed","","sturgian_blade_1_scabbard_1","","metal_weapon","","","","","Stealth","ItemFlags","",""
"RBM","RBMCombat_sword_blades.xml","sturgian_blade_2","{=7ZWtiHKj}Long Warsword Blade","4","Blade","Culture.sturgia","sturgian_blade_2","0.58","87.3","","","3","Cut","1","Pierce","0.9","","","","","","bo_sword_one_handed","","sturgian_blade_2_scabbard_2","","metal_weapon","","","","","Stealth","ItemFlags","",""
"RBM","RBMCombat_sword_blades.xml","sturgian_blade_5","{=bGfs8gNv}Northern Backsword Blade","3","Blade","Culture.sturgia","sturgian_blade_5","0.5","67.6","","","3","Cut","0.8","Pierce","0.8","","","","","","bo_sword_one_handed","","sturgian_blade_5_scabbard_5","","metal_weapon","","","","","Stealth","ItemFlags","",""
"RBM","RBMCombat_sword_blades.xml","sturgian_blade_6","{=weIT4gUP}Fullered Narrow Warsword Blade","4","Blade","Culture.sturgia","sturgian_blade_6","0.48","74.1","","","3","Cut","1","Pierce","1","","","","","","bo_sword_one_handed","","sturgian_blade_6_scabbard_6","","metal_weapon","","","","","Stealth","ItemFlags","",""
"RBM","RBMCombat_sword_blades.xml","sturgian_blade_7","{=alti0PsZ}Pointy Warsword Blade","3","Blade","Culture.sturgia","sturgian_blade_7","0.5","74.5","","","3","Cut","0.8","Pierce","0.9","","","","","","bo_sword_one_handed","","sturgian_blade_7_scabbard_7","","metal_weapon","","","","","Stealth","ItemFlags","",""
"RBM","RBMCombat_sword_blades.xml","sturgian_blade_8","{=QIo60ZKh}Fullered Long Warsword Blade","5","Blade","Culture.sturgia","sturgian_blade_8","0.57","87.3","","","3","Cut","1.2","Pierce","1","","","","","","bo_sword_one_handed","","sturgian_blade_8_scabbard_2","","metal_weapon","","","","","Stealth","ItemFlags","",""
"RBM","RBMCombat_sword_blades.xml","battania_blade_1","{=rKnBJPfp}Fine Steel Cavalry Broadsword Blade","4","Blade","Culture.battania","battania_blade_1","0.66","98.9","","","3","Cut","1","Pierce","0.9","","","","","","bo_sword_one_handed","","battania_blade_1_scabbard_1","","metal_weapon","","","","","","","",""
"RBM","RBMCombat_sword_blades.xml","battania_blade_2","{=4OefdTD1}Ridged Short Gladius Blade","1","Blade","Culture.empire","battania_blade_2","0.39","57.2","","","3","Cut","0.4","Pierce","0.75","","","","","","bo_sword_one_handed","","battania_blade_2_scabbard_2","","metal_weapon","","","","","Stealth","ItemFlags","",""
"RBM","RBMCombat_sword_blades.xml","battania_blade_3","{=QCE1sAu3}Broadsword Blade","3","Blade","Culture.battania","battania_blade_3","0.85","80.8","","","3","Cut","0.8","Pierce","0.8","","","","","","bo_sword_one_handed","","battania_blade_3_scabbard_3","","metal_weapon","","","","","Stealth","ItemFlags","",""
"RBM","RBMCombat_sword_blades.xml","battania_blade_3_blunt","{=HbCb0T6W}Blunt Broadsword Blade","3","Blade","Culture.battania","battania_blade_3","1.3","80.8","","","3","Cut","0.8","Pierce","0.8","","","","","true","bo_sword_one_handed","","battania_blade_3_scabbard_3","","metal_weapon","","","","","Stealth","ItemFlags","",""
"RBM","RBMCombat_sword_blades.xml","battania_blade_4","{=zAdloN6Y}Broad Ridged Shortsword Blade","3","Blade","Culture.battania","battania_blade_4","0.45","67.4","","","3","Cut","0.8","Pierce","0.8","","","","","","bo_sword_one_handed","","battania_blade_4_scabbard_4","","metal_weapon","","","","","Stealth","ItemFlags","",""
"RBM","RBMCombat_sword_blades.xml","battania_blade_5","{=swb45HVS}Mountain Blade","5","Blade","Culture.battania","battania_blade_5","0.53","80.8","","","3","Cut","1.2","Pierce","1","","","","","","bo_sword_one_handed","","battania_blade_5_scabbard_5","","metal_weapon","","","","","Stealth","ItemFlags","",""
"RBM","RBMCombat_sword_blades.xml","battania_blade_8","{=rKnBJPfp}Fine Steel Cavalry Broadsword Blade","4","Blade","Culture.battania","battania_blade_8","0.8","89.01","","","3","Cut","1","Pierce","0.7","","","","","","bo_sword_one_handed","","battania_blade_8_scabbard_8","","metal_weapon","","","","","","","",""
"RBM","RBMCombat_sword_blades.xml","battania_blade_9","{=swb45HVS}Mountain Blade","5","Blade","Culture.battania","battania_blade_9","0.71","84.84","","","3","Cut","1.2","Pierce","1","","","","","","bo_sword_one_handed","","battania_blade_9_scabbard_9","","metal_weapon","","","","","Stealth","ItemFlags","",""
"RBM","RBMCombat_sword_blades.xml","battania_blade_10","{=gdVNxGZU}Ridged Short Blade","1","Blade","Culture.empire","battania_blade_10","0.49","68.52","","","3","Cut","0.4","Pierce","0.6","","","","","","bo_sword_one_handed","","battania_blade_10_scabbard_10","","metal_weapon","","","","","Stealth","ItemFlags","",""
"RBM","RBMCombat_sword_blades.xml","battania_blade_3_iron","{=3Y7plSBX}Iron Broadsword Blade","2","Blade","Culture.battania","battania_blade_3_iron","1.0","80.8","","","3","Cut","0.6","Pierce","0.7","","","","","","bo_sword_one_handed","","battania_blade_3_scabbard_3","","metal_weapon","","","","","Stealth","ItemFlags","",""
"RBM","RBMCombat_sword_blades.xml","battania_blade_3_iron_blunt","{=oXXWEUYY}Iron Blunt Broadsword Blade","2","Blade","Culture.battania","battania_blade_3_iron","1.0","80.8","","","3","Cut","0.6","Pierce","0.7","","","","","true","bo_sword_one_handed","","battania_blade_3_scabbard_3","","metal_weapon","","","","","Stealth","ItemFlags","",""
"RBM","RBMCombat_sword_blades.xml","sturgian_blade_3","{=GXhZ8NKv}Wide Fullered Northern Blade","3","Blade","Culture.sturgia","sturgian_blade_3","0.85","87.3","","","3","Cut","0.8","Pierce","0.8","","","","","","bo_sword_one_handed","","sturgian_blade_3_scabbard_3","","metal_weapon","","","","","Stealth","ItemFlags","",""
"RBM","RBMCombat_sword_blades.xml","vlandian_blade_9","{=i7d3En7L}Hooked Falchion Blade","2","Blade","","vlandian_blade_9","0.85","62.5","","","3","Cut","0.8","Pierce","0.6","","","","","","bo_sword_one_handed","","vlandian_blade_9_scabbard_9","","metal_weapon","","","","","Stealth","ItemFlags","",""
"RBM","RBMCombat_sword_blades.xml","vlandian_blade_11","{=qyaS75Gr}Wide Fullered Broad Blade","5","Blade","Culture.vlandia","vlandian_blade_11","1.05","89.46","","","3","Cut","1.3","Pierce","0.95","","","","","","bo_sword_one_handed","","vlandian_blade_11_scabbard_11","","metal_weapon","","","","","","","",""
"RBM","RBMCombat_sword_blades.xml","vlandian_blade_12","{=OTtMvvJK}Ridged Arming Sword Blade","4","Blade","Culture.vlandia","vlandian_blade_12","0.8","89.1","","","3","Cut","0.9","Pierce","1","","","","","","bo_sword_one_handed","","vlandian_blade_12_scabbard_12","","metal_weapon","","","","","","","",""
"RBM","RBMCombat_sword_blades.xml","vlandian_blade_13","{=zCYuj3yr}Ridged Tipped Arming Sword Blade","3","Blade","Culture.vlandia","vlandian_blade_13","0.75","84.15","","","3","Cut","0.7","Pierce","0.9","","","","","","bo_sword_one_handed","","vlandian_blade_13_scabbard_13","","metal_weapon","","","","","Stealth","ItemFlags","",""
"RBM","RBMCombat_sword_blades.xml","vlandian_blade_14","{=q7jHkLam}Fullered Narrow Arming Sword Blade","2","Blade","Culture.vlandia","vlandian_blade_14","0.88","75.68","","","3","Cut","0.5","Pierce","0.8","","","","","","bo_sword_one_handed","","vlandian_blade_14_scabbard_14","","metal_weapon","","","","","Stealth","ItemFlags","",""
"RBM","RBMCombat_sword_blades.xml","khuzait_blade_6","{=czhTpYo8}Iron Saber Blade","2","Blade","Culture.khuzait","khuzait_blade_6","0.66","82.6","","","3","Cut","0.8","Pierce","0.6","","","","","","bo_sword_one_handed","","","","metal_weapon","","","","","Stealth","ItemFlags","",""
"RBM","RBMCombat_sword_blades.xml","empire_blade_2","{=c1YI2Nxt}Iron Spatha Blade","2","Blade","Culture.empire","empire_blade_2","0.85","92.4","","","3","Cut","0.6","Pierce","0.7","","","","","","bo_sword_one_handed","","empire_blade_1_scabbard_1","","metal_weapon","0","","","","Stealth","ItemFlags","",""
"RBM","RBMCombat_sword_blades.xml","cleaver_blade_4","{=gTzMtKYu}Star Falchion Blade Head","3","Blade","Culture.vlandia","cleaver_blade_4","1.15","96.4","","","3","Cut","1.1","","","","","","","","bo_sword_one_handed","","","","metal_weapon","","","","thrust","","","",""
"RBM","RBMCombat_sword_blades.xml","khuzait_noble_blade_4","{=R7OBSozV}Short Thick Ild Blade","1","Blade","Culture.khuzait","khuzait_noble_blade_4","0.82","85","","","3","Cut","0.6","Pierce","0.55","","","","","","bo_sword_one_handed","","khuzait_noble_blade_4_scabbard_4","","metal_weapon","0","","","","Civilian","ItemFlags","",""
"RBM","RBMCombat_sword_blades.xml","khuzait_noble_blade_5","{=AKJzOQkF}Eastern Backsword Blade","2","Blade","Culture.khuzait","khuzait_noble_blade_5","1","87.6","","","3","Cut","0.8","Pierce","0.7","","","","","","bo_sword_one_handed","","khuzait_noble_blade_5_scabbard_5","","metal_weapon","0","","","","Civilian","ItemFlags","",""
"RBM","RBMCombat_sword_blades.xml","khuzait_noble_blade_6","{=SJssgxmf}Decorated Ild Blade","5","Blade","Culture.khuzait","khuzait_noble_blade_6","0.9","87","","","3","Cut","1.5","Pierce","1","","","","","","bo_sword_one_handed","","khuzait_noble_blade_6_scabbard_6","","metal_weapon","0","","","","Civilian","ItemFlags","",""
"RBM","RBMCombat_sword_blades.xml","khuzait_noble_blade_7","{=R7OBSozV}Short Thick Ild Blade","1","Blade","Culture.khuzait","khuzait_noble_blade_7","0.95","73","","","3","Cut","0.6","Pierce","0.5","","","","","","bo_sword_one_handed","","khuzait_noble_blade_7_scabbard_7","","metal_weapon","0","","","","Civilian","ItemFlags","",""
"RBM","RBMCombat_sword_blades.xml","sturgian_blade_9","{=BXW4LeQT}Wide Fullered Short Blade","3","Blade","Culture.sturgia","sturgian_blade_9","0.6","56.2","","","3","Cut","0.8","Pierce","0.8","","","","","","bo_sword_one_handed","","sturgian_blade_9_scabbard_9","","metal_weapon","","","","","Stealth","ItemFlags","",""
"RBM","RBMCombat_sword_blades.xml","sturgian_blade_10","{=QIo60ZKh}Fullered Long Warsword Blade","5","Blade","Culture.sturgia","sturgian_blade_10","0.84","105","","","3","Cut","1.2","Pierce","1","","","","","","bo_sword_one_handed","","sturgian_blade_10_scabbard_10","","metal_weapon","","","","","Civilian","ItemFlags","",""
"RBM","RBMCombat_sword_blades.xml","sturgian_blade_11","{=7ZWtiHKj}Long Warsword Blade","4","Blade","Culture.sturgia","sturgian_blade_11","0.68","87.8","","","3","Cut","1","Pierce","0.9","","","","","","bo_sword_one_handed","","sturgian_blade_11_scabbard_11","","metal_weapon","","","","","Stealth","ItemFlags","",""
"RBM","RBMCombat_sword_blades.xml","sturgian_blade_12","{=alti0PsZ}Pointy Warsword Blade","3","Blade","Culture.sturgia","sturgian_blade_12","0.56","81.9","","","3","Cut","0.75","Pierce","0.9","","","","","","bo_sword_one_handed","","sturgian_blade_12_scabbard_12","","metal_weapon","","","","","Stealth","ItemFlags","",""
"RBM","RBMCombat_sword_blades.xml","sturgian_blade_13","{=weIT4gUP}Fullered Narrow Warsword Blade","4","Blade","Culture.sturgia","sturgian_blade_13","0.54","75.2","","","3","Cut","0.95","Pierce","1","","","","","","bo_sword_one_handed","","sturgian_blade_13_scabbard_13","","metal_weapon","","","","","Stealth","ItemFlags","",""
"RBM","RBMCombat_sword_blades.xml","sturgian_blade_14","{=bGfs8gNv}Northern Backsword Blade","3","Blade","Culture.sturgia","sturgian_blade_14","0.5","75","","","3","Cut","0.8","Pierce","0.8","","","","","","bo_sword_one_handed","","sturgian_blade_14_scabbard_14","","metal_weapon","","","","","Stealth","ItemFlags","",""
"RBM","RBMCombat_sword_blades.xml","sturgian_blade_15","{=XtneitaD}Fine Steel Warsword Blade","4","Blade","Culture.sturgia","sturgian_blade_15","0.8","74.4","","","3","Cut","1","Pierce","0.9","","","","","","bo_sword_one_handed","","sturgian_blade_15_scabbard_15","","metal_weapon","","","","","Stealth","ItemFlags","",""
"RBM","RBMCombat_sword_blades.xml","sturgian_blade_16","{=BXW4LeQT}Wide Fullered Short Blade","3","Blade","Culture.sturgia","sturgian_blade_16","0.7","72.92","","","3","Cut","0.9","Pierce","0.75","","","","","","bo_sword_one_handed","","sturgian_blade_16_scabbard_16","","metal_weapon","","","","","Stealth","ItemFlags","",""
"RBM","RBMCombat_sword_blades.xml","vlandian_blade_6","{=tSaAzzYe}Ridged Narrow Blade","1","Blade","Culture.vlandia","vlandian_blade_6","0.85","92.7","","","3","Cut","0.4","Pierce","0.75","","","","","","bo_sword_one_handed","","vlandian_blade_6_scabbard_6","","metal_weapon","","","","","Stealth","ItemFlags","",""
"RBM","RBMCombat_sword_blades.xml","cleaver_blade_1","{=hRfqLq4V}Falchion Blade","3","Blade","Culture.aserai","cleaver_blade_1","0.92","98.1","","","3","Cut","1","Pierce","0.7","","","","","","bo_sword_one_handed","","","","metal_weapon","","","","","","","",""
"RBM","RBMCombat_sword_blades.xml","cleaver_blade_3","{=G8Fb2RPa}Pointed Falchion Blade","4","Blade","Culture.aserai","cleaver_blade_3","0.92","101","","","3","Cut","1.3","","","","","","","","bo_sword_one_handed","","","","metal_weapon","","","","thrust","","","",""
"RBM","RBMCombat_sword_blades.xml","khuzait_blade_8","{=19a3jJ1s}Ridged Great Saber Blade","4","Blade","Culture.khuzait","khuzait_blade_8","0.72","99.9","","","3","Cut","1.2","Pierce","0.8","","","","","","bo_sword_one_handed","","khuzait_blade_8_scabbard_8","","metal_weapon","0","","","","","","",""
"RBM","RBMCombat_sword_blades.xml","khuzait_blade_9","{=czhTpYo8}Iron Saber Blade","2","Blade","Culture.khuzait","khuzait_blade_9","0.62","78.375","","","3","Cut","0.8","Pierce","0.7","","","","","","bo_sword_one_handed","","","","metal_weapon","","","","","Stealth","ItemFlags","",""
"RBM","RBMCombat_sword_blades.xml","vlandian_blade_2","{=KFqa2uF1}Broad Two Hander Blade","4","Blade","Culture.vlandia","vlandian_blade_2","0.76","99.4","","","3","Cut","1","Pierce","0.9","","","","","","bo_sword_one_handed","","vlandian_blade_2_scabbard_2","","metal_weapon","","","","","","","",""
"RBM","RBMCombat_sword_blades.xml","aserai_blade_7","{=N1qLYlxF}Fine Steel Kaskara Blade","4","Blade","Culture.aserai","aserai_blade_7","0.79","100.1","","","3","Cut","1.2","Pierce","0.8","","","","","","bo_sword_one_handed","","aserai_blade_7_scabbard_7","","metal_weapon","","","","","","","",""
"RBM","RBMCombat_sword_blades.xml","vlandian_noble_blade_4","{=UKWwPPkx}Arming Sword Blade With Golden Petals Imprint","5","Blade","Culture.vlandia","vlandian_noble_blade_4","0.52","68","","","3","Cut","1.4","Pierce","1.2","","","","","","bo_sword_one_handed","","vlandian_noble_blade_4_scabbard_4","","metal_weapon","","","","","Stealth","ItemFlags","",""
"RBM","RBMCombat_sword_blades.xml","vlandian_noble_blade_5","{=O2kPKeuK}Arming Sword Blade With Gold Engraving","5","Blade","Culture.vlandia","vlandian_noble_blade_5","0.8","104.3","","","3","Cut","1.3","Pierce","1.2","","","","","","bo_sword_one_handed","","vlandian_noble_blade_5_scabbard_5","","metal_weapon","","","","","Civilian","ItemFlags","",""
"RBM","RBMCombat_sword_blades.xml","vlandian_noble_blade_6","{=uuover9F}Short Arming Sword Blade","5","Blade","Culture.vlandia","vlandian_noble_blade_6","0.7","96.6","","","3","Cut","1.2","Pierce","1.3","","","","","","bo_sword_one_handed","","vlandian_noble_blade_6_scabbard_6","","metal_weapon","","","","","Civilian","ItemFlags","",""
"RBM","RBMCombat_sword_blades.xml","vlandian_noble_blade_7","{=UKWwPPkx}Arming Sword Blade With Golden Petals Imprint","5","Blade","Culture.vlandia","vlandian_noble_blade_7","0.6","74.8","","","3","Cut","1.3","Pierce","1.2","","","","","","bo_sword_one_handed","","vlandian_noble_blade_7_scabbard_7","","metal_weapon","","","","","Civilian","ItemFlags","",""
"RBM","RBMCombat_sword_blades.xml","vlandian_noble_blade_8","{=uuover9F}Short Arming Sword Blade","5","Blade","Culture.vlandia","vlandian_noble_blade_8","0.6","81","","","3","Cut","1.2","Pierce","1.3","","","","","","bo_sword_one_handed","","vlandian_noble_blade_8_scabbard_8","","metal_weapon","","","","","Civilian","ItemFlags","",""
"RBM","RBMCombat_sword_blades.xml","vlandian_noble_blade_1","{=bki9u9FW}Arming Sword Blade With Golden Circle Imprint","5","Blade","Culture.vlandia","vlandian_noble_blade_1","0.6","74.3","","","3","Cut","1.4","Pierce","1.2","","","","","","bo_sword_one_handed","","vlandian_noble_blade_1_scabbard_1","","metal_weapon","","","","","Civilian","ItemFlags","",""
"RBM","RBMCombat_sword_blades.xml","empire_noble_blade_1","{=PQThPvP6}Decorated Short Spatha Blade","5","Blade","Culture.empire","empire_noble_blade_1","0.66","84.7","","","3","Cut","1.4","Pierce","1.1","","","","","","bo_sword_one_handed","","empire_noble_blade_1_scabbard_1","","metal_weapon","","","","","Civilian","ItemFlags","",""
"RBM","RBMCombat_sword_blades.xml","aserai_noble_blade_2","{=gwkR6TZL}Decorated Kaskara Blade","5","Blade","Culture.aserai","aserai_noble_blade_2","0.66","93.2","","","3","Cut","1.6","Pierce","1","","","","","","bo_sword_one_handed","","aserai_noble_blade_2_scabbard_2","","metal_weapon","","","","","Stealth","ItemFlags","",""
"RBM","RBMCombat_sword_blades.xml","aserai_noble_blade_1","{=T1xFTaOf}Decorated Long Scimitar Blade","5","Blade","Culture.aserai","aserai_noble_blade_1","0.69","90","","","3","Cut","1.6","Pierce","1","","","","","","bo_sword_one_handed","","aserai_noble_blade_1_scabbard_1","","metal_weapon","","","","","Stealth","ItemFlags","",""
"RBM","RBMCombat_sword_blades.xml","khuzait_noble_blade_2","{=SJssgxmf}Decorated Ild Blade","5","Blade","Culture.khuzait","khuzait_noble_blade_2","0.72","72.5","","","3","Cut","1.5","Pierce","1.1","","","","","","bo_sword_one_handed","","khuzait_noble_blade_2_scabbard_2","","metal_weapon","0","","","","Civilian","ItemFlags","",""
"RBM","RBMCombat_sword_blades.xml","khuzait_noble_blade_1","{=PqoJ1ZeB}Decorated Saber Blade","5","Blade","Culture.khuzait","khuzait_noble_blade_1","0.66","89.5","","","3","Cut","1.6","Pierce","1","","","","","","bo_sword_one_handed","","khuzait_noble_blade_1_scabbard_1","","metal_weapon","0","","","","Civilian","ItemFlags","",""
"RBM","RBMCombat_sword_blades.xml","sturgian_noble_blade_2","{=mSNaSLiC}Thamaskene Steel Warsword Blade","5","Blade","Culture.sturgia","sturgian_noble_blade_2","0.6","61.4","","","3","Cut","1.4","Pierce","1.1","","","","","","bo_sword_one_handed","","sturgian_noble_blade_2_scabbard_2","","metal_weapon","","","","","Stealth","ItemFlags","",""
"RBM","RBMCombat_sword_blades.xml","sturgian_noble_blade_3","{=vx2VIbmb}Decorated Long Warsword Blade","5","Blade","Culture.sturgia","sturgian_noble_blade_3","0.6","73.5","","","3","Cut","1.4","Pierce","1.1","","","","","","bo_sword_one_handed","","sturgian_noble_blade_3_scabbard_3","","metal_weapon","","","","","Civilian","ItemFlags","",""
"RBM","RBMCombat_sword_blades.xml","battania_noble_blade_1","{=5Xoa1EFa}Engraved Backsword Blade","5","Blade","Culture.battania","battania_noble_blade_1","0.66","96","","","3","Cut","1.4","Pierce","1.1","","","","","","bo_sword_one_handed","","battania_noble_blade_1_scabbard_3","","metal_weapon","","","","","Civilian","ItemFlags","",""
"RBM","RBMCombat_sword_blades.xml","battania_blade_3_fine_steel","{=finesteelbladecraftingpiece}Highland Fine Steel Blade","4","Blade","Culture.battania","battania_blade_3_fine_steel","0.66","80.8","","","3","Cut","1","Pierce","0.9","","","","","","bo_sword_one_handed","","battania_blade_3_scabbard_3","","metal_weapon","","","","","Stealth","ItemFlags","",""
"RBM","RBMCombat_sword_blades.xml","vlandian_blade_8","{=ZJrqEfBF}Tapered Kaskara Blade","3","Blade","Culture.aserai","vlandian_blade_8","0.79","80.9","","","3","Cut","1","Pierce","0.7","","","","","","bo_sword_one_handed","","vlandian_blade_8_scabbard_8","","metal_weapon","","","","","Stealth","ItemFlags","",""
"RBM","RBMCombat_sword_blades.xml","aserai_blade_9","{=3wn1WbIx}Ridged Long Kaskara Blade","1","Blade","Culture.aserai","aserai_blade_9","0.89","93","","","3","Cut","0.6","Pierce","0.55","","","","","","bo_sword_one_handed","","aserai_blade_9_scabbard_9","","metal_weapon","","","","","Civilian","ItemFlags","",""
"RBM","RBMCombat_sword_blades.xml","sturgian_blade_4","{=XtneitaD}Fine Steel Warsword Blade","4","Blade","Culture.sturgia","sturgian_blade_4","0.66","73.4","","","3","Cut","1","Pierce","0.9","","0","","","","bo_sword_one_handed","","sturgian_blade_4_scabbard_4","","metal_weapon","0","","","","Stealth","ItemFlags","",""
"RBM","RBMCombat_sword_blades.xml","cleaver_blade_5","{=2mo4gsuh}War Razor Blade","4","Blade","Culture.vlandia","cleaver_blade_5","0.79","103.4","","","3","Cut","1.1","Pierce","0.9","","","","","","bo_sword_one_handed","","","","metal_weapon","","","","","","","",""
"RBM","RBMCombat_sword_blades.xml","cleaver_blade_6","{=2mo4gsuh}War Razor Blade","4","Blade","Culture.vlandia","cleaver_blade_6","0.9","93.06","","","3","Cut","1.2","Pierce","0.9","","","","","","bo_sword_one_handed","","","","metal_weapon","","","","","","","",""
"RBM","RBMCombat_sword_blades.xml","cleaver_blade_7","{=YkWqmDEK}Broad Falchion Blade Head","3","Blade","Culture.aserai","cleaver_blade_7","1.05","80.08","","","3","Cut","1","Pierce","0.8","","","","","","bo_sword_one_handed","","","","metal_weapon","","","","","","","",""
"RBM","RBMCombat_sword_blades.xml","cleaver_blade_8","{=hRfqLq4V}Falchion Blade","3","Blade","Culture.aserai","cleaver_blade_8","1.0","78.32","","","3","Cut","1","Pierce","0.8","","","","","","bo_sword_one_handed","","","","metal_weapon","","","","","","","",""
"RBM","RBMCombat_sword_blades.xml","cleaver_blade_2","{=YkWqmDEK}Broad Falchion Blade Head","3","Blade","Culture.aserai","cleaver_blade_2","1.0","101","","","3","Cut","1","Pierce","0.7","","","","","","bo_sword_one_handed","","","","metal_weapon","","","","","","","",""
"RBM","RBMCombat_sword_blades.xml","aserai_blade_10","{=N1qLYlxF}Fine Steel Kaskara Blade","4","Blade","Culture.aserai","aserai_blade_10","0.79","100","","","3","Cut","1.2","Pierce","0.8","","","","","","bo_sword_one_handed","","aserai_blade_10_scabbard_10","","metal_weapon","","","","","","","",""
"RBM","RBMCombat_sword_blades.xml","empire_blade_3_blunt","{=wsVbMK6L}Tournament Flat Blade","1","Blade","Culture.empire","empire_blade_3","0.64","92.4","","","3","Cut","0.4","Pierce","0.65","","","","","true","bo_sword_one_handed","","empire_noble_blade_2_scabbard_2","","metal_weapon","0","","","","Civilian","ItemFlags","",""
"RBM","RBMCombat_sword_blades.xml","empire_noble_blade_2","{=0Y0kaTwm}Simple Spatha Blade","1","Blade","Culture.empire","empire_noble_blade_2","0.85","95.8","","","3","Cut","0.4","Pierce","0.65","","","","","","bo_sword_one_handed","","empire_noble_blade_2_scabbard_2","","metal_weapon","","","","","Civilian","ItemFlags","",""
"RBM","RBMCombat_sword_blades.xml","empire_noble_blade_3","{=N3VXsh2z}Steel Paramerion Blade","3","Blade","Culture.empire","empire_noble_blade_3","0.79","83.6","","","3","Cut","1","Pierce","0.7","","","","","","bo_sword_one_handed","","empire_noble_blade_3_scabbard_3","","metal_weapon","","","","","Civilian","ItemFlags","",""
"RBM","RBMCombat_sword_blades.xml","empire_noble_blade_4","{=HwCYBWq2}Sharp Tipped Spatha Blade","4","Blade","Culture.empire","empire_noble_blade_4","0.79","95.8","","","3","Cut","1","Pierce","1","","","","","","bo_sword_one_handed","","empire_noble_blade_4_scabbard_4","","metal_weapon","","","","","Civilian","ItemFlags","",""
"RBM","RBMCombat_sword_blades.xml","sturgian_noble_blade_1","{=VbpiYB68}Decorated Wide Fullered Short Blade","5","Blade","Culture.sturgia","sturgian_noble_blade_1","0.6","61.4","","","3","Cut","1.4","Pierce","1.1","","","","","","bo_sword_one_handed","","sturgian_noble_blade_1_scabbard_1","","metal_weapon","","","","","Civilian","ItemFlags","",""
"RBM","RBMCombat_sword_blades.xml","sturgian_noble_blade_4","{=blaVlvm2}Decorated Short Warsword Blade","5","Blade","Culture.sturgia","sturgian_noble_blade_4","0.46","74","","","3","Cut","1.4","Pierce","1.1","","","","","","bo_sword_one_handed","","sturgian_noble_blade_4_scabbard_4","","metal_weapon","","","","","Civilian","ItemFlags","",""
"RBM","RBMCombat_sword_blades.xml","sturgian_noble_blade_5","{=blaVlvm2}Decorated Short Warsword Blade","5","Blade","Culture.sturgia","sturgian_noble_blade_5","0.5","88.8","","","3","Cut","1.5","Pierce","1.05","","","","","","bo_sword_one_handed","","sturgian_noble_blade_5_scabbard_5","","metal_weapon","","","","","Civilian","ItemFlags","",""
"RBM","RBMCombat_sword_blades.xml","sturgian_noble_blade_6","{=P5dUGIl7}Decorated Warsword Blade","5","Blade","Culture.sturgia","sturgian_noble_blade_6","0.7","87.6","","","3","Cut","1.3","Pierce","1.15","","","","","","bo_sword_one_handed","","sturgian_noble_blade_6_scabbard_6","","metal_weapon","","","","","Civilian","ItemFlags","",""
"RBM","RBMCombat_sword_blades.xml","sturgian_noble_blade_7","{=mSNaSLiC}Thamaskene Steel Warsword Blade","5","Blade","Culture.sturgia","sturgian_noble_blade_7","0.65","73.68","","","3","Cut","1.5","Pierce","1.15","","","","","","bo_sword_one_handed","","sturgian_noble_blade_7_scabbard_7","","metal_weapon","","","","","Civilian","ItemFlags","",""
"RBM","RBMCombat_sword_blades.xml","sturgian_noble_blade_8","{=VbpiYB68}Decorated Wide Fullered Short Blade","5","Blade","Culture.sturgia","sturgian_noble_blade_8","0.7","67.54","","","3","Cut","1.4","Pierce","1.1","","","","","","bo_sword_one_handed","","sturgian_noble_blade_8_scabbard_8","","metal_weapon","","","","","Civilian","ItemFlags","",""
"RBM","RBMCombat_sword_blades.xml","khuzait_noble_blade_3","{=AKJzOQkF}Eastern Backsword Blade","2","Blade","Culture.khuzait","khuzait_noble_blade_3","0.85","72.7","","","3","Cut","0.6","Pierce","0.7","","","","","","bo_sword_one_handed","","khuzait_noble_blade_3_scabbard_3","","metal_weapon","0","","","","Civilian","ItemFlags","",""
"RBM","RBMCombat_sword_blades.xml","vlandian_noble_blade_2","{=O2kPKeuK}Arming Sword Blade With Gold Engraving","5","Blade","Culture.vlandia","vlandian_noble_blade_2","0.66","74.5","","","3","Cut","1.4","Pierce","1.2","","","","","","bo_sword_one_handed","","vlandian_noble_blade_2_scabbard_2","","metal_weapon","","","","","Civilian","ItemFlags","",""
"RBM","RBMCombat_sword_blades.xml","vlandian_noble_blade_3","{=uuover9F}Short Arming Sword Blade","5","Blade","Culture.vlandia","vlandian_noble_blade_3","0.52","67.5","","","3","Cut","1.2","Pierce","1.1","","","","","","bo_sword_one_handed","","vlandian_noble_blade_3_scabbard_3","","metal_weapon","","","","","Civilian","ItemFlags","",""
"RBM","RBMCombat_sword_blades.xml","aserai_noble_blade_3","{=RdVX1jC0}Engraved Kaskara Blade","5","Blade","Culture.aserai","aserai_noble_blade_3","0.6","71.1","","","3","Cut","1.6","Pierce","1","","","","","","bo_sword_one_handed","","aserai_noble_blade_3_scabbard_3","","metal_weapon","","","","","Civilian","ItemFlags","",""
"RBM","RBMCombat_sword_blades.xml","aserai_noble_blade_4","{=xYgJN0Ja}Decorated Scimitar Blade","5","Blade","Culture.aserai","aserai_noble_blade_4","0.66","87.4","","","3","Cut","1.6","Pierce","1","","","","","","bo_sword_one_handed","","aserai_noble_blade_4_scabbard_4","","metal_weapon","","","","","Civilian","ItemFlags","",""
"RBM","RBMCombat_sword_blades.xml","aserai_noble_blade_5","{=RdVX1jC0}Engraved Kaskara Blade","5","Blade","Culture.aserai","aserai_noble_blade_5","0.684","85.2","","","3","Cut","1.4","Pierce","1","","","","","","bo_sword_one_handed","","aserai_noble_blade_5_scabbard_5","","metal_weapon","","","","","Stealth","ItemFlags","",""
"RBM","RBMCombat_sword_blades.xml","aserai_noble_blade_6","{=xYgJN0Ja}Decorated Scimitar Blade","5","Blade","Culture.aserai","aserai_noble_blade_6","0.79","91.77","","","3","Cut","1.5","Pierce","0.95","","","","","","bo_sword_one_handed","","aserai_noble_blade_6_scabbard_6","","metal_weapon","","","","","Stealth","ItemFlags","",""
"RBM","RBMCombat_sword_blades.xml","battania_blade_3_crude_iron","{=EBlx3VId}Highland Crude Iron Blade","1","Blade","Culture.battania","battania_blade_3_crude_iron","0.92","80.8","","","3","Cut","0.4","Pierce","0.65","","","","","","bo_sword_one_handed","","battania_blade_3_scabbard_3","","metal_weapon","","","","","Stealth","ItemFlags","",""
"RBM","RBMCombat_sword_blades.xml","battania_blade_3_steel","{=oW5N04JL}Highland Steel Blade","3","Blade","Culture.battania","battania_blade_3_steel","0.72","80.8","","","3","Cut","0.8","Pierce","0.8","","","","","","bo_sword_one_handed","","battania_blade_3_scabbard_3","","metal_weapon","","","","","Stealth","ItemFlags","",""
"RBM","RBMCombat_sword_blades.xml","battania_noble_blade_2","{=Izstbt9y}Highland Decorated Blade","5","Blade","Culture.battania","battania_noble_blade_2","0.6","93.2","","","3","Cut","1.7","","","","","","","","bo_sword_one_handed","","battania_noble_blade_2_scabbard_2","","metal_weapon","","","","thrust","Civilian","ItemFlags","",""
"RBM","RBMCombat_sword_blades.xml","dagger_blade_13_blunt","{=GFBFgA7R}Broad Blunt Dagger Blade","2","Blade","","dagger_blade_13","0.475","29","","","3","Cut","0.6","Pierce","0.8","","","","","true","bo_knife_a","","throwing_dagger_quiver_1","35.8","metal_weapon","","","","","Civilian","ItemFlags","",""
"RBM","RBMCombat_sword_blades.xml","dagger_blade_11","{=ykTYTbek}Throwing Knife Blade","2","Blade","","dagger_blade_11","0.250","30","","","3","Cut","0.8","Pierce","0.8","","","","","","bo_knife_a","","throwing_dagger_quiver_2","35.8","metal_weapon","","","","","Stealth","ItemFlags","",""
"RBM","RBMCombat_sword_blades.xml","dagger_blade_1","{=gXUXjtuL}Kama Blade","5","Blade","","dagger_blade_1","0.305","39","","","3","Cut","1.1","Pierce","1.4","","","","true","","bo_knife_a","","dagger_blade_1_scabbard_1","","metal_weapon","","","","","Stealth","ItemFlags","",""
"RBM","RBMCombat_sword_blades.xml","dagger_blade_2","{=dtSrK9bs}Broad Seax Blade","2","Blade","","dagger_blade_2","0.310","40","","","3","Cut","0.8","Pierce","0.8","","","","","","bo_knife_a","","dagger_blade_2_scabbard_1","","metal_weapon","","","","","Stealth","ItemFlags","",""
"RBM","RBMCombat_sword_blades.xml","dagger_blade_3","{=aBnaaaHv}Long Seax Blade","3","Blade","","dagger_blade_3","0.42","47","","","3","Cut","0.9","Pierce","1","","","","","","bo_knife_a","","dagger_blade_3_scabbard_1","","metal_weapon","","","","","Stealth","ItemFlags","",""
"RBM","RBMCombat_sword_blades.xml","dagger_blade_3_blunt","{=27Oaoras}Long Blunt Seax Blade","3","Blade","","dagger_blade_3","0.4","47","","","3","Cut","0.9","Pierce","1","","","","","true","bo_knife_a","","dagger_blade_3_scabbard_1","","metal_weapon","","","","","Stealth","ItemFlags","",""
"RBM","RBMCombat_sword_blades.xml","dagger_blade_4","{=pb4zUxzA}Makhaira Blade","3","Blade","","dagger_blade_4","0.32","38.2","","","3","Cut","0.9","Pierce","1","","","","","","bo_knife_a","","dagger_blade_4_scabbard_1","","metal_weapon","","","","","Stealth","ItemFlags","",""
"RBM","RBMCombat_sword_blades.xml","dagger_blade_5","{=aS56bF5s}Short Chopping Knife","1","Blade","","dagger_blade_5","0.270","33","","","3","Cut","0.7","Pierce","0.6","","","","","","bo_knife_a","","dagger_blade_5_scabbard_1","","metal_weapon","","","","","Stealth","ItemFlags","",""
"RBM","RBMCombat_sword_blades.xml","dagger_blade_6","{=f0syWNR7}Poniard Blade","3","Blade","","dagger_blade_6","0.35","44.7","","","3","Cut","0.9","Pierce","1","","","","","","bo_knife_a","","dagger_blade_6_scabbard_2","","metal_weapon","","","","","Stealth","ItemFlags","",""
"RBM","RBMCombat_sword_blades.xml","dagger_blade_6_blunt","{=Xo7l8eae}Blunt Blade","1","Blade","","dagger_blade_6","0.36","44.7","","","3","Cut","0.7","Pierce","0.6","","","","","true","bo_knife_a","","dagger_blade_6_scabbard_1","","metal_weapon","","","","","Stealth","ItemFlags","",""
"RBM","RBMCombat_sword_blades.xml","dagger_blade_7","{=KNisROi1}Broad Skaen Blade","2","Blade","","dagger_blade_7","0.32","40.1","","","3","Cut","0.8","Pierce","0.8","","","","","","bo_knife_a","","dagger_blade_7_scabbard_1","","metal_weapon","","","","","Stealth","ItemFlags","",""
"RBM","RBMCombat_sword_blades.xml","dagger_blade_8","{=b30mn7KF}Khanjar Blade","3","Blade","","dagger_blade_8","0.3","37.9","","","3","Cut","0.9","Pierce","1","","","","","","bo_knife_a","","dagger_blade_8_scabbard_1","","metal_weapon","","","","","Stealth","ItemFlags","",""
"RBM","RBMCombat_sword_blades.xml","dagger_blade_9","{=SgJH5KtP}Sica Blade","3","Blade","","dagger_blade_9","0.345","43","","","3","Cut","0.9","Pierce","1","","","","","","bo_knife_a","","dagger_blade_9_scabbard_1","","metal_weapon","","","","","Stealth","ItemFlags","",""
"RBM","RBMCombat_sword_blades.xml","dagger_blade_10","{=85bQmjWX}Knife Blade","2","Blade","","dagger_blade_10","0.250","30","","","3","Cut","0.8","Pierce","0.8","","","","","","bo_knife_a","","throwing_dagger_quiver_2","35.8","metal_weapon","","","","","Stealth","ItemFlags","",""
"RBM","RBMCombat_sword_blades.xml","dagger_blade_12","{=HysmKS5a}Ridged Wide Dagger Blade","1","Blade","","dagger_blade_12","0.200","25.3","","","3","Cut","0.7","Pierce","0.6","","","","true","","bo_knife_a","","throwing_dagger_quiver_3","35.8","metal_weapon","","","","","Stealth","ItemFlags","",""
"RBM","RBMCombat_sword_blades.xml","dagger_blade_13","{=5o5DaSHZ}Broad Dagger Blade","2","Blade","","dagger_blade_13","0.240","28.2","","","3","Cut","0.8","Pierce","0.8","","","","","","bo_knife_a","","throwing_dagger_quiver_1","35.8","metal_weapon","","","","","Stealth","ItemFlags","",""
"RBM","RBMCombat_sword_blades.xml","dagger_blade_13_blunt","{=GFBFgA7R}Broad Blunt Dagger Blade","2","Blade","","dagger_blade_13","0.240","28.2","","","3","Cut","0.8","Pierce","0.8","","","","","true","bo_knife_a","","throwing_dagger_quiver_1","35.8","metal_weapon","","","","","Stealth","ItemFlags","",""
"RBM","RBMCombat_sword_blades.xml","dagger_blade_14","{=QH0oIiIz}Long Broad Dagger Blade","3","Blade","","dagger_blade_14","0.28","35","","","3","Cut","0.9","Pierce","1","","","","","","bo_knife_a","","throwing_dagger_quiver_4","35.8","metal_weapon","","","","","Stealth","ItemFlags","",""
"RBM","RBMCombat_sword_blades.xml","dagger_blade_20","{=UqNbbdKN}Simple Knife Blade","1","Blade","","dagger_blade_10","0.230","30","","","3","Cut","0.65","Pierce","0.65","","","","","","bo_knife_a","","dagger_blade_20_scabbard_20","35.8","metal_weapon","","","","","Stealth","ItemFlags","",""
"RBM","RBMCombat_sword_blades.xml","dagger_blade_22","{=HysmKS5a}Ridged Wide Dagger Blade","1","Blade","","dagger_blade_12","0.200","25.2","","","3","Cut","0.6","Pierce","0.7","","","","true","","bo_knife_a","","dagger_blade_22_scabbard_22","35.8","metal_weapon","","","","","Stealth","ItemFlags","",""
"RBM","RBMCombat_sword_blades.xml","dagger_blade_23","{=5o5DaSHZ}Broad Dagger Blade","2","Blade","","dagger_blade_13","0.215","28.2","","","3","Cut","0.8","Pierce","0.8","","","","","","bo_knife_a","","dagger_blade_23_scabbard_23","35.8","metal_weapon","","","","","Stealth","ItemFlags","",""
"RBM","RBMCombat_sword_blades.xml","dagger_blade_23_blunt","{=GFBFgA7R}Broad Blunt Dagger Blade","2","Blade","","dagger_blade_13","0.225","28.2","","","3","Cut","0.8","Pierce","0.8","","","","","true","bo_knife_a","","dagger_blade_23_scabbard_23_blunt","35.8","metal_weapon","","","","","Stealth","ItemFlags","",""
"RBM","RBMCombat_sword_blades.xml","dagger_blade_24","{=QH0oIiIz}Long Broad Dagger Blade","3","Blade","","dagger_blade_14","0.300","35","","","3","Cut","0.85","Pierce","1.05","","","","","","bo_knife_a","","dagger_blade_24_scabbard_24","35.8","metal_weapon","","","","","Civilian","ItemFlags","",""
"RBM_WS","RBMCombat_WS_crafting_pieces.xml","naval_axe_head_01","{=a9Bn9JTY}Northmens Axehead","3","Blade","Culture.nord","naval_axe_head_01","0.678","","16.651","26.744","3","Cut","0.92","","","-18","","","","","bo_axe_longer_b","","","","metal_weapon","","9.13","9.13","","CanBePickedUpFromCorpse","ItemFlags","",""
"RBM_WS","RBMCombat_WS_crafting_pieces.xml","naval_axe_head_02","{=B3ZFzXzU}Drengr Axehead","2","Blade","Culture.nord","naval_axe_head_02","0.6592","","16.651","26.744","3","Cut","0.71","","","-19","","","","","bo_axe_longer_b","","","","metal_weapon","","9.91","9.91","","CanBePickedUpFromCorpse","ItemFlags","",""
"RBM_WS","RBMCombat_WS_crafting_pieces.xml","naval_axe_head_03","{=z9UlwqbJ}Nord Two Handed Axehead","4","Blade","Culture.nord","naval_axe_head_03","0.8592","","16.651","26.744","3","Cut","1.12","","","-20","","","","","bo_axe_longer_b","","","","metal_weapon","","15.1","15.1","","CanBePickedUpFromCorpse","ItemFlags","",""
"RBM_WS","RBMCombat_WS_crafting_pieces.xml","naval_axe_head_04","{=NYvRbkz2}Nord Hatchett Head","2","Blade","Culture.nord","naval_axe_head_04","0.6294","","16.651","26.744","3","Cut","0.69","","","-12","","","","","bo_axe_longer_b","","","","metal_weapon","","6.03","6.03","","CanBePickedUpFromCorpse","ItemFlags","",""
"RBM_WS","RBMCombat_WS_crafting_pieces.xml","naval_axe_head_04_2","{=0vUOqTq5}Nord Throwing Hatchett Head","2","Blade","Culture.nord","naval_axe_head_04","0.6294","","16.651","26.744","3","Cut","0.72","","","-12","","","","","bo_axe_longer_b","","throwing_axe_quiver_1","","metal_weapon","","6.03","6.03","","BonusAgainstShield","ItemFlags","",""
"RBM_WS","RBMCombat_WS_crafting_pieces.xml","naval_axe_head_05","{=dnOb7o37}Nord Battle Throwing Axehead","3","Blade","Culture.nord","naval_axe_head_05","0.7246","","16.651","26.744","3","Cut","0.91","","","-16","","","","","bo_axe_longer_b","","throwing_axe_quiver_1","","metal_weapon","","8.01","8.01","","BonusAgainstShield","ItemFlags","",""
"RBM_WS","RBMCombat_WS_crafting_pieces.xml","naval_axe_head_06","{=WRrPvWQM}Nord Throwing Axehead","4","Blade","Culture.nord","naval_axe_head_06","0.4856","","16.651","26.744","3","Cut","1.13","","","-14","","","","","bo_axe_longer_b","","throwing_axe_quiver_1","","metal_weapon","","6.45","6.45","","BonusAgainstShield","ItemFlags","",""
"RBM_WS","RBMCombat_WS_crafting_pieces.xml","naval_axe_head_07","{=hkzD5lfa}Nord Hollow Two Handed Axehead","5","Blade","Culture.nord","naval_axe_head_07","0.666","","16.651","26.744","3","Cut","1.27","","","-18","","","","","bo_axe_longer_b","","","","metal_weapon","","15.2","15.2","","CanBePickedUpFromCorpse","ItemFlags","",""
"RBM_WS","RBMCombat_WS_crafting_pieces.xml","naval_axe_head_07_blunt","{=9N0vTQnf}Nord Hollow Blunt Two Handed Axehead","5","Blade","","naval_axe_head_07","0.4","","12.651","24.744","3","Cut","1.27","","","-16","","","","true","bo_axe_longer_b","","","","metal_weapon","","15.2","15.2","","CanBePickedUpFromCorpse","ItemFlags","",""
"RBM_WS","RBMCombat_WS_crafting_pieces.xml","naval_axe_head_08","{=67PLvXL5}Nord Hollow Decorated Two Handed Axehead","5","Blade","Culture.nord","naval_axe_head_08","0.67","","16.651","26.744","3","Cut","1.32","","","-18","","","","","bo_axe_longer_b","","","","metal_weapon","","15.3","15.3","","CanBePickedUpFromCorpse","ItemFlags","",""
"RBM_WS","RBMCombat_WS_crafting_pieces.xml","naval_axe_head_08_2","{=wy0Qz6cC}Hollow Decorated Axehead","6","Blade","Culture.nord","naval_axe_head_08","0.3","","16.651","26.744","3","Cut","1.4","","","-18","","","","true","bo_axe_longer_b","","","","metal_weapon","","15.3","15.3","","CanBePickedUpFromCorpse","ItemFlags","",""
"RBM_WS","RBMCombat_WS_crafting_pieces.xml","naval_axe_head_08_3","{=whxt5bTa}Decorated One Handed Axehead","5","Blade","Culture.nord","naval_axe_head_10","0.4","","16.651","26.744","3","Cut","1.28","","","-18","","","","true","bo_axe_longer_b","","","","metal_weapon","","9.15","9.15","","CanBePickedUpFromCorpse","ItemFlags","",""
"RBM_WS","RBMCombat_WS_crafting_pieces.xml","naval_axe_head_09","{=Cn8OFyGZ}Nord Etched Broad Battle Axehead","5","Blade","Culture.nord","naval_axe_head_09","0.689","","16.651","26.744","3","Cut","1.28","","","-18","","","","","bo_axe_longer_b","","","","metal_weapon","","9.15","9.15","","CanBePickedUpFromCorpse","ItemFlags","",""
"RBM_WS","RBMCombat_WS_crafting_pieces.xml","naval_axe_head_10","{=JOyMcqZu}Nord Etched Broad Battle Axehead with Knotwork Decorations","5","Blade","Culture.nord","naval_axe_head_10","0.688","","16.651","26.744","3","Cut","1.29","","","-18","","","","","bo_axe_longer_b","","","","metal_weapon","","9.15","9.15","","CanBePickedUpFromCorpse","ItemFlags","",""
"RBM_WS","RBMCombat_WS_crafting_pieces.xml","naval_axe_head_11","{=IZqhY4Vs}Nord Etched Battle Axehead","4","Blade","Culture.nord","naval_axe_head_11","0.6524","","16.651","26.744","3","Cut","1.02","","","-16","","","","","bo_axe_longer_b","","","","metal_weapon","","8","8","","CanBePickedUpFromCorpse","ItemFlags","",""
"RBM_WS","RBMCombat_WS_crafting_pieces.xml","naval_axe_head_11_blunt","{=xizb5Qyk}Nord Etched Blunt Battle Axehead","4","Blade","","naval_axe_head_11","0.658","","16.651","26.744","3","Cut","1.02","","","-16","","","","true","bo_axe_longer_b","","","","metal_weapon","","8","8","","CanBePickedUpFromCorpse","ItemFlags","",""
"RBM_WS","RBMCombat_WS_crafting_pieces.xml","naval_axe_head_12","{=TuzO0Irm}Nord Etched Battle Axehead with Knotwork Decorations","5","Blade","Culture.nord","naval_axe_head_12","0.6523","","16.651","26.744","3","Cut","1.23","","","-16","","","","","bo_axe_longer_b","","","","metal_weapon","","8","8","","CanBePickedUpFromCorpse","ItemFlags","",""
"RBM_WS","RBMCombat_WS_crafting_pieces.xml","naval_axe_head_13","{=W55gdLwu}Nord Decorated Throwing Axehead","5","Blade","Culture.nord","naval_axe_head_13","0.45","","16.651","26.744","5","Cut","1.19","","","-15","","","","","bo_axe_longer_b","","throwing_axe_quiver_1","","metal_weapon","","6.45","6.45","","BonusAgainstShield","ItemFlags","",""
"RBM_WS","RBMCombat_WS_crafting_pieces.xml","naval_axe_head_13_blunt","{=VRjBxWn7}Blunt Decorated Throwing Axehead","5","Blade","","naval_axe_head_13","0.45","","16.651","26.744","3","Blunt","1.19","","","-15","","","","true","bo_axe_longer_b","","throwing_axe_quiver_1","","metal_weapon","","6.45","6.45","","BonusAgainstShield","ItemFlags","",""
"RBM_WS","RBMCombat_WS_crafting_pieces.xml","nord_sword_blade_01","{=TbXnhpzO}Wide Nord Blade","3","Blade","Culture.nord","nord_sword_blade_01","0.9","100","","","3","Cut","0.85","Pierce","0.85","","","","","","bo_sword_one_handed","","nord_sword_blade_01_scabbard_01","","metal_weapon","","","","","Civilian","ItemFlags","",""
"RBM_WS","RBMCombat_WS_crafting_pieces.xml","nord_sword_blade_02","{=FL9QagP3}Embroidered Fullered Blade","4","Blade","Culture.nord","nord_sword_blade_02","0.75","89.5","","","3","Cut","0.95","Pierce","0.95","","","","","","bo_sword_one_handed","","nord_sword_blade_02_scabbard_02","","metal_weapon","","","","","Civilian","ItemFlags","",""
"RBM_WS","RBMCombat_WS_crafting_pieces.xml","nord_sword_blade_02_blunt","{=bKmaQvWD}Blunt Embroidered Fullered Blade","4","Blade","Culture.nord","nord_sword_blade_02","0.76","89.7","","","3","Cut","0.95","Pierce","0.95","","","","","true","bo_sword_one_handed","","nord_sword_blade_02_scabbard_02","","metal_weapon","","","","","Civilian","ItemFlags","",""
"RBM_WS","RBMCombat_WS_crafting_pieces.xml","nord_sword_blade_03","{=L99NU0aG}Decorated Fullered Blade","4","Blade","Culture.nord","nord_sword_blade_03","0.75","90.2","","","3","Cut","0.9","Pierce","1.05","","","","","","bo_sword_one_handed","","nord_sword_blade_03_scabbard_03","","metal_weapon","","","","","Civilian","ItemFlags","",""
"RBM_WS","RBMCombat_WS_crafting_pieces.xml","nord_sword_blade_04","{=wk0uDFv7}Nord Broad Blade","4","Blade","Culture.nord","nord_sword_blade_04","0.8","89.8","","","3","Cut","1.1","Pierce","0.9","","","","","","bo_sword_one_handed","","nord_sword_blade_04_scabbard_04","","metal_weapon","","","","","Civilian","ItemFlags","",""
"RBM_WS","RBMCombat_WS_crafting_pieces.xml","nord_sword_blade_05","{=AGHRra9l}Needle Blade","3","Blade","Culture.nord","nord_sword_blade_05","0.6","86.9","","","3","Cut","0.75","Pierce","0.95","","","","","","bo_sword_one_handed","","nord_sword_blade_05_scabbard_05","","metal_weapon","","","","","Civilian","ItemFlags","",""
"RBM_WS","RBMCombat_WS_crafting_pieces.xml","nord_sword_blade_06","{=lcbBLXAK}Runed Blade","5","Blade","Culture.nord","nord_sword_blade_06","0.6","78","","","3","Cut","1.1","Pierce","1.1","","","","","","bo_sword_one_handed","","nord_sword_blade_06_scabbard_06","","metal_weapon","","","","","Civilian","ItemFlags","",""
"RBM_WS","RBMCombat_WS_crafting_pieces.xml","nord_sword_blade_07","{=fEsH0AYt}Runed Short Blade","5","Blade","Culture.nord","nord_sword_blade_07","0.6","78","","","3","Cut","1.1","Pierce","1.1","","","","","","bo_sword_one_handed","","nord_sword_blade_07_scabbard_07","","metal_weapon","","","","","Civilian","ItemFlags","",""
"RBM_WS","RBMCombat_WS_crafting_pieces.xml","nord_sword_blade_08","{=Cb406ptd}Carved Broad Blade","4","Blade","Culture.nord","nord_sword_blade_08","0.7","89.5","","","3","Cut","1.0","Pierce","0.9","","","","","","bo_sword_one_handed","","nord_sword_blade_08_scabbard_08","","metal_weapon","","","","","Civilian","ItemFlags","",""
"RBM_WS","RBMCombat_WS_crafting_pieces.xml","nord_sword_blade_09","{=czT4WJp8}Runed Fullered Blade","4","Blade","Culture.nord","nord_sword_blade_09","0.7","89.5","","","3","Cut","0.95","Pierce","1.03","","","","","","bo_sword_one_handed","","nord_sword_blade_09_scabbard_09","","metal_weapon","","","","","Civilian","ItemFlags","",""
"RBM_WS","RBMCombat_WS_crafting_pieces.xml","nord_sword_blade_10","{=uLtCPJNV}Wide Fullered Blade","3","Blade","Culture.nord","nord_sword_blade_10","0.85","89.4","","","3","Cut","0.85","Pierce","0.85","","","","","","bo_sword_one_handed","","nord_sword_blade_10_scabbard_10","","metal_weapon","","","","","Civilian","ItemFlags","",""
"RBM_WS","RBMCombat_WS_crafting_pieces.xml","nord_sword_blade_11","{=TriXQK01}Runed Fullered Long Blade","5","Blade","Culture.nord","nord_sword_blade_11","1.12","104","","","3","Cut","1.15","Pierce","1.15","","","","","","bo_sword_one_handed","","nord_sword_blade_11_scabbard_11","","metal_weapon","","","","","Civilian","ItemFlags","",""
"RBM_WS","RBMCombat_WS_crafting_pieces.xml","nord_sword_blade_12","{=VqSqC63z}Wide and Long Fullered Blade","3","Blade","Culture.nord","nord_sword_blade_12","0.9","95.5","","","3","Cut","0.78","Pierce","0.82","","","","","","bo_sword_one_handed","","nord_sword_blade_12_scabbard_12","","metal_weapon","","","","","Civilian","ItemFlags","",""
"RBM_WS","RBMCombat_WS_crafting_pieces.xml","nord_sword_blade_13","{=nMedC0tz}Nord Backsword Blade","3","Blade","Culture.nord","nord_sword_blade_13","0.9","89.5","","","3","Cut","0.83","Pierce","0.77","","","","","","bo_sword_one_handed","","nord_sword_blade_13_scabbard_13","","metal_weapon","","","","","Civilian","ItemFlags","",""
"RBM_WS","RBMCombat_WS_crafting_pieces.xml","nord_sword_blade_14","{=qDGTBpcu}Decorated Fullered Blade","4","Blade","Culture.nord","nord_sword_blade_14","0.9","89.5","","","3","Cut","0.95","Pierce","0.95","","","","","","bo_sword_one_handed","","nord_sword_blade_14_scabbard_14","","metal_weapon","","","","","Civilian","ItemFlags","",""
"RBM_WS","RBMCombat_WS_crafting_pieces.xml","nord_spear_blade_1","{=TnKWL9LG}Decorated Huscarl Spear Head","5","Blade","Culture.nord","nord_spear_blade_1","0.45","56.6","","","3","","","Pierce","1.25","","","","","","bo_spear_b","","","","wood_weapon","","","","swing","","","",""
"RBM_WS","RBMCombat_WS_crafting_pieces.xml","nord_spear_blade_1_blunt","{=u5JubAYN}Decorated Blunt Spear Head","3","Blade","","nord_spear_blade_1","0.45","56.6","","","3","","","Pierce","1.25","","","","","true","bo_spear_b","","","","wood_weapon","","","","swing","","","",""
"RBM_WS","RBMCombat_WS_crafting_pieces.xml","nord_spear_blade_2","{=ZiKyZMMa}Golden Decorated Spear Head","5","Blade","Culture.nord","nord_spear_blade_2","0.4","48.8","","","3","","","Pierce","1.3","","","","","","bo_spear_b","bo_throwing_spear_quiver_4","throwing_spear_quiver_4","96.2","wood_weapon","","","","swing","","","",""
"RBM_WS","RBMCombat_WS_crafting_pieces.xml","nord_spear_blade_2_blunt","{=csDsLYcZ}Golden Decorated Blunt Spear Head","3","Blade","","nord_spear_blade_2","0.39","48.8","","","4","","","Pierce","1.3","","","","","true","bo_spear_b","bo_throwing_spear_quiver_5_1","throwing_spear_quiver_5_1","96.7","wood_weapon","","","","swing","","","",""
"RBM_WS","RBMCombat_WS_crafting_pieces.xml","nord_spear_blade_3","{=J5wylxDE}Decorated Leaf Spear Head","3","Blade","Culture.nord","nord_spear_blade_3","0.35","39.9","","","3","","","Pierce","0.9","","","","","","bo_spear_b","bo_throwing_spear_quiver_5_1","throwing_spear_quiver_5_1","96.7","wood_weapon","","","","swing","","","",""
"RBM_WS","RBMCombat_WS_crafting_pieces.xml","nord_spear_blade_4","{=WXpFz7b2}Thegn Spear Head","4","Blade","Culture.nord","nord_spear_blade_4","0.45","47.4","","","3","","","Pierce","1.1","","","","","","bo_spear_b","bo_throwing_spear_quiver_4_1","throwing_spear_quiver_4_1","96.2","wood_weapon","","","","swing","","","",""
"RBM_WS","RBMCombat_WS_crafting_pieces.xml","nord_spear_blade_5","{=H8RwQB3u}Pike Head","5","Blade","Culture.nord","nord_spear_blade_5","0.5","55.7","","","3","","","Pierce","1.3","","","","","","bo_spear_b","","","","wood_weapon","","","","swing","","","",""
"RBM_WS","RBMCombat_WS_crafting_pieces.xml","nord_spear_blade_6","{=DLGDKvtq}Vargr Wide Spear Head","4","Blade","Culture.nord","nord_spear_blade_6","0.55","55.7","","","3","","","Pierce","1.1","","","","","","bo_spear_b","","","","wood_weapon","","","","swing","","","",""
"RBM_WS","RBMCombat_WS_crafting_pieces.xml","nord_spear_blade_7","{=UupDebkq}Longwide Spear Head","5","Blade","Culture.nord","nord_spear_blade_7","0.7","70","","","3","","","Pierce","1.27","","","","","","bo_spear_b","","","","wood_weapon","","","","swing","","","",""
"RBM_WS","RBMCombat_WS_crafting_pieces.xml","nord_spear_blade_8","{=PhDBPZiJ}Covered Spear Head","4","Blade","Culture.nord","nord_spear_blade_8","0.6","61.9","","","3","","","Pierce","1.09","","","","","","bo_spear_b","","","","wood_weapon","","","","swing","","","",""
"RBM_WS","RBMCombat_WS_crafting_pieces.xml","nord_spear_blade_9","{=UYv5rwjs}Decorated Nord Javalin Head","4","Blade","Culture.nord","nord_spear_blade_9","0.4","42.8","","","5","","","Pierce","1.11","","","","","","bo_spear_b","bo_throwing_spear_quiver_1_1","throwing_spear_quiver_1_1","68.9","wood_weapon","","","","swing","","","",""
"RBM_WS","RBMCombat_WS_crafting_pieces.xml","nord_spear_blade_10","{=zk6V1L31}Knobbed Short Spear Head","2","Blade","Culture.nord","nord_spear_blade_10","0.4","49.7","","","3","","","Pierce","0.8","","","","","","bo_spear_b","bo_throwing_spear_quiver_3_1","throwing_spear_quiver_3_1","96.8","wood_weapon","","","","swing","","","",""
"RBM_WS","RBMCombat_WS_crafting_pieces.xml","nord_spear_blade_11","{=Kjd9E3pB}Drilled Short Leaf Head","2","Blade","Culture.nord","nord_spear_blade_11","0.3","41.4","","","3","","","Pierce","0.82","","","","","","bo_spear_b","bo_throwing_spear_quiver_4","throwing_spear_quiver_4","96.2","wood_weapon","","","","swing","","","",""
"RBM_WS","RBMCombat_WS_crafting_pieces.xml","nord_spear_blade_12","{=aYTtdE1c}Hirdmann Spear Head","3","Blade","Culture.nord","nord_spear_blade_12","0.3","46.7","","","3","","","Pierce","0.89","","","","","","bo_spear_b","bo_throwing_spear_quiver_4_1","throwing_spear_quiver_4_1","96.2","wood_weapon","","","","swing","","","",""
"RBM_WS","RBMCombat_WS_crafting_pieces.xml","nord_spear_blade_13","{=XJhUOn1p}Nord Atgeir Head","5","Blade","","nord_spear_blade_13","0.3","80","","","3","Cut","0.88","Pierce","1.18","-50","","","","","bo_spear_b","","","","wood_weapon","","","","","","","",""
"RBM_WS","RBMCombat_WS_crafting_pieces.xml","nord_spear_blade_13_blunt","{=wf0A2FJ7}Blunt Atgeir Head","3","Blade","","nord_spear_blade_13","0.3","80","","","3","Cut","0.88","Pierce","1.18","-50","","","","true","bo_spear_b","","","","wood_weapon","","","","","","","",""
"RBM_WS","RBMCombat_WS_crafting_pieces.xml","coh_dagger_blade_1","{=0qeiJLeM}Jambiya Blade","2","Blade","","coh_dagger1_blade1","0.4","33","","","3","Cut","0.9","Pierce","0.7","","","","","","bo_knife_a","","coh_dagger1_blade1_scabbard1","","metal_weapon","","","","","Stealth","ItemFlags","",""
"RBM_WS","RBMCombat_WS_crafting_pieces.xml","coh_dagger_blade_2","{=6k4nyHPW}Dark Jambiya Blade","2","Blade","","coh_dagger2_blade2","0.4","36.8","","","3","Cut","0.85","Pierce","0.85","","","","","","bo_knife_a","","coh_dagger2_blade2_scabbard2","","metal_weapon","","","","","Stealth","ItemFlags","",""
"RBM_WS","RBMCombat_WS_crafting_pieces.xml","coh_sword_blade_2","{=vW0H5fEQ}Short Broad Blade","2","Blade","","coh_sword_blade_2","0.4","59.2","","","3","Cut","0.65","Pierce","0.65","","","","","","bo_sword_one_handed","","coh_sword_scabbard_2","","metal_weapon","","","","","NoBlood","","",""
"RBM_WS","RBMCombat_WS_crafting_pieces.xml","coh_sword_blade_1","{=7DgCFugF}Noble Kaskara Blade","5","Blade","","coh_sword_blade_1","0.75","77.5","","","3","Cut","1.35","Pierce","0.95","","","","","","bo_sword_one_handed","","coh_sword_scabbard_1","","metal_weapon","","","","","","","",""
"RBM_WS","RBMCombat_WS_crafting_pieces.xml","coh_mace_head_1","{=W0JwCkUo}Bandit Mace Head","3","Blade","","coh_mace_head_1","0.72","61","","","3","Cut","0.85","Pierce","0.85","","","","","","bo_mace_a","","","","metal_weapon","","","","","","","",""
"RBM_WS","RBMCombat_WS_crafting_pieces.xml","coh_axe_head_1","{=ndlfsaz2}Barghasts Axe Blade","5","Blade","","coh_axe_head_1","0.632","","15.764","16","3","Cut","1.28","","","-20","","","","","bo_axe_longer_b","","","","metal_weapon","","9.05","15.9","","CanBePickedUpFromCorpse","ItemFlags","",""
"RBM_WS","RBMCombat_WS_crafting_pieces.xml","coh_mace_head_2","{=CfaJyPU2}Bandit Chopper","3","Blade","","coh_mace_head_2","0.72","","35.3","","3","Cut","0.89","","","","0","","","","bo_mace_a","","","","metal_weapon","4","9.05","15.9","","","","",""
"RBM_WS","RBMCombat_WS_crafting_pieces.xml","spear_handle_rough_29","{=mK55mQDs}Long Rough Spear Shaft","3","Handle","","spear_handle_rough_29","0.6","200","","","","","","","","22.9","","","","","","","","","","","","","","","","",""
"RBM_WS","RBMCombat_WS_crafting_pieces.xml","spear_handle_rough_30","{=3vv0XMGE}Short Rough Spear Shaft","2","Handle","","spear_handle_rough_30","0.3","102","","","","","","","","22.9","","","","","","","","","","","","","","","","",""
