"source_mod","source_file","id","name","Type","culture","subtype","mesh","weight","value","difficulty","appearance","Armor.material_type","Armor.modifier_group","Armor.head_armor","Armor.body_armor","Armor.arm_armor","Armor.leg_armor","Armor.covers_body","Armor.has_gender_variations","Armor.hair_cover_type","Armor.beard_cover_type","Armor.mane_cover_type","Armor.maneuver_bonus","Armor.speed_bonus","Armor.charge_bonus","Armor.family_type","Armor.reins_mesh","Weapon.weapon_class","Weapon.ammo_class","Weapon.weapon_length","Weapon.thrust_damage","Weapon.thrust_damage_type","Weapon.thrust_speed","Weapon.speed_rating","Weapon.accuracy","Weapon.missile_speed","Weapon.stack_amount","Weapon.modifier_group","Weapon.item_usage","AmmoOffset","Armor.body_mesh_type","Armor.covers_hands","Armor.covers_legs","Armor.stealth_factor","Armor.tail_cover_type","body_name","Flags.Civilian","Flags.DoesNotHideChest","Flags.ForceAttachOffHandPrimaryItemBone","Flags.ForceAttachOffHandSecondaryItemBone","Flags.HeldInOffHand","Flags.Stealth","Flags.UseTeamColor","Flags.WoodenParry","flying_mesh","has_lower_holster_priority","holster_body_name","holster_mesh","holster_mesh_with_weapon","holster_position_shift","is_merchandise","item_holsters","lod_atlas_index","recalculate_body","shield_body_name","using_tableau","Weapon.ammo_limit","Weapon.body_armor","Weapon.center_of_mass","Weapon.flying_sound_code","Weapon.hit_points","Weapon.passby_sound_code","Weapon.physics_material","Weapon.position","Weapon.reload_phase_count","Weapon.rotation","Weapon.rotation_speed","Weapon.sticking_position","Weapon.sticking_rotation","Weapon.trail_particle_name","Weapon.WeaponFlags.AffectsArea","Weapon.WeaponFlags.AffectsAreaBig","Weapon.WeaponFlags.AmmoBreaksOnBounceBack","Weapon.WeaponFlags.AmmoSticksWhenShot","Weapon.WeaponFlags.AttachAmmoToVisual","Weapon.WeaponFlags.AutoReload","Weapon.WeaponFlags.Burning","Weapon.WeaponFlags.CanBlockRanged","Weapon.WeaponFlags.CanPenetrateShield","Weapon.WeaponFlags.CantReloadOnHorseback","Weapon.WeaponFlags.Consumable","Weapon.WeaponFlags.HasHitPoints","Weapon.WeaponFlags.HasString","Weapon.WeaponFlags.LeavesTrail","Weapon.WeaponFlags.MissileWithPhysics","Weapon.WeaponFlags.NotUsableWithOneHand","Weapon.WeaponFlags.RangedWeapon","Weapon.WeaponFlags.TwoHandIdleOnMount","Weapon.WeaponFlags.UnloadWhenSheathed","Weapon.WeaponFlags.UseHandAsThrowBase"
"OSA","OSA_aom_bip_armor.xml","ao_durkhan_tassled_necklace","{=osa_ao_durkhan_tassled_necklace}Eastern Tassled Necklace","Cape","Culture.khuzait","","AO_durkhan_necklace_a","0.2","","","1","Cloth","cloth_unarmoured","","1","","","","","","","","","","","","","","","","","","","","","","","","","","","","","","","","true","","","","","","true","","","","","","","","","","","","","","","","","","","","","","","","","","","","","","","","","","","","","","","","","","","","","","",""
"OSA","OSA_aom_bip_armor.xml","ao_generic_short_cape","{=osa_ao_generic_short_cape}Plain Short Cape","Cape","Culture.battania","","battania_cloak_a","0.2","","","3","Cloth","cloth_unarmoured","","2","","","","","","","","","","","","","","","","","","","","","","","","","","","","","5","","","true","","","","","true","true","","","","","","","","","","","","","","","","","","","","","","","","","","","","","","","","","","","","","","","","","","","","","","",""
"OSA","OSA_aom_bip_armor.xml","ao_focale","{=osa_ao_focale}Imperial Focale","Cape","Culture.empire","","AO_gen_focale_a","0.1","","","1","Cloth","cloth_unarmoured","","1","","","","","","","","","","","","","","","","","","","","","","","","","","","","","10","","","true","","","","","true","true","","","","","","","","","","","","","","","","","","","","","","","","","","","","","","","","","","","","","","","","","","","","","","",""
"OSA","OSA_aom_bip_armor.xml","ao_battanian_medallion","{=osa_ao_battanian_medallion}Highland Medallion","Cape","Culture.battania","","AO_battania_medallion_a","0.2","","","1","Cloth","cloth_unarmoured","","1","","","","","","","","","","","","","","","","","","","","","","","","","","","","","","","","true","","","","","","true","","","","","","","","","","","","","","","","","","","","","","","","","","","","","","","","","","","","","","","","","","","","","","",""
"OSA","OSA_aom_bip_armor.xml","ao_caladogs_medallion","{=osa_ao_caladogs_medallion}Highland Noble Medallion","Cape","Culture.battania","","AO_battania_medallion_b","0.2","","","1","Cloth","cloth_unarmoured","","1","","","","","","","","","","","","","","","","","","","","","","","","","","","","","","","","true","","","","","","true","","","","","","","","","","","","","","","","","","","","","","","","","","","","","","","","","","","","","","","","","","","","","","",""
"OSA","OSA_aom_bip_armor.xml","ao_imperial_noblemans_sash","{=osa_ao_imperial_noblemans_sash}Imperial Noble Sash","Cape","Culture.empire","","AO_empire_shoulders_a","0.5","","","1","Cloth","cloth_unarmoured","","3","2","","","","","","","","","","","","","","","","","","","","","","","","","","","","","","","true","","","","","","true","","","","","","","","","","","","","","","","","","","","","","","","","","","","","","","","","","","","","","","","","","","","","","",""
"OSA","OSA_aom_bip_armor.xml","ao_light_fur_shoulder","{=osa_ao_light_fur_shoulder}Highland Shoulder Cloak","Cape","Culture.battania","","AO_battania_cloak_b","0.8","","","1","Cloth","cloth_unarmoured","","4","","","","","","","","","","","","","","","","","","","","","","","","","","","","","","","","true","","","","","","","","","","","","","","","","","","","","","","","","","","","","","","","","","","","","","","","","","","","","","","","","","","","","",""
"OSA","OSA_aom_bip_armor.xml","ao_battanian_mail_shoulders","{=osa_ao_battanian_mail_shoulders}Highland Trimmed Mail Shoulders","Cape","Culture.battania","body_armor","AO_battania_shoulders_a","4.5","","0","1.8","Cloth","cloth","","7","","","","","","","","","","","","","","","","","","","","","","","","","","","","","","","","","","","","","","","","","","","","","","","","","","","","","","","","","","","","","","","","","","","","","","","","","","","","","","","","","","","","",""
"OSA","OSA_aom_bip_armor.xml","AO_aserai_shoulders_a","{=osa_ao_aserai_shoulders_a}Brass Scale Shoulders","Cape","Culture.aserai","","AO_aserai_shoulders_a","4.2","","","3","Plate","plate","","18","8","","","","","","","","","","","","","","","","","","","","","","","","","","","","","","","","","","","","","","","","","","","","","","","","","","","","","","","","","","","","","","","","","","","","","","","","","","","","","","","","","","","",""
"OSA","OSA_aom_bip_armor.xml","AO_aserai_shoulders_a2","{=osa_ao_aserai_shoulders_a2}Iron Scale Shoulders","Cape","Culture.aserai","","AO_aserai_shoulders_a2","4.2","","","3","Plate","plate","","18","8","","","","","","","","","","","","","","","","","","","","","","","","","","","","","","","","","","","","","","","","","","","","","","","","","","","","","","","","","","","","","","","","","","","","","","","","","","","","","","","","","","","",""
"OSA","OSA_aom_bip_armor.xml","AO_aserai_shoulders_d","{=osa_ao_aserai_shoulders_d}Brass Scale Shoulders With Cloak","Cape","Culture.khuzait","","AO_aserai_shoulders_d","4.2","","","3","Plate","plate","","18","8","","","","","","","","","","","","","","","","","","","","","","","","","","","","","","","","","","","","","true","","","","","","","","","","","","","","","","","","","","","","","","","","","","","","","","","","","","","","","","","","","","","","",""
"OSA","OSA_aom_bip_armor.xml","AO_aserai_shoulders_d2","{=osa_ao_aserai_shoulders_d2}Iron Scale Shoulders With Cloak","Cape","Culture.khuzait","","AO_aserai_shoulders_d2","4.2","","","3","Plate","plate","","18","8","","","","","","","","","","","","","","","","","","","","","","","","","","","","","","","","","","","","","true","","","","","","","","","","","","","","","","","","","","","","","","","","","","","","","","","","","","","","","","","","","","","","",""
"OSA","OSA_aom_bip_armor.xml","ao_imperial_decorated_bracers","{=osa_ao_imperial_decorated_bracers}Plate Vambraces","HandArmor","Culture.empire","","AO_empire_gauntlets_a","0.5","","","1","Plate","plate","","","14","","","","","","","","","","","","","","","","","","","","","","","","","","","","","","","true","","","","","","","","","","","","","","","","","","","","","","","","","","","","","","","","","","","","","","","","","","","","","","","","","","","","",""
"OSA","OSA_aom_bip_armor.xml","ao_imperial_decorated_bracers_b","{=osa_ao_imperial_decorated_bracers_b}Heavy Plate Vambraces","HandArmor","Culture.empire","","AO_empire_gauntlets_b","0.5","","","1","Plate","plate","","","17","","","","","","","","","","","","","","","","","","","","","","","","","","","","","","","true","","","","","","","","","","","","","","","","","","","","","","","","","","","","","","","","","","","","","","","","","","","","","","","","","","","","",""
"OSA","OSA_aom_bip_armor.xml","AO_durkhan_gauntlets_a","{=osa_ao_durkhan_gauntlets_a}Lamellar Vambraces","HandArmor","Culture.empire","","AO_durkhan_gauntlets_a","0.5","","","1","Plate","plate","","","20","","","","","","","","","","","","","","","","","","","","","","","","","","","","","","","true","","","","","","","","","","","","","","","","","","","","","","","","","","","","","","","","","","","","","","","","","","","","","","","","","","","","",""
"OSA","OSA_aom_bip_armor.xml","AO_durkhan_gauntlets_b","{=osa_ao_durkhan_gauntlets_b}Gilded Lamellar Vambraces","HandArmor","Culture.empire","","AO_durkhan_gauntlets_b","0.5","","","1","Plate","plate","","","20","","","","","","","","","","","","","","","","","","","","","","","","","","","","","","","true","","","","","","","","","","","","","","","","","","","","","","","","","","","","","","","","","","","","","","","","","","","","","","","","","","","","",""
"OSA","OSA_aom_bip_armor.xml","ao_durkhan_tassled_boots","{=osa_ao_durkhan_tassled_boots}Eastern Tassled Boots","LegArmor","Culture.khuzait","","AO_durkhan_boots_a","0.8","","0","1.3","Leather","leather","","","","5","","","","","","","","","","","","","","","","","","","","","","","","","","true","","","","true","","","","","","","","","","","","","","","","","","","","","","","","","","","","","","","","","","","","","","","","","","","","","","","","","","","","",""
"OSA","OSA_aom_bip_armor.xml","AO_durkhan_boots_b","{=osa_ao_durkhan_boots_b}Eastern Tassled Boots With Studded Leather","LegArmor","Culture.khuzait","","AO_durkhan_boots_b","0.9","","","1","Leather","leather","","","","14","","","","","","","","","","","","","","","","","","","","","","","","","","true","","","","true","","","","","","","","","","","","","","","","","","","","","","","","","","","","","","","","","","","","","","","","","","","","","","","","","","","","",""
"OSA","OSA_aom_bip_armor.xml","AO_durkhan_boots_c","{=osa_ao_durkhan_boots_c}Eastern Tassled Splint Boots","LegArmor","Culture.khuzait","","AO_durkhan_boots_c","2.7","","","2","Plate","plate","","","","22","","","","","","","","","","","","","","","","","","","","","","","","","","true","","","","","","","","","","","","","","","","","","","","","","","","","","","","","","","","","","","","","","","","","","","","","","","","","","","","","","","","",""
"OSA","OSA_aom_bip_armor.xml","ao_leather_shoes","{=osa_ao_leather_shoes}Blackened Leather Shoes","LegArmor","Culture.battania","","AO_gen_shoes_a","0.8","","","1","Cloth","cloth_unarmoured","","","","2","","","","","","","","","","","","","","","","","","","","","","","","","","false","","","","true","","","","","","","","","","","","","","","","","","","","","","","","","","","","","","","","","","","","","","","","","","","","","","","","","","","","",""
"OSA","OSA_aom_bip_armor.xml","ao_battanian_hauberk_with_kilt","{=osa_ao_battanian_hauberk_with_kilt}Highland Hauberk With Kilt","BodyArmor","Culture.battania","body_armor","AO_battania_armor_f","9.5","","0","1","Chainmail","chain","","29","12","16","true","true","","","","","","","","","","","","","","","","","","","","","","","","","","","","","","","","","","true","","","","","","","","","","","","","","","","","","","","","","","","","","","","","","","","","","","","","","","","","","","","","","",""
"OSA","OSA_aom_bip_armor.xml","ao_battanian_mail_shirt_with_kilt","{=osa_ao_battanian_mail_shirt_with_kilt}Highland Mail Shirt With Kilt","BodyArmor","Culture.battania","body_armor","AO_battania_armor_h","7.5","","0","1.2","Chainmail","chain","","27","11","15","true","true","","","","","","","","","","","","","","","","","","","","","","","","","","","","","","","","","","true","","","","","","","","","","","","","","","","","","","","","","","","","","","","","","","","","","","","","","","","","","","","","","",""
"OSA","OSA_aom_bip_armor.xml","ao_battanian_gambeson_with_kilt","{=osa_ao_battanian_gambeson_with_kilt}Highland Gambeson Over Tunic With Kilt","BodyArmor","Culture.battania","body_armor","AO_battania_armor_e","1.5","","","1","Cloth","cloth","","19","5","8","true","true","","","","","","","","","","","","","","","","","","","","","","","","","","","","","","","","","","true","","","","","","","","","","","","","","","","","","","","","","","","","","","","","","","","","","","","","","","","","","","","","","",""
"OSA","OSA_aom_bip_armor.xml","ao_battanian_scale_armor","{=osa_ao_battanian_scale_armor}Highland Rugged Scale Armor Over Tunic","BodyArmor","Culture.battania","body_armor","AO_battania_armor_i","10.7","","0","1.4","Plate","plate","","24","6","9","true","true","","","","","","","","","","","","","","","","","","","","","","","","","","","","","","","","","","true","","","","","","","","","","","","","","","","","","","","","","","","","","","","","","","","","","","","","","","","","","","","","","",""
"OSA","OSA_aom_bip_armor.xml","ao_battanian_cloth_tunic_with_kilt","{=osa_ao_battanian_cloth_tunic_with_kilt}Highland Cloth Tunic With Kilt","BodyArmor","Culture.battania","body_armor","AO_battania_armor_c","0.4","","","1","Cloth","cloth_unarmoured","","6","1","1","true","true","","","","","","","","","","","","","","","","","","","","","","","","","","","","true","","","","","","true","","","","","","","","","","","","","","","","","","","","","","","","","","","","","","","","","","","","","","","","","","","","","","",""
"OSA","OSA_aom_bip_armor.xml","ao_battanian_woolen_tunic_with_kilt","{=osa_ao_battanian_woolen_tunic_with_kilt}Highland Woolen Tunic With Kilt","BodyArmor","Culture.battania","body_armor","AO_battania_armor_j","0.4","","","1","Cloth","cloth_unarmoured","","6","1","1","true","true","","","","","","","","","","","","","","","","","","","","","","","","","","","","true","","","","","","true","","","","","","","","","","","","","","","","","","","","","","","","","","","","","","","","","","","","","","","","","","","","","","",""
"OSA","OSA_aom_bip_armor.xml","ao_battanian_bronze_scale_over_tunic_with_kilt","{=osa_ao_battanian_bronze_scale_over_tunic_with_kilt}Highland Bronze Scale Armor With Kilt","BodyArmor","Culture.battania","body_armor","AO_battania_armor_b","11.4","","0","3","Plate","plate","","35","3","10","true","true","","","","","","","","","","","","","","","","","","","","","","","","","","","","","","","","","","true","","","","","","","","","","","","","","","","","","","","","","","","","","","","","","","","","","","","","","","","","","","","","","",""
"OSA","OSA_aom_bip_armor.xml","ao_battanian_iron_scale_over_tunic_with_kilt","{=osa_ao_battanian_iron_scale_over_tunic_with_kilt}Highland Iron Scale Armor With Kilt","BodyArmor","Culture.battania","body_armor","AO_battania_armor_b2","11.4","","0","3","Plate","plate","","35","3","10","true","true","","","","","","","","","","","","","","","","","","","","","","","","","","","","","","","","","","true","","","","","","","","","","","","","","","","","","","","","","","","","","","","","","","","","","","","","","","","","","","","","","",""
"OSA","OSA_aom_bip_armor.xml","ao_battanian_alt_scale_over_tunic_with_kilt","{=osa_ao_battanian_alt_scale_over_tunic_with_kilt}Highland Alternating Scale Armor With Kilt","BodyArmor","Culture.battania","body_armor","AO_battania_armor_b3","11.4","","0","3","Plate","plate","","35","3","10","true","true","","","","","","","","","","","","","","","","","","","","","","","","","","","","","","","","","","true","","","","","","","","","","","","","","","","","","","","","","","","","","","","","","","","","","","","","","","","","","","","","","",""
"OSA","OSA_aom_bip_armor.xml","ao_battanian_leather_tunic_with_kilt","{=osa_ao_battanian_leather_tunic_with_kilt}Highland Leather Tunic With Kilt","BodyArmor","Culture.battania","body_armor","AO_battania_armor_g","2.1","","","1","Leather","leather","","16","2","7","true","true","","","","","","","","","","","","","","","","","","","","","","","","","","","","true","","","","","","true","","","","","","","","","","","","","","","","","","","","","","","","","","","","","","","","","","","","","","","","","","","","","","",""
"OSA","OSA_aom_bip_armor.xml","ao_battanian_decorated_scale_armor","{=osa_ao_battanian_decorated_scale_armor}Highland Decorated Bronze Scale Over Kilted Mail","BodyArmor","Culture.battania","body_armor","AO_battania_armor_k","22.4","","0","3","Plate","plate","","44","16","15","true","true","","","","","","","","","","","","","","","","","","","","","","","","","","","","","","","","","","true","","","","","","","","","","","","","","","","","","","","","","","","","","","","","","","","","","","","","","","","","","","","","","",""
"OSA","OSA_aom_bip_armor.xml","ao_battanian_decorated_scale_armor_b","{=osa_ao_battanian_decorated_scale_armor_b}Highland Decorated Iron Scale Over Kilted Mail","BodyArmor","Culture.battania","body_armor","AO_battania_armor_k2","22.4","","0","3","Plate","plate","","44","16","15","true","true","","","","","","","","","","","","","","","","","","","","","","","","","","","","","","","","","","true","","","","","","","","","","","","","","","","","","","","","","","","","","","","","","","","","","","","","","","","","","","","","","",""
"OSA","OSA_aom_bip_armor.xml","ao_battanian_decorated_scale_armor_c","{=osa_ao_battanian_decorated_scale_armor_c}Highland Decorated Alternating Scale Over Kilted Mail","BodyArmor","Culture.battania","body_armor","AO_battania_armor_k3","22.4","","0","3","Plate","plate","","44","16","15","true","true","","","","","","","","","","","","","","","","","","","","","","","","","","","","","","","","","","true","","","","","","","","","","","","","","","","","","","","","","","","","","","","","","","","","","","","","","","","","","","","","","",""
"OSA","OSA_aom_bip_armor.xml","ao_durkhan_hide_poncho","{=osa_ao_durkhan_hide_poncho}Eastern Hide Vest","BodyArmor","Culture.khuzait","body_armor","AO_durkhan_armor_c","1","","0","1.8","Leather","leather","","10","1","5","false","true","","","","","","","","","","","","","","","","","","","","","","","","","","","","true","","","","","","true","","","","","","","","","","","","","","","","","","","","","","","","","","","","","","","","","","","","","","","","","","","","","","",""
"OSA","OSA_aom_bip_armor.xml","ao_durkhan_tunic","{=osa_ao_durkhan_tunic}Eastern Ragged Tunic","BodyArmor","Culture.khuzait","body_armor","AO_durkhan_armor_m","0.5","","0","1.8","Cloth","cloth","","2","0","1","false","true","","","","","","","","","","","","","","","","","","","","","","","","","","","","true","","","","","","true","","","","","","","","","","","","","","","","","","","","","","","","","","","","","","","","","","","","","","","","","","","","","","",""
"OSA","OSA_aom_bip_armor.xml","ao_durkhan_trousers","{=osa_ao_durkhan_trousers}Eastern Cloth Trousers","BodyArmor","Culture.khuzait","body_armor","AO_durkhan_armor_l","0.4","","0","1.8","Cloth","cloth","","0","0","3","false","true","","","","","","","","","","","","","","","","","","","","","","","","","","","","true","true","","","","","true","","","","","","","","","","","","","","","","","","","","","","","","","","","","","","","","","","","","","","","","","","","","","","",""
"OSA","OSA_aom_bip_armor.xml","ao_durkhan_leather_lamellar","{=osa_ao_durkhan_leather_lamellar}Eastern Leather Lamellar","BodyArmor","Culture.khuzait","body_armor","AO_durkhan_armor_g","5.5","","0","1.8","Leather","leather","","18","2","2","false","true","","","","","","","","","","","","","","","","","","","","","","","","","","","","","","","","","","true","","","","","","","","","","","","","","","","","","","","","","","","","","","","","","","","","","","","","","","","","","","","","","",""
"OSA","OSA_aom_bip_armor.xml","ao_durkhan_sleeveless_leather_lamellar","{=osa_ao_durkhan_sleeveless_leather_lamellar}Eastern Sleeveless Leather Lamellar","BodyArmor","Culture.khuzait","body_armor","AO_durkhan_armor_j","5.3","","0","1.8","Leather","leather","","17","1","2","false","true","","","","","","","","","","","","","","","","","","","","","","","","","","","","","","","","","","true","","","","","","","","","","","","","","","","","","","","","","","","","","","","","","","","","","","","","","","","","","","","","","",""
"OSA","OSA_aom_bip_armor.xml","ao_durkhan_chestplate","{=osa_ao_durkhan_chestplate}Eastern Leather Chestplate","BodyArmor","Culture.khuzait","body_armor","AO_durkhan_armor_a","4","","0","1.8","Leather","leather","","15","1","2","false","true","","","","","","","","","","","","","","","","","","","","","","shoulders","","","","","","","","","","","","true","","","","","","","","","","","","","","","","","","","","","","","","","","","","","","","","","","","","","","","","","","","","","","",""
"OSA","OSA_aom_bip_armor.xml","ao_durkhan_topless_leather_lamellar","{=osa_ao_durkhan_topless_leather_lamellar}Eastern Open Leather Lamellar","BodyArmor","Culture.khuzait","body_armor","AO_durkhan_armor_k","5","","0","1.8","Leather","leather","","16","0","2","false","true","","","","","","","","","","","","","","","","","","","","","","","","","","","","","","","","","","true","","","","","","","","","","","","","","","","","","","","","","","","","","","","","","","","","","","","","","","","","","","","","","",""
"OSA","OSA_aom_bip_armor.xml","ao_durkhan_light_lamellar","{=osa_ao_durkhan_light_lamellar}Eastern Light Lamellar","BodyArmor","Culture.khuzait","body_armor","AO_durkhan_armor_h","6.5","","0","1.8","Plate","plate","","24","2","2","false","true","","","","","","","","","","","","","","","","","","","","","","shoulders","","","","","","","","","","","","true","","","","","","","","","","","","","","","","","","","","","","","","","","","","","","","","","","","","","","","","","","","","","","",""
"OSA","OSA_aom_bip_armor.xml","ao_durkhan_lamellar","{=osa_ao_durkhan_lamellar}Eastern Lamellar","BodyArmor","Culture.khuzait","body_armor","AO_durkhan_armor_d","8","","0","1.8","Plate","plate","","28","2","2","false","true","","","","","","","","","","","","","","","","","","","","","","shoulders","","","","","","","","","","","","true","","","","","","","","","","","","","","","","","","","","","","","","","","","","","","","","","","","","","","","","","","","","","","",""
"OSA","OSA_aom_bip_armor.xml","ao_durkhan_lamellar_thighguard","{=osa_ao_durkhan_lamellar_thighguard}Eastern Lamellar With Thighguard","BodyArmor","Culture.khuzait","body_armor","AO_durkhan_armor_e","10","","","3","Plate","plate","","40","2","25","false","true","","","","","","","","","","","","","","","","","","","","","","shoulders","","","","","","","","","","","","true","","","","","","","","","","","","","","","","","","","","","","","","","","","","","","","","","","","","","","","","","","","","","","",""
"OSA","OSA_aom_bip_armor.xml","ao_durkhan_heavy_lamellar","{=osa_ao_durkhan_heavy_lamellar}Eastern Heavy Lamellar","BodyArmor","Culture.khuzait","body_armor","AO_durkhan_armor_b","12","","0","1.8","Plate","plate","","45","2","18","true","true","","","","","","","","","","","","","","","","","","","","","","","","","","","","","","","","","","true","","","","","","","","","","","","","","","","","","","","","","","","","","","","","","","","","","","","","","","","","","","","","","",""
"OSA","OSA_aom_bip_armor.xml","ao_durkhan_nobles_lamellar","{=osa_ao_durkhan_nobles_lamellar}Eastern Noble Lamellar","BodyArmor","Culture.khuzait","body_armor","AO_durkhan_armor_i","14","","0","1.8","Plate","plate","","49","2","18","true","true","","","","","","","","","","","","","","","","","","","","","","","","","","","","","","","","","","true","","","","","","","","","","","","","","","","","","","","","","","","","","","","","","","","","","","","","","","","","","","","","","",""
"OSA","OSA_aom_bip_armor.xml","ao_durkhan_lamellar_with_mail","{=osa_ao_durkhan_lamellar_with_mail}Eastern Heavy Lamellar With Mail","BodyArmor","Culture.khuzait","body_armor","AO_durkhan_armor_f","22.1","","0","3","Plate","plate","","48","14","24","true","true","","","","","","","","","","","","","","","","","","","","","","","","","","","","","","","","","","true","","","","","","","","","","","","","","","","","","","","","","","","","","","","","","","","","","","","","","","","","","","","","","",""
"OSA","OSA_aom_bip_armor.xml","ao_eorling_plates_over_mail","{=osa_ao_eorling_plates_over_mail}Western Iron Scale Over Mail","BodyArmor","Culture.battania","","AO_eorling_armor_c","18","","","1","Plate","plate","","40","25","20","true","true","","","","","","","","","","","","","","","","","","","","","","","","","","","","","","","","","","true","","","","","","","","","","","","","","","","","","","","","","","","","","","","","","","","","","","","","","","","","","","","","","",""
"OSA","OSA_aom_bip_armor.xml","ao_eorling_plates_over_gambeson","{=osa_ao_eorling_plates_over_gambeson}Western Iron Scale Over Gambeson","BodyArmor","Culture.vlandia","","AO_eorling_armor_b","14","","","1","Plate","plate","","32","15","12","true","true","","","","","","","","","","","","","","","","","","","","","","","","","","","","","","","","","","true","","","","","","","","","","","","","","","","","","","","","","","","","","","","","","","","","","","","","","","","","","","","","","",""
"OSA","OSA_aom_bip_armor.xml","ao_eorling_bronze_scale_over_mail","{=osa_ao_eorling_bronze_scale_over_mail}Northern Bronze Scale Coat Over Mail","BodyArmor","Culture.sturgia","","AO_eorling_armor_a","16","","","1","Plate","plate","","45","27","22","true","true","","","","","","","","","","","","","","","","","","","","","","","","","","","","","","","","","","true","","","","","","","","","","","","","","","","","","","","","","","","","","","","","","","","","","","","","","","","","","","","","","",""
"OSA","OSA_aom_bip_armor.xml","ao_eorling_iron_scale_over_mail","{=osa_ao_eorling_iron_scale_over_mail}Northern Iron Scale Coat Over Mail","BodyArmor","Culture.sturgia","","AO_eorling_armor_a2","16","","","1","Plate","plate","","45","27","22","true","true","","","","","","","","","","","","","","","","","","","","","","","","","","","","","","","","","","true","","","","","","","","","","","","","","","","","","","","","","","","","","","","","","","","","","","","","","","","","","","","","","",""
"OSA","OSA_aom_bip_armor.xml","AO_eorling_armor_d","{=osa_ao_eorling_armor_d}Northern Bronze Scale Vest Over Mail","BodyArmor","Culture.sturgia","","AO_eorling_armor_d","16","","","1","Plate","plate","","42","15","18","true","true","","","","","","","","","","","","","","","","","","","","","","","","","","","","","","","","","","true","","","","","","","","","","","","","","","","","","","","","","","","","","","","","","","","","","","","","","","","","","","","","","",""
"OSA","OSA_aom_bip_armor.xml","AO_eorling_armor_d2","{=osa_ao_eorling_armor_d2}Northern Iron Scale Vest Over Mail","BodyArmor","Culture.sturgia","","AO_eorling_armor_d2","16","","","1","Plate","plate","","42","15","18","true","true","","","","","","","","","","","","","","","","","","","","","","","","","","","","","","","","","","true","","","","","","","","","","","","","","","","","","","","","","","","","","","","","","","","","","","","","","","","","","","","","","",""
"OSA","OSA_aom_bip_armor.xml","ao_gen_gambeson_over_mail","{=osa_ao_gen_gambeson_over_mail}Northern Padded Coat Over Mail","BodyArmor","Culture.sturgia","","AO_gen_gambeson_a","10","","","3","Plate","plate","","32","16","16","true","true","","","","","","","","","","","","","","","","","","","","","","","","","","","","","","","","","","true","","","","","","","","","","","","","","","","","","","","","","","","","","","","","","","","","","","","","","","","","","","","","","",""
"OSA","OSA_aom_bip_armor.xml","ao_crude_mail_with_tunic","{=osa_ao_crude_mail_with_tunic}Crude Mail Over Tunic","BodyArmor","Culture.vlandia","","AO_gen_mail_a","9.5","","","3","Plate","plate","","26","16","16","true","true","","","","","","","","","","","","","","","","","","","","","","","","","","","","","","","","","","true","","","","","","","","","","","","","","","","","","","","","","","","","","","","","","","","","","","","","","","","","","","","","","",""
"OSA","OSA_aom_bip_armor.xml","ao_imperial_southern_scale_armor_over_mail","{=osa_ao_imperial_southern_scale_armor_over_mail}Imperial Heavy Scale Armor Over Mail","BodyArmor","Culture.empire","","AO_empire_armor_g","20.0","","","1","Plate","plate","","47","14","23","true","true","","","","","","","","","","","","","","","","","","","","","","","","","","","","","","","","","","true","","","","","","","","","","3","","","","","","","","","","","","","","","","","","","","","","","","","","","","","","","","","","","","",""
"OSA","OSA_aom_bip_armor.xml","ao_imperial_southern_scale_armor_over_mail_b","{=osa_ao_imperial_southern_scale_armor_over_mail_b}Imperial Heavy Brass Scale Armor Over Mail","BodyArmor","Culture.empire","","AO_empire_armor_g2","20.0","","","1","Plate","plate","","47","14","23","true","true","","","","","","","","","","","","","","","","","","","","","","","","","","","","","","","","","","true","","","","","","","","","","3","","","","","","","","","","","","","","","","","","","","","","","","","","","","","","","","","","","","",""
"OSA","OSA_aom_bip_armor.xml","ao_imperial_lamellar_vest","{=osa_ao_imperial_lamellar_vest}Imperial Steel Lamellar Over Padded Cloth","BodyArmor","Culture.empire","","AO_empire_armor_c","7","","","1","Plate","plate","","28","6","9","true","true","","","","","","","","","","","","","","","","","","","","","","","","","","","","","","","","","","true","","","","","","","","","","3","","","","","","","","","","","","","","","","","","","","","","","","","","","","","","","","","","","","",""
"OSA","OSA_aom_bip_armor.xml","ao_imperial_lamellar_vest_b","{=osa_ao_imperial_lamellar_vest_b}Imperial Brass Lamellar Over Padded Cloth","BodyArmor","Culture.empire","","AO_empire_armor_c2","7","","","1","Plate","plate","","28","6","9","true","true","","","","","","","","","","","","","","","","","","","","","","","","","","","","","","","","","","true","","","","","","","","","","3","","","","","","","","","","","","","","","","","","","","","","","","","","","","","","","","","","","","",""
"OSA","OSA_aom_bip_armor.xml","ao_imperial_lamellar_vest_over_mail","{=osa_ao_imperial_lamellar_vest_over_mail}Imperial White Brass Lamellar Over Mail","BodyArmor","Culture.empire","","AO_empire_armor_d","14","","","2","Chainmail","chain","","46","12","12","true","true","","","","","","","","","","","","","","","","","","","","","","","","","","","","","","","","","","true","","","","","","","","","","","","","","","","","","","","","","","","","","","","","","","","","","","","","","","","","","","","","","",""
"OSA","OSA_aom_bip_armor.xml","ao_imperial_lamellar_vest_over_mail_b","{=osa_ao_imperial_lamellar_vest_over_mail_b}Imperial Brass Lamellar Over Mail","BodyArmor","Culture.empire","","AO_empire_armor_d2","14","","","2","Chainmail","chain","","46","12","12","true","true","","","","","","","","","","","","","","","","","","","","","","","","","","","","","","","","","","true","","","","","","","","","","","","","","","","","","","","","","","","","","","","","","","","","","","","","","","","","","","","","","",""
"OSA","OSA_aom_bip_armor.xml","ao_imperial_cataphracts_lamellar","{=osa_ao_imperial_cataphracts_lamellar}Imperial White Brass Lamellar Over Scale","BodyArmor","Culture.empire","body_armor","AO_empire_armor_b","23","","0","3","Plate","plate","","55","16","18","true","true","","","","","","","","","","","","","","","","","","","","","","","","","","","","","","","","","","true","","","","","","","","","","","","","","","","","","","","","","","","","","","","","","","","","","","","","","","","","","","","","","",""
"OSA","OSA_aom_bip_armor.xml","ao_imperial_cataphracts_lamellar_b","{=osa_ao_imperial_cataphracts_lamellar_b}Imperial Brass Lamellar Over Scale","BodyArmor","Culture.empire","body_armor","AO_empire_armor_b2","23","","0","3","Plate","plate","","55","16","18","true","true","","","","","","","","","","","","","","","","","","","","","","","","","","","","","","","","","","true","","","","","","","","","","","","","","","","","","","","","","","","","","","","","","","","","","","","","","","","","","","","","","",""
"OSA","OSA_aom_bip_armor.xml","AO_imperial_scouts_tunic","{=osa_ao_imperial_scouts_tunic}Imperial Explorator's Tunic","BodyArmor","Culture.empire","body_armor","AO_empire_armor_f","0.4","","0","1","Cloth","cloth_unarmoured","","5","1","1","true","true","","","","","","","","","","","","","","","","","","","","","","","","","","","","true","","","","","","true","","","","","","","","","","","","","","","","","","","","","","","","","","","","","","","","","","","","","","","","","","","","","","",""
"OSA","OSA_aom_bip_armor.xml","ao_imperial_brass_scale_armor","{=osa_ao_imperial_brass_scale_armor}Brass Scale Coat Over Padded Mail","BodyArmor","Culture.aserai","body_armor","AO_empire_armor_a","24","","0","1","Plate","plate","","50","12","15","true","true","","","","","","","","","","","","","","","","","","","","","","","","","","","","","","","","","","true","","","","","","","","","","","","","","","","","","","","","","","","","","","","","","","","","","","","","","","","","","","","","","",""
"OSA","OSA_aom_bip_armor.xml","ao_imperial_brass_scale_armor_b","{=osa_ao_imperial_brass_scale_armor_b}Iron Scale Coat Over Padded Mail","BodyArmor","Culture.aserai","body_armor","AO_empire_armor_a2","24","","0","1","Plate","plate","","50","12","15","true","true","","","","","","","","","","","","","","","","","","","","","","","","","","","","","","","","","","true","","","","","","","","","","","","","","","","","","","","","","","","","","","","","","","","","","","","","","","","","","","","","","",""
"OSA","OSA_aom_bip_armor.xml","ao_imperial_light_leather","{=osa_ao_imperial_light_leather}Imperial Rugged Leather Armor","BodyArmor","Culture.empire","","AO_empire_armor_e","3.1","","","1.3","Leather","leather","","18","6","5","true","true","","","","","","","","","","","","","","","","","","","","","","","","","","","","","","","","","","true","","","","","","","","","","","","","","","","","","","","","","","","","","","","","","","","","","","","","","","","","","","","","","",""
"OSA","OSA_aom_bip_armor.xml","ao_sturgian_lamellar_vest","{=osa_ao_sturgian_lamellar_vest}Northern Lamellar Vest Over Hauberk","BodyArmor","Culture.sturgia","body_armor","AO_sturgia_armor_a","16.5","","0","1.5","Plate","plate","","42","12","14","true","true","","","","","","","","","","","","","","","","","","","","","","","","","","","","","","","","","","true","","","","","","","","","","","","","","","","","","","","","","","","","","","","","","","","","","","","","","","","","","","","","","",""
"OSA","OSA_aom_bip_armor.xml","ao_sturgian_lamellar_vest_b","{=osa_ao_sturgian_lamellar_vest_b}Northern Alternating Lamellar Vest Over Hauberk","BodyArmor","Culture.sturgia","body_armor","AO_sturgia_armor_a2","16.5","","0","1.5","Plate","plate","","42","12","14","true","true","","","","","","","","","","","","","","","","","","","","","","","","","","","","","","","","","","true","","","","","","","","","","","","","","","","","","","","","","","","","","","","","","","","","","","","","","","","","","","","","","",""
"OSA","OSA_aom_bip_armor.xml","ao_sturgian_leather_over_mail","{=osa_ao_sturgian_leather_over_mail}Northern Leather Coat Over Hauberk","BodyArmor","Culture.sturgia","body_armor","AO_sturgia_armor_b","8.3","","0","1.8","Chainmail","chain","","29","11","13","true","true","","","","","","","","","","","","","","","","","","","","","","","","","","","","","","","","","","true","","","","","","","","","","","","","","","","","","","","","","","","","","","","","","","","","","","","","","","","","","","","","","",""
"OSA","OSA_aom_bip_armor.xml","ao_sturgian_leather_over_cloth","{=osa_ao_sturgian_leather_over_cloth}Northern Leather Coat","BodyArmor","Culture.sturgia","","AO_sturgia_armor_c","4.4","","","1","Leather","leather","","18","6","9","true","","","","","","","","","","","","","","","","","","","","","","","","","","","","","","","","","","","true","","","","","","","","","","","","","","","","","","","","","","","","","","","","","","","","","","","","","","","","","","","","","","",""
"OSA","OSA_aom_bip_armor.xml","ao_sturgia_armor_d","{=osa_ao_sturgia_armor_d}Northern Lamellar Coat Over Hauberk","BodyArmor","Culture.sturgia","body_armor","AO_sturgia_armor_d","16.5","","0","1.5","Plate","plate","","50","14","25","true","true","","","","","","","","","","","","","","","","","","","","","","","","","","","","","","","","","","true","","","","","","","","","","","","","","","","","","","","","","","","","","","","","","","","","","","","","","","","","","","","","","",""
"OSA","OSA_aom_bip_armor.xml","ao_sturgia_armor_d2","{=osa_ao_sturgia_armor_d2}Northern Alternating Lamellar Coat Over Hauberk","BodyArmor","Culture.sturgia","body_armor","AO_sturgia_armor_d2","16.5","","0","1.5","Plate","plate","","50","14","25","true","true","","","","","","","","","","","","","","","","","","","","","","","","","","","","","","","","","","true","","","","","","","","","","","","","","","","","","","","","","","","","","","","","","","","","","","","","","","","","","","","","","",""
"OSA","OSA_aom_bip_armor.xml","ao_khuzait_leather_vest","{=osa_ao_khuzait_leather_vest}Eastern Leather Vest Over Tunic","BodyArmor","Culture.khuzait","body_armor","AO_khuzait_armor_a","1.9","","","1","Leather","leather","","19","3","4","true","true","","","","","","","","","","","","","","","","","","","","","","","","","","","","","","","","","","true","","","","","","","","","","","","","","","","","","","","","","","","","","","","","","","","","","","","","","","","","","","","","","",""
"OSA","OSA_aom_bip_armor.xml","ao_mabili_hide_skirt","{=osa_ao_mabili_hide_skirt}Southern Hide Skirt","BodyArmor","Culture.aserai","body_armor","AO_mabili_armor_a_converted","0.1","","0","1.4","Leather","leather","","1","0","3","false","true","","","","","","","","","","","","","","","","","","","","","","","","","","","","true","true","","","","","","","","","","","","","","","","","","","","","","","","","","","","","","","","","","","","","","","","","","","","","","","","","","","",""
"OSA","OSA_aom_bip_armor.xml","ao_mabili_leopard_skirt","{=osa_ao_mabili_leopard_skirt}Southern Leopard Pelt Skirt","BodyArmor","Culture.aserai","body_armor","AO_mabili_armor_a2_converted","0.1","","0","1.4","Leather","leather","","1","0","3","false","true","","","","","","","","","","","","","","","","","","","","","","","","","","","","true","true","","","","","","","","","","","","","","","","","","","","","","","","","","","","","","","","","","","","","","","","","","","","","","","","","","","",""
"OSA","OSA_aom_bip_armor.xml","ao_mabili_zebra_skirt","{=osa_ao_mabili_zebra_skirt}Southern Zebra Pelt Skirt","BodyArmor","Culture.aserai","body_armor","AO_mabili_armor_a3_converted","0.1","","0","1.4","Leather","leather","","1","0","3","false","true","","","","","","","","","","","","","","","","","","","","","","","","","","","","true","true","","","","","","","","","","","","","","","","","","","","","","","","","","","","","","","","","","","","","","","","","","","","","","","","","","","",""
"OSA","OSA_aom_bip_armor.xml","ao_mabili_hide_armor_a","{=osa_ao_mabili_hide_armor_a}Southern Leather Lamellar Over Hide Skirt","BodyArmor","Culture.aserai","body_armor","AO_mabili_armor_b","5","","0","1.8","Leather","leather","","16","1","3","false","true","","","","","","","","","","","","","","","","","","","","","","","","","","","","","","","","","","true","","","","","","","","","","","","","","","","","","","","","","","","","","","","","","","","","","","","","","","","","","","","","","",""
"OSA","OSA_aom_bip_armor.xml","ao_mabili_hide_armor_a2","{=osa_ao_mabili_hide_armor_a2}Southern Leather Lamellar Over Leopard Pelt Skirt","BodyArmor","Culture.aserai","body_armor","AO_mabili_armor_b2","5","","0","1.8","Leather","leather","","16","1","3","false","true","","","","","","","","","","","","","","","","","","","","","","","","","","","","","","","","","","true","","","","","","","","","","","","","","","","","","","","","","","","","","","","","","","","","","","","","","","","","","","","","","",""
"OSA","OSA_aom_bip_armor.xml","ao_mabili_hide_armor_a3","{=osa_ao_mabili_hide_armor_a3}Southern Leather Lamellar Over Zebra Pelt Skirt","BodyArmor","Culture.aserai","body_armor","AO_mabili_armor_b3","5","","0","1.8","Leather","leather","","16","1","3","false","true","","","","","","","","","","","","","","","","","","","","","","","","","","","","","","","","","","true","","","","","","","","","","","","","","","","","","","","","","","","","","","","","","","","","","","","","","","","","","","","","","",""
"OSA","OSA_aom_bip_armor.xml","ao_mabili_hide_armor_b","{=osa_ao_mabili_hide_armor_b}Southern Leather Vest Over Hide Skirt","BodyArmor","Culture.aserai","body_armor","AO_mabili_armor_c","1.9","","","1","Leather","leather","","16","1","3","false","true","","","","","","","","","","","","","","","","","","","","","","","","","","","","","","","","","","true","","","","","","","","","","","","","","","","","","","","","","","","","","","","","","","","","","","","","","","","","","","","","","",""
"OSA","OSA_aom_bip_armor.xml","ao_mabili_hide_armor_b2","{=osa_ao_mabili_hide_armor_b2}Southern Leather Vest Over Leopard Pelt Skirt","BodyArmor","Culture.aserai","body_armor","AO_mabili_armor_c2","1.9","","","1","Leather","leather","","16","1","3","false","true","","","","","","","","","","","","","","","","","","","","","","","","","","","","","","","","","","true","","","","","","","","","","","","","","","","","","","","","","","","","","","","","","","","","","","","","","","","","","","","","","",""
"OSA","OSA_aom_bip_armor.xml","ao_mabili_hide_armor_b3","{=osa_ao_mabili_hide_armor_b3}Southern Leather Vest Over Zebra Pelt Skirt","BodyArmor","Culture.aserai","body_armor","AO_mabili_armor_c3","1.9","","","1","Leather","leather","","16","1","3","false","true","","","","","","","","","","","","","","","","","","","","","","","","","","","","","","","","","","true","","","","","","","","","","","","","","","","","","","","","","","","","","","","","","","","","","","","","","","","","","","","","","",""
"OSA","OSA_aom_bip_armor.xml","ao_mabili_hide_armor_c","{=osa_ao_mabili_hide_armor_c}Southern Iron Lamellar Over Hide Skirt","BodyArmor","Culture.aserai","body_armor","AO_mabili_armor_d","5","","0","1.8","Leather","leather","","34","1","3","false","true","","","","","","","","","","","","","","","","","","","","","","","","","","","","","","","","","","true","","","","","","","","","","","","","","","","","","","","","","","","","","","","","","","","","","","","","","","","","","","","","","",""
"OSA","OSA_aom_bip_armor.xml","ao_mabili_hide_armor_c2","{=osa_ao_mabili_hide_armor_c2}Southern Iron Lamellar Over Leopard Pelt Skirt","BodyArmor","Culture.aserai","body_armor","AO_mabili_armor_d2","5","","0","1.8","Leather","leather","","34","1","3","false","true","","","","","","","","","","","","","","","","","","","","","","","","","","","","","","","","","","true","","","","","","","","","","","","","","","","","","","","","","","","","","","","","","","","","","","","","","","","","","","","","","",""
"OSA","OSA_aom_bip_armor.xml","ao_mabili_hide_armor_c3","{=osa_ao_mabili_hide_armor_c3}Southern Iron Lamellar Over Zebra Pelt Skirt","BodyArmor","Culture.aserai","body_armor","AO_mabili_armor_d3","5","","0","1.8","Leather","leather","","34","1","3","false","true","","","","","","","","","","","","","","","","","","","","","","","","","","","","","","","","","","true","","","","","","","","","","","","","","","","","","","","","","","","","","","","","","","","","","","","","","","","","","","","","","",""
"OSA","OSA_aom_bip_armor.xml","ao_vlandian_tabard_over_aketon","{=osa_ao_vlandian_tabard_over_aketon}Western Tabard Over Aketon","BodyArmor","Culture.vlandia","","AO_vlandia_armor_a","3.4","","","1","Cloth","cloth","","16","3","3","true","true","","","","","","","","","","","","","","","","","","","","","","","","","","","","","","","","","","true","","","","","","","","","","","","","","","","","","","","","","","","","","","","","","","","","","","","","","","","","","","","","","",""
"OSA","OSA_aom_bip_armor.xml","ao_vlandian_tabard_over_aketon_b","{=osa_ao_vlandian_tabard_over_aketon_b}Western Plain Tabard Over Aketon","BodyArmor","Culture.vlandia","","AO_vlandia_armor_b","3.4","","","1","Cloth","cloth","","16","3","3","true","true","","","","","","","","","","","","","","","","","","","","","","","","","","","","","","","","","","true","","","","","","","","","","","","","","","","","","","","","","","","","","","","","","","","","","","","","","","","","","","","","","",""
"OSA","OSA_aom_bip_armor.xml","AO_vlandia_armor_c","{=osa_ao_vlandia_armor_c}Western Leather Tabard Over Aketon","BodyArmor","Culture.vlandia","","AO_vlandia_armor_c","3.4","","","1","Leather","leather","","20","3","3","true","true","","","","","","","","","","","","","","","","","","","","","","","","","","","","","","","","","","true","","","","","","","","","","","","","","","","","","","","","","","","","","","","","","","","","","","","","","","","","","","","","","",""
"OSA","OSA_aom_bip_armor.xml","AO_aserai_armor_a","{=osa_ao_aserai_armor_a}Brass Scale Armor Over Long Tunic","BodyArmor","Culture.aserai","body_armor","AO_aserai_armor_a","12.5","","0","1","Plate","plate","","38","12","17","true","true","","","","","","","","","","","","","","","","","","","","","","","","","","","","","","","","","","true","","","","","","","","","","","","","","","","","","","","","","","","","","","","","","","","","","","","","","","","","","","","","","",""
"OSA","OSA_aom_bip_armor.xml","AO_aserai_armor_b","{=osa_ao_aserai_armor_b}Iron Scale Armor Over Long Tunic","BodyArmor","Culture.aserai","body_armor","AO_aserai_armor_b","12.5","","0","1","Plate","plate","","38","12","17","true","true","","","","","","","","","","","","","","","","","","","","","","","","","","","","","","","","","","true","","","","","","","","","","","","","","","","","","","","","","","","","","","","","","","","","","","","","","","","","","","","","","",""
"OSA","OSA_aom_bip_armor.xml","AO_aserai_armor_c","{=osa_ao_aserai_armor_c}Brass Scale Vest Over Long Tunic","BodyArmor","Culture.aserai","body_armor","AO_aserai_armor_c","12.5","","0","1","Plate","plate","","38","12","10","true","true","","","","","","","","","","","","","","","","","","","","","","","","","","","","","","","","","","true","","","","","","","","","","","","","","","","","","","","","","","","","","","","","","","","","","","","","","","","","","","","","","",""
"OSA","OSA_aom_bip_armor.xml","AO_aserai_armor_d","{=osa_ao_aserai_armor_d}Iron Scale Vest Over Long Tunic","BodyArmor","Culture.aserai","body_armor","AO_aserai_armor_d","12.5","","0","1","Plate","plate","","38","12","10","true","true","","","","","","","","","","","","","","","","","","","","","","","","","","","","","","","","","","true","","","","","","","","","","","","","","","","","","","","","","","","","","","","","","","","","","","","","","","","","","","","","","",""
"OSA","OSA_aom_bip_head.xml","ao_crown_a","{=osa_ao_crown_a}Pointed Crown","HeadArmor","Culture.vlandia","","ao_crown_a","3.1","","","1.6","Plate","Plate","15","","","","","false","none","none","","","","","","","","","","","","","","","","","","","","","","","","","","true","","","","","","true","","","","","","","","false","","","","","","","","","","","","","","","","","","","","","","","","","","","","","","","","","","","","","","",""
"OSA","OSA_aom_bip_head.xml","ao_gold_circlet_a","{=osa_ao_gold_circlet_a}Simple Gilded Circlet","HeadArmor","Culture.vlandia","","AR_circlet_a","3.1","8650","","1.6","Plate","Plate","10","","","","","false","none","none","","","","","","","","","","","","","","","","","","","","","","","","","","true","","","","","","true","","","","","","","","","","","","","","","","","","","","","","","","","","","","","","","","","","","","","","","","","","","","","","",""
"OSA","OSA_aom_bip_head.xml","ao_angevin_crown","{=osa_ao_angevin_crown}Western Ornate Spiked Crown","HeadArmor","Culture.vlandia","","ao_angevin_crown","3.1","","","1.6","Plate","Plate","18","","","","","false","none","none","","","","","","","","","","","","","","","","","","","","","","","","","","true","","","","","","true","","","","","","","","false","","","","","","","","","","","","","","","","","","","","","","","","","","","","","","","","","","","","","","",""
"OSA","OSA_aom_bip_head.xml","ao_mabili_feathered_headband","{=osa_ao_mabili_feathered_headband}Southern Feathered Headband","HeadArmor","Culture.aserai","","ao_mabili_cap_a","1","","","1.6","Leather","leather","3","","","","","false","none","none","","","","","","","","","","","","","","","","","","","","","","","","","","true","","","","","","true","","","","","","","","","","","","","","","","","","","","","","","","","","","","","","","","","","","","","","","","","","","","","","",""
"OSA","OSA_aom_bip_head.xml","ao_mabili_leather_headband","{=osa_ao_mabili_leather_headband}Southern Leather Headband","HeadArmor","Culture.aserai","","ao_mabili_cap_b","1","","","1.6","Leather","leather","3","","","","","false","none","none","","","","","","","","","","","","","","","","","","","","","","","","","","true","","","","","","true","","","","","","","","","","","","","","","","","","","","","","","","","","","","","","","","","","","","","","","","","","","","","","",""
"OSA","OSA_aom_bip_head.xml","ao_mailed_angevin_crown","{=osa_ao_mailed_angevin_crown}Western Ornate Spiked Crown Over Mail Coif","HeadArmor","Culture.vlandia","head_armor","AO_crown_e","1.7","","0","1","Chainmail","chain","27","","","","","false","all","type2","","","","","","","","","","","","","","","","","","","","","","","","","","","","","","","","true","","","","","","","","false","","","","","","","","","","","","","","","","","","","","","","","","","","","","","","","","","","","","","","",""
"OSA","OSA_aom_bip_head.xml","ao_subuwari_helmet_a","{=osa_ao_subuwari_helmet_a}Southern Bronze Cone Helmet","HeadArmor","Culture.aserai","","AO_subuwari_helmet_a","0.5","","","0.8","Plate","plate","20","","","","","false","type2","type2","","","","","","","","","","","","","","","","","","","","","","","","","","true","","","","","","true","","","","","","","","","","","","","","","","","","","","","","","","","","","","","","","","","","","","","","","","","","","","","","",""
"OSA","OSA_aom_bip_head.xml","ao_subuwari_helmet_a2","{=osa_ao_subuwari_helmet_a2}Southern Iron Cone Helmet","HeadArmor","Culture.aserai","","AO_subuwari_helmet_a2","0.5","","","0.8","Plate","plate","20","","","","","false","type2","type2","","","","","","","","","","","","","","","","","","","","","","","","","","true","","","","","","true","","","","","","","","","","","","","","","","","","","","","","","","","","","","","","","","","","","","","","","","","","","","","","",""
"OSA","OSA_aom_bip_head.xml","ao_subuwari_noblemans_helmet","{=osa_ao_subuwari_noblemans_helmet}Southern Bronze Cone Helmet Over Mail","HeadArmor","Culture.aserai","","AO_subuwari_lord_helmet_a","1.8","","","1","Plate","plate","38","","","","","false","all","type2","","","","","","","","","","","","","","","","","","","","","","","","","","","","","","","","true","","","","","","","","","","","","","","","","","","","","","","","","","","","","","","","","","","","","","","","","","","","","","","",""
"OSA","OSA_aom_bip_head.xml","ao_subuwari_noblemans_helmet_b","{=osa_ao_subuwari_noblemans_helmet_b}Southern Iron Cone Helmet Over Mail","HeadArmor","Culture.aserai","","AO_subuwari_lord_helmet_b","1.8","","","1","Plate","plate","38","","","","","false","all","type2","","","","","","","","","","","","","","","","","","","","","","","","","","","","","","","","true","","","","","","","","","","","","","","","","","","","","","","","","","","","","","","","","","","","","","","","","","","","","","","",""
"OSA","OSA_aom_bip_head.xml","ao_vlandian_nasal_helmet_with_mail_coif","{=osa_ao_vlandian_nasal_helmet_with_mail_coif}Nasal Helmet With Mail Coif","HeadArmor","Culture.vlandia","","AO_vlandia_helmet_a","1.8","","","1.6","Plate","plate","30","","","","","false","all","type2","","","","","","","","","","","","","","","","","","","","","","","","","","","","","","","","true","","","","","","","","","","","","","","","","","","","","","","","","","","","","","","","","","","","","","","","","","","","","","","",""
"OSA","OSA_aom_bip_head.xml","ao_durkhan_fur_trimmed_helmet","{=osa_ao_durkhan_fur_trimmed_helmet}Eastern Guarded Fur Trimmed Helmet","HeadArmor","Culture.khuzait","","AO_durkhan_helmet_c","3.1","","","1.6","Plate","Plate","35","","","","","false","type3","none","","","","","","","","","","","","","","","","","","","","","","","","","","","","","","","","true","","","","","","","","","","","","","","","","","","","","","","","","","","","","","","","","","","","","","","","","","","","","","","",""
"OSA","OSA_aom_bip_head.xml","ao_durkhan_cataphract_helmet_a","{=osa_ao_durkhan_cataphract_helmet_a}Eastern Mailed Cataphract Helmet","HeadArmor","Culture.khuzait","","AO_durkhan_helmet_a","3.8","","","1.6","Plate","Plate","52","","","","","false","all","type2","","","","","","","","","","","","","","","","","","","","","","","","","","","","","","","","true","","","","","","","","","","","","","","","","","","","","","","","","","","","","","","","","","","","","","","","","","","","","","","",""
"OSA","OSA_aom_bip_head.xml","ao_durkhan_cataphract_helmet_b","{=osa_ao_durkhan_cataphract_helmet_b}Eastern Lamellar Cataphract Helmet","HeadArmor","Culture.khuzait","","AO_durkhan_helmet_b","3.8","","","1.6","Plate","Plate","52","","","","","false","all","type2","","","","","","","","","","","","","","","","","","","","","","","","","","","","","","","","true","","","","","","","","","","","","","","","","","","","","","","","","","","","","","","","","","","","","","","","","","","","","","","",""
"OSA","OSA_aom_bip_head.xml","ao_durkhan_guarded_iron_helmet","{=osa_ao_durkhan_guarded_iron_helmet}Eastern Guarded Iron Helmet","HeadArmor","Culture.khuzait","","AO_durkhan_helmet_e","3.8","","","1.6","Plate","Plate","32","","","","","false","type3","type2","","","","","","","","","","","","","","","","","","","","","","","","","","","","","","","","true","","","","","","","","","","","","","","","","","","","","","","","","","","","","","","","","","","","","","","","","","","","","","","",""
"OSA","OSA_aom_bip_head.xml","ao_durkhan_heavy_lamellar_helmet","{=osa_ao_durkhan_heavy_lamellar_helmet}Eastern Heavy Lamellar Helmet","HeadArmor","Culture.khuzait","","AO_durkhan_helmet_g","3.8","","","1.6","Plate","Plate","42","","","","","false","type3","type2","","","","","","","","","","","","","","","","","","","","","","","","","","","","","","","","true","","","","","","","","","","","","","","","","","","","","","","","","","","","","","","","","","","","","","","","","","","","","","","",""
"OSA","OSA_aom_bip_head.xml","ao_durkhan_heavy_fur_trimmed_helmet","{=osa_ao_durkhan_heavy_fur_trimmed_helmet}Eastern Heavy Fur Trimmed Lamellar Helmet","HeadArmor","Culture.khuzait","","AO_durkhan_helmet_f","3.8","","","1.6","Plate","Plate","52","","","","","false","type3","type2","","","","","","","","","","","","","","","","","","","","","","","","","","","","","","","","true","","","","","","","","","","","","","","","","","","","","","","","","","","","","","","","","","","","","","","","","","","","","","","",""
"OSA","OSA_aom_bip_head.xml","ao_durkhan_iron_helmet_with_leather","{=osa_ao_durkhan_iron_helmet_with_leather}Iltanlar Iron Cap","HeadArmor","Culture.khuzait","","AO_durkhan_helmet_i","3.8","","","1.6","Plate","Plate","28","","","","","false","type3","type2","","","","","","","","","","","","","","","","","","","","","","","","","","","","","","","","true","","","","","","","","","","","","","","","","","","","","","","","","","","","","","","","","","","","","","","","","","","","","","","",""
"OSA","OSA_aom_bip_head.xml","ao_durkhan_brass_helmet_with_leather","{=osa_ao_durkhan_brass_helmet_with_leather}Iltanlar Brass Cap","HeadArmor","Culture.khuzait","","AO_durkhan_helmet_i2","3.8","","","1.6","Plate","Plate","28","","","","","false","type3","type2","","","","","","","","","","","","","","","","","","","","","","","","","","","","","","","","true","","","","","","","","","","","","","","","","","","","","","","","","","","","","","","","","","","","","","","","","","","","","","","",""
"OSA","OSA_aom_bip_head.xml","ao_durkhan_iron_horsehair_helmet","{=osa_ao_durkhan_iron_horsehair_helmet}Iltanlar Iron Helmet With Leather","HeadArmor","Culture.khuzait","","AO_durkhan_helmet_k","3.8","","","1.6","Plate","Plate","35","","","","","false","type3","type2","","","","","","","","","","","","","","","","","","","","","","","","","","","","","","","","true","","","","","","","","","","","","","","","","","","","","","","","","","","","","","","","","","","","","","","","","","","","","","","",""
"OSA","OSA_aom_bip_head.xml","ao_durkhan_brass_horsehair_helmet","{=osa_ao_durkhan_brass_horsehair_helmet}Iltanlar Brass Helmet With Leather","HeadArmor","Culture.khuzait","","AO_durkhan_helmet_k2","3.8","","","1.6","Plate","Plate","35","","","","","false","type3","type2","","","","","","","","","","","","","","","","","","","","","","","","","","","","","","","","true","","","","","","","","","","","","","","","","","","","","","","","","","","","","","","","","","","","","","","","","","","","","","","",""
"OSA","OSA_aom_bip_head.xml","ao_durkhan_iron_lamellar_helmet","{=osa_ao_durkhan_iron_lamellar_helmet}Iltanlar Iron Helmet Helmet With Mail","HeadArmor","Culture.khuzait","","AO_durkhan_helmet_l","3.8","","","1.6","Plate","Plate","45","","","","","false","type3","type2","","","","","","","","","","","","","","","","","","","","","","","","","","","","","","","","true","","","","","","","","","","","","","","","","","","","","","","","","","","","","","","","","","","","","","","","","","","","","","","",""
"OSA","OSA_aom_bip_head.xml","ao_durkhan_brass_lamellar_helmet","{=osa_ao_durkhan_brass_lamellar_helmet}Iltanlar Brass Helmet Helmet With Mail","HeadArmor","Culture.khuzait","","AO_durkhan_helmet_l2","3.8","","","1.6","Plate","Plate","45","","","","","false","type3","type2","","","","","","","","","","","","","","","","","","","","","","","","","","","","","","","","true","","","","","","","","","","","","","","","","","","","","","","","","","","","","","","","","","","","","","","","","","","","","","","",""
"OSA","OSA_aom_bip_head.xml","ao_eorling_riveted_nasal_helmet","{=osa_ao_eorling_riveted_nasal_helmet}Highland Riveted Nasal Helmet With Mail Aventail","HeadArmor","Culture.battania","","AO_eorling_helmet_f","1.8","","","1","Plate","plate","25","","","","","false","type3","none","","","","","","","","","","","","","","","","","","","","","","","","","","","","","","","","true","","","","","","","","","","","","","","","","","","","","","","","","","","","","","","","","","","","","","","","","","","","","","","",""
"OSA","OSA_aom_bip_head.xml","ao_eorling_guarded_noblemans_helmet","{=osa_ao_eorling_guarded_noblemans_helmet}Highland Plumed Guarded Nobleman's Helmet","HeadArmor","Culture.battania","head_armor","AO_eorling_helmet_c","3.4","","0","1","Plate","plate","36","","","","","false","type3","none","","","","","","","","","","","","","","","","","","","","","","","","","","","","","","","","true","","","","","","","","","","","","","","","","","","","","","","","","","","","","","","","","","","","","","","","","","","","","","","",""
"OSA","OSA_aom_bip_head.xml","ao_eorling_guarded_noblemans_helmet_b","{=osa_ao_eorling_guarded_noblemans_helmet_b}Highland Guarded Nobleman's Helmet","HeadArmor","Culture.battania","head_armor","AO_eorling_helmet_g","3.4","","0","1","Plate","plate","36","","","","","false","type3","none","","","","","","","","","","","","","","","","","","","","","","","","","","","","","","","","true","","","","","","","","","","","","","","","","","","","","","","","","","","","","","","","","","","","","","","","","","","","","","","",""
"OSA","OSA_aom_bip_head.xml","ao_eorling_heavy_guarded_noblemans_helmet","{=osa_ao_eorling_heavy_guarded_noblemans_helmet}Highland Heavy Plumed Guarded Nobleman's Helmet","HeadArmor","Culture.battania","head_armor","AO_eorling_helmet_d","3.4","","0","1","Plate","plate","40","","","","","false","type3","none","","","","","","","","","","","","","","","","","","","","","","","","","","","","","","","","true","","","","","","","","","","","","","","","","","","","","","","","","","","","","","","","","","","","","","","","","","","","","","","",""
"OSA","OSA_aom_bip_head.xml","ao_eorling_heavy_guarded_noblemans_helmet_a","{=osa_ao_eorling_heavy_guarded_noblemans_helmet_a}Highland Heavy Guarded Nobleman's Helmet","HeadArmor","Culture.battania","head_armor","AO_eorling_helmet_h","3.4","","0","1","Plate","plate","40","","","","","false","type3","none","","","","","","","","","","","","","","","","","","","","","","","","","","","","","","","","true","","","","","","","","","","","","","","","","","","","","","","","","","","","","","","","","","","","","","","","","","","","","","","",""
"OSA","OSA_aom_bip_head.xml","ao_eorling_heavy_guarded_noblemans_helmet_b","{=osa_ao_eorling_heavy_guarded_noblemans_helmet_b}Highland Decorated Plumed Guarded Nobleman's Helmet","HeadArmor","Culture.battania","head_armor","AO_eorling_helmet_d2","3.4","","0","1","Plate","plate","42","","","","","false","type3","none","","","","","","","","","","","","","","","","","","","","","","","","","","","","","","","","true","","","","","","","","","","","","","","","","","","","","","","","","","","","","","","","","","","","","","","","","","","","","","","",""
"OSA","OSA_aom_bip_head.xml","ao_eorling_heavy_guarded_noblemans_helmet_c","{=osa_ao_eorling_heavy_guarded_noblemans_helmet_c}Highland Decorated Guarded Nobleman's Helmet","HeadArmor","Culture.battania","head_armor","AO_eorling_helmet_i","3.4","","0","1","Plate","plate","42","","","","","false","type3","none","","","","","","","","","","","","","","","","","","","","","","","","","","","","","","","","true","","","","","","","","","","","","","","","","","","","","","","","","","","","","","","","","","","","","","","","","","","","","","","",""
"OSA","OSA_aom_bip_head.xml","ao_eorling_guarded_nasal_helmet_with_leather","{=osa_ao_eorling_guarded_nasal_helmet_with_leather}Northern Guarded Nasal Helmet With Leather","HeadArmor","Culture.sturgia","head_armor","AO_eorling_helmet_a","3.4","","0","1","Plate","plate","30","","","","","false","type3","none","","","","","","","","","","","","","","","","","","","","","","","","","","","","","","","","true","","","","","","","","","","","","","","","","","","","","","","","","","","","","","","","","","","","","","","","","","","","","","","",""
"OSA","OSA_aom_bip_head.xml","ao_eorling_guarded_nasal_helmet_with_mail","{=osa_ao_eorling_guarded_nasal_helmet_with_mail}Northern Guarded Nasal Helmet With Mail","HeadArmor","Culture.sturgia","head_armor","AO_eorling_helmet_b","3.4","","0","1","Plate","plate","36","","","","","false","type3","none","","","","","","","","","","","","","","","","","","","","","","","","","","","","","","","","true","","","","","","","","","","","","","","","","","","","","","","","","","","","","","","","","","","","","","","","","","","","","","","",""
"OSA","OSA_aom_bip_head.xml","ao_eorling_guarded_nasal_helmet_with_closed_mail","{=osa_ao_eorling_guarded_nasal_helmet_with_closed_mail}Northern Plumed Guarded Nasal Helmet With Closed Mail","HeadArmor","Culture.sturgia","head_armor","AO_eorling_helmet_b2","3.4","","0","1","Plate","plate","45","","","","","false","all","all","","","","","","","","","","","","","","","","","","","","","","","","","","","","","","","","true","","","","","","","","","","","","","","","","","","","","","","","","","","","","","","","","","","","","","","","","","","","","","","",""
"OSA","OSA_aom_bip_head.xml","ao_eorling_guardian_helmet","{=osa_ao_eorling_guardian_helmet}Highland Heavy Guarded Helmet","HeadArmor","Culture.battania","head_armor","AO_eorling_lord_helmet_b","3.4","","0","1","Plate","plate","47","","","","","false","type3","","","","","","","","","","","","","","","","","","","","","","","","","","","","","","","","","true","","","","","","","","","","","","","","","","","","","","","","","","","","","","","","","","","","","","","","","","","","","","","","",""
"OSA","OSA_aom_bip_head.xml","ao_imperial_spangenhelm_with_mail","{=osa_ao_imperial_spangenhelm_with_mail}Imperial Spangenhelm With Mail","HeadArmor","Culture.empire","","AO_empire_helmet_k","1.8","","","1","Plate","plate","25","","","","","false","type3","none","","","","","","","","","","","","","","","","","","","","","","","","","","","","","","","","true","","","","","","","","","","","","","","","","","","","","","","","","","","","","","","","","","","","","","","","","","","","","","","",""
"OSA","OSA_aom_bip_head.xml","ao_imperial_nasal_spangenhelmet_with_mail","{=osa_ao_imperial_nasal_spangenhelmet_with_mail}Imperial Nasal Spangenhelm With Mail","HeadArmor","Culture.empire","","AO_empire_helmet_v","1.8","","","1","Plate","plate","27","","","","","false","type3","none","","","","","","","","","","","","","","","","","","","","","","","","","","","","","","","","true","","","","","","","","","","","","","","","","","","","","","","","","","","","","","","","","","","","","","","","","","","","","","","",""
"OSA","OSA_aom_bip_head.xml","ao_imperial_spangenhelm_with_leather","{=osa_ao_imperial_spangenhelm_with_leather}Imperial Spangenhelm With Leather","HeadArmor","Culture.empire","","AO_empire_helmet_j","1.8","","","1","Plate","plate","19","","","","","false","type3","none","","","","","","","","","","","","","","","","","","","","","","","","","","","","","","","","true","","","","","","","","","","","","","","","","","","","","","","","","","","","","","","","","","","","","","","","","","","","","","","",""
"OSA","OSA_aom_bip_head.xml","ao_imperial_spangenhelm_over_padded_coif","{=osa_ao_imperial_spangenhelm_over_padded_coif}Imperial Spangenhelm Over Padded Coif","HeadArmor","Culture.empire","","AO_empire_helmet_i","1.8","","","1","Plate","plate","21","","","","","false","all","none","","","","","","","","","","","","","","","","","","","","","","","","","","","","","","","","true","","","","","","","","","","","","","","","","","","","","","","","","","","","","","","","","","","","","","","","","","","","","","","",""
"OSA","OSA_aom_bip_head.xml","ao_imperial_heavy_spangenhelm_with_mail","{=osa_ao_imperial_heavy_spangenhelm_with_mail}Imperial Heavy Spangenhelm With Mail","HeadArmor","Culture.empire","","AO_empire_helmet_o","1.8","","","1","Plate","plate","25","","","","","false","type3","none","","","","","","","","","","","","","","","","","","","","","","","","","","","","","","","","true","","","","","","","","","","","","","","","","","","","","","","","","","","","","","","","","","","","","","","","","","","","","","","",""
"OSA","OSA_aom_bip_head.xml","ao_imperial_heavy_spangenhelm_with_leather","{=osa_ao_imperial_heavy_spangenhelm_with_leather}Imperial Heavy Spangenhelm With Leather","HeadArmor","Culture.empire","","AO_empire_helmet_n","1.8","","","1","Plate","plate","22","","","","","false","type3","none","","","","","","","","","","","","","","","","","","","","","","","","","","","","","","","","true","","","","","","","","","","","","","","","","","","","","","","","","","","","","","","","","","","","","","","","","","","","","","","",""
"OSA","OSA_aom_bip_head.xml","ao_imperial_heavy_spangenhelm_over_mail_coif","{=osa_ao_imperial_heavy_spangenhelm_over_mail_coif}Imperial Heavy Spangenhelm Over Mail Coif","HeadArmor","Culture.empire","","AO_empire_helmet_m","1.8","","","1","Plate","plate","31","","","","","false","all","type2","","","","","","","","","","","","","","","","","","","","","","","","","","","","","","","","true","","","","","","","","","","","","","","","","","","","","","","","","","","","","","","","","","","","","","","","","","","","","","","",""
"OSA","OSA_aom_bip_head.xml","ao_imperial_heavy_nasal_spangenhelm_over_mail_coif","{=osa_ao_imperial_heavy_nasal_spangenhelm_over_mail_coif}Imperial Heavy Spangenhelm Over Mail Coif","HeadArmor","Culture.empire","","AO_empire_helmet_l","1.8","","","1","Plate","plate","34","","","","","false","all","type2","","","","","","","","","","","","","","","","","","","","","","","","","","","","","","","","true","","","","","","","","","","","","","","","","","","","","","","","","","","","","","","","","","","","","","","","","","","","","","","",""
"OSA","OSA_aom_bip_head.xml","ao_imperial_redcrest_bronze_spangenhelm_over_mail_coif","{=osa_ao_imperial_redcrest_bronze_spangenhelm_over_mail_coif}Imperial Plumed Bronze Spangenhelm Over Mail Coif","HeadArmor","Culture.empire","","AO_empire_lord_helmet_f","1.8","","","1","Plate","plate","40","","","","","false","all","type2","","","","","","","","","","","","","","","","","","","","","","","","","","","","","","","","true","","","","","","","","","","","","","","","","","","","","","","","","","","","","","","","","","","","","","","","","","","","","","","",""
"OSA","OSA_aom_bip_head.xml","ao_imperial_guarded_conical_nasal_helmet","{=osa_ao_imperial_guarded_conical_nasal_helmet}Imperial Guarded Cataphract's Conical Helmet","HeadArmor","Culture.empire","","AO_empire_lord_helmet_h","1.8","","","1","Plate","plate","50","","","","","false","type3","type3","","","","","","","","","","","","","","","","","","","","","","","","","","","","","","","","true","","","","","","","","","","","","","","","","","","","","","","","","","","","","","","","","","","","","","","","","","","","","","","",""
"OSA","OSA_aom_bip_head.xml","ao_imperial_kettlehelm_with_leather","{=osa_ao_imperial_kettlehelm_with_leather}Imperial Roundkettle With Leather","HeadArmor","Culture.empire","","AO_empire_helmet_q","1.8","","","1","Plate","plate","20","","","","","false","type3","none","","","","","","","","","","","","","","","","","","","","","","","","","","","","","","","","true","","","","","","","","","","","","","","","","","","","","","","","","","","","","","","","","","","","","","","","","","","","","","","",""
"OSA","OSA_aom_bip_head.xml","ao_imperial_kettlehelm_with_mail","{=osa_ao_imperial_kettlehelm_with_mail}Imperial Roundkettle With Mail","HeadArmor","Culture.empire","","AO_empire_helmet_r","1.8","","","1","Plate","plate","27","","","","","false","type3","none","","","","","","","","","","","","","","","","","","","","","","","","","","","","","","","","true","","","","","","","","","","","","","","","","","","","","","","","","","","","","","","","","","","","","","","","","","","","","","","",""
"OSA","OSA_aom_bip_head.xml","ao_imperial_kettlehelm_over_mail_coif","{=osa_ao_imperial_kettlehelm_over_mail_coif}Imperial Roundkettle Over Mail Coif","HeadArmor","Culture.empire","","AO_empire_helmet_p","1.8","","","1","Plate","plate","30","","","","","false","all","type2","","","","","","","","","","","","","","","","","","","","","","","","","","","","","","","","true","","","","","","","","","","","","","","","","","","","","","","","","","","","","","","","","","","","","","","","","","","","","","","",""
"OSA","OSA_aom_bip_head.xml","ao_imperial_crowned_nasal_helmet","{=osa_ao_imperial_crowned_nasal_helmet}Imperial Crowned Bronze Spangenhelm With Cloth","HeadArmor","Culture.empire","","AO_empire_lord_helmet_a","1.8","","","1","Plate","plate","37","","","","","false","all","type2","","","","","","","","","","","","","","","","","","","","","","","","","","","","","","","","true","","","","","","","","false","","","","","","","","","","","","","","","","","","","","","","","","","","","","","","","","","","","","","","",""
"OSA","OSA_aom_bip_head.xml","ao_imperial_cataphracts_closed_mail_helmet","{=osa_ao_imperial_cataphracts_closed_mail_helmet}Imperial Cataphract's Closed Mail Helmet","HeadArmor","Culture.empire","","AO_empire_helmet_a","1.8","","","1","Plate","plate","48","","","","","false","all","all","","","","","","","","","","","","","","","","","","","","","","","","","","","","","","","","true","","","","","","","","","","","","","","","","","","","","","","","","","","","","","","","","","","","","","","","","","","","","","","",""
"OSA","OSA_aom_bip_head.xml","ao_imperial_cataphracts_plumed_closed_mail_helmet","{=osa_ao_imperial_cataphracts_plumed_closed_mail_helmet}Imperial Cataphract's Plumed Spangenhelm Over Closed Mail","HeadArmor","Culture.empire","","AO_empire_helmet_c","1.8","","","1","Plate","plate","48","","","","","false","all","all","","","","","","","","","","","","","","","","","","","","","","","","","","","","","","","","true","","","","","","","","","","","","","","","","","","","","","","","","","","","","","","","","","","","","","","","","","","","","","","",""
"OSA","OSA_aom_bip_head.xml","ao_imperial_cataphracts_flamboyant_helmet","{=osa_ao_imperial_cataphracts_flamboyant_helmet}Imperial Ornate Cataphract's Helmet","HeadArmor","Culture.empire","","AO_empire_helmet_b","1.8","","","1","Plate","plate","55","","","","","false","all","type2","","","","","","","","","","","","","","","","","","","","","","","","","","","","","","","","true","","","","","","","","","","","","","","","","","","","","","","","","","","","","","","","","","","","","","","","","","","","","","","",""
"OSA","OSA_aom_bip_head.xml","ao_imperial_evocati_helmet","{=osa_ao_imperial_evocati_helmet}Imperial Evocatus' Helmet","HeadArmor","Culture.empire","","AO_empire_lord_helmet_b","1.8","","","1","Plate","plate","46","","","","","false","all","type2","","","","","","","","","","","","","","","","","","","","","","","","","","","","","","","","false","","","","","","","","","","","","","","","","","","","","","","","","","","","","","","","","","","","","","","","","","","","","","","",""
"OSA","OSA_aom_bip_head.xml","ao_imperial_closed_mail_nasal_spangenhelmet","{=osa_ao_imperial_closed_mail_nasal_spangenhelmet}Imperial Feathered Spangenhelm With Closed Mail","HeadArmor","Culture.empire","","AO_empire_helmet_d","1.8","","","1","Plate","plate","49","","","","","false","all","type2","","","","","","","","","","","","","","","","","","","","","","","","","","","","","","","","true","","","","","","","","","","","","","","","","","","","","","","","","","","","","","","","","","","","","","","","","","","","","","","",""
"OSA","OSA_aom_bip_head.xml","ao_imperial_guarded_decorated_nasal_helmet","{=osa_ao_imperial_guarded_decorated_nasal_helmet}Imperial Guarded Decorated Nasal Helmet","HeadArmor","Culture.empire","","AO_empire_lord_helmet_i","1.8","","","1","Plate","plate","50","","","","","false","all","type2","","","","","","","","","","","","","","","","","","","","","","","","","","","","","","","","true","","","","","","","","","","","","","","","","","","","","","","","","","","","","","","","","","","","","","","","","","","","","","","",""
"OSA","OSA_aom_bip_head.xml","ao_imperial_guarded_nasal_helmet","{=osa_ao_imperial_guarded_nasal_helmet}Imperial Guarded Nasal Helmet","HeadArmor","Culture.empire","","AO_empire_lord_helmet_i2","1.8","","","1","Plate","plate","37","","","","","false","all","type2","","","","","","","","","","","","","","","","","","","","","","","","","","","","","","","","true","","","","","","","","","","","","","","","","","","","","","","","","","","","","","","","","","","","","","","","","","","","","","","",""
"OSA","OSA_aom_bip_head.xml","ao_imperial_nasal_helmet","{=osa_ao_imperial_nasal_helmet}Imperial Nasal Helmet","HeadArmor","Culture.empire","","AO_empire_lord_helmet_i3","1.8","","","1","Plate","plate","29","","","","","false","all","type2","","","","","","","","","","","","","","","","","","","","","","","","","","","","","","","","true","","","","","","","","","","","","","","","","","","","","","","","","","","","","","","","","","","","","","","","","","","","","","","",""
"OSA","OSA_aom_bip_head.xml","ao_imperial_nasal_spangenhelm_with_leather_strips","{=osa_ao_imperial_nasal_spangenhelm_with_leather_strips}Imperial Nasal Spangenhelm With Leather Strips","HeadArmor","Culture.empire","","AO_empire_helmet_t","1.8","","","1","Plate","plate","25","","","","","false","all","none","","","","","","","","","","","","","","","","","","","","","","","","","","","","","","","","true","","","","","","","","","","","","","","","","","","","","","","","","","","","","","","","","","","","","","","","","","","","","","","",""
"OSA","OSA_aom_bip_head.xml","ao_imperial_palatine_guard_helmet","{=osa_ao_imperial_palatine_guard_helmet}Imperial Palatine Helmet Over Mail","HeadArmor","Culture.empire","","AO_empire_lord_helmet_d","1.8","","","1","Plate","plate","44","","","","","false","all","none","","","","","","","","","","","","","","","","","","","","","","","","","","","","","","","","true","","","","","","","","","","","","","","","","","","","","","","","","","","","","","","","","","","","","","","","","","","","","","","",""
"OSA","OSA_aom_bip_head.xml","ao_imperial_pointed_helmet_with_lamellar_strips","{=osa_ao_imperial_pointed_helmet_with_lamellar_strips}Pointed Helmet With Lamellar Strips","HeadArmor","Culture.empire","","AO_empire_helmet_x","1.8","","","1","Plate","plate","29","","","","","false","type3","none","","","","","","","","","","","","","","","","","","","","","","","","","","","","","","","","true","","","","","","","","","","","","","","","","","","","","","","","","","","","","","","","","","","","","","","","","","","","","","","",""
"OSA","OSA_aom_bip_head.xml","ao_imperial_pointed_helmet_with_leather","{=osa_ao_imperial_pointed_helmet_with_leather}Pointed Helmet With Leather","HeadArmor","Culture.empire","","AO_empire_helmet_y","1.8","","","1","Plate","plate","21","","","","","false","type3","none","","","","","","","","","","","","","","","","","","","","","","","","","","","","","","","","true","","","","","","","","","","","","","","","","","","","","","","","","","","","","","","","","","","","","","","","","","","","","","","",""
"OSA","OSA_aom_bip_head.xml","ao_imperial_pointed_helmet_with_mail_coif","{=osa_ao_imperial_pointed_helmet_with_mail_coif}Pointed Helmet With Lamellar Strips","HeadArmor","Culture.empire","","AO_empire_helmet_z","1.8","","","1","Plate","plate","33","","","","","false","all","type2","","","","","","","","","","","","","","","","","","","","","","","","","","","","","","","","true","","","","","","","","","","","","","","","","","","","","","","","","","","","","","","","","","","","","","","","","","","","","","","",""
"OSA","OSA_aom_bip_head.xml","ao_imperial_pointed_helmet_with_cloth_wrap","{=osa_ao_imperial_pointed_helmet_with_cloth_wrap}Pointed Helmet With Cloth Wrap","HeadArmor","Culture.empire","","AO_empire_helmet_w","1.8","","","1","Plate","plate","19","","","","","false","all","none","","","","","","","","","","","","","","","","","","","","","","","","","","","","","","","","true","","","","","","","","","","","","","","","","","","","","","","","","","","","","","","","","","","","","","","","","","","","","","","",""
"OSA","OSA_aom_bip_head.xml","ao_imperial_plumed_cone_helmet_with_closed_mail","{=osa_ao_imperial_plumed_cone_helmet_with_closed_mail}Imperial Plumed Conical Helmet With Closed Mail","HeadArmor","Culture.empire","","AO_empire_lord_helmet_e","1.8","","","1","Plate","plate","46","","","","","false","all","type2","","","","","","","","","","","","","","","","","","","","","","","","","","","","","","","","true","","","","","","","","","","","","","","","","","","","","","","","","","","","","","","","","","","","","","","","","","","","","","","",""
"OSA","OSA_aom_bip_head.xml","ao_imperial_noblemans_cone_helmet","{=osa_ao_imperial_noblemans_cone_helmet}Imperial Plumed Conical Helmet Over Mail Coif","HeadArmor","Culture.empire","","AO_empire_lord_helmet_c","1.8","","","1","Plate","plate","38","","","","","false","all","type2","","","","","","","","","","","","","","","","","","","","","","","","","","","","","","","","true","","","","","","","","","","","","","","","","","","","","","","","","","","","","","","","","","","","","","","","","","","","","","","",""
"OSA","OSA_aom_bip_head.xml","ao_imperial_cone_helmet_with_leather","{=osa_ao_imperial_cone_helmet_with_leather}Imperial Conical Helmet With Leather","HeadArmor","Culture.empire","","AO_empire_helmet_g","1.8","","","1","Plate","plate","32","","","","","false","type3","none","","","","","","","","","","","","","","","","","","","","","","","","","","","","","","","","true","","","","","","","","","","","","","","","","","","","","","","","","","","","","","","","","","","","","","","","","","","","","","","",""
"OSA","OSA_aom_bip_head.xml","ao_imperial_cone_helmet_with_lamellar_strips","{=osa_ao_imperial_cone_helmet_with_lamellar_strips}Imperial Conical Helmet With Mail And Lamellar Strips","HeadArmor","Culture.empire","","AO_empire_helmet_f","1.8","","","1","Plate","plate","35","","","","","false","type3","none","","","","","","","","","","","","","","","","","","","","","","","","","","","","","","","","true","","","","","","","","","","","","","","","","","","","","","","","","","","","","","","","","","","","","","","","","","","","","","","",""
"OSA","OSA_aom_bip_head.xml","ao_imperial_aristocrats_helmet","{=osa_ao_imperial_aristocrats_helmet}Imperial Guarded Noble Helmet With Feather Crest","headArmor","Culture.empire","head_armor","AO_empire_lord_helmet_j","3.6","","0","3","Plate","plate","51","","","","","false","type3","type3","","","","","","","","","","","","","","","","","","","","","","","","","","","","","","","","true","","","","","","","","","","","","","","","","","","","","","","","","","","","","","","","","","","","","","","","","","","","","","","",""
"OSA","OSA_aom_bip_head.xml","AO_empire_lord_helmet_k","{=osa_ao_empire_lord_helmet_k}Imperial Plumed Heavy Palatine Helmet","headArmor","Culture.empire","head_armor","AO_empire_lord_helmet_k","3.6","","0","3","Plate","plate","51","","","","","false","type3","type3","","","","","","","","","","","","","","","","","","","","","","","","","","","","","","","","true","","","","","","","","","","","","","","","","","","","","","","","","","","","","","","","","","","","","","","","","","","","","","","",""
"OSA","OSA_aom_bip_head.xml","AO_empire_helmet_za","{=osa_ao_empire_helmet_za}Imperial Palatine Helmet Over Leather","HeadArmor","Culture.empire","","AO_empire_helmet_za","1.8","","","1","Plate","plate","35","","","","","false","type3","none","","","","","","","","","","","","","","","","","","","","","","","","","","","","","","","","true","","","","","","","","","","","","","","","","","","","","","","","","","","","","","","","","","","","","","","","","","","","","","","",""
"OSA","OSA_aom_bip_head.xml","AO_empire_helmet_zb","{=osa_ao_empire_helmet_zb}Imperial Palatine Helmet Over Cloth","HeadArmor","Culture.empire","","AO_empire_helmet_zb","1.8","","","1","Plate","plate","32","","","","","false","type3","none","","","","","","","","","","","","","","","","","","","","","","","","","","","","","","","","true","","","","","","","","","","","","","","","","","","","","","","","","","","","","","","","","","","","","","","","","","","","","","","",""
"OSA","OSA_aom_bip_head.xml","ao_battanian_nasal_helmet","{=osa_ao_battanian_nasal_helmet}Highland Nasal Helmet","HeadArmor","Culture.battania","","AO_battania_helmet_c","1.8","","","1","Plate","plate","20","","","","","false","type3","none","","","","","","","","","","","","","","","","","","","","","","","","","","","","","","","","true","","","","","","","","","","","","","","","","","","","","","","","","","","","","","","","","","","","","","","","","","","","","","","",""
"OSA","OSA_aom_bip_head.xml","ao_battanian_nasal_spangenhelm","{=osa_ao_battanian_nasal_spangenhelm}Highland Nasal Spangenhelmet","HeadArmor","Culture.battania","","AO_battania_helmet_e","1.8","","","1","Plate","plate","19","","","","","false","type1","none","","","","","","","","","","","","","","","","","","","","","","","","","","","","","","","","true","","","","","","","","","","","","","","","","","","","","","","","","","","","","","","","","","","","","","","","","","","","","","","",""
"OSA","OSA_aom_bip_head.xml","ao_battanian_segmented_helmet","{=osa_ao_battanian_segmented_helmet}Highland Segmented Helmet","HeadArmor","Culture.battania","","AO_battania_helmet_f","1.8","","","1","Plate","plate","17","","","","","false","type3","none","","","","","","","","","","","","","","","","","","","","","","","","","","","","","","","","true","","","","","","","","","","","","","","","","","","","","","","","","","","","","","","","","","","","","","","","","","","","","","","",""
"OSA","OSA_aom_bip_head.xml","ao_battanian_noblemans_ridge_helmet","{=osa_ao_battanian_noblemans_ridge_helmet}Highland Ridge Helmet With Mail","HeadArmor","Culture.battania","","AO_battania_lord_helmet_f","1.8","","","1","Plate","plate","29","","","","","false","type3","none","","","","","","","","","","","","","","","","","","","","","","","","","","","","","","","","true","","","","","","","","","","","","","","","","","","","","","","","","","","","","","","","","","","","","","","","","","","","","","","",""
"OSA","OSA_aom_bip_head.xml","ao_battanian_ridge_helmet","{=osa_ao_battanian_ridge_helmet}Highland Ridge Helmet With Leather","HeadArmor","Culture.battania","","AO_battania_lord_helmet_g","1.8","","","1","Plate","plate","22","","","","","false","type3","none","","","","","","","","","","","","","","","","","","","","","","","","","","","","","","","","true","","","","","","","","","","","","","","","","","","","","","","","","","","","","","","","","","","","","","","","","","","","","","","",""
"OSA","OSA_aom_bip_head.xml","ao_battanian_simple_ridge_helmet","{=osa_ao_battanian_simple_ridge_helmet}Highland Ridge Helmet With Cloth","HeadArmor","Culture.battania","","AO_battania_lord_helmet_g2","1.8","","","1","Plate","plate","19","","","","","false","type3","none","","","","","","","","","","","","","","","","","","","","","","","","","","","","","","","","true","","","","","","","","","","","","","","","","","","","","","","","","","","","","","","","","","","","","","","","","","","","","","","",""
"OSA","OSA_aom_bip_head.xml","ao_battanian_noblemans_plumed_ridge_helmet","{=osa_ao_battanian_noblemans_plumed_ridge_helmet}Highland Plumed Ridge Helmet With Mail","HeadArmor","Culture.battania","","AO_battania_lord_helmet_h","1.8","","","1","Plate","plate","31","","","","","false","type3","none","","","","","","","","","","","","","","","","","","","","","","","","","","","","","","","","true","","","","","","","","","","","","","","","","","","","","","","","","","","","","","","","","","","","","","","","","","","","","","","",""
"OSA","OSA_aom_bip_head.xml","ao_battanian_guarded_aristocrats_helmet","{=osa_ao_battanian_guarded_aristocrats_helmet}Highland Plated Noble Nasalhelm","HeadArmor","Culture.battania","","AO_battania_lord_helmet_a","1.8","","","1","Plate","plate","42","","","","","false","type3","type2","","","","","","","","","","","","","","","","","","","","","","","","","","","","","","","","true","","","","","","","","","","","","","","","","","","","","","","","","","","","","","","","","","","","","","","","","","","","","","","",""
"OSA","OSA_aom_bip_head.xml","ao_battanian_guarded_aristocrats_spangenhelmet","{=osa_ao_battanian_guarded_aristocrats_spangenhelmet}Western Guarded Spangenhelm","HeadArmor","Culture.vlandia","","AO_battania_lord_helmet_c","1.8","","","1","Plate","plate","45","","","","","false","type3","type2","","","","","","","","","","","","","","","","","","","","","","","","","","","","","","","","true","","","","","","","","","","","","","","","","","","","","","","","","","","","","","","","","","","","","","","","","","","","","","","",""
"OSA","OSA_aom_bip_head.xml","ao_battanian_guarded_aristocrats_spangenhelmet_crest","{=osa_ao_battanian_guarded_aristocrats_spangenhelmet_crest}Western Crested Guarded Spangenhelm","HeadArmor","Culture.vlandia","","AO_battania_lord_helmet_c2","1.8","","","1","Plate","plate","52","","","","","false","all","type2","","","","","","","","","","","","","","","","","","","","","","","","","","","","","","","","true","","","","","","","","","","","","","","","","","","","","","","","","","","","","","","","","","","","","","","","","","","","","","","",""
"OSA","OSA_aom_bip_head.xml","ao_battanian_crowned_helmet","{=osa_ao_battanian_crowned_helmet}Highland Crowned Plated Noble Nasalhelm With Plume","HeadArmor","Culture.battania","","AO_battania_lord_helmet_b","1.8","","","1","Plate","plate","45","","","","","false","type3","type2","","","","","","","","","","","","","","","","","","","","","","","","","","","","","","","","true","","","","","","","","","","","","","","","","","","","","","","","","","","","","","","","","","","","","","","","","","","","","","","",""
"OSA","OSA_aom_bip_head.xml","ao_sturgian_feathered_helmet","{=osa_ao_sturgian_feathered_helmet}Northern Feathered Nasal Helmet","HeadArmor","Culture.sturgia","","AO_sturgia_helmet_a","1.8","","","1.6","Plate","plate","49","","","","","false","type3","none","","","","","","","","","","","","","","","","","","","","","","","","","","","","","","","","true","","","","","","","","","","","","","","","","","","","","","","","","","","","","","","","","","","","","","","","","","","","","","","",""
"OSA","OSA_aom_bip_head.xml","ao_sturgian_feathered_helmet_closed","{=osa_ao_sturgian_feathered_helmet_closed}Northern Feathered Closed Nasal Helmet","HeadArmor","Culture.sturgia","","AO_sturgia_helmet_a2","1.8","","","1.6","Plate","plate","53","","","","","false","all","all","","","","","","","","","","","","","","","","","","","","","","","","","","","","","","","","true","","","","","","","","","","","","","","","","","","","","","","","","","","","","","","","","","","","","","","","","","","","","","","",""
"OSA","OSA_aom_bip_head.xml","ao_sturgian_feathered_helmet_with_mail","{=osa_ao_sturgian_feathered_helmet_with_mail}Northern Feathered Nasal Helmet With Full Mail","HeadArmor","Culture.sturgia","","AO_sturgia_helmet_b","1.8","","","1.6","Plate","plate","49","","","","","false","all","type3","","","","","","","","","","","","","","","","","","","","","","","","","","","","","","","","true","","","","","","","","","","","","","","","","","","","","","","","","","","","","","","","","","","","","","","","","","","","","","","",""
"OSA","OSA_aom_bip_head.xml","ao_sturgian_feathered_helmet_with_closed_mail","{=osa_ao_sturgian_feathered_helmet_with_closed_mail}Northern Feathered Nasal Helmet With Closed Mail","HeadArmor","Culture.sturgia","","AO_sturgia_helmet_b2","1.8","","","1.6","Plate","plate","53","","","","","false","all","all","","","","","","","","","","","","","","","","","","","","","","","","","","","","","","","","true","","","","","","","","","","","","","","","","","","","","","","","","","","","","","","","","","","","","","","","","","","","","","","",""
"OSA","OSA_aom_bip_head.xml","ao_sturgian_spiked_nasal_helmet","{=osa_ao_sturgian_spiked_nasal_helmet}Northern Simple Nasal Helmet With Full Mail","HeadArmor","Culture.sturgia","","AO_sturgia_helmet_f","1.8","","","1.6","Plate","plate","38","","","","","false","all","type2","","","","","","","","","","","","","","","","","","","","","","","","","","","","","","","","true","","","","","","","","","","","","","","","","","","","","","","","","","","","","","","","","","","","","","","","","","","","","","","",""
"OSA","OSA_aom_bip_head.xml","ao_sturgian_helmet_with_leather","{=osa_ao_sturgian_helmet_with_leather}Northern Nasal Helmet With Leather","HeadArmor","Culture.sturgia","","AO_sturgia_helmet_c","1.8","","","1.6","Plate","plate","30","","","","","false","type3","none","","","","","","","","","","","","","","","","","","","","","","","","","","","","","","","","true","","","","","","","","","","","","","","","","","","","","","","","","","","","","","","","","","","","","","","","","","","","","","","",""
"OSA","OSA_aom_bip_head.xml","ao_sturgian_spangenhelm_with_leather","{=osa_ao_sturgian_spangenhelm_with_leather}Northern Spangenhelm With Leather","HeadArmor","Culture.sturgia","","AO_sturgia_helmet_e","1.8","","","1.6","Plate","plate","27","","","","","false","type3","none","","","","","","","","","","","","","","","","","","","","","","","","","","","","","","","","true","","","","","","","","","","","","","","","","","","","","","","","","","","","","","","","","","","","","","","","","","","","","","","",""
"OSA","OSA_ap_armorpack_items.xml","mercenary_padding_cape","{=osa_mercenary_padding_cape}Western Padded Mail Shoulders","Cape","Culture.vlandia","body_armor","ap_mercenary_padding_cape","2.8","","","0.6","Chainmail","chain","","14","","","","","","","","","","","","","","","","","","","","","","","","","","","","","","","","","","","","","","true","","","","","","","","","","","","","","","","","","","","","","","","","","","","","","","","","","","","","","","","","","","","","","",""
"OSA","OSA_ap_armorpack_items.xml","leather_shoulder_a","{=osa_leather_shoulder_a}Western Strapped Leather Shoulders","Cape","Culture.vlandia","body_armor","ap_leather_shoulder_a","2.6","","","0.6","Leather","leather","","11","","","","","","","","","","","","","","","","","","","","","","","","","","","","","","","","true","","","","","","","","","","","","","","","","","","","","","","","","","","","","","","","","","","","","","","","","","","","","","","","","","","","","",""
"OSA","OSA_ap_armorpack_items.xml","leather_shoulder_b","{=osa_leather_shoulder_b}Western Plated Leather Shoulders","Cape","Culture.vlandia","body_armor","ap_leather_shoulder_b","3.4","","","0.6","Plate","plate","","14","","","","","","","","","","","","","","","","","","","","","","","","","","","","","","","","","","","","","","","","","","","","","","","","","","","","","","","","","","","","","","","","","","","","","","","","","","","","","","","","","","","","",""
"OSA","OSA_ap_armorpack_items.xml","kaftan","{=osa_kaftan}Northern Kaftan","BodyArmor","Culture.sturgia","","ap_kaftan","8.3","","","0.7","Cloth","cloth_unarmoured","","2","1","1","true","true","","","","","","","","","","","","","","","","","","","","","","","","","","","","true","","","","","","true","","","","","","","","","","","","","","","","","","","","","","","","","","","","","","","","","","","","","","","","","","","","","","",""
"OSA","OSA_ap_armorpack_items.xml","mercenary_gambeson","{=osa_mercenary_gambeson}Western Mercenary Gambeson","BodyArmor","Culture.vlandia","","ap_mercenary_gambeson","8.3","","","0.7","Cloth","cloth","","16","6","8","true","true","","","","","","","","","","","","","","","","","","","","","","","","","","","","","","","","","","true","","","","","","","","","","","","","","","","","","","","","","","","","","","","","","","","","","","","","","","","","","","","","","",""
"OSA","OSA_ap_armorpack_items.xml","mercenary_mail_armor","{=osa_mercenary_mail_armor}Western Mercenary Mail Armor","BodyArmor","Culture.vlandia","","ap_mercenary_mail_armor","10.3","","","0.7","Chainmail","chain","","29","14","12","true","true","","","","","","","","","","","","","","","","","","","","","","","","","","","","","","","","","","true","","","","","","","","","","","","","","","","","","","","","","","","","","","","","","","","","","","","","","","","","","","","","","",""
"OSA","OSA_ap_armorpack_items.xml","AP_leather_tabard_a","{=osa_ap_leather_tabard_a}Western Leather Coat Over Hauberk","BodyArmor","Culture.vlandia","body_armor","AP_leather_tabard_a","28.6","","","1.2","Chainmail","chain","","31","12","14","true","true","","","","","","","","","","","","","","","","","","","","","","","","","","","","","","","","","","true","","","","","","","","","","","","","","","","","","","","","","","","","","","","","","","","","","","","","","","","","","","","","","",""
"OSA","OSA_ap_armorpack_items.xml","leather_tabard_over_mail","{=osa_leather_tabard_over_mail}Western Sleeveless Leather Coat Over Hauberk","BodyArmor","Culture.vlandia","body_armor","ap_leather_tabard_over_mail","28.6","","","1.2","Chainmail","chain","","28","8","14","true","true","","","","","","","","","","","","","","","","","","","","","","","","","","","","","","","","","","true","","","","","","","","","","","","","","","","","","","","","","","","","","","","","","","","","","","","","","","","","","","","","","",""
"OSA","OSA_ap_armorpack_items.xml","AP_leather_tabard_c","{=osa_ap_leather_tabard_c}Western Leather Short Coat Over Hauberk","BodyArmor","Culture.vlandia","body_armor","AP_leather_tabard_c","28.6","","","1.2","Chainmail","chain","","31","12","8","true","true","","","","","","","","","","","","","","","","","","","","","","","","","","","","","","","","","","true","","","","","","","","","","","","","","","","","","","","","","","","","","","","","","","","","","","","","","","","","","","","","","",""
"OSA","OSA_ap_armorpack_items.xml","AP_leather_tabard_d","{=osa_ap_leather_tabard_d}Western Sleeveless Leather Short Coat Over Hauberk","BodyArmor","Culture.vlandia","body_armor","AP_leather_tabard_d","28.6","","","1.2","Chainmail","chain","","28","8","8","true","true","","","","","","","","","","","","","","","","","","","","","","","","","","","","","","","","","","true","","","","","","","","","","","","","","","","","","","","","","","","","","","","","","","","","","","","","","","","","","","","","","",""
"OSA","OSA_ap_armorpack_items.xml","mirror_armor","{=osa_mirror_armor}Southern Mirrored Plated Mail Shirt","BodyArmor","Culture.aserai","body_armor","AP_mirror_armor","7.5","","0","1.2","Chainmail","chain","","35","13","14","true","true","","","","","","","","","","","","","","","","","","","","","","","","","","","","","","","","","","true","","","","","","","","","","","","","","","","","","","","","","","","","","","","","","","","","","","","","","","","","","","","","","",""
"OSA","OSA_ap_armorpack_items.xml","southern_helmet_with_band","{=osa_southern_helmet_with_band}Southern Helmet With Band","HeadArmor","Culture.aserai","","ap_southern_helmet_with_band","1.0","","","0.9","Plate","plate","28","","","","","","type2","none","","","","","","","","","","","","","","","","","","","","","","","","","","","","","","","","true","","","","","","","","","","","","","","","","","","","","","","","","","","","","","","","","","","","","","","","","","","","","","","",""
"OSA","OSA_ap_armorpack_items.xml","southern_cone_helmet","{=osa_southern_cone_helmet}Southern Open Pointed Skullcap","HeadArmor","Culture.aserai","","ap_southern_cone_helmet","1.0","","","0.9","Plate","plate","23","","","","","","type2","type1","","","","","","","","","","","","","","","","","","","","","","","","","","","","","","","","true","","","","","","","","","","","","","","","","","","","","","","","","","","","","","","","","","","","","","","","","","","","","","","",""
"OSA","OSA_ap_armorpack_items.xml","southern_heavy_helmet","{=osa_southern_heavy_helmet}Southern Heavy Helmet","HeadArmor","Culture.aserai","","ap_southern_heavy_helmet","1.2","","","0.9","Plate","plate","33","","","","","","all","all","","","","","","","","","","","","","","","","","","","","","","","","","","","","","","","","true","","","","","","","","","","","","","","","","","","","","","","","","","","","","","","","","","","","","","","","","","","","","","","",""
"OSA","OSA_ap_armorpack_items.xml","southern_heavy_tuareg","{=osa_southern_heavy_tuareg}Southern Pointed Skullcap With Tuareg","HeadArmor","Culture.aserai","","ap_southern_heavy_tuareg","1.3","","","0.9","Plate","plate","32","","","","","","type2","","","","","","","","","","","","","","","","","","","","","","","","","","","","","","","","","true","","","","","","","","","","","","","","","","","","","","","","","","","","","","","","","","","","","","","","","","","","","","","","",""
"OSA","OSA_ap_armorpack_items.xml","saracen_helmet_c","{=osa_saracen_helmet_c}Closed Southern Spiked Helmet","HeadArmor","Culture.aserai","","ap_saracen_helmet_c","1.3","","","0.9","Plate","plate","23","","","","","","all","all","","","","","","","","","","","","","","","","","","","","","","","","","","","","","","","","true","","","","","","","","","","","","","","","","","","","","","","","","","","","","","","","","","","","","","","","","","","","","","","",""
"OSA","OSA_ap_armorpack_items.xml","southern_lord_helmet_a","{=osa_southern_lord_helmet_a}Southern Spiked Lord Helmet Over Guarded Mail","HeadArmor","Culture.aserai","","ap_southern_lord_helmet_a","1.5","","","0.9","Plate","plate","40","","","","","","all","type2","","","","","","","","","","","","","","","","","","","","","","","","","","","","","","","","","","","","","","","","","","","","","","","","","","","","","","","","","","","","","","","","","","","","","","","","","","","","","","",""
"OSA","OSA_ap_armorpack_items.xml","southern_lord_helmet_b","{=osa_southern_lord_helmet_b}Southern Spiked Lord Helmet Over Mail","HeadArmor","Culture.aserai","","ap_southern_lord_helmet_b","1.5","","","0.9","Plate","plate","38","","","","","","all","type2","","","","","","","","","","","","","","","","","","","","","","","","","","","","","","","","","","","","","","","","","","","","","","","","","","","","","","","","","","","","","","","","","","","","","","","","","","","","","","",""
"OSA","OSA_ap_armorpack_items.xml","southern_light_helmet_a","{=osa_southern_light_helmet_a}Southern Closed Pointed Skullcap","HeadArmor","Culture.aserai","","ap_southern_light_helmet_a","1.0","","","0.9","Plate","plate","22","","","","","","all","all","","","","","","","","","","","","","","","","","","","","","","","","","","","","","","","","true","","","","","","","","","","","","","","","","","","","","","","","","","","","","","","","","","","","","","","","","","","","","","","",""
"OSA","OSA_ap_armorpack_items.xml","saracen_helmet_d","{=osa_saracen_helmet_d}Southern Vendel Helmet With Tuareg","HeadArmor","Culture.aserai","","ap_saracen_helmet_d","1.6","","","0.9","Plate","plate","33","","","","","","all","none","","","","","","","","","","","","","","","","","","","","","","","","","","","","","","","","true","","","","","","","","","","","","","","","","","","","","","","","","","","","","","","","","","","","","","","","","","","","","","","",""
"OSA","OSA_ap_armorpack_items.xml","saracen_helmet_d_ii","{=osa_saracen_helmet_d_ii}Southern Wrapped Pointed Skullcap","HeadArmor","Culture.aserai","","ap_saracen_helmet_d_ii","1.0","","","0.9","Plate","plate","22","","","","","","type1","none","","","","","","","","","","","","","","","","","","","","","","","","","","","","","","","","true","","","","","","","","","","","","","","","","","","","","","","","","","","","","","","","","","","","","","","","","","","","","","","",""
"OSA","OSA_ap_armorpack_items.xml","southern_helmet_IIII","{=osa_southern_helmet_IIII}Southern Tailed Pointed Skullcap","HeadArmor","Culture.aserai","","ap_southern_helmet_IIII","1.0","","","0.9","Plate","plate","22","","","","","","type1","none","","","","","","","","","","","","","","","","","","","","","","","","","","","","","","","","true","","","","","","","","","","","","","","","","","","","","","","","","","","","","","","","","","","","","","","","","","","","","","","",""
"OSA","OSA_ap_armorpack_items.xml","southern_heavy_helmet_with_feather","{=osa_southern_heavy_helmet_with_feather}Southern Feathered Lord Helmet Over Mail","HeadArmor","Culture.aserai","","ap_southern_heavy_helmet_with_feather","1.8","","","0.9","Plate","plate","34","","","","","","all","type2","","","","","","","","","","","","","","","","","","","","","","","","","","","","","","","","true","","","","","","","","","","","","","","","","","","","","","","","","","","","","","","","","","","","","","","","","","","","","","","",""
"OSA","OSA_ap_armorpack_items.xml","sloven_hat","{=osa_sloven_hat}Sloven Hat","HeadArmor","Culture.sturgia","","ap_sloven_hat","0.4","","","0.9","Cloth","cloth","8","","","","","","type2","none","","","","","","","","","","","","","","","","","","","","","","","","","","true","","","","","","true","","","","","","","","","","","","","","","","","","","","","","","","","","","","","","","","","","","","","","","","","","","","","","",""
"OSA","OSA_ap_armorpack_items.xml","sloven_hat_a","{=osa_sloven_hat_a}Rich Sloven Hat","HeadArmor","Culture.sturgia","","ap_sloven_hat_a","0.5","","","0.9","Cloth","cloth","8","","","","","","type2","none","","","","","","","","","","","","","","","","","","","","","","","","","","true","","","","","","true","","","","","","","","","","","","","","","","","","","","","","","","","","","","","","","","","","","","","","","","","","","","","","",""
"OSA","OSA_ap_armorpack_items.xml","sloven_helmet","{=osa_sloven_helmet}Eastern Conical Helmet","HeadArmor","Culture.sturgia","","ap_sloven_helmet","0.4","","","1.2","Plate","plate","22","","","","","","type2","none","","","","","","","","","","","","","","","","","","","","","","","","","","","","","","","","true","","","","","","","","","","","","","","","","","","","","","","","","","","","","","","","","","","","","","","","","","","","","","","",""
"OSA","OSA_ap_armorpack_items.xml","green_hat","{=osa_green_hat}Cloth Hat","HeadArmor","Culture.vlandia","","ap_green_hat","0.2","","","0.9","Cloth","cloth","6","","","","","","type2","none","","","","","","","","","","","","","","","","","","","","","","","","","","true","","","","","","true","","","","","","","","","","","","","","","","","","","","","","","","","","","","","","","","","","","","","","","","","","","","","","",""
"OSA","OSA_ap_armorpack_items.xml","vlandia_helmet_s_ii","{=osa_vlandia_helmet_s_ii}Western Flat Topped Helmet Over Leather","HeadArmor","Culture.vlandia","","ap_vlandia_helmet_s_ii","0.8","","","0.9","Plate","plate","23","","","","","","type2","none","","","","","","","","","","","","","","","","","","","","","","","","","","","","","","","","","","","","","","","","","","","","","","","","","","","","","","","","","","","","","","","","","","","","","","","","","","","","","","",""
"OSA","OSA_ap_armorpack_items.xml","vlandia_helmet_s_iii","{=osa_vlandia_helmet_s_iii}Western Flat Topped Helmet Over Mail","HeadArmor","Culture.vlandia","","ap_vlandia_helmet_s_iii","1.2","","","0.9","Plate","plate","26","","","","","","type2","none","","","","","","","","","","","","","","","","","","","","","","","","","","","","","","","","","","","","","","","","","","","","","","","","","","","","","","","","","","","","","","","","","","","","","","","","","","","","","","",""
"OSA","OSA_ar_reforms_body.xml","AR_aserai_armor_a","{=osa_ar_aserai_armor_a}Southern Leather Coat","BodyArmor","Culture.aserai","","AR_aserai_armor_a","8.4","","","1","Leather","leather","","20","6","10","true","","","","","","","","","","","","","","","","","","","","","","","","","","","","","","","","","","","true","","","","","","","","","","","","","","","","","","","","","","","","","","","","","","","","","","","","","","","","","","","","","","",""
"OSA","OSA_ar_reforms_body.xml","AR_aserai_armor_b","{=osa_ar_aserai_armor_b}Southern Double Mail Hauberk","BodyArmor","Culture.aserai","body_armor","AR_aserai_armor_b","9.5","","0","1","Chainmail","chain","","27","12","14","true","true","","","","","","","","","","","","","","","","","","","","","","","","","","","","","","","","","","true","","","","","","","","","","","","","","","","","","","","","","","","","","","","","","","","","","","","","","","","","","","","","","",""
"OSA","OSA_ar_reforms_body.xml","AR_aserai_armor_c","{=osa_ar_aserai_armor_c}Southern Brass Scale Armor","BodyArmor","Culture.aserai","","AR_aserai_armor_c","20.0","","","1","Plate","plate","","47","14","23","true","","","","","","","","","","","","","","","","","","","","","","","","","","","","","","","","","","","true","","","","","","","","","","","","","","","","","","","","","","","","","","","","","","","","","","","","","","","","","","","","","","",""
"OSA","OSA_ar_reforms_body.xml","AR_aserai_armor_d","{=osa_ar_aserai_armor_d}Southern Scale Armor Over Leather","BodyArmor","Culture.aserai","body_armor","AR_aserai_armor_d","12.5","","0","1","Plate","plate","","32","12","17","true","true","","","","","","","","","","","","","","","","","","","","","","","","","","","","","","","","","","true","","","","","","","","","","","","","","","","","","","","","","","","","","","","","","","","","","","","","","","","","","","","","","",""
"OSA","OSA_ar_reforms_body.xml","AR_aserai_armor_d2","{=osa_ar_aserai_armor_d2}Southern Brass Scale Armor Over Leather","BodyArmor","Culture.aserai","body_armor","AR_aserai_armor_d2","12.5","","0","1","Plate","plate","","32","12","17","true","true","","","","","","","","","","","","","","","","","","","","","","","","","","","","","","","","","","true","","","","","","","","","","","","","","","","","","","","","","","","","","","","","","","","","","","","","","","","","","","","","","",""
"OSA","OSA_ar_reforms_body.xml","AR_aserai_armor_e","{=osa_ar_aserai_armor_e}Southern Scale Armor Over Cloth","BodyArmor","Culture.aserai","body_armor","AR_aserai_armor_e","12.5","","0","1","Plate","plate","","25","10","14","true","true","","","","","","","","","","","","","","","","","","","","","","","","","","","","","","","","","","true","","","","","","","","","","","","","","","","","","","","","","","","","","","","","","","","","","","","","","","","","","","","","","",""
"OSA","OSA_ar_reforms_body.xml","AR_aserai_armor_e2","{=osa_ar_aserai_armor_e2}Southern Brass Scale Armor Over Cloth","BodyArmor","Culture.aserai","body_armor","AR_aserai_armor_e2","12.5","","0","1","Plate","plate","","25","10","14","true","true","","","","","","","","","","","","","","","","","","","","","","","","","","","","","","","","","","true","","","","","","","","","","","","","","","","","","","","","","","","","","","","","","","","","","","","","","","","","","","","","","",""
"OSA","OSA_ar_reforms_body.xml","AR_aserai_armor_f","{=osa_ar_aserai_armor_f}Southern Steel Scale Over Mail","BodyArmor","Culture.aserai","body_armor","AR_aserai_armor_f","22.1","","0","3","Plate","plate","","48","14","14","true","","","","","","","","","","","","","","","","","","","","","","","","","","","","","","","","","","","true","","","","","","","","","","","","","","","","","","","","","","","","","","","","","","","","","","","","","","","","","","","","","","",""
"OSA","OSA_ar_reforms_body.xml","AR_aserai_armor_f2","{=osa_ar_aserai_armor_f2}Southern Brass Scale Over Mail","BodyArmor","Culture.aserai","body_armor","AR_aserai_armor_f2","22.1","","0","3","Plate","plate","","48","14","14","true","","","","","","","","","","","","","","","","","","","","","","","","","","","","","","","","","","","true","","","","","","","","","","","","","","","","","","","","","","","","","","","","","","","","","","","","","","","","","","","","","","",""
"OSA","OSA_ar_reforms_body.xml","AR_aserai_armor_g","{=osa_ar_aserai_armor_g}Aserai Decorated Scale Cuirass With Chain Mail","BodyArmor","Culture.aserai","","AR_aserai_armor_g","18.0","","","4","Chainmail","chain","","32","15","14","true","","","","","","","","","","","","","","","","","","","","","","","","","","","","","","","","","","","true","","","","","","","","","","","","","","","","","","","","","","","","","","","","","","","","","","","","","","","","","","","","","","",""
"OSA","OSA_ar_reforms_body.xml","AR_aserai_armor_g2","{=osa_ar_aserai_armor_g2}Aserai Decorated Brass Scale Cuirass With Chain Mail","BodyArmor","Culture.aserai","","AR_aserai_armor_g2","18.0","","","4","Chainmail","chain","","32","15","14","true","","","","","","","","","","","","","","","","","","","","","","","","","","","","","","","","","","","true","","","","","","","","","","","","","","","","","","","","","","","","","","","","","","","","","","","","","","","","","","","","","","",""
"OSA","OSA_ar_reforms_body.xml","AR_aserai_armor_h","{=osa_ar_aserai_armor_h}Southern Aketon","BodyArmor","Culture.aserai","","AR_aserai_armor_h","3.4","","","1","Cloth","cloth","","14","3","3","true","true","","","","","","","","","","","","","","","","","","","","","","","","","","","","","","","","","","true","","","","","","","","","","","","","","","","","","","","","","","","","","","","","","","","","","","","","","","","","","","","","","",""
"OSA","OSA_ar_reforms_body.xml","AR_aserai_armor_i","{=osa_ar_aserai_armor_i}Darshi Kaftan Over Mail","BodyArmor","Culture.aserai","body_armor","AR_aserai_armor_i","15","","0","1.2","Chainmail","chain","","35","6","12","true","true","","","","","","","","","","","","","","","","","","","","","","","","","","","","","","","","","","true","","","","","","","","","","","","","","","","","","","","","","","","","","","","","","","","","","","","","","","","","","","","","","",""
"OSA","OSA_ar_reforms_body.xml","AR_aserai_armor_j","{=osa_ar_aserai_armor_j}Darshi Decorated Kaftan Over Mail","BodyArmor","Culture.aserai","body_armor","AR_aserai_armor_j","15","","0","1.2","Chainmail","chain","","37","6","12","true","true","","","","","","","","","","","","","","","","","","","","","","","","","","","","","","","","","","true","","","","","","","","","","","","","","","","","","","","","","","","","","","","","","","","","","","","","","","","","","","","","","",""
"OSA","OSA_ar_reforms_body.xml","AR_aserai_armor_k","{=osa_ar_aserai_armor_k}Darshi Leather Vest Over Kaftan","BodyArmor","Culture.aserai","","AR_aserai_armor_k","3.1","","","1.3","Leather","leather","","22","4","4","true","","","","","","","","","","","","","","","","","","","","","","","","","","","","","true","","","","","","true","","","","","","","","","","","","","","","","","","","","","","","","","","","","","","","","","","","","","","","","","","","","","","",""
"OSA","OSA_ar_reforms_body.xml","AR_aserai_armor_l","{=osa_ar_aserai_armor_l}Darshi Heavy Leather Vest Over Kaftan","BodyArmor","Culture.aserai","","AR_aserai_armor_l","3.1","","","1.3","Leather","leather","","23","6","6","true","","","","","","","","","","","","","","","","","","","","","","","","","","","","","true","","","","","","true","","","","","","","","","","","","","","","","","","","","","","","","","","","","","","","","","","","","","","","","","","","","","","",""
"OSA","OSA_ar_reforms_body.xml","AR_aserai_armor_m","{=osa_ar_aserai_armor_m}Darshi Mailed Heavy Leather Vest Over Kaftan","BodyArmor","Culture.aserai","","AR_aserai_armor_m","8.6","","","10.1","Chainmail","chain","","31","8","8","true","","","","","","","","","","","","","","","","","","","","","","","","","","","","","","","","","","","true","","","","","","","","","","","","","","","","","","","","","","","","","","","","","","","","","","","","","","","","","","","","","","",""
"OSA","OSA_ar_reforms_body.xml","AR_aserai_armor_n","{=osa_ar_aserai_armor_n}Southern Wrapped Tunic","BodyArmor","Culture.aserai","body_armor","AR_aserai_armor_n","0.3","","0","1","Cloth","cloth_unarmoured","","4","2","2","true","false","","","","","","","","","","","","","","","","","","","","","","","","","","","","true","","","","","","true","","","","","","","","","","","","","","","","","","","","","","","","","","","","","","","","","","","","","","","","","","","","","","",""
"OSA","OSA_ar_reforms_body.xml","AR_aserai_armor_o","{=osa_ar_aserai_armor_o}Southern Fur Coat Over Tunic","BodyArmor","Culture.aserai","","AR_aserai_armor_o","2.1","","0","0.1","Leather","leather","","12","2","5","true","true","","","","","","","","","","","","","","","","","","","","","","","","","","","","true","","","","","","true","","","","","","","","","","","","","","","","","","","","","","","","","","","","","","","","","","","","","","","","","","","","","","",""
"OSA","OSA_ar_reforms_body.xml","AR_aserai_armor_p","{=osa_ar_aserai_armor_p}Southern Gambeson","BodyArmor","Culture.aserai","","AR_aserai_armor_p","2","","","1","Cloth","cloth","","18","9","9","true","false","","","","","","","","","","","","","","","","","","","","","","","","","","","","true","","","","","","true","","","","","","","","","","","","","","","","","","","","","","","","","","","","","","","","","","","","","","","","","","","","","","",""
"OSA","OSA_ar_reforms_body.xml","AR_aserai_armor_q","{=osa_ar_aserai_armor_q}Darshi Leather Subarmalis Over Tunic","BodyArmor","Culture.aserai","","AR_aserai_armor_q","3.1","","","1.3","Leather","leather","","22","6","6","true","","","","","","","","","","","","","","","","","","","","","","","","","","","","","true","","","","","","true","","","","","","","","","","","","","","","","","","","","","","","","","","","","","","","","","","","","","","","","","","","","","","",""
"OSA","OSA_ar_reforms_body.xml","AR_aserai_armor_r","{=osa_ar_aserai_armor_r}Darshi Mail Over Stripped Cloth","BodyArmor","Culture.aserai","body_armor","AR_aserai_armor_r","10.2","","0","1.3","Chainmail","chain","","31","6","6","true","","","","","","","","","","","","","","","","","","","","","","","","","","","","","","","","","","","true","","","","","","","","","","","","","","","","","","","","","","","","","","","","","","","","","","","","","","","","","","","","","","",""
"OSA","OSA_ar_reforms_body.xml","AR_aserai_armor_s","{=osa_ar_aserai_armor_s}Darshi Cloth Subarmalis Over Tunic","BodyArmor","Culture.aserai","","AR_aserai_armor_s","2.1","","","1","Cloth","cloth","","15","6","6","true","true","","","","","","","","","","","","","","","","","","","","","","","","","","","","true","","","","","","true","","","","","","","","","","","","","","","","","","","","","","","","","","","","","","","","","","","","","","","","","","","","","","",""
"OSA","OSA_ar_reforms_body.xml","AR_aserai_armor_t","{=osa_ar_aserai_armor_t}Darshi Lamellar Over Stripped Cloth","BodyArmor","Culture.aserai","","AR_aserai_armor_t","2.1","","","1","Plate","plate","","48","8","8","true","true","","","","","","","","","","","","","","","","","","","","","","","","","","","","","","","","","","true","","","","","","","","","","","","","","","","","","","","","","","","","","","","","","","","","","","","","","","","","","","","","","",""
"OSA","OSA_ar_reforms_body.xml","AR_aserai_armor_t2","{=osa_ar_aserai_armor_t2}Darshi Alternating Lamellar Over Stripped Cloth","BodyArmor","Culture.aserai","","AR_aserai_armor_t2","2.1","","","1","Plate","plate","","48","8","8","true","true","","","","","","","","","","","","","","","","","","","","","","","","","","","","","","","","","","true","","","","","","","","","","","","","","","","","","","","","","","","","","","","","","","","","","","","","","","","","","","","","","",""
"OSA","OSA_ar_reforms_body.xml","AR_aserai_armor_u","{=osa_ar_aserai_armor_u}Darshi Lamellar Over Stripped Mail","BodyArmor","Culture.aserai","","AR_aserai_armor_u","7","","","1","Plate","plate","","50","20","20","true","true","","","","","","","","","","","","","","","","","","","","","","","","","","","","","","","","","","true","","","","","","","","","","","","","","","","","","","","","","","","","","","","","","","","","","","","","","","","","","","","","","",""
"OSA","OSA_ar_reforms_body.xml","AR_aserai_armor_u2","{=osa_ar_aserai_armor_u2}Darshi Alternating Lamellar Over Stripped Mail","BodyArmor","Culture.aserai","","AR_aserai_armor_u2","7","","","1","Plate","plate","","50","20","20","true","true","","","","","","","","","","","","","","","","","","","","","","","","","","","","","","","","","","true","","","","","","","","","","","","","","","","","","","","","","","","","","","","","","","","","","","","","","","","","","","","","","",""
"OSA","OSA_ar_reforms_body.xml","AR_aserai_armor_v","{=osa_ar_aserai_armor_v}Darshi Mailed Lamellar Vest Over Kaftan","BodyArmor","Culture.aserai","","AR_aserai_armor_v","8.6","","","10.1","Plate","plate","","50","10","10","true","","","","","","","","","","","","","","","","","","","","","","","","","","","","","","","","","","","true","","","","","","","","","","","","","","","","","","","","","","","","","","","","","","","","","","","","","","","","","","","","","","",""
"OSA","OSA_ar_reforms_body.xml","AR_aserai_armor_v2","{=osa_ar_aserai_armor_v2}Darshi Mailed Alternating Lamellar Vest Over Kaftan","BodyArmor","Culture.aserai","","AR_aserai_armor_v2","8.6","","","10.1","Plate","plate","","50","10","10","true","","","","","","","","","","","","","","","","","","","","","","","","","","","","","","","","","","","true","","","","","","","","","","","","","","","","","","","","","","","","","","","","","","","","","","","","","","","","","","","","","","",""
"OSA","OSA_ar_reforms_body.xml","AR_aserai_armor_w","{=osa_ar_aserai_armor_w}Eastern Light Lamellar","BodyArmor","Culture.aserai","body_armor","AR_aserai_armor_w","16.5","","0","1.5","Plate","plate","","36","8","","true","true","","","","","","","","","","","","","","","","","","","","","","","","","","","","","","","","","","true","","","","","","","","","","","","","","","","","","","","","","","","","","","","","","","","","","","","","","","","","","","","","","",""
"OSA","OSA_ar_reforms_body.xml","AR_aserai_armor_w2","{=osa_ar_aserai_armor_w2}Eastern Light Alternating Lamellar","BodyArmor","Culture.aserai","body_armor","AR_aserai_armor_w2","16.5","","0","1.5","Plate","plate","","36","8","","true","true","","","","","","","","","","","","","","","","","","","","","","","","","","","","","","","","","","true","","","","","","","","","","","","","","","","","","","","","","","","","","","","","","","","","","","","","","","","","","","","","","",""
"OSA","OSA_ar_reforms_body.xml","AR_aserai_armor_x","{=osa_ar_aserai_armor_x}Eastern Alternating Lamellar Over Mail Armor","BodyArmor","Culture.aserai","body_armor","AR_aserai_armor_x","16.5","","0","1.5","Plate","plate","","46","14","","true","true","","","","","","","","","","","","","","","","","","","","","","","","","","","","","","","","","","true","","","","","","","","","","","","","","","","","","","","","","","","","","","","","","","","","","","","","","","","","","","","","","",""
"OSA","OSA_ar_reforms_body.xml","AR_aserai_armor_y","{=osa_ar_aserai_armor_y}Eastern Alternating Lamellar Over Heavy Mail","BodyArmor","Culture.aserai","body_armor","AR_aserai_armor_y","18","","0","1.5","Plate","plate","","50","14","16","true","true","","","","","","","","","","","","","","","","","","","","","","","","","","","","","","","","","","true","","","","","","","","","","","","","","","","","","","","","","","","","","","","","","","","","","","","","","","","","","","","","","",""
"OSA","OSA_ar_reforms_body.xml","AR_aserai_armor_z","{=osa_ar_aserai_armor_z}Eastern Heavy Alternating Lamellar Armor","BodyArmor","Culture.khuzait","","AR_aserai_armor_z","25.3","","","","Plate","plate","","54","16","18","true","true","","","","","","","","","","","","","","","","","","","","","","","","","","","","","","","","","","true","","","","","","","","","","","","","","","","","","","","","","","","","","","","","","","","","","","","","","","","","","","","","","",""
"OSA","OSA_ar_reforms_body.xml","AR_aserai_armor_za","{=osa_ar_aserai_armor_za}Darshi Kaftan Over Cloth","BodyArmor","Culture.aserai","","AR_aserai_armor_za","2.1","","","1","Cloth","cloth","","15","6","6","true","true","","","","","","","","","","","","","","","","","","","","","","","","","","","","true","","","","","","true","","","","","","","","","","","","","","","","","","","","","","","","","","","","","","","","","","","","","","","","","","","","","","",""
"OSA","OSA_ar_reforms_body.xml","AR_aserai_armor_zb","{=osa_ar_aserai_armor_zb}Darshi Kaftan Over Leather","BodyArmor","Culture.aserai","","AR_aserai_armor_zb","3.1","","","1.3","Leather","leather","","22","6","6","true","","","","","","","","","","","","","","","","","","","","","","","","","","","","","true","","","","","","true","","","","","","","","","","","","","","","","","","","","","","","","","","","","","","","","","","","","","","","","","","","","","","",""
"OSA","OSA_ar_reforms_body.xml","AR_aserai_armor_zc","{=osa_ar_aserai_armor_zc}Darshi Silk Noble Robes","BodyArmor","Culture.aserai","","AR_aserai_armor_zc","0.9","","","1","Cloth","cloth_unarmoured","","8","4","3","true","true","","","","","","","","","","","","","","","","","","","","","","","","","","","","true","","","","","","true","","","","","","","","","","","","","","","","","","","","","","","","","","","","","","","","","","","","","","","","","","","","","","",""
"OSA","OSA_ar_reforms_body.xml","AR_aserai_armor_zd","{=osa_ar_aserai_armor_zd}Southern Noble Robes","BodyArmor","Culture.aserai","","AR_aserai_armor_zd","0.9","","","1","Cloth","cloth_unarmoured","","8","4","3","true","true","","","","","","","","","","","","","","","","","","","","","","","","","","","","true","","","","","","true","","","","","","","","","","","","","","","","","","","","","","","","","","","","","","","","","","","","","","","","","","","","","","",""
"OSA","OSA_ar_reforms_body.xml","AR_aserai_armor_zd2","{=osa_ar_aserai_armor_zd2}Southern Decorated Noble Robes","BodyArmor","Culture.aserai","","AR_aserai_armor_zd2","0.9","","","1","Cloth","cloth_unarmoured","","8","4","3","true","true","","","","","","","","","","","","","","","","","","","","","","","","","","","","true","","","","","","true","","","","","","","","","","","","","","","","","","","","","","","","","","","","","","","","","","","","","","","","","","","","","","",""
"OSA","OSA_ar_reforms_body.xml","AR_aserai_lamellar_a","{=osa_ar_aserai_lamellar_a}Southern Brass Lamellar Armor Over Padded Mail","BodyArmor","Culture.aserai","body_armor","AR_aserai_lamellar_a","15.1","","0","3","Plate","plate","","48","10","12","true","true","","","","","","","","","","","","","","","","","","","","","","","","","","","","","","","","","","true","","","","","","","","","","","","","","","","","","","","","","","","","","","","","","","","","","","","","","","","","","","","","","",""
"OSA","OSA_ar_reforms_body.xml","AR_aserai_lamellar_b","{=osa_ar_aserai_lamellar_b}Southern Iron Lamellar Armor Over Padded Mail","BodyArmor","Culture.aserai","body_armor","AR_aserai_lamellar_b","15.1","","0","3","Plate","plate","","48","10","12","true","true","","","","","","","","","","","","","","","","","","","","","","","","","","","","","","","","","","true","","","","","","","","","","","","","","","","","","","","","","","","","","","","","","","","","","","","","","","","","","","","","","",""
"OSA","OSA_ar_reforms_body.xml","AR_aserai_leather_a","{=osa_ar_aserai_leather_a}Southern Leather Cuirass Over Padded Cloth","BodyArmor","Culture.empire","","AR_aserai_leather_a","6.2","","","1","Plate","plate","","18","6","8","true","true","","","","","","","","","","","","","","","","","","","","","","","","","","","","","","","","","","true","","","","","","","","","","","","","","","","","","","","","","","","","","","","","","","","","","","","","","","","","","","","","","",""
"OSA","OSA_ar_reforms_body.xml","AR_aserai_scale_armor_a","{=osa_ar_aserai_scale_armor_a}Mastercrafted Southern Steel Scale Mail","BodyArmor","Culture.aserai","","AR_aserai_scale_armor_a","18.0","","","6","Plate","plate","","35","7","6","true","","","","","","","","","","","","","","","","","","","","","","","","","","","","","","","","","","","true","","","","","","","","","","","","","","","","","","","","","","","","","","","","","","","","","","","","","","","","","","","","","","",""
"OSA","OSA_ar_reforms_body.xml","AR_aserai_scale_armor_b","{=osa_ar_aserai_scale_armor_b}Mastercrafted Southern Steel Scale over Chain Mail","BodyArmor","Culture.aserai","","AR_aserai_scale_armor_b","22.0","","","6","Chainmail","chain","","51","16","16","true","","","","","","","","","","","","","","","","","","","","","","","","","","","","","","","","","","","true","","","","","","","","","","","","","","","","","","","","","","","","","","","","","","","","","","","","","","","","","","","","","","",""
"OSA","OSA_ar_reforms_body.xml","AR_aserai_scale_armor_c","{=osa_ar_aserai_scale_armor_c}Mastercrafted Southern Steel Scale over Chain Hauberk","BodyArmor","Culture.aserai","","AR_aserai_scale_armor_c","28.0","","","7","Plate","plate","","51","16","25","true","","","","","","","","","","","","","","","","","","","","","","","","","","","","","","","","","","","true","","","","","","","","","","3","","","","","","","","","","","","","","","","","","","","","","","","","","","","","","","","","","","","",""
"OSA","OSA_ar_reforms_body.xml","AR_battania_armor_a","{=osa_ar_battania_armor_a}Highland Savage Scale Cuirass","BodyArmor","Culture.battania","","AR_battania_armor_a","15","","","1","Plate","plate","","35","2","8","true","","","","","","","","","","","","","","","","","","","","","","","","","","","","","","","","","","","true","","","","","","","","","","","","","","","","","","","","","","","","","","","","","","","","","","","","","","","","","","","","","","",""
"OSA","OSA_ar_reforms_body.xml","AR_battania_armor_a2","{=osa_ar_battania_armor_a2}Highland Savage Scale Over Mail Shirt","BodyArmor","Culture.battania","body_armor","AR_battania_armor_a2","20.1","","0","3","Plate","plate","","48","12","8","true","true","","","","","","","","","","","","","","","","","","","","","","","","","","","","","","","","","","true","","","","","","","","","","","","","","","","","","","","","","","","","","","","","","","","","","","","","","","","","","","","","","",""
"OSA","OSA_ar_reforms_body.xml","AR_battania_armor_b","{=osa_ar_battania_armor_b}Highland Decorated Savage Scale Over Mail","BodyArmor","Culture.battania","body_armor","AR_battania_armor_b","20.1","","0","3","Plate","plate","","50","12","14","true","true","","","","","","","","","","","","","","","","","","","","","","","","","","","","","","","","","","true","","","","","","","","","","","","","","","","","","","","","","","","","","","","","","","","","","","","","","","","","","","","","","",""
"OSA","OSA_ar_reforms_body.xml","AR_battania_armor_b2","{=osa_ar_battania_armor_b2}Highland Savage Scale Over Mail","BodyArmor","Culture.battania","body_armor","AR_battania_armor_b2","20.1","","0","3","Plate","plate","","48","12","14","true","true","","","","","","","","","","","","","","","","","","","","","","","","","","","","","","","","","","true","","","","","","","","","","","","","","","","","","","","","","","","","","","","","","","","","","","","","","","","","","","","","","",""
"OSA","OSA_ar_reforms_body.xml","AR_battania_armor_c","{=osa_ar_battania_armor_c}Highland Cloth Trousers","BodyArmor","Culture.battania","body_armor","AR_battania_armor_c","0.4","","0","1.8","Cloth","cloth","","1","0","3","false","true","","","","","","","","","","","","","","","","","","","","","","","","","","","","true","true","","","","","true","","","","","","","","","","","","","","","","","","","","","","","","","","","","","","","","","","","","","","","","","","","","","","",""
"OSA","OSA_ar_reforms_body.xml","AR_battania_armor_d","{=osa_ar_battania_armor_d}Highland Plaid Cloth Trousers","BodyArmor","Culture.battania","body_armor","AR_battania_armor_d","0.4","","0","1.8","Cloth","cloth","","1","0","3","false","true","","","","","","","","","","","","","","","","","","","","","","","","","","","","true","true","","","","","true","","","","","","","","","","","","","","","","","","","","","","","","","","","","","","","","","","","","","","","","","","","","","","",""
"OSA","OSA_ar_reforms_body.xml","AR_battania_armor_e","{=osa_ar_battania_armor_e}Highland Striped Cloth Trousers","BodyArmor","Culture.battania","body_armor","AR_battania_armor_e","0.4","","0","1.8","Cloth","cloth","","1","0","3","false","true","","","","","","","","","","","","","","","","","","","","","","","","","","","","true","true","","","","","true","","","","","","","","","","","","","","","","","","","","","","","","","","","","","","","","","","","","","","","","","","","","","","",""
"OSA","OSA_ar_reforms_body.xml","AR_battania_armor_f","{=osa_ar_battania_armor_f}Highland Rough Mail Hauberk With Fur","BodyArmor","Culture.battania","body_armor","AR_battania_armor_f","9.5","","0","1","Chainmail","chain","","27","12","14","true","true","","","","","","","","","","","","","","","","","","","","","","","","","","","","","","","","","","true","","","","","","","","","","","","","","","","","","","","","","","","","","","","","","","","","","","","","","","","","","","","","","",""
"OSA","OSA_ar_reforms_body.xml","AR_battania_armor_g","{=osa_ar_battania_armor_g}Highland Sleeveless Leather Tunic","BodyArmor","Culture.battania","body_armor","AR_battania_armor_g","2.0","","0","1","Cloth","cloth","","15","2","7","true","true","","","","","","","","","","","","","","","","","","","","","","","","","","","","true","","","","","","true","","","","","","","","","","","","","","","","","","","","","","","","","","","","","","","","","","","","","","","","","","","","","","",""
"OSA","OSA_ar_reforms_body.xml","AR_battania_armor_h","{=osa_ar_battania_armor_h}Highland Rugged Leather Vest","BodyArmor","Culture.battania","body_armor","AR_battania_armor_h","0.8","","0","1","Cloth","cloth","","16","2","8","false","true","","","","","","","","","","","","","","","","","","","","","","","","","","","","true","","","","","","true","","","","","","","","","","","","","","","","","","","","","","","","","","","","","","","","","","","","","","","","","","","","","","",""
"OSA","OSA_ar_reforms_body.xml","AR_battania_armor_i","{=osa_ar_battania_armor_i}Highland Rugged Mail Vest","BodyArmor","Culture.battania","body_armor","AR_battania_armor_i","1.0","","0","1","Chainmail","chain","","25","2","8","false","true","","","","","","","","","","","","","","","","","","","","","","","","","","","","","","","","","","true","","","","","","","","","","","","","","","","","","","","","","","","","","","","","","","","","","","","","","","","","","","","","","",""
"OSA","OSA_ar_reforms_body.xml","AR_battania_armor_j","{=osa_ar_battania_armor_j}Highland Plated Mail Vest","BodyArmor","Culture.battania","body_armor","AR_battania_armor_j","1.0","","0","1","Chainmail","chain","","26","0","10","false","true","","","","","","","","","","","","","","","","","","","","","","","","","","","","","","","","","","true","","","","","","","","","","","","","","","","","","","","","","","","","","","","","","","","","","","","","","","","","","","","","","",""
"OSA","OSA_ar_reforms_body.xml","AR_battania_armor_k","{=osa_ar_battania_armor_k}Highland Tartan Tunic with Rolled Cloth","BodyArmor","Culture.battania","body_armor","AR_battania_armor_k","0.7","","0","1","Cloth","cloth_unarmoured","","6","2","3","true","","","","","","","","","","","","","","","","","","","","","","","","","","","","","true","","","","","","true","","","","","","","","","","","","","","","","","","","","","","","","","","","","","","","","","","","","","","","","","","","","","","",""
"OSA","OSA_ar_reforms_body.xml","AR_battania_armor_l","{=osa_ar_battania_armor_l}Highland Mail Shirt With Rolled Cloth","BodyArmor","Culture.battania","body_armor","AR_battania_armor_l","7.5","","0","1.2","Chainmail","chain","","27","8","13","true","","","","","","","","","","","","","","","","","","","","","","","","","","","","","","","","","","","true","","","","","","","","","","","","","","","","","","","","","","","","","","","","","","","","","","","","","","","","","","","","","","",""
"OSA","OSA_ar_reforms_body.xml","AR_battania_armor_m","{=osa_ar_battania_armor_m}Highland Brass Scale Shirt With Rolled Cloth","BodyArmor","Culture.battania","body_armor","AR_battania_armor_m","15.1","","0","3","Plate","plate","","36","8","12","true","true","","","","","","","","","","","","","","","","","","","","","","","","","","","","","","","","","","true","","","","","","","","","","","","","","","","","","","","","","","","","","","","","","","","","","","","","","","","","","","","","","",""
"OSA","OSA_ar_reforms_body.xml","AR_battania_armor_m2","{=osa_ar_battania_armor_m2}Highland Steel Scale Shirt With Rolled Cloth","BodyArmor","Culture.battania","body_armor","AR_battania_armor_m2","15.1","","0","3","Plate","plate","","36","8","12","true","true","","","","","","","","","","","","","","","","","","","","","","","","","","","","","","","","","","true","","","","","","","","","","","","","","","","","","","","","","","","","","","","","","","","","","","","","","","","","","","","","","",""
"OSA","OSA_ar_reforms_body.xml","AR_battania_armor_n","{=osa_ar_battania_armor_n}Highland Mailed Brass Scale Shirt With Rolled Cloth","BodyArmor","Culture.battania","body_armor","AR_battania_armor_n","22.4","","0","3","Plate","plate","","42","16","14","true","true","","","","","","","","","","","","","","","","","","","","","","","","","","","","","","","","","","true","","","","","","","","","","","","","","","","","","","","","","","","","","","","","","","","","","","","","","","","","","","","","","",""
"OSA","OSA_ar_reforms_body.xml","AR_battania_armor_n2","{=osa_ar_battania_armor_n2}Highland Mailed Steel Scale Shirt With Rolled Cloth","BodyArmor","Culture.battania","body_armor","AR_battania_armor_n2","22.4","","0","3","Plate","plate","","42","16","14","true","true","","","","","","","","","","","","","","","","","","","","","","","","","","","","","","","","","","true","","","","","","","","","","","","","","","","","","","","","","","","","","","","","","","","","","","","","","","","","","","","","","",""
"OSA","OSA_ar_reforms_body.xml","AR_battania_armor_o","{=osa_ar_battania_armor_o}Highland Padded Steel Breastplate","BodyArmor","Culture.battania","body_armor","AR_battania_armor_o","10","","0","1.9","Plate","plate","","42","5","8","true","true","","","","","","","","","","","","","","","","","","","","","","","","","","","","true","","","","","","true","","","","","","","","","","","","","","","","","","","","","","","","","","","","","","","","","","","","","","","","","","","","","","",""
"OSA","OSA_ar_reforms_body.xml","AR_battania_armor_o2","{=osa_ar_battania_armor_o2}Highland Padded Decorated Steel Breastplate","BodyArmor","Culture.battania","body_armor","AR_battania_armor_o2","10","","0","1.9","Plate","plate","","42","5","8","true","true","","","","","","","","","","","","","","","","","","","","","","","","","","","","true","","","","","","true","","","","","","","","","","","","","","","","","","","","","","","","","","","","","","","","","","","","","","","","","","","","","","",""
"OSA","OSA_ar_reforms_body.xml","AR_battania_armor_p","{=osa_ar_battania_armor_p}Highland Brass Breastplate Over Tunic","BodyArmor","Culture.battania","body_armor","AR_battania_armor_p","10","","0","1.9","Plate","plate","","32","5","6","true","true","","","","","","","","","","","","","","","","","","","","","","","","","","","","","","","","","","true","","","","","","","","","","","","","","","","","","","","","","","","","","","","","","","","","","","","","","","","","","","","","","",""
"OSA","OSA_ar_reforms_body.xml","AR_battania_armor_p2","{=osa_ar_battania_armor_p2}Highland Steel Breastplate Over Tunic","BodyArmor","Culture.battania","body_armor","AR_battania_armor_p2","10","","0","1.9","Plate","plate","","32","5","6","true","true","","","","","","","","","","","","","","","","","","","","","","","","","","","","","","","","","","true","","","","","","","","","","","","","","","","","","","","","","","","","","","","","","","","","","","","","","","","","","","","","","",""
"OSA","OSA_ar_reforms_body.xml","AR_battania_armor_p3","{=osa_ar_battania_armor_p3}Highland Decorated Steel Breastplate Over Tunic","BodyArmor","Culture.battania","body_armor","AR_battania_armor_p3","10","","0","1.9","Plate","plate","","32","5","6","true","true","","","","","","","","","","","","","","","","","","","","","","","","","","","","","","","","","","true","","","","","","","","","","","","","","","","","","","","","","","","","","","","","","","","","","","","","","","","","","","","","","",""
"OSA","OSA_ar_reforms_body.xml","AR_battania_armor_q","{=osa_ar_battania_armor_q}Highland Brass Breastplate Over Mail","BodyArmor","Culture.battania","","AR_battania_armor_q","9.5","","","","Plate","plate","","34","8","12","true","true","","","","","","","","","","","","","","","","","","","","","","","","","","","","","","","","","","true","","","","","","","","","","","","","","","","","","","","","","","","","","","","","","","","","","","","","","","","","","","","","","",""
"OSA","OSA_ar_reforms_body.xml","AR_battania_armor_q2","{=osa_ar_battania_armor_q2}Highland Steel Breastplate Over Mail","BodyArmor","Culture.battania","","AR_battania_armor_q2","9.5","","","","Plate","plate","","34","8","12","true","true","","","","","","","","","","","","","","","","","","","","","","","","","","","","","","","","","","true","","","","","","","","","","","","","","","","","","","","","","","","","","","","","","","","","","","","","","","","","","","","","","",""
"OSA","OSA_ar_reforms_body.xml","AR_battania_armor_q3","{=osa_ar_battania_armor_q3}Highland Decorated Steel Breastplate Over Mail","BodyArmor","Culture.battania","","AR_battania_armor_q3","9.5","","","","Plate","plate","","34","8","12","true","true","","","","","","","","","","","","","","","","","","","","","","","","","","","","","","","","","","true","","","","","","","","","","","","","","","","","","","","","","","","","","","","","","","","","","","","","","","","","","","","","","",""
"OSA","OSA_ar_reforms_body.xml","AR_empire_armor_a","{=osa_ar_empire_armor_a}Imperial Leather Subarmalis Over Tunic","BodyArmor","Culture.empire","","AR_empire_armor_a","3.1","","","1.3","Leather","leather","","22","6","6","true","","","","","","","","","","","","","","","","","","","","","","","","","","","","","true","","","","","","true","","","","","","","","","","","","","","","","","","","","","","","","","","","","","","","","","","","","","","","","","","","","","","",""
"OSA","OSA_ar_reforms_body.xml","AR_empire_armor_b","{=osa_ar_empire_armor_b}Imperial Toga With Tunic","BodyArmor","Culture.empire","","AR_empire_armor_b","1.9","","","1","Cloth","cloth_unarmoured","","8","4","3","true","true","","","","","","","","","","","","","","","","","","","","","","","","","","","","true","","","","","","true","","","","","","","","","","","","","","","","","","","","","","","","","","","","","","","","","","","","","","","","","","","","","","",""
"OSA","OSA_ar_reforms_body.xml","AR_empire_armor_c","{=osa_ar_empire_armor_c}Imperial Decorated Mail Over Stripped Cloth","BodyArmor","Culture.empire","body_armor","AR_empire_armor_c","10.2","","0","1.3","Chainmail","chain","","33","10","12","true","true","","","","","","","","","","","","","","","","","","","","","","","","","","","","","","","","","","true","","","","","","","","","","","","","","","","","","","","","","","","","","","","","","","","","","","","","","","","","","","","","","",""
"OSA","OSA_ar_reforms_body.xml","AR_empire_armor_d","{=osa_ar_empire_armor_d}Imperial Decorated Cloth Subarmalis","BodyArmor","Culture.empire","","AR_empire_armor_d","2.1","","","1","Cloth","cloth","","16","6","12","true","true","","","","","","","","","","","","","","","","","","","","","","","","","","","","true","","","","","","true","","","","","","","","","","","","","","","","","","","","","","","","","","","","","","","","","","","","","","","","","","","","","","",""
"OSA","OSA_ar_reforms_body.xml","AR_empire_armor_e","{=osa_ar_empire_armor_e}Imperial Cloth Subarmalis Over Tunic","BodyArmor","Culture.empire","","AR_empire_armor_e","2.1","","","1","Cloth","cloth","","15","6","12","true","true","","","","","","","","","","","","","","","","","","","","","","","","","","","","true","","","","","","true","","","","","","","","","","","","","","","","","","","","","","","","","","","","","","","","","","","","","","","","","","","","","","",""
"OSA","OSA_ar_reforms_body.xml","AR_empire_armor_f","{=osa_ar_empire_armor_f}Imperial Skirted Trousers","BodyArmor","Culture.empire","body_armor","AR_empire_armor_f","0.4","","0","1.8","Cloth","cloth","","1","0","3","false","true","","","","","","","","","","","","","","","","","","","","","","","","","","","","true","true","","","","","true","","","","","","","","","","","","","","","","","","","","","","","","","","","","","","","","","","","","","","","","","","","","","","",""
"OSA","OSA_ar_reforms_body.xml","AR_empire_armor_g","{=osa_ar_empire_armor_g}Imperial Belted Skirt","BodyArmor","Culture.empire","body_armor","AR_empire_armor_g","0.4","","0","1.8","Cloth","cloth","","1","0","2","false","true","","","","","","","","","","","","","","","","","","","","","","","","","","","","true","true","","","","","true","","","","","","","","","","","","","","","","","","","","","","","","","","","","","","","","","","","","","","","","","","","","","","",""
"OSA","OSA_ar_reforms_body.xml","AR_empire_armor_h","{=osa_ar_empire_armor_h}Imperial Lamellar Cuirass Over Stripped Cloth","BodyArmor","Culture.empire","body_armor","AR_empire_armor_h","15.1","","0","3","Plate","plate","","48","10","12","true","true","","","","","","","","","","","","","","","","","","","","","","","","","","","","","","","","","","true","","","","","","","","","","","","","","","","","","","","","","","","","","","","","","","","","","","","","","","","","","","","","","",""
"OSA","OSA_ar_reforms_body.xml","AR_empire_armor_i","{=osa_ar_empire_armor_i}Imperial Lamellar Cuirass Over Mailed Leather","BodyArmor","Culture.empire","body_armor","AR_empire_armor_i","20.1","","0","3","Plate","plate","","52","10","18","true","true","","","","","","","","","","","","","","","","","","","","","","","","","","","","","","","","","","true","","","","","","","","","","","","","","","","","","","","","","","","","","","","","","","","","","","","","","","","","","","","","","",""
"OSA","OSA_ar_reforms_body.xml","AR_empire_armor_j","{=osa_ar_empire_armor_j}Imperial Legionary Mail With Strips","BodyArmor","Culture.empire","body_armor","AR_empire_armor_j","19","","0","1.3","Chainmail","chain","","35","15","18","true","true","","","","","","","","","","","","","","","","","","","","","","","","","","","","","","","","","","true","","","","","","","","","","","","","","","","","","","","","","","","","","","","","","","","","","","","","","","","","","","","","","",""
"OSA","OSA_ar_reforms_body.xml","AR_empire_armor_k","{=osa_ar_empire_armor_k}Tunic With Shoulder Pads And Pteruges","BodyArmor","Culture.empire","","AR_empire_armor_k","0.6","","","1","Cloth","cloth_unarmoured","","6","2","3","true","","","","","","","","","","","","","","","","","","","","","","","","","","","","","true","","","","","","true","","","","","","","","","","","","","","","","","","","","","","","","","","","","","","","","","","","","","","","","","","","","","","",""
"OSA","OSA_ar_reforms_body.xml","AR_empire_armor_l","{=osa_ar_empire_armor_l}Western Mail Shirt With Rolled Cloth","BodyArmor","Culture.vlandia","body_armor","AR_empire_armor_l","7.5","","0","1.2","Chainmail","chain","","27","11","13","true","","","","","","","","","","","","","","","","","","","","","","","","","","","","","","","","","","","true","","","","","","","","","","","","","","","","","","","","","","","","","","","","","","","","","","","","","","","","","","","","","","",""
"OSA","OSA_ar_reforms_body.xml","AR_empire_armor_m","{=osa_ar_empire_armor_m}Imperial Robes","BodyArmor","Culture.empire","","AR_empire_armor_m","0.9","","","1","Cloth","cloth_unarmoured","","8","4","3","true","true","","","","","","","","","","","","","","","","","","","","","","","","","","","","true","","","","","","true","","","","","","","","","","","","","","","","","","","","","","","","","","","","","","","","","","","","","","","","","","","","","","",""
"OSA","OSA_ar_reforms_body.xml","AR_empire_armor_n","{=osa_ar_empire_armor_n}Imperial White Robes","BodyArmor","Culture.empire","","AR_empire_armor_n","0.9","","","1","Cloth","cloth_unarmoured","","8","4","3","true","true","","","","","","","","","","","","","","","","","","","","","","","","","","","","true","","","","","","true","","","","","","","","","","","","","","","","","","","","","","","","","","","","","","","","","","","","","","","","","","","","","","",""
"OSA","OSA_ar_reforms_body.xml","AR_empire_armor_o","{=osa_ar_empire_armor_o}Imperial Leather Cuirass Over Tunic With Pteruges","BodyArmor","Culture.empire","","AR_empire_armor_o","0.6","","","1","Leather","leather","","18","3","4","true","true","","","","","","","","","","","","","","","","","","","","","","","","","","","","true","","","","","","true","","","","","","","","","","","","","","","","","","","","","","","","","","","","","","","","","","","","","","","","","","","","","","",""
"OSA","OSA_ar_reforms_body.xml","AR_empire_armor_p","{=osa_ar_empire_armor_p}Palaic Chiton","BodyArmor","Culture.empire","body_armor","AR_empire_armor_p","0.7","","0","1.1","Cloth","cloth","","4","0","9","false","true","","","","","","","","","","","","","","","","","","","","","","","","","","","","true","true","","","","","true","","","","","","","","","","","","","","","","","","","","","","","","","","","","","","","","","","","","","","","","","","","","","","",""
"OSA","OSA_ar_reforms_body.xml","AR_empire_armor_q","{=osa_ar_empire_armor_q}Imperial Decorated Explorator's Tunic","BodyArmor","Culture.empire","body_armor","AR_empire_armor_q","0.4","","0","1","Cloth","cloth_unarmoured","","6","1","1","true","true","","","","","","","","","","","","","","","","","","","","","","","","","","","","true","","","","","","true","","","","","","","","","","","","","","","","","","","","","","","","","","","","","","","","","","","","","","","","","","","","","","",""
"OSA","OSA_ar_reforms_body.xml","AR_empire_armor_r","{=osa_ar_empire_armor_r}Imperial Explorator's Mail","BodyArmor","Culture.empire","","AR_empire_armor_r","9.5","","","3","Plate","plate","","26","16","16","true","true","","","","","","","","","","","","","","","","","","","","","","","","","","","","","","","","","","true","","","","","","","","","","","","","","","","","","","","","","","","","","","","","","","","","","","","","","","","","","","","","","",""
"OSA","OSA_ar_reforms_body.xml","AR_empire_armor_s","{=osa_ar_empire_armor_s}Imperial Decorated Explorator's Mail","BodyArmor","Culture.empire","","AR_empire_armor_s","9.5","","","3","Plate","plate","","26","16","16","true","true","","","","","","","","","","","","","","","","","","","","","","","","","","","","","","","","","","true","","","","","","","","","","","","","","","","","","","","","","","","","","","","","","","","","","","","","","","","","","","","","","",""
"OSA","OSA_ar_reforms_body.xml","AR_empire_armor_t","{=osa_ar_empire_armor_t}Imperial Noble Robes","BodyArmor","Culture.empire","","AR_empire_armor_t","0.9","","","1","Cloth","cloth_unarmoured","","8","4","3","true","true","","","","","","","","","","","","","","","","","","","","","","","","","","","","true","","","","","","true","","","","","","","","","","","","","","","","","","","","","","","","","","","","","","","","","","","","","","","","","","","","","","",""
"OSA","OSA_ar_reforms_body.xml","AR_empire_brass_lamellar_a","{=osa_ar_empire_brass_lamellar_a}Imperial Brass Lamellar Over Leather","BodyArmor","Culture.empire","","AR_empire_brass_lamellar_a","12","","","2","Plate","plate","","38","10","12","true","true","","","","","","","","","","","","","","","","","","","","","","","","","","","","","","","","","","true","","","","","","","","","","","","","","","","","","","","","","","","","","","","","","","","","","","","","","","","","","","","","","",""
"OSA","OSA_ar_reforms_body.xml","AR_empire_brass_lamellar_b","{=osa_ar_empire_brass_lamellar_b}Southern Brass Lamellar Over Padded Cloth","BodyArmor","Culture.empire","","AR_empire_brass_lamellar_b","6.2","","","1","Plate","plate","","24","6","8","true","true","","","","","","","","","","","","","","","","","","","","","","","","","","","","","","","","","","true","","","","","","","","","","","","","","","","","","","","","","","","","","","","","","","","","","","","","","","","","","","","","","",""
"OSA","OSA_ar_reforms_body.xml","AR_empire_brass_lamellar_c","{=osa_ar_empire_brass_lamellar_c}Imperial White Brass Lamellar Over Leather","BodyArmor","Culture.empire","","AR_empire_brass_lamellar_c","12","","","2","Plate","plate","","38","10","12","true","true","","","","","","","","","","","","","","","","","","","","","","","","","","","","","","","","","","true","","","","","","","","","","","","","","","","","","","","","","","","","","","","","","","","","","","","","","","","","","","","","","",""
"OSA","OSA_ar_reforms_body.xml","AR_empire_brass_lamellar_d","{=osa_ar_empire_brass_lamellar_d}Southern White Brass Lamellar Over Padded Cloth","BodyArmor","Culture.empire","","AR_empire_brass_lamellar_d","6.2","","","1","Plate","plate","","24","6","8","true","true","","","","","","","","","","","","","","","","","","","","","","","","","","","","","","","","","","true","","","","","","","","","","","","","","","","","","","","","","","","","","","","","","","","","","","","","","","","","","","","","","",""
"OSA","OSA_ar_reforms_body.xml","AR_empire_horseman_armor","{=osa_ar_empire_horseman_armor}Imperial Breastplate Over Mail","BodyArmor","Culture.empire","","AR_empire_horseman_armor","9.5","","","","Plate","plate","","34","8","12","true","true","","","","","","","","","","","","","","","","","","","","","","","","","","","","","","","","","","true","","","","","","","","","","","","","","","","","","","","","","","","","","","","","","","","","","","","","","","","","","","","","","",""
"OSA","OSA_ar_reforms_body.xml","AR_empire_horseman_armor_a","{=osa_ar_empire_horseman_armor_a}Imperial Breastplate Over Steel Scale","BodyArmor","Culture.empire","","AR_empire_horseman_armor_a","14","","","2","Plate","plate","","42","12","20","true","true","","","","","","","","","","","","","","","","","","","","","","","","","","","","","","","","","","true","","","","","","","","","","","","","","","","","","","","","","","","","","","","","","","","","","","","","","","","","","","","","","",""
"OSA","OSA_ar_reforms_body.xml","AR_empire_horseman_armor_a2","{=osa_ar_empire_horseman_armor_a2}Imperial Gilded Breastplate Over Brass Scale","BodyArmor","Culture.empire","","AR_empire_horseman_armor_a2","14","","","2","Plate","plate","","42","12","20","true","true","","","","","","","","","","","","","","","","","","","","","","","","","","","","","","","","","","true","","","","","","","","","","","","","","","","","","","","","","","","","","","","","","","","","","","","","","","","","","","","","","",""
"OSA","OSA_ar_reforms_body.xml","AR_empire_horseman_armor_b","{=osa_ar_empire_horseman_armor_b}Imperial Gilded Breastplate Over Mail","BodyArmor","Culture.empire","","AR_empire_horseman_armor_b","9.5","","","","Plate","plate","","34","8","12","true","true","","","","","","","","","","","","","","","","","","","","","","","","","","","","","","","","","","true","","","","","","","","","","","","","","","","","","","","","","","","","","","","","","","","","","","","","","","","","","","","","","",""
"OSA","OSA_ar_reforms_body.xml","AR_empire_horseman_armor_c","{=osa_ar_empire_horseman_armor_c}Imperial Cavalry Leather Armor","BodyArmor","Culture.empire","body_armor","AR_empire_horseman_armor_c","8.3","","0","1.3","Chainmail","chain","","27","6","6","true","true","","","","","","","","","","","","","","","","","","","","","","","","","","","","","","","","","","true","","","","","","","","","","","","","","","","","","","","","","","","","","","","","","","","","","","","","","","","","","","","","","",""
"OSA","OSA_ar_reforms_body.xml","AR_empire_horseman_armor_d","{=osa_ar_empire_horseman_armor_d}Imperial Breastplate Over Leather","BodyArmor","Culture.empire","body_armor","AR_empire_horseman_armor_d","8.3","","0","1.3","Plate","plate","","30","6","6","true","true","","","","","","","","","","","","","","","","","","","","","","","","","","","","","","","","","","true","","","","","","","","","","","","","","","","","","","","","","","","","","","","","","","","","","","","","","","","","","","","","","",""
"OSA","OSA_ar_reforms_body.xml","AR_empire_scale_armor_a","{=osa_ar_empire_scale_armor_a}Imperial Brass Scale Cuirass Over Stripped Leather","BodyArmor","Culture.empire","body_armor","AR_empire_scale_armor_a","15.1","","0","3","Plate","plate","","36","8","12","true","true","","","","","","","","","","","","","","","","","","","","","","","","","","","","","","","","","","true","","","","","","","","","","","","","","","","","","","","","","","","","","","","","","","","","","","","","","","","","","","","","","",""
"OSA","OSA_ar_reforms_body.xml","AR_empire_scale_armor_b","{=osa_ar_empire_scale_armor_b}Imperial Steel Scale Cuirass Over Stripped Leather","BodyArmor","Culture.empire","body_armor","AR_empire_scale_armor_b","15.1","","0","3","Plate","plate","","36","8","12","true","true","","","","","","","","","","","","","","","","","","","","","","","","","","","","","","","","","","true","","","","","","","","","","","","","","","","","","","","","","","","","","","","","","","","","","","","","","","","","","","","","","",""
"OSA","OSA_ar_reforms_body.xml","AR_empire_scale_armor_c","{=osa_ar_empire_scale_armor_c}Imperial Long Steel Scale Cuirass Over Mail","BodyArmor","Culture.empire","body_armor","AR_empire_scale_armor_c","20.1","","0","3","Plate","plate","","52","10","20","true","true","","","","","","","","","","","","","","","","","","","","","","","","","","","","","","","","","","true","","","","","","","","","","","","","","","","","","","","","","","","","","","","","","","","","","","","","","","","","","","","","","",""
"OSA","OSA_ar_reforms_body.xml","AR_empire_scale_armor_d","{=osa_ar_empire_scale_armor_d}Imperial Long Brass Scale Cuirass Over Mail","BodyArmor","Culture.empire","body_armor","AR_empire_scale_armor_d","20.1","","0","3","Plate","plate","","52","10","20","true","true","","","","","","","","","","","","","","","","","","","","","","","","","","","","","","","","","","true","","","","","","","","","","","","","","","","","","","","","","","","","","","","","","","","","","","","","","","","","","","","","","",""
"OSA","OSA_ar_reforms_body.xml","AR_empire_scale_armor_e","{=osa_ar_empire_scale_armor_e}Western Scale Cuirass Over Stripped Mail","BodyArmor","Culture.vlandia","body_armor","AR_empire_scale_armor_e","21.5","","0","3","Plate","plate","","52","10","12","true","true","","","","","","","","","","","","","","","","","","","","","","","","","","","","","","","","","","true","","","","","","","","","","","","","","","","","","","","","","","","","","","","","","","","","","","","","","","","","","","","","","",""
"OSA","OSA_ar_reforms_body.xml","AR_empire_scale_armor_e2","{=osa_ar_empire_scale_armor_e2}Western Scale Cuirass Over Stripped Gambeson","BodyArmor","Culture.vlandia","","AR_empire_scale_armor_e2","12","","","1","Plate","plate","","48","5","5","true","true","","","","","","","","","","","","","","","","","","","","","","","","","","","","","","","","","","true","","","","","","","","","","","","","","","","","","","","","","","","","","","","","","","","","","","","","","","","","","","","","","",""
"OSA","OSA_ar_reforms_body.xml","AR_empire_scale_armor_e3","{=osa_ar_empire_scale_armor_e3}Western Scale Cuirass Over Stripped Scale","BodyArmor","Culture.vlandia","body_armor","AR_empire_scale_armor_e3","20.1","","0","3","Plate","plate","","52","10","20","true","true","","","","","","","","","","","","","","","","","","","","","","","","","","","","","","","","","","true","","","","","","","","","","","","","","","","","","","","","","","","","","","","","","","","","","","","","","","","","","","","","","",""
"OSA","OSA_ar_reforms_body.xml","AR_empire_scale_armor_f","{=osa_ar_empire_scale_armor_f}Imperial Decorated Scale Cuirass Over Stripped Cloth","BodyArmor","Culture.empire","body_armor","AR_empire_scale_armor_f","15.1","","0","3","Plate","plate","","50","10","12","true","true","","","","","","","","","","","","","","","","","","","","","","","","","","","","","","","","","","true","","","","","","","","","","","","","","","","","","","","","","","","","","","","","","","","","","","","","","","","","","","","","","",""
"OSA","OSA_ar_reforms_body.xml","AR_empire_scale_armor_g","{=osa_ar_empire_scale_armor_g}Imperial Decorated Brass Scale Cuirass Over Stripped Cloth","BodyArmor","Culture.empire","body_armor","AR_empire_scale_armor_g","15.1","","0","3","Plate","plate","","50","10","12","true","true","","","","","","","","","","","","","","","","","","","","","","","","","","","","","","","","","","true","","","","","","","","","","","","","","","","","","","","","","","","","","","","","","","","","","","","","","","","","","","","","","",""
"OSA","OSA_ar_reforms_body.xml","AR_empire_scale_armor_h","{=osa_ar_empire_scale_armor_h}Imperial Decorated Alternating Scale Cuirass Over Stripped Cloth","BodyArmor","Culture.empire","body_armor","AR_empire_scale_armor_h","15.1","","0","3","Plate","plate","","50","10","12","true","true","","","","","","","","","","","","","","","","","","","","","","","","","","","","","","","","","","true","","","","","","","","","","","","","","","","","","","","","","","","","","","","","","","","","","","","","","","","","","","","","","",""
"OSA","OSA_ar_reforms_body.xml","AR_empire_scout_armor_a","{=osa_ar_empire_scout_armor_a}Imperial Cavalry Padded Cloth","BodyArmor","Culture.empire","","AR_empire_scout_armor_a","6.2","","","1","Leather","leather","","20","6","8","true","true","","","","","","","","","","","","","","","","","","","","","","","","","","","","","","","","","","true","","","","","","","","","","","","","","","","","","","","","","","","","","","","","","","","","","","","","","","","","","","","","","",""
"OSA","OSA_ar_reforms_body.xml","AR_empire_scout_armor_b","{=osa_ar_empire_scout_armor_b}Imperial Breastplate Over Padded Cloth","BodyArmor","Culture.empire","","AR_empire_scout_armor_b","6.2","","","1","Plate","plate","","30","6","8","true","true","","","","","","","","","","","","","","","","","","","","","","","","","","","","","","","","","","true","","","","","","","","","","","","","","","","","","","","","","","","","","","","","","","","","","","","","","","","","","","","","","",""
"OSA","OSA_ar_reforms_body.xml","AR_empire_scout_armor_c","{=osa_ar_empire_scout_armor_c}Imperial Cavalry Tunic","BodyArmor","Culture.empire","","AR_empire_scout_armor_c","1.9","","","1","Cloth","cloth","","14","3","3","true","true","","","","","","","","","","","","","","","","","","","","","","","","","","","","","","","","","","true","","","","","","","","","","","","","","","","","","","","","","","","","","","","","","","","","","","","","","","","","","","","","","",""
"OSA","OSA_ar_reforms_body.xml","AR_empire_scout_armor_d","{=osa_ar_empire_scout_armor_d}Imperial Breastplate Over Tunic","BodyArmor","Culture.empire","","AR_empire_scout_armor_d","1.9","","","1","Plate","plate","","28","3","3","true","true","","","","","","","","","","","","","","","","","","","","","","","","","","","","","","","","","","true","","","","","","","","","","","","","","","","","","","","","","","","","","","","","","","","","","","","","","","","","","","","","","",""
"OSA","OSA_ar_reforms_body.xml","AR_khuzait_armor_a","{=osa_ar_khuzait_armor_a}Eastern Plated Armor","BodyArmor","Culture.khuzait","","AR_khuzait_armor_a","18.6","","","1","Plate","plate","","45","16","17","true","true","","","","","","","","","","","","","","","","","","","","","","","","","","","","","","","","","","true","","","","","","","","","","","","","","","","","","","","","","","","","","","","","","","","","","","","","","","","","","","","","","",""
"OSA","OSA_ar_reforms_body.xml","AR_khuzait_armor_b","{=osa_ar_khuzait_armor_b}Eastern Lamellar Over Mail","BodyArmor","Culture.khuzait","","AR_khuzait_armor_b","28","","","3","Plate","plate","","50","15","25","true","","","","","","","","","","","","","","","","","","","","","","","","","","","","","","","","","","","true","","","","","","","","","","","","","","","","","","","","","","","","","","","","","","","","","","","","","","","","","","","","","","",""
"OSA","OSA_ar_reforms_body.xml","AR_merchants_coat_a","{=osa_ar_merchants_coat_a}Merchant's Coat","BodyArmor","Culture.empire","","AR_merchants_coat_a","0.9","","","1","Cloth","cloth_unarmoured","","8","4","3","true","true","","","","","","","","","","","","","","","","","","","","","","","","","","","","true","","","","","","true","","","","","","","","","","","","","","","","","","","","","","","","","","","","","","","","","","","","","","","","","","","","","","",""
"OSA","OSA_ar_reforms_body.xml","AR_monk_robe_a","{=osa_ar_monk_robe_a}Western Colored Robe","BodyArmor","Culture.vlandia","","AR_monk_robe_a","0.5","","","1","Cloth","cloth_unarmoured","","5","1","2","true","","","","","","","","","","","","","","","","","","","","","","","","","","","","","true","","","","","","true","","","","","","","","","","","","","","","","","","","","","","","","","","","","","","","","","","","","","","","","","","","","","","",""
"OSA","OSA_ar_reforms_body.xml","AR_monk_robe_a2","{=osa_ar_monk_robe_a2}Western Plain Robe","BodyArmor","Culture.vlandia","","AR_monk_robe_a","0.5","","","1","Cloth","cloth_unarmoured","","5","1","2","true","","","","","","","","","","","","","","","","","","","","","","","","","","","","","true","","","","","","","","","","","","","","","","","","","","","","","","","","","","","","","","","","","","","","","","","","","","","","","","","","","","",""
"OSA","OSA_ar_reforms_body.xml","AR_monk_robe_b","{=osa_ar_monk_robe_b}Western Brown Robe","BodyArmor","Culture.vlandia","","AR_monk_robe_b","0.5","","","1","Cloth","cloth_unarmoured","","5","1","2","true","","","","","","","","","","","","","","","","","","","","","","","","","","","","","true","","","","","","","","","","","","","","","","","","","","","","","","","","","","","","","","","","","","","","","","","","","","","","","","","","","","",""
"OSA","OSA_ar_reforms_body.xml","AR_monk_robe_c","{=osa_ar_monk_robe_c}Western Mailed Colored Robe","BodyArmor","Culture.vlandia","","AR_monk_robe_c","12","","","1","Chainmail","chain","","30","16","16","true","false","","","","","","","","","","","","","","","","","","","","","","","","","","","","","","","","","","true","","","","","","","","","","","","","","","","","","","","","","","","","","","","","","","","","","","","","","","","","","","","","","",""
"OSA","OSA_ar_reforms_body.xml","AR_monk_robe_c2","{=osa_ar_monk_robe_c2}Western Mailed Plain Robe","BodyArmor","Culture.vlandia","","AR_monk_robe_c","12","","","1","Chainmail","chain","","30","16","16","true","false","","","","","","","","","","","","","","","","","","","","","","","","","","","","","","","","","","true","","","","","","","","","","","","","","","","","","","","","","","","","","","","","","","","","","","","","","","","","","","","","","",""
"OSA","OSA_ar_reforms_body.xml","AR_monk_robe_d","{=osa_ar_monk_robe_d}Western Mailed Black Robe","BodyArmor","Culture.vlandia","","AR_monk_robe_d","12","","","1","Chainmail","chain","","30","16","16","true","false","","","","","","","","","","","","","","","","","","","","","","","","","","","","","","","","","","true","","","","","","","","","","","","","","","","","","","","","","","","","","","","","","","","","","","","","","","","","","","","","","",""
"OSA","OSA_ar_reforms_body.xml","AR_sturgia_armor_a","{=osa_ar_sturgia_armor_a}Northern Padded Leather Vest Over Mail","BodyArmor","Culture.sturgia","body_armor","AR_sturgia_armor_a","10.2","","0","1.3","Chainmail","chain","","33","10","12","true","true","","","","","","","","","","","","","","","","","","","","","","","","","","","","","","","","","","true","","","","","","","","","","","","","","","","","","","","","","","","","","","","","","","","","","","","","","","","","","","","","","",""
"OSA","OSA_ar_reforms_body.xml","AR_sturgia_armor_b","{=osa_ar_sturgia_armor_b}Northern Padded Leather Vest","BodyArmor","Culture.sturgia","","AR_sturgia_armor_b","3.1","","","1.3","Leather","leather","","22","6","6","true","","","","","","","","","","","","","","","","","","","","","","","","","","","","","true","","","","","","true","","","","","","","","","","","","","","","","","","","","","","","","","","","","","","","","","","","","","","","","","","","","","","",""
"OSA","OSA_ar_reforms_body.xml","AR_sturgia_armor_c","{=osa_ar_sturgia_armor_c}Northern Leather Tabard Over Mail","BodyArmor","Culture.sturgia","body_armor","AR_sturgia_armor_c","21","","0","1.2","Chainmail","chain","","40","12","22","true","true","","","","","","","","","","","","","","","","","","","","","","","","","","","","","","","","","","true","","","","","","","","","","","","","","","","","","","","","","","","","","","","","","","","","","","","","","","","","","","","","","",""
"OSA","OSA_ar_reforms_body.xml","AR_sturgia_armor_d","{=osa_ar_sturgia_armor_d}Northern Leather Coat","BodyArmor","Culture.sturgia","","AR_sturgia_armor_d","3.1","","","1.3","Leather","leather","","22","6","6","true","","","","","","","","","","","","","","","","","","","","","","","","","","","","","","","","","","","true","","","","","","","","","","","","","","","","","","","","","","","","","","","","","","","","","","","","","","","","","","","","","","",""
"OSA","OSA_ar_reforms_body.xml","AR_sturgia_armor_d2","{=osa_ar_sturgia_armor_d2}Northern Leather Coat","BodyArmor","Culture.sturgia","","AR_sturgia_armor_d2","3.1","","","1.3","Leather","leather","","22","6","6","true","","","","","","","","","","","","","","","","","","","","","","","","","","","","","","","","","","","true","","","","","","","","","","","","","","","","","","","","","","","","","","","","","","","","","","","","","","","","","","","","","","",""
"OSA","OSA_ar_reforms_body.xml","AR_sturgia_armor_e","{=osa_ar_sturgia_armor_e}Northern Leather Coat Over Mail","BodyArmor","Culture.sturgia","body_armor","AR_sturgia_armor_e","8.3","","0","1.8","Chainmail","chain","","26","10","12","true","true","","","","","","","","","","","","","","","","","","","","","","","","","","","","","","","","","","true","","","","","","","","","","","","","","","","","","","","","","","","","","","","","","","","","","","","","","","","","","","","","","",""
"OSA","OSA_ar_reforms_body.xml","AR_sturgia_armor_e2","{=osa_ar_sturgia_armor_e2}Northern Leather Coat Over Mail","BodyArmor","Culture.sturgia","body_armor","AR_sturgia_armor_e2","8.3","","0","1.8","Chainmail","chain","","26","10","12","true","true","","","","","","","","","","","","","","","","","","","","","","","","","","","","","","","","","","true","","","","","","","","","","","","","","","","","","","","","","","","","","","","","","","","","","","","","","","","","","","","","","",""
"OSA","OSA_ar_reforms_body.xml","AR_sturgia_armor_f","{=osa_ar_sturgia_armor_f}Northern Lamellar Coat Over Mail","BodyArmor","Culture.sturgia","","AR_sturgia_armor_f","24","","","3","Plate","plate","","50","7","21","true","","","","","","","","","","","","","","","","","","","","","","","","","","","","","","","","","","","true","","","","","","","","","","","","","","","","","","","","","","","","","","","","","","","","","","","","","","","","","","","","","","",""
"OSA","OSA_ar_reforms_body.xml","AR_sturgia_armor_f2","{=osa_ar_sturgia_armor_f2}Northern Lamellar Coat Over Mail","BodyArmor","Culture.sturgia","","AR_sturgia_armor_f2","24","","","3","Plate","plate","","50","7","21","true","","","","","","","","","","","","","","","","","","","","","","","","","","","","","","","","","","","true","","","","","","","","","","","","","","","","","","","","","","","","","","","","","","","","","","","","","","","","","","","","","","",""
"OSA","OSA_ar_reforms_body.xml","AR_vlandia_armor_a","{=osa_ar_vlandia_armor_a}Western Heavy Padded Coat Over Mail","BodyArmor","Culture.vlandia","body_armor","AR_vlandia_armor_a","28.6","","","2.4","Plate","plate","","49","20","22","true","true","","","","","","","","","","","","","","","","","","","","","","","","","","","","","","","","","","true","","","","","","","","","","","","","","","","","","","","","","","","","","","","","","","","","","","","","","","","","","","","","","",""
"OSA","OSA_ar_reforms_body.xml","AR_vlandia_armor_a2","{=osa_ar_vlandia_armor_a2}Western Heavy Padded Coat","BodyArmor","Culture.vlandia","body_armor","AR_vlandia_armor_a2","2.4","","0","1","Cloth","cloth","","14","5","5","true","true","","","","","","","","","","","","","","","","","","","","","","","","","","","","","","","","","","true","","","","","","","","","","","","","","","","","","","","","","","","","","","","","","","","","","","","","","","","","","","","","","",""
"OSA","OSA_ar_reforms_body.xml","AR_vlandia_armor_b","{=osa_ar_vlandia_armor_b}Western Heavy Padded Coat Over Mail And Lamellar","BodyArmor","Culture.vlandia","body_armor","AR_vlandia_armor_b","28.6","","","2.4","Plate","plate","","55","20","25","true","true","","","","","","","","","","","","","","","","","","","","","","","","","","","","","","","","","","true","","","","","","","","","","","","","","","","","","","","","","","","","","","","","","","","","","","","","","","","","","","","","","",""
"OSA","OSA_ar_reforms_body.xml","AR_vlandia_armor_c","{=osa_ar_vlandia_armor_c}Western Tabard Over Mail Hauberk","BodyArmor","Culture.vlandia","body_armor","AR_vlandia_armor_c","15","","0","1.2","Chainmail","chain","","34","12","12","true","true","","","","","","","","","","","","","","","","","","","","","","","","","","","","","","","","","","true","","","","","","","","","","","","","","","","","","","","","","","","","","","","","","","","","","","","","","","","","","","","","","",""
"OSA","OSA_ar_reforms_body.xml","AR_vlandia_armor_d","{=osa_ar_vlandia_armor_d}Western Mail Shirt","BodyArmor","Culture.vlandia","body_armor","AR_vlandia_armor_d","7.5","","0","1.2","Chainmail","chain","","25","11","13","true","true","","","","","","","","","","","","","","","","","","","","","","","","","","","","","","","","","","true","","","","","","","","","","","","","","","","","","","","","","","","","","","","","","","","","","","","","","","","","","","","","","",""
"OSA","OSA_ar_reforms_body.xml","AR_vlandia_armor_d2","{=osa_ar_vlandia_armor_d2}Western Chainmail Shirt","BodyArmor","Culture.vlandia","body_armor","AR_vlandia_armor_d2","7.5","","0","1.2","Chainmail","chain","","25","11","13","true","true","","","","","","","","","","","","","","","","","","","","","","","","","","","","","","","","","","true","","","","","","","","","","","","","","","","","","","","","","","","","","","","","","","","","","","","","","","","","","","","","","",""
"OSA","OSA_ar_reforms_body.xml","AR_vlandia_armor_e","{=osa_ar_vlandia_armor_e}Western Plated Mail Shirt","BodyArmor","Culture.vlandia","body_armor","AR_vlandia_armor_e","7.5","","0","1.2","Chainmail","chain","","40","15","14","true","true","","","","","","","","","","","","","","","","","","","","","","","","","","","","","","","","","","true","","","","","","","","","","","","","","","","","","","","","","","","","","","","","","","","","","","","","","","","","","","","","","",""
"OSA","OSA_ar_reforms_body.xml","AR_vlandia_armor_f","{=osa_ar_vlandia_armor_f}Western Long Hauberk","BodyArmor","Culture.vlandia","","AR_vlandia_armor_f","12","","","1","Chainmail","chain","","30","14","14","true","true","","","","","","","","","","","","","","","","","","","","","","","","","","","","","","","","","","true","","","","","","","","","","","","","","","","","","","","","","","","","","","","","","","","","","","","","","","","","","","","","","",""
"OSA","OSA_ar_reforms_body.xml","AR_vlandia_armor_g","{=osa_ar_vlandia_armor_g}Western Tunic With Clavi","BodyArmor","Culture.empire","body_armor","AR_vlandia_armor_g","0.4","","0","1","Cloth","cloth_unarmoured","","4","1","2","true","true","","","","","","","","","","","","","","","","","","","","","","","","","","","","true","","","","","","true","","","","","","","","","","","","","","","","","","","","","","","","","","","","","","","","","","","","","","","","","","","","","","",""
"OSA","OSA_ar_reforms_body.xml","AR_vlandia_armor_h","{=osa_ar_vlandia_armor_h}Western Reticulated Plate Over Long Hauberk","BodyArmor","Culture.vlandia","","AR_vlandia_armor_h","12","","","1","Plate","plate","","52","14","14","true","true","","","","","","","","","","","","","","","","","","","","","","","","","","","","","","","","","","true","","","","","","","","","","","","","","","","","","","","","","","","","","","","","","","","","","","","","","","","","","","","","","",""
"OSA","OSA_ar_reforms_body.xml","AR_vlandia_armor_h2","{=osa_ar_vlandia_armor_h2}Western Reticulated Plate Over Aketon","BodyArmor","Culture.vlandia","","AR_vlandia_armor_h2","12","","","1","Plate","plate","","48","5","5","true","true","","","","","","","","","","","","","","","","","","","","","","","","","","","","","","","","","","true","","","","","","","","","","","","","","","","","","","","","","","","","","","","","","","","","","","","","","","","","","","","","","",""
"OSA","OSA_ar_reforms_body.xml","AR_vlandia_armor_i","{=osa_ar_vlandia_armor_i}Western Long Woolen Tunic","BodyArmor","Culture.vlandia","body_armor","AR_vlandia_armor_i","0.4","","0","1","Cloth","cloth_unarmoured","","2","1","1","true","","","","","","","","","","","","","","","","","","","","","","","","","","","","","true","","","","","","true","","","","","","","","","","","","","","","","","","","","","","","","","","","","","","","","","","","","","","","","","","","","","","",""
"OSA","OSA_ar_reforms_body.xml","AR_vlandia_armor_j","{=osa_ar_vlandia_armor_j}Western Padded Gambeson","BodyArmor","Culture.vlandia","body_armor","AR_vlandia_armor_j","2.4","","0","1","Cloth","cloth","","14","5","5","true","true","","","","","","","","","","","","","","","","","","","","","","","","","","","","true","","","","","","true","","","","","","","","","","","","","","","","","","","","","","","","","","","","","","","","","","","","","","","","","","","","","","",""
"OSA","OSA_ar_reforms_body.xml","AR_vlandia_armor_k","{=osa_ar_vlandia_armor_k}Western Sleeveless Padded Gambeson","BodyArmor","Culture.vlandia","body_armor","AR_vlandia_armor_k","2.2","","0","1","Cloth","cloth","","14","2","9","true","true","","","","","","","","","","","","","","","","","","","","","","","","","","","","true","","","","","","true","","","","","","","","","","","","","","","","","","","","","","","","","","","","","","","","","","","","","","","","","","","","","","",""
"OSA","OSA_ar_reforms_body.xml","AR_vlandia_armor_l","{=osa_ar_vlandia_armor_l}Western Short Padded Gambeson","BodyArmor","Culture.vlandia","","AR_vlandia_armor_l","2.2","","","1","Cloth","cloth","","14","5","2","true","true","","","","","","","","","","","","","","","","","","","","","","","","","","","","true","","","","","","true","","","","","","","","","","","","","","","","","","","","","","","","","","","","","","","","","","","","","","","","","","","","","","",""
"OSA","OSA_ar_reforms_body.xml","AR_vlandia_armor_m","{=osa_ar_vlandia_armor_m}Western Sleeveless Short Padded Gambeson","BodyArmor","Culture.vlandia","body_armor","AR_vlandia_armor_m","2.0","","0","1","Cloth","cloth","","14","2","5","true","true","","","","","","","","","","","","","","","","","","","","","","","","","","","","true","","","","","","true","","","","","","","","","","","","","","","","","","","","","","","","","","","","","","","","","","","","","","","","","","","","","","",""
"OSA","OSA_ar_reforms_body.xml","AR_vlandia_armor_n","{=osa_ar_vlandia_armor_n}Western Padded Vest Over Leather","BodyArmor","Culture.vlandia","","AR_vlandia_armor_n","3.1","","","1.3","Leather","leather","","22","6","6","true","","","","","","","","","","","","","","","","","","","","","","","","","","","","","true","","","","","","true","","","","","","","","","","","","","","","","","","","","","","","","","","","","","","","","","","","","","","","","","","","","","","",""
"OSA","OSA_ar_reforms_body.xml","AR_vlandia_armor_o","{=osa_ar_vlandia_armor_o}Western Padded Vest Over Mail","BodyArmor","Culture.vlandia","body_armor","AR_vlandia_armor_o","10.2","","0","1.3","Chainmail","chain","","33","10","12","true","true","","","","","","","","","","","","","","","","","","","","","","","","","","","","","","","","","","true","","","","","","","","","","","","","","","","","","","","","","","","","","","","","","","","","","","","","","","","","","","","","","",""
"OSA","OSA_ar_reforms_body.xml","AR_vlandia_armor_p","{=osa_ar_vlandia_armor_p}Western Padded Vest Over Steel Scale","BodyArmor","Culture.vlandia","body_armor","AR_vlandia_armor_p","15.1","","0","3","Plate","plate","","36","8","12","true","true","","","","","","","","","","","","","","","","","","","","","","","","","","","","","","","","","","true","","","","","","","","","","","","","","","","","","","","","","","","","","","","","","","","","","","","","","","","","","","","","","",""
"OSA","OSA_ar_reforms_body.xml","AR_vlandia_armor_p2","{=osa_ar_vlandia_armor_p2}Western Padded Vest Over Brass Scale","BodyArmor","Culture.vlandia","body_armor","AR_vlandia_armor_p2","15.1","","0","3","Plate","plate","","36","8","12","true","true","","","","","","","","","","","","","","","","","","","","","","","","","","","","","","","","","","true","","","","","","","","","","","","","","","","","","","","","","","","","","","","","","","","","","","","","","","","","","","","","","",""
"OSA","OSA_ar_reforms_body.xml","AR_vlandia_armor_q","{=osa_ar_vlandia_armor_q}Western Leather Cuirass Over Long Hauberk","BodyArmor","Culture.vlandia","","AR_vlandia_armor_q","12","","","1","Plate","plate","","33","14","14","true","true","","","","","","","","","","","","","","","","","","","","","","","","","","","","","","","","","","true","","","","","","","","","","","","","","","","","","","","","","","","","","","","","","","","","","","","","","","","","","","","","","",""
"OSA","OSA_ar_reforms_body.xml","AR_vlandia_armor_q2","{=osa_ar_vlandia_armor_q2}Western Leather Cuirass Over Aketon","BodyArmor","Culture.vlandia","","AR_vlandia_armor_q2","12","","","1","Plate","plate","","24","5","5","true","true","","","","","","","","","","","","","","","","","","","","","","","","","","","","","","","","","","true","","","","","","","","","","","","","","","","","","","","","","","","","","","","","","","","","","","","","","","","","","","","","","",""
"OSA","OSA_ar_reforms_body.xml","AR_vlandia_armor_r","{=osa_ar_vlandia_armor_r}Western Leather Cuirass Over Stripped Gambeson","BodyArmor","Culture.vlandia","","AR_vlandia_armor_r","12","","","1","Plate","plate","","24","5","5","true","true","","","","","","","","","","","","","","","","","","","","","","","","","","","","","","","","","","true","","","","","","","","","","","","","","","","","","","","","","","","","","","","","","","","","","","","","","","","","","","","","","",""
"OSA","OSA_ar_reforms_body.xml","AR_vlandia_armor_r2","{=osa_ar_vlandia_armor_r2}Western Leather Cuirass Over Stripped Mail","BodyArmor","Culture.vlandia","","AR_vlandia_armor_r2","12","","","1","Plate","plate","","33","14","14","true","true","","","","","","","","","","","","","","","","","","","","","","","","","","","","","","","","","","true","","","","","","","","","","","","","","","","","","","","","","","","","","","","","","","","","","","","","","","","","","","","","","",""
"OSA","OSA_ar_reforms_body.xml","AR_vlandia_armor_s","{=osa_ar_vlandia_armor_s}Western Padded Vest Over Mailed Steel Scale","BodyArmor","Culture.vlandia","body_armor","AR_vlandia_armor_s","20.1","","0","3","Plate","plate","","52","10","20","true","true","","","","","","","","","","","","","","","","","","","","","","","","","","","","","","","","","","true","","","","","","","","","","","","","","","","","","","","","","","","","","","","","","","","","","","","","","","","","","","","","","",""
"OSA","OSA_ar_reforms_body.xml","AR_vlandia_armor_s2","{=osa_ar_vlandia_armor_s2}Western Padded Vest Over Mailed Brass Scale","BodyArmor","Culture.vlandia","body_armor","AR_vlandia_armor_s2","20.1","","0","3","Plate","plate","","52","10","20","true","true","","","","","","","","","","","","","","","","","","","","","","","","","","","","","","","","","","true","","","","","","","","","","","","","","","","","","","","","","","","","","","","","","","","","","","","","","","","","","","","","","",""
"OSA","OSA_ar_reforms_body.xml","AR_vlandia_armor_t","{=osa_ar_vlandia_armor_t}Western Cavalry Tunic","BodyArmor","Culture.vlandia","","AR_vlandia_armor_t","1.9","","","1","Cloth","cloth","","14","3","3","true","true","","","","","","","","","","","","","","","","","","","","","","","","","","","","","","","","","","true","","","","","","","","","","","","","","","","","","","","","","","","","","","","","","","","","","","","","","","","","","","","","","",""
"OSA","OSA_ar_reforms_body.xml","AR_vlandia_armor_u","{=osa_ar_vlandia_armor_u}Western Reticulated Plate Over Scale Coat","BodyArmor","Culture.vlandia","body_armor","AR_vlandia_armor_u","21.40","","0","3","Plate","plate","","57","16","20","true","","","","","","","","","","","","","","","","","","","","","","","","","","","","","","","","","","","true","","","","","","","","","","","","","","","","","","","","","","","","","","","","","","","","","","","","","","","","","","","","","","",""
"OSA","OSA_ar_reforms_body.xml","AR_vlandia_lamellar_a","{=osa_ar_vlandia_lamellar_a}Western Steel Lamellar Over Heavy Mail Hauberk","BodyArmor","Culture.vlandia","","AR_vlandia_lamellar_a","22","","","2","Plate","plate","","46","14","14","true","true","","","","","","","","","","","","","","","","","","","","","","","","","","","","","","","","","","true","","","","","","","","","","","","","","","","","","","","","","","","","","","","","","","","","","","","","","","","","","","","","","",""
"OSA","OSA_ar_reforms_body.xml","AR_vlandia_lamellar_a2","{=osa_ar_vlandia_lamellar_a2}Western Brass Lamellar Over Heavy Mail Hauberk","BodyArmor","Culture.vlandia","","AR_vlandia_lamellar_a2","22","","","2","Plate","plate","","46","14","14","true","true","","","","","","","","","","","","","","","","","","","","","","","","","","","","","","","","","","true","","","","","","","","","","","","","","","","","","","","","","","","","","","","","","","","","","","","","","","","","","","","","","",""
"OSA","OSA_ar_reforms_body.xml","AR_vlandia_lamellar_b","{=osa_ar_vlandia_lamellar_b}Western Leather Lamellar Over Heavy Mail Hauberk","BodyArmor","Culture.vlandia","","AR_vlandia_lamellar_b","16","","","1","Plate","plate","","35","14","14","true","true","","","","","","","","","","","","","","","","","","","","","","","","","","","","","","","","","","true","","","","","","","","","","","","","","","","","","","","","","","","","","","","","","","","","","","","","","","","","","","","","","",""
"OSA","OSA_ar_reforms_body.xml","AR_vlandia_leather_a","{=osa_ar_vlandia_leather_a}Western Leather Vest Over Mail Hauberk","BodyArmor","Culture.vlandia","body_armor","AR_vlandia_leather_a","21","","0","1.2","Chainmail","chain","","40","12","22","true","true","","","","","","","","","","","","","","","","","","","","","","","","","","","","","","","","","","true","","","","","","","","","","","","","","","","","","","","","","","","","","","","","","","","","","","","","","","","","","","","","","",""
"OSA","OSA_ar_reforms_body.xml","AR_vlandia_scale_a","{=osa_ar_vlandia_scale_a}Western Long Scale Vest Over Mail Hauberk","BodyArmor","Culture.vlandia","body_armor","AR_vlandia_scale_a","36.9","47950","0","3","Plate","plate","","52","16","24","true","true","","","","","","","","","","","","","","","","","","","","","","","","","","","","","","","","","","true","","","","","","","","","","","","","","","","","","","","","","","","","","","","","","","","","","","","","","","","","","","","","","",""
"OSA","OSA_ar_reforms_body.xml","AR_vlandia_scale_b","{=osa_ar_vlandia_scale_b}Western Rough Scale Vest Over Mail","BodyArmor","Culture.vlandia","body_armor","AR_vlandia_scale_b","15.1","","0","3","Plate","plate","","50","16","22","true","true","","","","","","","","","","","","","","","","","","","","","","","","","","","","","","","","","","true","","","","","","","","","","","","","","","","","","","","","","","","","","","","","","","","","","","","","","","","","","","","","","",""
"OSA","OSA_ar_reforms_body.xml","AR_bandit_armor_a","{=osa_ar_bandit_armor_a}Studded Fur Armor With Mail","BodyArmor","Culture.looters","body_armor","AR_bandit_armor_a","1.2","","0","1","Chainmail","chain","","32","14","7","true","","","","","","","","","","","","","","","","","","","","","","","","","","","","","","","","","","","true","","","","","","","","","","","","","","","","","","","","","","","","","","","","","","","","","","","","","","","","","","","","","","",""
"OSA","OSA_ar_reforms_body.xml","AR_noble_dress_a","{=osa_ar_noble_dress_a}Decorated Rich Dress","BodyArmor","Culture.empire","","AR_noble_dress_a","0.5","","","1","Cloth","cloth_unarmoured","","3","1","1","true","true","","","","","","","","","","","","","","","","","","","","","","","","","","","","true","","","","","","true","","","","","","","","","","","","","","","","","","","","","","","","","","","","","","","","","","","","","","","","","","","","","","",""
"OSA","OSA_ar_reforms_body.xml","AR_noble_dress_a2","{=osa_ar_noble_dress_a2}Patterned Rich Dress","BodyArmor","Culture.empire","","AR_noble_dress_a2","0.5","","","1","Cloth","cloth_unarmoured","","3","1","1","true","true","","","","","","","","","","","","","","","","","","","","","","","","","","","","true","","","","","","true","","","","","","","","","","","","","","","","","","","","","","","","","","","","","","","","","","","","","","","","","","","","","","",""
"OSA","OSA_ar_reforms_head.xml","AR_roman_hat_a","{=osa_ar_roman_hat_a}Imperial Decorated Hat","HeadArmor","Culture.empire","head_armor","AR_roman_hat_a","1.4","","0","1.3","Leather","leather","2","","","","","false","type1","none","","","","","","","","","","","","","","","","","","","","","","","","","","true","","","","","","true","","","","","","","","","","","","","","","","","","","","","","","","","","","","","","","","","","","","","","","","","","","","","","",""
"OSA","OSA_ar_reforms_head.xml","AR_roman_hat_a2","{=osa_ar_roman_hat_a2}Imperial Feathered Decorated Hat","HeadArmor","Culture.empire","head_armor","AR_roman_hat_a2","1.4","","0","1.3","Leather","leather","2","","","","","false","type1","none","","","","","","","","","","","","","","","","","","","","","","","","","","true","","","","","","true","","","","","","","","","","","","","","","","","","","","","","","","","","","","","","","","","","","","","","","","","","","","","","",""
"OSA","OSA_ar_reforms_head.xml","AR_roman_hat_b","{=osa_ar_roman_hat_b}Imperial Fur Hat","HeadArmor","Culture.empire","head_armor","AR_roman_hat_b","1.4","","0","1.3","Leather","leather","4","","","","","false","type1","none","","","","","","","","","","","","","","","","","","","","","","","","","","true","","","","","","false","","","","","","","","","","","","","","","","","","","","","","","","","","","","","","","","","","","","","","","","","","","","","","",""
"OSA","OSA_ar_reforms_head.xml","AR_roman_hat_b2","{=osa_ar_roman_hat_b2}Imperial Conical Fur Hat","HeadArmor","Culture.empire","head_armor","AR_roman_hat_b2","1.4","","0","1.3","Leather","leather","4","","","","","false","type1","none","","","","","","","","","","","","","","","","","","","","","","","","","","true","","","","","","true","","","","","","","","","","","","","","","","","","","","","","","","","","","","","","","","","","","","","","","","","","","","","","",""
"OSA","OSA_ar_reforms_head.xml","AR_roman_hat_c","{=osa_ar_roman_hat_c}Imperial Decorated Leather Hat","HeadArmor","Culture.empire","head_armor","AR_roman_hat_c","1.4","","0","1.3","Leather","leather","2","","","","","false","type1","none","","","","","","","","","","","","","","","","","","","","","","","","","","true","","","","","","true","","","","","","","","","","","","","","","","","","","","","","","","","","","","","","","","","","","","","","","","","","","","","","",""
"OSA","OSA_ar_reforms_head.xml","AR_roman_hat_d","{=osa_ar_roman_hat_d}Conical Cloth Hat","HeadArmor","Culture.empire","head_armor","AR_roman_hat_d","1.4","","0","1.3","Leather","leather","2","","","","","false","type1","none","","","","","","","","","","","","","","","","","","","","","","","","","","true","","","","","","true","","","","","","","","","","","","","","","","","","","","","","","","","","","","","","","","","","","","","","","","","","","","","","",""
"OSA","OSA_ar_reforms_head.xml","AR_roman_hat_e","{=osa_ar_roman_hat_e}Plain Conical Cloth Hat","HeadArmor","Culture.empire","head_armor","AR_roman_hat_e","1.4","","0","1.3","Leather","leather","2","","","","","false","type1","none","","","","","","","","","","","","","","","","","","","","","","","","","","true","","","","","","true","","","","","","","","","","","","","","","","","","","","","","","","","","","","","","","","","","","","","","","","","","","","","","",""
"OSA","OSA_ar_reforms_head.xml","AR_roman_hat_f","{=osa_ar_roman_hat_f}Conical Leather Hat","HeadArmor","Culture.empire","head_armor","AR_roman_hat_f","1.4","","0","1.3","Leather","leather","2","","","","","false","type1","none","","","","","","","","","","","","","","","","","","","","","","","","","","true","","","","","","true","","","","","","","","","","","","","","","","","","","","","","","","","","","","","","","","","","","","","","","","","","","","","","",""
"OSA","OSA_ar_reforms_head.xml","AR_phrygian_cap_a","{=osa_ar_phrygian_cap_a}Banded Bent Conical Hat","HeadArmor","Culture.empire","head_armor","AR_phrygian_cap_a","1.2","","0","1.3","Cloth","cloth","4","","","","","false","type1","none","","","","","","","","","","","","","","","","","","","","","","","","","","true","","","","","","true","","","","","","","","","","","","","","","","","","","","","","","","","","","","","","","","","","","","","","","","","","","","","","",""
"OSA","OSA_ar_reforms_head.xml","AR_phrygian_cap_b","{=osa_ar_phrygian_cap_b}Tall Banded Bent Conical Hat","HeadArmor","Culture.battania","head_armor","AR_phrygian_cap_b","1.2","","0","1.3","Cloth","cloth","5","","","","","false","type2","none","","","","","","","","","","","","","","","","","","","","","","","","","","true","","","","","","true","","","","","","","","","","","","","","","","","","","","","","","","","","","","","","","","","","","","","","","","","","","","","","",""
"OSA","OSA_ar_reforms_head.xml","AR_sturgia_womens_hat_a","{=osa_ar_sturgia_womens_hat_a}Northern Women's Hat","HeadArmor","Culture.sturgia","","AR_sturgia_womens_hat_a","0.4","","","1","Leather","leather","6","","","","","false","type2","none","","","","","","","","","","","","","","","","","","","","","","","","","","true","","","","","","true","","","","","","","","","","","","","","","","","","","","","","","","","","","","","","","","","","","","","","","","","","","","","","",""
"OSA","OSA_ar_reforms_head.xml","AR_hat_a","{=osa_ar_hat_a}Straw Hat","HeadArmor","Culture.empire","head_armor","AR_hat_a","1.2","","0","1.3","Cloth","cloth","6","","","","","false","type1","none","","","","","","","","","","","","","","","","","","","","","","","","","","true","","","","","","true","","","","","","","","","","","","","","","","","","","","","","","","","","","","","","","","","","","","","","","","","","","","","","",""
"OSA","OSA_ar_reforms_head.xml","AR_hat_b","{=osa_ar_hat_b}Straw Hat With Feather","HeadArmor","Culture.empire","head_armor","AR_hat_b","1.2","","0","1.3","Cloth","cloth","6","","","","","false","type1","none","","","","","","","","","","","","","","","","","","","","","","","","","","true","","","","","","true","","","","","","","","","","","","","","","","","","","","","","","","","","","","","","","","","","","","","","","","","","","","","","",""
"OSA","OSA_ar_reforms_head.xml","AR_hat_c","{=osa_ar_hat_c}Southern Rough Cloth Hat","HeadArmor","Culture.aserai","head_armor","AR_hat_c","1.2","","0","1.3","Cloth","cloth","6","","","","","false","type1","none","","","","","","","","","","","","","","","","","","","","","","","","","","true","","","","","","true","","","","","","","","","","","","","","","","","","","","","","","","","","","","","","","","","","","","","","","","","","","","","","",""
"OSA","OSA_ar_reforms_head.xml","AR_hat_d","{=osa_ar_hat_d}Southern Cloth Hat","HeadArmor","Culture.aserai","head_armor","AR_hat_d","1.2","","0","1.3","Cloth","cloth","6","","","","","false","type1","none","","","","","","","","","","","","","","","","","","","","","","","","","","true","","","","","","true","","","","","","","","","","","","","","","","","","","","","","","","","","","","","","","","","","","","","","","","","","","","","","",""
"OSA","OSA_ar_reforms_head.xml","AR_hat_e","{=osa_ar_hat_e}Rough Padded Cloth Cap","HeadArmor","Culture.battania","head_armor","AR_hat_e","0.2","","0","1","Cloth","cloth","11","","","","","false","type3","","","","","","","","","","","","","","","","","","","","","","","","","","","true","","","","","","false","","","","","","","","","","","","","","","","","","","","","","","","","","","","","","","","","","","","","","","","","","","","","","",""
"OSA","OSA_ar_reforms_head.xml","AR_hat_f","{=osa_ar_hat_f}Padded Cloth Cap","HeadArmor","Culture.battania","head_armor","AR_hat_f","0.2","","0","1","Cloth","cloth","11","","","","","false","type3","","","","","","","","","","","","","","","","","","","","","","","","","","","true","","","","","","true","","","","","","","","","","","","","","","","","","","","","","","","","","","","","","","","","","","","","","","","","","","","","","",""
"OSA","OSA_ar_reforms_head.xml","AR_hat_g","{=osa_ar_hat_g}Plain Padded Cloth Cap","HeadArmor","Culture.battania","head_armor","AR_hat_f","0.2","","0","1","Cloth","cloth","11","","","","","false","type3","","","","","","","","","","","","","","","","","","","","","","","","","","","true","","","","","","false","","","","","","","","","","","","","","","","","","","","","","","","","","","","","","","","","","","","","","","","","","","","","","",""
"OSA","OSA_ar_reforms_head.xml","AR_hat_h","{=osa_ar_hat_h}Bedouin Straw Cap","HeadArmor","Culture.aserai","head_armor","AR_hat_h","1.2","","0","1.3","Cloth","cloth","6","","","","","false","type1","none","","","","","","","","","","","","","","","","","","","","","","","","","","true","","","","","","true","","","","","","","","","","","","","","","","","","","","","","","","","","","","","","","","","","","","","","","","","","","","","","",""
"OSA","OSA_ar_reforms_head.xml","AR_hat_i","{=osa_ar_hat_i}Bedouin Wrapped Straw Cap","HeadArmor","Culture.aserai","head_armor","AR_hat_i","1.2","","0","1.3","Cloth","cloth","11","","","","","false","type2","none","","","","","","","","","","","","","","","","","","","","","","","","","","true","","","","","","true","","","","","","","","","","","","","","","","","","","","","","","","","","","","","","","","","","","","","","","","","","","","","","",""
"OSA","OSA_ar_reforms_head.xml","AR_empire_laurel_a","{=osa_ar_empire_laurel_a}Laurel Headband","HeadArmor","Culture.empire","","AR_empire_laurel_a","1","","","1.6","Leather","leather","4","","","","","false","none","none","","","","","","","","","","","","","","","","","","","","","","","","","","true","","","","","","true","","","","","","","","","","","","","","","","","","","","","","","","","","","","","","","","","","","","","","","","","","","","","","",""
"OSA","OSA_ar_reforms_head.xml","AR_empire_laurel_a2","{=osa_ar_empire_laurel_a2}Vine Headband","HeadArmor","Culture.empire","","AR_empire_laurel_a2","1","","","1.6","Leather","leather","4","","","","","false","none","none","","","","","","","","","","","","","","","","","","","","","","","","","","true","","","","","","true","","","","","","","","","","","","","","","","","","","","","","","","","","","","","","","","","","","","","","","","","","","","","","",""
"OSA","OSA_ar_reforms_head.xml","AR_headband_a","{=osa_ar_headband_a}Wrapped Headband","HeadArmor","Culture.empire","","AR_headband_a","1","","","1.6","Leather","leather","4","","","","","false","none","none","","","","","","","","","","","","","","","","","","","","","","","","","","true","","","","","","true","","","","","","","","","","","","","","","","","","","","","","","","","","","","","","","","","","","","","","","","","","","","","","",""
"OSA","OSA_ar_reforms_head.xml","AR_aserai_crown_a","{=osa_ar_aserai_crown_a}Darshi Jeweled Crown","HeadArmor","Culture.aserai","","AR_aserai_crown_a","3.1","","","6","Plate","plate","22","0","","","","false","type1","none","","","","","","","","","","","","","","","","","","","","","","","","","","true","","","","","","true","","","","","","","","false","","","","","","","","","","","","","","","","","","","","","","","","","","","","","","","","","","","","","","",""
"OSA","OSA_ar_reforms_head.xml","AR_bandit_hood_a","{=osa_ar_bandit_hood_a}Open Pilgrim's Hood","HeadArmor","Culture.empire","","AR_bandit_hood_a","0.2","","0","0.3","Cloth","cloth_unarmoured","3","","","","","false","all","type3","","","","","","","","","","","","","","","","","","","","","","","","","","true","","","","","","true","","","","","","","","","","","","","","","","","","","","","","","","","","","","","","","","","","","","","","","","","","","","","","",""
"OSA","OSA_ar_reforms_head.xml","AR_aserai_archer_helmet_a","{=osa_ar_aserai_archer_helmet_a}Southern Open Archer Helmet","HeadArmor","Culture.aserai","head_armor","AR_aserai_archer_helmet_a","1.3","","0","1","Plate","plate","20","","","","","false","all","type3","","","","","","","","","","","","","","","","","","","","","","","","","","","","","","","","true","","","","","","","","","","","","","","","","","","","","","","","","","","","","","","","","","","","","","","","","","","","","","","",""
"OSA","OSA_ar_reforms_head.xml","AR_aserai_archer_helmet_b","{=osa_ar_aserai_archer_helmet_b}Southern Closed Archer Helmet","HeadArmor","Culture.aserai","","AR_aserai_archer_helmet_b","1.4","","","1","Plate","plate","21","","","","","false","all","all","","","","","","","","","","","","","","","","","","","","","","","","","","","","","","","","true","","","","","","","","","","","","","","","","","","","","","","","","","","","","","","","","","","","","","","","","","","","","","","",""
"OSA","OSA_ar_reforms_head.xml","AR_aserai_archer_helmet_c","{=osa_ar_aserai_archer_helmet_c}Southern Archer Helmet Over Mail","HeadArmor","Culture.aserai","head_armor","AR_aserai_archer_helmet_c","3.0","","0","1.5","Chainmail","chain","46","","","","","false","all","type3","","","","","","","","","","","","","","","","","","","","","","","","","","","","","","","","true","","","","","","","","","","","","","","","","","","","","","","","","","","","","","","","","","","","","","","","","","","","","","","",""
"OSA","OSA_ar_reforms_head.xml","AR_aserai_archer_helmet_d","{=osa_ar_aserai_archer_helmet_d}Southern Noble Archer Helmet","HeadArmor","Culture.aserai","head_armor","AR_aserai_archer_helmet_d","3.9","","0","3.6","Plate","plate","42","","","","","false","all","type3","","","","","","","","","","","","","","","","","","","","","","","","","","","","","","","","true","","","","","","","","","","","","","","","","","","","","","","","","","","","","","","","","","","","","","","","","","","","","","","",""
"OSA","OSA_ar_reforms_head.xml","AR_aserai_archer_helmet_e","{=osa_ar_aserai_archer_helmet_e}Southern Open Domed Archer Helmet","HeadArmor","Culture.aserai","head_armor","AR_aserai_archer_helmet_e","1.3","","0","1","Plate","plate","20","","","","","false","all","type3","","","","","","","","","","","","","","","","","","","","","","","","","","","","","","","","true","","","","","","","","","","","","","","","","","","","","","","","","","","","","","","","","","","","","","","","","","","","","","","",""
"OSA","OSA_ar_reforms_head.xml","AR_aserai_archer_helmet_f","{=osa_ar_aserai_archer_helmet_f}Southern Closed Domed Archer Helmet","HeadArmor","Culture.aserai","","AR_aserai_archer_helmet_f","1.4","","","1","Plate","plate","21","","","","","false","all","all","","","","","","","","","","","","","","","","","","","","","","","","","","","","","","","","true","","","","","","","","","","","","","","","","","","","","","","","","","","","","","","","","","","","","","","","","","","","","","","",""
"OSA","OSA_ar_reforms_head.xml","AR_aserai_archer_helmet_g","{=osa_ar_aserai_archer_helmet_g}Southern Domed Archer Helmet Over Mail","HeadArmor","Culture.aserai","head_armor","AR_aserai_archer_helmet_g","3.0","","0","1.5","Chainmail","chain","46","","","","","false","all","type3","","","","","","","","","","","","","","","","","","","","","","","","","","","","","","","","true","","","","","","","","","","","","","","","","","","","","","","","","","","","","","","","","","","","","","","","","","","","","","","",""
"OSA","OSA_ar_reforms_head.xml","AR_aserai_archer_helmet_h","{=osa_ar_aserai_archer_helmet_h}Southern Noble Domed Archer Helmet","HeadArmor","Culture.aserai","head_armor","AR_aserai_archer_helmet_h","3.9","","0","3.6","Plate","plate","42","","","","","false","all","type3","","","","","","","","","","","","","","","","","","","","","","","","","","","","","","","","true","","","","","","","","","","","","","","","","","","","","","","","","","","","","","","","","","","","","","","","","","","","","","","",""
"OSA","OSA_ar_reforms_head.xml","AR_aserai_cataphract_helmet_a","{=osa_ar_aserai_cataphract_helmet_a}Southern Cataphract's Helmet","headArmor","Culture.aserai","head_armor","AR_aserai_cataphract_helmet_a","3.7","","0","3","Plate","plate","52","","","","","false","all","all","","","","","","","","","","","","","","","","","","","","","","","","","","","","","","","","true","","","","","","","","","","","","","","","","","","","","","","","","","","","","","","","","","","","","","","","","","","","","","","",""
"OSA","OSA_ar_reforms_head.xml","AR_aserai_cataphract_helmet_b","{=osa_ar_aserai_cataphract_helmet_b}Desert Cataphract's Helmet","HeadArmor","Culture.aserai","","AR_aserai_cataphract_helmet_b","3.4","","","1.3","Plate","plate","52","","","","","false","all","all","","","","","","","","","","","","","","","","","","","","","","","","","","","","","","","","true","","","","","","","","","","","","","","","","","","","","","","","","","","","","","","","","","","","","","","","","","","","","","","",""
"OSA","OSA_ar_reforms_head.xml","AR_aserai_cataphract_helmet_c","{=osa_ar_aserai_cataphract_helmet_c}Southern Cataphract's Gilded Tall Helmet","HeadArmor","Culture.aserai","head_armor","AR_aserai_cataphract_helmet_c","4.2","","0","3","Plate","plate","52","","","","","false","all","all","","","","","","","","","","","","","","","","","","","","","","","","","","","","","","","","true","","","","","","","","","","","","","","","","","","","","","","","","","","","","","","","","","","","","","","","","","","","","","","",""
"OSA","OSA_ar_reforms_head.xml","AR_aserai_cataphract_helmet_d","{=osa_ar_aserai_cataphract_helmet_d}Southern Cataphract's Tall Helmet","HeadArmor","Culture.aserai","head_armor","AR_aserai_cataphract_helmet_d","4.2","","0","3","Plate","plate","52","","","","","false","all","all","","","","","","","","","","","","","","","","","","","","","","","","","","","","","","","","true","","","","","","","","","","","","","","","","","","","","","","","","","","","","","","","","","","","","","","","","","","","","","","",""
"OSA","OSA_ar_reforms_head.xml","AR_aserai_helmet_a","{=osa_ar_aserai_helmet_a}Southern Wrapped Helmet","HeadArmor","Culture.aserai","","AR_aserai_helmet_a","1.2","","","1","Plate","plate","17","","","","","false","type1","none","","","","","","","","","","","","","","","","","","","","","","","","","","","","","","","","true","","","","","","","","","","","","","","","","","","","","","","","","","","","","","","","","","","","","","","","","","","","","","","",""
"OSA","OSA_ar_reforms_head.xml","AR_aserai_helmet_b","{=osa_ar_aserai_helmet_b}Southern Cap Helmet With Headscarf","HeadArmor","Culture.aserai","","AR_aserai_helmet_b","1.2","","","1","Plate","plate","19","","","","","false","type2","none","","","","","","","","","","","","","","","","","","","","","","","","","","","","","","","","true","","","","","","","","","","","","","","","","","","","","","","","","","","","","","","","","","","","","","","","","","","","","","","",""
"OSA","OSA_ar_reforms_head.xml","AR_aserai_helmet_c","{=osa_ar_aserai_helmet_c}Southern Spangenhelm Over Trailed Cloth","HeadArmor","Culture.aserai","head_armor","AR_aserai_helmet_c","1.1","","0","1","Plate","plate","20","","","","","false","all","type1","","","","","","","","","","","","","","","","","","","","","","","","","","","","","","","","true","","","","","","","","","","","","","","","","","","","","","","","","","","","","","","","","","","","","","","","","","","","","","","",""
"OSA","OSA_ar_reforms_head.xml","AR_aserai_helmet_c2","{=osa_ar_aserai_helmet_c2}Southern Spangenhelm Over Leather","HeadArmor","Culture.aserai","head_armor","AR_aserai_helmet_c2","1.1","","0","1","Plate","plate","34","","","","","false","all","type1","","","","","","","","","","","","","","","","","","","","","","","","","","","","","","","","true","","","","","","","","","","","","","","","","","","","","","","","","","","","","","","","","","","","","","","","","","","","","","","",""
"OSA","OSA_ar_reforms_head.xml","AR_aserai_helmet_d","{=osa_ar_aserai_helmet_d}Southern Open Spangenhelm","HeadArmor","Culture.aserai","head_armor","AR_aserai_helmet_d","1.3","","0","1","Plate","plate","21","","","","","false","all","type3","","","","","","","","","","","","","","","","","","","","","","","","","","","","","","","","true","","","","","","","","","","","","","","","","","","","","","","","","","","","","","","","","","","","","","","","","","","","","","","",""
"OSA","OSA_ar_reforms_head.xml","AR_aserai_helmet_e","{=osa_ar_aserai_helmet_e}Southern Wrapped Spangenhelm Over Mail","HeadArmor","Culture.aserai","head_armor","AR_aserai_helmet_e","3.0","","0","1","Plate","plate","46","","","","","false","all","type2","","","","","","","","","","","","","","","","","","","","","","","","","","","","","","","","true","","","","","","","","","","","","","","","","","","","","","","","","","","","","","","","","","","","","","","","","","","","","","","",""
"OSA","OSA_ar_reforms_head.xml","AR_aserai_helmet_f","{=osa_ar_aserai_helmet_f}Southern Tailed Spangenhelm Over Mail","HeadArmor","Culture.aserai","head_armor","AR_aserai_helmet_f","3.0","","0","1.5","Plate","plate","46","","","","","false","all","type3","","","","","","","","","","","","","","","","","","","","","","","","","","","","","","","","true","","","","","","","","","","","","","","","","","","","","","","","","","","","","","","","","","","","","","","","","","","","","","","",""
"OSA","OSA_ar_reforms_head.xml","AR_aserai_helmet_g","{=osa_ar_aserai_helmet_g}Darshi Tall Helmet Over Mail","HeadArmor","Culture.aserai","head_armor","AR_aserai_helmet_g","1.8","","0","1","Plate","plate","52","","","","","false","type3","none","","","","","","","","","","","","","","","","","","","","","","","","","","","","","","","","true","","","","","","","","","","","","","","","","","","","","","","","","","","","","","","","","","","","","","","","","","","","","","","",""
"OSA","OSA_ar_reforms_head.xml","AR_aserai_helmet_h","{=osa_ar_aserai_helmet_h}Darshi Tall Helmet Over Closed Mail","HeadArmor","Culture.aserai","head_armor","AR_aserai_helmet_h","1.8","","0","1","Plate","plate","52","","","","","false","all","all","","","","","","","","","","","","","","","","","","","","","","","","","","","","","","","","true","","","","","","","","","","","","","","","","","","","","","","","","","","","","","","","","","","","","","","","","","","","","","","",""
"OSA","OSA_ar_reforms_head.xml","AR_aserai_helmet_i","{=osa_ar_aserai_helmet_i}Darshi Open Tall Helmet","HeadArmor","Culture.aserai","head_armor","AR_aserai_helmet_i","1.8","","0","1","Plate","plate","32","","","","","false","all","type3","","","","","","","","","","","","","","","","","","","","","","","","","","","","","","","","true","","","","","","","","","","","","","","","","","","","","","","","","","","","","","","","","","","","","","","","","","","","","","","",""
"OSA","OSA_ar_reforms_head.xml","AR_aserai_helmet_j","{=osa_ar_aserai_helmet_j}Darshi Tailed Tall Helmet","HeadArmor","Culture.aserai","head_armor","AR_aserai_helmet_j","1.8","","0","1","Plate","plate","30","","","","","false","type3","none","","","","","","","","","","","","","","","","","","","","","","","","","","","","","","","","true","","","","","","","","","","","","","","","","","","","","","","","","","","","","","","","","","","","","","","","","","","","","","","",""
"OSA","OSA_ar_reforms_head.xml","AR_aserai_helmet_k","{=osa_ar_aserai_helmet_k}Southern Tailed Pointed Iron Helmet","HeadArmor","Culture.aserai","head_armor","AR_aserai_helmet_k","1.8","","0","1","Plate","plate","34","","","","","false","type3","none","","","","","","","","","","","","","","","","","","","","","","","","","","","","","","","","true","","","","","","","","","","","","","","","","","","","","","","","","","","","","","","","","","","","","","","","","","","","","","","",""
"OSA","OSA_ar_reforms_head.xml","AR_aserai_helmet_k2","{=osa_ar_aserai_helmet_k2}Southern Tailed Pointed Bronze Helmet","HeadArmor","Culture.aserai","head_armor","AR_aserai_helmet_k2","1.8","","0","1","Plate","plate","34","","","","","false","type3","none","","","","","","","","","","","","","","","","","","","","","","","","","","","","","","","","true","","","","","","","","","","","","","","","","","","","","","","","","","","","","","","","","","","","","","","","","","","","","","","",""
"OSA","OSA_ar_reforms_head.xml","AR_aserai_helmet_l","{=osa_ar_aserai_helmet_l}Southern Wrapped Pointed Iron Helmet","HeadArmor","Culture.aserai","head_armor","AR_aserai_helmet_l","1.9","","0","1","Plate","plate","35","","","","","false","type3","type3","","","","","","","","","","","","","","","","","","","","","","","","","","","","","","","","true","","","","","","","","","","","","","","","","","","","","","","","","","","","","","","","","","","","","","","","","","","","","","","",""
"OSA","OSA_ar_reforms_head.xml","AR_aserai_helmet_l2","{=osa_ar_aserai_helmet_l2}Southern Wrapped Pointed Bronze Helmet","HeadArmor","Culture.aserai","head_armor","AR_aserai_helmet_l2","1.9","","0","1","Plate","plate","35","","","","","false","type3","type3","","","","","","","","","","","","","","","","","","","","","","","","","","","","","","","","true","","","","","","","","","","","","","","","","","","","","","","","","","","","","","","","","","","","","","","","","","","","","","","",""
"OSA","OSA_ar_reforms_head.xml","AR_aserai_helmet_m","{=osa_ar_aserai_helmet_m}Southern Open Pointed Iron Helmet","HeadArmor","Culture.aserai","head_armor","AR_aserai_helmet_m","2.2","","0","1","Plate","plate","37","","","","","false","type3","type3","","","","","","","","","","","","","","","","","","","","","","","","","","","","","","","","true","","","","","","","","","","","","","","","","","","","","","","","","","","","","","","","","","","","","","","","","","","","","","","",""
"OSA","OSA_ar_reforms_head.xml","AR_aserai_helmet_m2","{=osa_ar_aserai_helmet_m2}Southern Open Pointed Bronze Helmet","HeadArmor","Culture.aserai","head_armor","AR_aserai_helmet_m2","2.2","","0","1","Plate","plate","37","","","","","false","type3","type3","","","","","","","","","","","","","","","","","","","","","","","","","","","","","","","","true","","","","","","","","","","","","","","","","","","","","","","","","","","","","","","","","","","","","","","","","","","","","","","",""
"OSA","OSA_ar_reforms_head.xml","AR_aserai_helmet_n","{=osa_ar_aserai_helmet_n}Southern Pointed Iron Helmet With Mail","headArmor","Culture.aserai","head_armor","AR_aserai_helmet_n","3.9","","0","3","Plate","plate","46","","","","","false","all","type3","","","","","","","","","","","","","","","","","","","","","","","","","","","","","","","","true","","","","","","","","","","","","","","","","","","","","","","","","","","","","","","","","","","","","","","","","","","","","","","",""
"OSA","OSA_ar_reforms_head.xml","AR_aserai_helmet_n2","{=osa_ar_aserai_helmet_n2}Southern Pointed Bronze Helmet With Mail","headArmor","Culture.aserai","head_armor","AR_aserai_helmet_n2","3.9","","0","3","Plate","plate","46","","","","","false","all","type3","","","","","","","","","","","","","","","","","","","","","","","","","","","","","","","","true","","","","","","","","","","","","","","","","","","","","","","","","","","","","","","","","","","","","","","","","","","","","","","",""
"OSA","OSA_ar_reforms_head.xml","AR_aserai_helmet_o","{=osa_ar_aserai_helmet_o}Darshi Ridged Helmet Over Cloth","HeadArmor","Culture.aserai","head_armor","AR_aserai_helmet_o","1.1","","0","1","Plate","plate","20","","","","","false","all","type1","","","","","","","","","","","","","","","","","","","","","","","","","","","","","","","","true","","","","","","","","","","","","","","","","","","","","","","","","","","","","","","","","","","","","","","","","","","","","","","",""
"OSA","OSA_ar_reforms_head.xml","AR_aserai_helmet_p","{=osa_ar_aserai_helmet_p}Darshi Ridge Helmet Over Mail","HeadArmor","Culture.aserai","head_armor","AR_aserai_helmet_p","2.9","","0","1.2","Plate","plate","46","","","","","false","type3","none","","","","","","","","","","","","","","","","","","","","","","","","","","","","","","","","true","","","","","","","","","","","","","","","","","","","","","","","","","","","","","","","","","","","","","","","","","","","","","","",""
"OSA","OSA_ar_reforms_head.xml","AR_aserai_helmet_q","{=osa_ar_aserai_helmet_q}Darshi Plumed Ridge Helmet Over Mail","HeadArmor","Culture.aserai","head_armor","AR_aserai_helmet_q","1.8","","0","1","Plate","plate","52","","","","","false","type3","none","","","","","","","","","","","","","","","","","","","","","","","","","","","","","","","","true","","","","","","","","","","","","","","","","","","","","","","","","","","","","","","","","","","","","","","","","","","","","","","",""
"OSA","OSA_ar_reforms_head.xml","AR_aserai_helmet_r","{=osa_ar_aserai_helmet_r}Darshi Immortal's Plumed Ridge Helmet","HeadArmor","Culture.aserai","head_armor","AR_aserai_helmet_r","4.2","","0","3","Plate","plate","54","","","","","false","all","all","","","","","","","","","","","","","","","","","","","","","","","","","","","","","","","","true","","","","","","","","","","","","","","","","","","","","","","","","","","","","","","","","","","","","","","","","","","","","","","",""
"OSA","OSA_ar_reforms_head.xml","AR_aserai_helmet_s","{=osa_ar_aserai_helmet_s}Southern Wrapped Pointed Iron Cap Helmet","HeadArmor","Culture.aserai","","AR_aserai_helmet_s","1.2","","","1","Plate","plate","18","","","","","false","type2","none","","","","","","","","","","","","","","","","","","","","","","","","","","","","","","","","true","","","","","","","","","","","","","","","","","","","","","","","","","","","","","","","","","","","","","","","","","","","","","","",""
"OSA","OSA_ar_reforms_head.xml","AR_aserai_helmet_s2","{=osa_ar_aserai_helmet_s2}Southern Wrapped Pointed Bronze Cap Helmet","HeadArmor","Culture.aserai","","AR_aserai_helmet_s2","1.2","","","1","Plate","plate","18","","","","","false","type2","none","","","","","","","","","","","","","","","","","","","","","","","","","","","","","","","","true","","","","","","","","","","","","","","","","","","","","","","","","","","","","","","","","","","","","","","","","","","","","","","",""
"OSA","OSA_ar_reforms_head.xml","AR_aserai_helmet_t","{=osa_ar_aserai_helmet_t}Southern Iron Helmet with Leather Flaps","HeadArmor","Culture.aserai","head_armor","AR_aserai_helmet_t","1.8","","0","6","Plate","plate","36","","","","","false","all","none","","","","","","","","","","","","","","","","","","","","","","","","","","","","","","","","true","","","","","","","","","","","","","","","","","","","","","","","","","","","","","","","","","","","","","","","","","","","","","","",""
"OSA","OSA_ar_reforms_head.xml","AR_aserai_helmet_t2","{=osa_ar_aserai_helmet_t2}Southern Iron Turbaned Helmet with Leather Flaps","HeadArmor","Culture.aserai","head_armor","AR_aserai_helmet_t2","1.9","","0","7","Plate","plate","37","","","","","false","all","none","","","","","","","","","","","","","","","","","","","","","","","","","","","","","","","","true","","","","","","","","","","","","","","","","","","","","","","","","","","","","","","","","","","","","","","","","","","","","","","",""
"OSA","OSA_ar_reforms_head.xml","AR_aserai_helmet_u","{=osa_ar_aserai_helmet_u}Southern Iron Helmet","HeadArmor","Culture.aserai","head_armor","AR_aserai_helmet_u","2.2","","0","7","Plate","plate","38","","","","","false","all","none","","","","","","","","","","","","","","","","","","","","","","","","","","","","","","","","true","","","","","","","","","","","","","","","","","","","","","","","","","","","","","","","","","","","","","","","","","","","","","","",""
"OSA","OSA_ar_reforms_head.xml","AR_aserai_helmet_u2","{=osa_ar_aserai_helmet_u2}Southern Iron Helmet with Turban","HeadArmor","Culture.aserai","head_armor","AR_aserai_helmet_u2","2.3","","0","8","Plate","plate","39","","","","","false","all","none","","","","","","","","","","","","","","","","","","","","","","","","","","","","","","","","true","","","","","","","","","","","","","","","","","","","","","","","","","","","","","","","","","","","","","","","","","","","","","","",""
"OSA","OSA_ar_reforms_head.xml","AR_aserai_helmet_v","{=osa_ar_aserai_helmet_v}Southern Iron Closed Helmet","HeadArmor","Culture.aserai","head_armor","AR_aserai_helmet_v","2.5","","0","7","Plate","plate","42","","","","","false","all","all","","","","","","","","","","","","","","","","","","","","","","","","","","","","","","","","true","","","","","","","","","","","","","","","","","","","","","","","","","","","","","","","","","","","","","","","","","","","","","","",""
"OSA","OSA_ar_reforms_head.xml","AR_aserai_helmet_v2","{=osa_ar_aserai_helmet_v2}Southern Iron Closed Helmet with Turban","HeadArmor","Culture.aserai","head_armor","AR_aserai_helmet_v2","2.55","","0","8","Plate","plate","43","","","","","false","all","all","","","","","","","","","","","","","","","","","","","","","","","","","","","","","","","","true","","","","","","","","","","","","","","","","","","","","","","","","","","","","","","","","","","","","","","","","","","","","","","",""
"OSA","OSA_ar_reforms_head.xml","AR_aserai_helmet_w","{=osa_ar_aserai_helmet_w}Darshi Lamellar Helmet Over Cloth","HeadArmor","Culture.aserai","head_armor","AR_aserai_helmet_w","1.1","","0","1","Plate","plate","20","","","","","false","all","type1","","","","","","","","","","","","","","","","","","","","","","","","","","","","","","","","true","","","","","","","","","","","","","","","","","","","","","","","","","","","","","","","","","","","","","","","","","","","","","","",""
"OSA","OSA_ar_reforms_head.xml","AR_aserai_helmet_x","{=osa_ar_aserai_helmet_x}Darshi Lamellar Helmet Over Mail","HeadArmor","Culture.aserai","head_armor","AR_aserai_helmet_x","2.9","","0","1.2","Plate","plate","46","","","","","false","type3","none","","","","","","","","","","","","","","","","","","","","","","","","","","","","","","","","true","","","","","","","","","","","","","","","","","","","","","","","","","","","","","","","","","","","","","","","","","","","","","","",""
"OSA","OSA_ar_reforms_head.xml","AR_aserai_helmet_y","{=osa_ar_aserai_helmet_y}Darshi Plumed Lamellar Helmet Over Mail","HeadArmor","Culture.aserai","head_armor","AR_aserai_helmet_y","1.8","","0","1","Plate","plate","52","","","","","false","type3","none","","","","","","","","","","","","","","","","","","","","","","","","","","","","","","","","true","","","","","","","","","","","","","","","","","","","","","","","","","","","","","","","","","","","","","","","","","","","","","","",""
"OSA","OSA_ar_reforms_head.xml","AR_aserai_helmet_z","{=osa_ar_aserai_helmet_z}Darshi Immortal's Plumed Lamellar Helmet","HeadArmor","Culture.aserai","head_armor","AR_aserai_helmet_z","4.2","","0","3","Plate","plate","54","","","","","false","all","all","","","","","","","","","","","","","","","","","","","","","","","","","","","","","","","","true","","","","","","","","","","","","","","","","","","","","","","","","","","","","","","","","","","","","","","","","","","","","","","",""
"OSA","OSA_ar_reforms_head.xml","AR_aserai_helmet_za","{=osa_ar_aserai_helmet_za}Darshi Spangenhelm Over Cloth","HeadArmor","Culture.aserai","head_armor","AR_aserai_helmet_za","1.1","","0","1","Plate","plate","20","","","","","false","all","type1","","","","","","","","","","","","","","","","","","","","","","","","","","","","","","","","true","","","","","","","","","","","","","","","","","","","","","","","","","","","","","","","","","","","","","","","","","","","","","","",""
"OSA","OSA_ar_reforms_head.xml","AR_aserai_helmet_zb","{=osa_ar_aserai_helmet_zb}Darshi Spangenhelm Over Mail","HeadArmor","Culture.aserai","head_armor","AR_aserai_helmet_zb","2.9","","0","1.2","Plate","plate","46","","","","","false","type3","none","","","","","","","","","","","","","","","","","","","","","","","","","","","","","","","","true","","","","","","","","","","","","","","","","","","","","","","","","","","","","","","","","","","","","","","","","","","","","","","",""
"OSA","OSA_ar_reforms_head.xml","AR_aserai_helmet_zc","{=osa_ar_aserai_helmet_zc}Darshi Plumed Spangenhelm Over Mail","HeadArmor","Culture.aserai","head_armor","AR_aserai_helmet_zc","1.8","","0","1","Plate","plate","52","","","","","false","type3","none","","","","","","","","","","","","","","","","","","","","","","","","","","","","","","","","true","","","","","","","","","","","","","","","","","","","","","","","","","","","","","","","","","","","","","","","","","","","","","","",""
"OSA","OSA_ar_reforms_head.xml","AR_aserai_helmet_zd","{=osa_ar_aserai_helmet_zd}Darshi Immortal's Plumed Spangenhelm","HeadArmor","Culture.aserai","head_armor","AR_aserai_helmet_zd","4.2","","0","3","Plate","plate","54","","","","","false","all","all","","","","","","","","","","","","","","","","","","","","","","","","","","","","","","","","true","","","","","","","","","","","","","","","","","","","","","","","","","","","","","","","","","","","","","","","","","","","","","","",""
"OSA","OSA_ar_reforms_head.xml","AR_aserai_lord_helmet_a","{=osa_ar_aserai_lord_helmet_a}Desert Lord Helmet","headArmor","Culture.aserai","head_armor","AR_aserai_lord_helmet_a","3.7","","0","3","Plate","plate","44","","","","","false","all","type3","","","","","","","","","","","","","","","","","","","","","","","","","","","","","","","","true","","","","","","","","","","","","","","","","","","","","","","","","","","","","","","","","","","","","","","","","","","","","","","",""
"OSA","OSA_ar_reforms_head.xml","AR_aserai_lord_helmet_b","{=osa_ar_aserai_lord_helmet_b}Desert Lord Helmet With Faceplate","headArmor","Culture.aserai","head_armor","AR_aserai_lord_helmet_b","3.7","","0","3","Plate","plate","46","","","","","true","all","all","","","","","","","","","","","","","","","","","","","","","","","","","","","","","","","","true","","","","","","","","","","","","","","","","","","","","","","","","","","","","","","","","","","","","","","","","","","","","","","",""
"OSA","OSA_ar_reforms_head.xml","AR_aserai_lord_helmet_c","{=osa_ar_aserai_lord_helmet_c}Southern Gilded Tall Helmet With Clothed Mail","HeadArmor","Culture.aserai","head_armor","AR_aserai_lord_helmet_c","3.9","","0","3","Plate","plate","50","","","","","false","all","type2","","","","","","","","","","","","","","","","","","","","","","","","","","","","","","","","true","","","","","","","","","","","","","","","","","","","","","","","","","","","","","","","","","","","","","","","","","","","","","","",""
"OSA","OSA_ar_reforms_head.xml","AR_aserai_lord_helmet_d","{=osa_ar_aserai_lord_helmet_d}Southern Tall Helmet With Clothed Mail","HeadArmor","Culture.aserai","head_armor","AR_aserai_lord_helmet_d","3.9","","0","3","Plate","plate","50","","","","","false","all","type2","","","","","","","","","","","","","","","","","","","","","","","","","","","","","","","","true","","","","","","","","","","","","","","","","","","","","","","","","","","","","","","","","","","","","","","","","","","","","","","",""
"OSA","OSA_ar_reforms_head.xml","AR_aserai_lord_helmet_e","{=osa_ar_aserai_lord_helmet_e}Southern Immortal's Helmet","HeadArmor","Culture.aserai","head_armor","AR_aserai_lord_helmet_e","4.2","","0","3","Plate","plate","52","","","","","false","all","all","","","","","","","","","","","","","","","","","","","","","","","","","","","","","","","","true","","","","","","","","","","","","","","","","","","","","","","","","","","","","","","","","","","","","","","","","","","","","","","",""
"OSA","OSA_ar_reforms_head.xml","AR_aserai_lord_helmet_f","{=osa_ar_aserai_lord_helmet_f}Darshi Closed Noble Cavalry Helmet","HeadArmor","Culture.aserai","head_armor","AR_aserai_lord_helmet_f","4.2","","0","3","Plate","plate","52","","","","","false","all","all","","","","","","","","","","","","","","","","","","","","","","","","","","","","","","","","true","","","","","","","","","","","","","","","","","","","","","","","","","","","","","","","","","","","","","","","","","","","","","","",""
"OSA","OSA_ar_reforms_head.xml","AR_aserai_lord_helmet_f2","{=osa_ar_aserai_lord_helmet_f2}Darshi Open Noble Cavalry Helmet","HeadArmor","Culture.aserai","head_armor","AR_aserai_lord_helmet_f2","4.2","","0","3","Plate","plate","50","","","","","false","all","type2","","","","","","","","","","","","","","","","","","","","","","","","","","","","","","","","true","","","","","","","","","","","","","","","","","","","","","","","","","","","","","","","","","","","","","","","","","","","","","","",""
"OSA","OSA_ar_reforms_head.xml","AR_aserai_lord_helmet_g","{=osa_ar_aserai_lord_helmet_g}Southern Noble Pointed Iron Helmet","HeadArmor","Culture.aserai","head_armor","AR_aserai_lord_helmet_g","4.2","","0","3","Plate","plate","52","","","","","false","all","all","","","","","","","","","","","","","","","","","","","","","","","","","","","","","","","","true","","","","","","","","","","","","","","","","","","","","","","","","","","","","","","","","","","","","","","","","","","","","","","",""
"OSA","OSA_ar_reforms_head.xml","AR_aserai_lord_helmet_g2","{=osa_ar_aserai_lord_helmet_g2}Southern Noble Pointed Bronze Helmet","HeadArmor","Culture.aserai","head_armor","AR_aserai_lord_helmet_g2","4.2","","0","3","Plate","plate","52","","","","","false","all","all","","","","","","","","","","","","","","","","","","","","","","","","","","","","","","","","true","","","","","","","","","","","","","","","","","","","","","","","","","","","","","","","","","","","","","","","","","","","","","","",""
"OSA","OSA_ar_reforms_head.xml","AR_aserai_lord_helmet_h","{=osa_ar_aserai_lord_helmet_h}Southern Noble Lamellar Helmet With Faceplate","HeadArmor","Culture.aserai","head_armor","AR_aserai_lord_helmet_h","4.2","","0","3","Plate","plate","54","","","","","false","all","all","","","","","","","","","","","","","","","","","","","","","","","","","","","","","","","","true","","","","","","","","","","","","","","","","","","","","","","","","","","","","","","","","","","","","","","","","","","","","","","",""
"OSA","OSA_ar_reforms_head.xml","AR_aserai_lord_helmet_i","{=osa_ar_aserai_lord_helmet_i}Darshi Crowned Noble Lamellar Helmet","HeadArmor","Culture.aserai","head_armor","AR_aserai_lord_helmet_i","4.2","","0","3","Plate","plate","52","","","","","false","all","all","","","","","","","","","","","","","","","","","","","","","","","","","","","","","","","","true","","","","","","","","","","","","","","","","","","","","","","","","","","","","","","","","","","","","","","","","","","","","","","",""
"OSA","OSA_ar_reforms_head.xml","AR_aserai_lord_helmet_j","{=osa_ar_aserai_lord_helmet_j}Darshi Tall Helmet With Feathers","HeadArmor","Culture.aserai","head_armor","AR_aserai_lord_helmet_j","2.9","","0","3.3","Plate","plate","47","","","","","false","type3","type2","","","","","","","","","","","","","","","","","","","","","","","","","","","","","","","","true","","","","","","","","","","","","","","","","","","","","","","","","","","","","","","","","","","","","","","","","","","","","","","",""
"OSA","OSA_ar_reforms_head.xml","AR_battania_helmet_a","{=osa_ar_battania_helmet_a}Highland Tall Helmet","HeadArmor","Culture.battania","head_armor","AR_battania_helmet_a","3.7","","0","1.3","Plate","plate","26","","","","","false","type3","type2","","","","","","","","","","","","","","","","","","","","","","","","","","","","","","","","true","","","","","","","","","","","","","","","","","","","","","","","","","","","","","","","","","","","","","","","","","","","","","","",""
"OSA","OSA_ar_reforms_head.xml","AR_battania_helmet_a2","{=osa_ar_battania_helmet_a2}Highland Tall Helmet With Neckguard","HeadArmor","Culture.battania","head_armor","AR_battania_helmet_a2","3.8","","0","1.3","Plate","plate","28","","","","","false","type3","type2","","","","","","","","","","","","","","","","","","","","","","","","","","","","","","","","true","","","","","","","","","","","","","","","","","","","","","","","","","","","","","","","","","","","","","","","","","","","","","","",""
"OSA","OSA_ar_reforms_head.xml","AR_battania_helmet_b","{=osa_ar_battania_helmet_b}Highland Plumed Tall Helmet","HeadArmor","Culture.battania","head_armor","AR_battania_helmet_b","3.7","","0","1.3","Plate","plate","30","","","","","false","type3","type2","","","","","","","","","","","","","","","","","","","","","","","","","","","","","","","","true","","","","","","","","","","","","","","","","","","","","","","","","","","","","","","","","","","","","","","","","","","","","","","",""
"OSA","OSA_ar_reforms_head.xml","AR_battania_helmet_b2","{=osa_ar_battania_helmet_b2}Highland Plumed Tall Helmet Over Mail","HeadArmor","Culture.battania","head_armor","AR_battania_helmet_b2","3.7","","0","1.3","Plate","plate","38","","","","","false","all","type2","","","","","","","","","","","","","","","","","","","","","","","","","","","","","","","","true","","","","","","","","","","","","","","","","","","","","","","","","","","","","","","","","","","","","","","","","","","","","","","",""
"OSA","OSA_ar_reforms_head.xml","AR_battania_helmet_c","{=osa_ar_battania_helmet_c}Highland Kettle Helmet","HeadArmor","Culture.battania","head_armor","AR_battania_helmet_c","3.7","","0","1.3","Plate","plate","22","","","","","false","type3","none","","","","","","","","","","","","","","","","","","","","","","","","","","","","","","","","true","","","","","","","","","","","","","","","","","","","","","","","","","","","","","","","","","","","","","","","","","","","","","","",""
"OSA","OSA_ar_reforms_head.xml","AR_battania_helmet_d","{=osa_ar_battania_helmet_d}Highland Plumed Kettle Helmet","HeadArmor","Culture.battania","head_armor","AR_battania_helmet_d","3.7","","0","1.3","Plate","plate","28","","","","","false","all","type2","","","","","","","","","","","","","","","","","","","","","","","","","","","","","","","","true","","","","","","","","","","","","","","","","","","","","","","","","","","","","","","","","","","","","","","","","","","","","","","",""
"OSA","OSA_ar_reforms_head.xml","AR_battania_helmet_f","{=osa_ar_battania_helmet_f}Highland Plumed Decorated Helmet","HeadArmor","Culture.battania","head_armor","AR_battania_helmet_f","3.7","","0","1.3","Plate","plate","38","","","","","false","all","type1","","","","","","","","","","","","","","","","","","","","","","","","","","","","","","","","true","","","","","","","","","","","","","","","","","","","","","","","","","","","","","","","","","","","","","","","","","","","","","","",""
"OSA","OSA_ar_reforms_head.xml","AR_battania_helmet_f_decorated","{=osa_ar_battania_helmet_f_decorated}Highland Decorated Helmet","HeadArmor","Culture.battania","head_armor","AR_battania_helmet_f_decorated","3.7","","0","1.3","Plate","plate","36","","","","","false","type3","type1","","","","","","","","","","","","","","","","","","","","","","","","","","","","","","","","true","","","","","","","","","","","","","","","","","","","","","","","","","","","","","","","","","","","","","","","","","","","","","","",""
"OSA","OSA_ar_reforms_head.xml","AR_battania_helmet_g","{=osa_ar_battania_helmet_g}Highland Spangenhelm","HeadArmor","Culture.battania","head_armor","AR_battania_helmet_g","3.4","","0","1","Plate","plate","36","","","","","false","type1","","","","","","","","","","","","","","","","","","","","","","","","","","","","","","","","","true","","","","","","","","","","","","","","","","","","","","","","","","","","","","","","","","","","","","","","","","","","","","","","",""
"OSA","OSA_ar_reforms_head.xml","AR_battania_helmet_h","{=osa_ar_battania_helmet_h}Highland Feathered Spangenhelm Over Suede","HeadArmor","Culture.battania","head_armor","AR_battania_helmet_h","3.5","","0","1","Plate","plate","42","","","","","false","type3","","","","","","","","","","","","","","","","","","","","","","","","","","","","","","","","","true","","","","","","","","","","","","","","","","","","","","","","","","","","","","","","","","","","","","","","","","","","","","","","",""
"OSA","OSA_ar_reforms_head.xml","AR_battania_helmet_i","{=osa_ar_battania_helmet_i}Highland Plumed Spangenhelm Over Mail","HeadArmor","Culture.battania","head_armor","AR_battania_helmet_i","3.8","","0","1","Plate","plate","50","","","","","false","type3","","","","","","","","","","","","","","","","","","","","","","","","","","","","","","","","","true","","","","","","","","","","","","","","","","","","","","","","","","","","","","","","","","","","","","","","","","","","","","","","",""
"OSA","OSA_ar_reforms_head.xml","AR_battania_helmet_j","{=osa_ar_battania_helmet_j}Highland Steel Helmet With Faceguard","HeadArmor","Culture.battania","head_armor","AR_battania_helmet_j","3.5","","0","2","Plate","plate","30","","","","","false","type3","type2","","","","","","","","","","","","","","","","","","","","","","","","","","","","","","","","true","","","","","","","","","","","","","","","","","","","","","","","","","","","","","","","","","","","","","","","","","","","","","","",""
"OSA","OSA_ar_reforms_head.xml","AR_battania_helmet_k","{=osa_ar_battania_helmet_k}Highland Bronze Helmet With Faceguard","HeadArmor","Culture.battania","head_armor","AR_battania_helmet_k","3.5","","0","2","Plate","plate","30","","","","","false","type3","type2","","","","","","","","","","","","","","","","","","","","","","","","","","","","","","","","true","","","","","","","","","","","","","","","","","","","","","","","","","","","","","","","","","","","","","","","","","","","","","","",""
"OSA","OSA_ar_reforms_head.xml","AR_battania_helmet_l","{=osa_ar_battania_helmet_l}Highland Open Steel Helmet With Faceguard","HeadArmor","Culture.battania","head_armor","AR_battania_helmet_l","2.3","","0","1","Plate","plate","20","","","","","false","type3","type2","","","","","","","","","","","","","","","","","","","","","","","","","","","","","","","","true","","","","","","","","","","","","","","","","","","","","","","","","","","","","","","","","","","","","","","","","","","","","","","",""
"OSA","OSA_ar_reforms_head.xml","AR_battania_helmet_m","{=osa_ar_battania_helmet_m}Highland Open Bronze Helmet With Faceguard","HeadArmor","Culture.battania","head_armor","AR_battania_helmet_m","2.3","","0","1","Plate","plate","20","","","","","false","type3","type2","","","","","","","","","","","","","","","","","","","","","","","","","","","","","","","","true","","","","","","","","","","","","","","","","","","","","","","","","","","","","","","","","","","","","","","","","","","","","","","",""
"OSA","OSA_ar_reforms_head.xml","AR_battania_helmet_n","{=osa_ar_battania_helmet_n}Plumed Highland Steel Helmet With Faceguard","HeadArmor","Culture.battania","head_armor","AR_battania_helmet_n","3.7","","0","2","Plate","plate","30","","","","","false","type3","type2","","","","","","","","","","","","","","","","","","","","","","","","","","","","","","","","true","","","","","","","","","","","","","","","","","","","","","","","","","","","","","","","","","","","","","","","","","","","","","","",""
"OSA","OSA_ar_reforms_head.xml","AR_battania_helmet_o","{=osa_ar_battania_helmet_o}Plumed Highland Bronze Helmet With Faceguard","HeadArmor","Culture.battania","head_armor","AR_battania_helmet_o","3.7","","0","2","Plate","plate","30","","","","","false","type3","type2","","","","","","","","","","","","","","","","","","","","","","","","","","","","","","","","true","","","","","","","","","","","","","","","","","","","","","","","","","","","","","","","","","","","","","","","","","","","","","","",""
"OSA","OSA_ar_reforms_head.xml","AR_battania_helmet_p","{=osa_ar_battania_helmet_p}Highland Open Steel Ridged Helmet","HeadArmor","Culture.battania","head_armor","AR_battania_helmet_p","2.3","","0","1","Plate","plate","20","","","","","false","type3","type2","","","","","","","","","","","","","","","","","","","","","","","","","","","","","","","","true","","","","","","","","","","","","","","","","","","","","","","","","","","","","","","","","","","","","","","","","","","","","","","",""
"OSA","OSA_ar_reforms_head.xml","AR_battania_helmet_q","{=osa_ar_battania_helmet_q}Highland Open Bronze Ridged Helmet","HeadArmor","Culture.battania","head_armor","AR_battania_helmet_q","2.3","","0","1","Plate","plate","20","","","","","false","type3","type2","","","","","","","","","","","","","","","","","","","","","","","","","","","","","","","","true","","","","","","","","","","","","","","","","","","","","","","","","","","","","","","","","","","","","","","","","","","","","","","",""
"OSA","OSA_ar_reforms_head.xml","AR_battania_helmet_r","{=osa_ar_battania_helmet_r}Highland Steel Ridged Helmet","HeadArmor","Culture.battania","head_armor","AR_battania_helmet_r","3.5","","0","2","Plate","plate","30","","","","","false","type3","type2","","","","","","","","","","","","","","","","","","","","","","","","","","","","","","","","true","","","","","","","","","","","","","","","","","","","","","","","","","","","","","","","","","","","","","","","","","","","","","","",""
"OSA","OSA_ar_reforms_head.xml","AR_battania_helmet_s","{=osa_ar_battania_helmet_s}Highland Bronze Ridged Helmet","HeadArmor","Culture.battania","head_armor","AR_battania_helmet_s","3.5","","0","2","Plate","plate","30","","","","","false","type3","type2","","","","","","","","","","","","","","","","","","","","","","","","","","","","","","","","true","","","","","","","","","","","","","","","","","","","","","","","","","","","","","","","","","","","","","","","","","","","","","","",""
"OSA","OSA_ar_reforms_head.xml","AR_battania_helmet_t","{=osa_ar_battania_helmet_t}Highland Steel Ridged Helmet Over Mail","HeadArmor","Culture.battania","head_armor","AR_battania_helmet_t","3.7","","0","2","Plate","plate","32","","","","","false","type3","type2","","","","","","","","","","","","","","","","","","","","","","","","","","","","","","","","true","","","","","","","","","","","","","","","","","","","","","","","","","","","","","","","","","","","","","","","","","","","","","","",""
"OSA","OSA_ar_reforms_head.xml","AR_battania_helmet_u","{=osa_ar_battania_helmet_u}Highland Bronze Ridged Helmet Over Mail","HeadArmor","Culture.battania","head_armor","AR_battania_helmet_u","3.7","","0","2","Plate","plate","32","","","","","false","type3","type2","","","","","","","","","","","","","","","","","","","","","","","","","","","","","","","","true","","","","","","","","","","","","","","","","","","","","","","","","","","","","","","","","","","","","","","","","","","","","","","",""
"OSA","OSA_ar_reforms_head.xml","AR_battania_helmet_v","{=osa_ar_battania_helmet_v}Highland Steel Tall Helmet With Faceguard","HeadArmor","Culture.battania","head_armor","AR_battania_helmet_v","3.5","","0","2","Plate","plate","30","","","","","false","type3","type2","","","","","","","","","","","","","","","","","","","","","","","","","","","","","","","","true","","","","","","","","","","","","","","","","","","","","","","","","","","","","","","","","","","","","","","","","","","","","","","",""
"OSA","OSA_ar_reforms_head.xml","AR_battania_helmet_v2","{=osa_ar_battania_helmet_v2}Highland Bronze Tall Helmet With Faceguard","HeadArmor","Culture.battania","head_armor","AR_battania_helmet_v2","3.5","","0","2","Plate","plate","30","","","","","false","type3","type2","","","","","","","","","","","","","","","","","","","","","","","","","","","","","","","","true","","","","","","","","","","","","","","","","","","","","","","","","","","","","","","","","","","","","","","","","","","","","","","",""
"OSA","OSA_ar_reforms_head.xml","AR_battania_helmet_w","{=osa_ar_battania_helmet_w}Highland Open Steel Tall Helmet","HeadArmor","Culture.battania","head_armor","AR_battania_helmet_w","3.2","","0","1.3","Plate","plate","18","","","","","false","type1","none","","","","","","","","","","","","","","","","","","","","","","","","","","","","","","","","true","","","","","","","","","","","","","","","","","","","","","","","","","","","","","","","","","","","","","","","","","","","","","","",""
"OSA","OSA_ar_reforms_head.xml","AR_battania_helmet_w2","{=osa_ar_battania_helmet_w2}Highland Open Bronze Tall Helmet","HeadArmor","Culture.battania","head_armor","AR_battania_helmet_w2","3.2","","0","1.3","Plate","plate","18","","","","","false","type1","none","","","","","","","","","","","","","","","","","","","","","","","","","","","","","","","","true","","","","","","","","","","","","","","","","","","","","","","","","","","","","","","","","","","","","","","","","","","","","","","",""
"OSA","OSA_ar_reforms_head.xml","AR_battania_helmet_x","{=osa_ar_battania_helmet_x}Highland Steel Tall Helmet Over Mail","HeadArmor","Culture.battania","head_armor","AR_battania_helmet_x","3.7","","0","2","Plate","plate","32","","","","","false","type3","type2","","","","","","","","","","","","","","","","","","","","","","","","","","","","","","","","true","","","","","","","","","","","","","","","","","","","","","","","","","","","","","","","","","","","","","","","","","","","","","","",""
"OSA","OSA_ar_reforms_head.xml","AR_battania_helmet_x2","{=osa_ar_battania_helmet_x2}Highland Bronze Tall Helmet Over Mail","HeadArmor","Culture.battania","head_armor","AR_battania_helmet_x2","3.7","","0","2","Plate","plate","32","","","","","false","type3","type2","","","","","","","","","","","","","","","","","","","","","","","","","","","","","","","","true","","","","","","","","","","","","","","","","","","","","","","","","","","","","","","","","","","","","","","","","","","","","","","",""
"OSA","OSA_ar_reforms_head.xml","AR_battania_helmet_y","{=osa_ar_battania_helmet_y}Highland Banded Helmet Over Leather","HeadArmor","Culture.battania","head_armor","AR_battania_helmet_y","3.5","","0","2","Plate","plate","34","","","","","false","type3","type2","","","","","","","","","","","","","","","","","","","","","","","","","","","","","","","","true","","","","","","","","","","","","","","","","","","","","","","","","","","","","","","","","","","","","","","","","","","","","","","",""
"OSA","OSA_ar_reforms_head.xml","AR_battania_helmet_y2","{=osa_ar_battania_helmet_y2}Highland Banded Helmet Over Cloth","HeadArmor","Culture.battania","head_armor","AR_battania_helmet_y2","3.5","","0","2","Plate","plate","32","","","","","false","type3","type2","","","","","","","","","","","","","","","","","","","","","","","","","","","","","","","","true","","","","","","","","","","","","","","","","","","","","","","","","","","","","","","","","","","","","","","","","","","","","","","",""
"OSA","OSA_ar_reforms_head.xml","AR_battania_helmet_z","{=osa_ar_battania_helmet_z}Highland Banded Helmet Over Mail","HeadArmor","Culture.battania","head_armor","AR_battania_helmet_z","2.2","","0","1","Plate","plate","41","","","","","false","type3","type2","","","","","","","","","","","","","","","","","","","","","","","","","","","","","","","","true","","","","","","","","","","","","","","","","","","","","","","","","","","","","","","","","","","","","","","","","","","","","","","",""
"OSA","OSA_ar_reforms_head.xml","AR_battania_helmet_za","{=osa_ar_battania_helmet_za}Highland Iron Ridge Helmet Over Cloth","HeadArmor","Culture.battania","head_armor","AR_battania_helmet_za","3.2","","0","1.3","Plate","plate","24","","","","","false","type3","type1","","","","","","","","","","","","","","","","","","","","","","","","","","","","","","","","true","","","","","","","","","","","","","","","","","","","","","","","","","","","","","","","","","","","","","","","","","","","","","","",""
"OSA","OSA_ar_reforms_head.xml","AR_battania_helmet_zb","{=osa_ar_battania_helmet_zb}Highland Iron Ridge Helmet With Leather","HeadArmor","Culture.battania","head_armor","AR_battania_helmet_zb","3.5","","0","2","Plate","plate","28","","","","","false","type3","type1","","","","","","","","","","","","","","","","","","","","","","","","","","","","","","","","true","","","","","","","","","","","","","","","","","","","","","","","","","","","","","","","","","","","","","","","","","","","","","","",""
"OSA","OSA_ar_reforms_head.xml","AR_battania_helmet_zc","{=osa_ar_battania_helmet_zc}Highland Iron Ridge Helmet Over Stripped Mail","HeadArmor","Culture.battania","head_armor","AR_battania_helmet_zc","3.7","","0","2","Plate","plate","32","","","","","false","type3","type1","","","","","","","","","","","","","","","","","","","","","","","","","","","","","","","","true","","","","","","","","","","","","","","","","","","","","","","","","","","","","","","","","","","","","","","","","","","","","","","",""
"OSA","OSA_ar_reforms_head.xml","AR_battania_helmet_zd","{=osa_ar_battania_helmet_zd}Highland Heavy Nasalhelm Over Cloth","HeadArmor","Culture.battania","","AR_battania_helmet_zd","3.1","","","2.1","Plate","plate","46","","","","","false","type3","none","","","","","","","","","","","","","","","","","","","","","","","","","","","","","","","","true","","","","","","","","","","","","","","","","","","","","","","","","","","","","","","","","","","","","","","","","","","","","","","",""
"OSA","OSA_ar_reforms_head.xml","AR_battania_helmet_ze","{=osa_ar_battania_helmet_ze}Highland Heavy Nasalhelm over Leather","HeadArmor","Culture.battania","","AR_battania_helmet_ze","3.4","","","3.3","Plate","plate","48","","","","","false","type3","none","","","","","","","","","","","","","","","","","","","","","","","","","","","","","","","","true","","","","","","","","","","","","","","","","","","","","","","","","","","","","","","","","","","","","","","","","","","","","","","",""
"OSA","OSA_ar_reforms_head.xml","AR_battania_helmet_zf","{=osa_ar_battania_helmet_zf}Highland Heavy Nasalhelm Over Mail","HeadArmor","Culture.battania","head_armor","AR_battania_helmet_zf","3.6","","0","2","Plate","plate","51","","","","","false","type3","none","","","","","","","","","","","","","","","","","","","","","","","","","","","","","","","","true","","","","","","","","","","","","","","","","","","","","","","","","","","","","","","","","","","","","","","","","","","","","","","",""
"OSA","OSA_ar_reforms_head.xml","AR_battania_lord_helmet_a","{=osa_ar_battania_lord_helmet_a}Plumed Highland Crowned Helmet","HeadArmor","Culture.battania","head_armor","AR_battania_lord_helmet_a","3.3","","0","3","Plate","plate","52","","","","","false","all","type2","","","","","","","","","","","","","","","","","","","","","","","","","","","","","","","","true","","","","","","","","","","","","","","","","","","","","","","","","","","","","","","","","","","","","","","","","","","","","","","",""
"OSA","OSA_ar_reforms_head.xml","AR_battania_lord_helmet_b","{=osa_ar_battania_lord_helmet_b}Gilded Plumed Highland Crowned Helmet","HeadArmor","Culture.battania","head_armor","AR_battania_lord_helmet_b","3.4","","0","3","Plate","plate","52","","","","","false","all","type2","","","","","","","","","","","","","","","","","","","","","","","","","","","","","","","","true","","","","","","","","","","","","","","","","","","","","","","","","","","","","","","","","","","","","","","","","","","","","","","",""
"OSA","OSA_ar_reforms_head.xml","AR_battania_lord_helmet_c","{=osa_ar_battania_lord_helmet_c}Plumed Highland Noble Helmet","HeadArmor","Culture.battania","head_armor","AR_battania_lord_helmet_c","3.1","","0","3","Plate","plate","50","","","","","false","all","type2","","","","","","","","","","","","","","","","","","","","","","","","","","","","","","","","true","","","","","","","","","","","","","","","","","","","","","","","","","","","","","","","","","","","","","","","","","","","","","","",""
"OSA","OSA_ar_reforms_head.xml","AR_battania_lord_helmet_d","{=osa_ar_battania_lord_helmet_d}Highland Noble Steel Decorated Helmet With Plume","HeadArmor","Culture.battania","head_armor","AR_battania_lord_helmet_d","3.1","","0","3","Plate","plate","50","","","","","false","all","type2","","","","","","","","","","","","","","","","","","","","","","","","","","","","","","","","true","","","","","","","","","","","","","","","","","","","","","","","","","","","","","","","","","","","","","","","","","","","","","","",""
"OSA","OSA_ar_reforms_head.xml","AR_battania_lord_helmet_e","{=osa_ar_battania_lord_helmet_e}Highland Noble Bronze Decorated Helmet With Plume","HeadArmor","Culture.battania","head_armor","AR_battania_lord_helmet_e","3.1","","0","3","Plate","plate","50","","","","","false","all","type2","","","","","","","","","","","","","","","","","","","","","","","","","","","","","","","","true","","","","","","","","","","","","","","","","","","","","","","","","","","","","","","","","","","","","","","","","","","","","","","",""
"OSA","OSA_ar_reforms_head.xml","AR_battania_lord_helmet_f","{=osa_ar_battania_lord_helmet_f}Highland Noble Steel Ridged Helmet","HeadArmor","Culture.battania","head_armor","AR_battania_lord_helmet_f","3.3","","0","3","Plate","plate","52","","","","","false","all","type3","","","","","","","","","","","","","","","","","","","","","","","","","","","","","","","","true","","","","","","","","","","","","","","","","","","","","","","","","","","","","","","","","","","","","","","","","","","","","","","",""
"OSA","OSA_ar_reforms_head.xml","AR_battania_lord_helmet_g","{=osa_ar_battania_lord_helmet_g}Highland Noble Bronze Ridged Helmet","HeadArmor","Culture.battania","head_armor","AR_battania_lord_helmet_g","3.4","","0","3","Plate","plate","52","","","","","false","all","type3","","","","","","","","","","","","","","","","","","","","","","","","","","","","","","","","true","","","","","","","","","","","","","","","","","","","","","","","","","","","","","","","","","","","","","","","","","","","","","","",""
"OSA","OSA_ar_reforms_head.xml","AR_battania_lord_helmet_h","{=osa_ar_battania_lord_helmet_h}Highland Noble Steel Tall Helmet","HeadArmor","Culture.battania","head_armor","AR_battania_lord_helmet_h","3.3","","0","3","Plate","plate","52","","","","","false","all","type2","","","","","","","","","","","","","","","","","","","","","","","","","","","","","","","","true","","","","","","","","","","","","","","","","","","","","","","","","","","","","","","","","","","","","","","","","","","","","","","",""
"OSA","OSA_ar_reforms_head.xml","AR_battania_lord_helmet_i","{=osa_ar_battania_lord_helmet_i}Highland Noble Bronze Tall Helmet","HeadArmor","Culture.battania","head_armor","AR_battania_lord_helmet_i","3.4","","0","3","Plate","plate","52","","","","","false","all","type2","","","","","","","","","","","","","","","","","","","","","","","","","","","","","","","","true","","","","","","","","","","","","","","","","","","","","","","","","","","","","","","","","","","","","","","","","","","","","","","",""
"OSA","OSA_ar_reforms_head.xml","AR_battania_lord_helmet_j","{=osa_ar_battania_lord_helmet_j}Highland Noble Helmet With Feather Crest","HeadArmor","Culture.battania","head_armor","AR_battania_lord_helmet_j","3.1","","0","3","Plate","plate","51","","","","","false","all","type3","","","","","","","","","","","","","","","","","","","","","","","","","","","","","","","","true","","","","","","","","","","","","","","","","","","","","","","","","","","","","","","","","","","","","","","","","","","","","","","",""
"OSA","OSA_ar_reforms_head.xml","AR_battania_lord_helmet_k","{=osa_ar_battania_lord_helmet_k}Highland Noble Steel Decorated Helmet With Bird","HeadArmor","Culture.battania","head_armor","AR_battania_lord_helmet_k","3.1","","0","3","Plate","plate","50","","","","","false","all","type2","","","","","","","","","","","","","","","","","","","","","","","","","","","","","","","","true","","","","","","","","","","","","","","","","","","","","","","","","","","","","","","","","","","","","","","","","","","","","","","",""
"OSA","OSA_ar_reforms_head.xml","AR_battania_lord_helmet_l","{=osa_ar_battania_lord_helmet_l}Highland Bronze Ridge Helmet With Feather Crest","HeadArmor","Culture.battania","head_armor","AR_battania_lord_helmet_l","3.1","","0","3","Plate","plate","51","","","","","false","all","type1","","","","","","","","","","","","","","","","","","","","","","","","","","","","","","","","true","","","","","","","","","","","","","","","","","","","","","","","","","","","","","","","","","","","","","","","","","","","","","","",""
"OSA","OSA_ar_reforms_head.xml","AR_battania_lord_helmet_m","{=osa_ar_battania_lord_helmet_m}Highland Ridge Helmet With Feather Crest","HeadArmor","Culture.battania","head_armor","AR_battania_lord_helmet_m","3.1","","0","3","Plate","plate","51","","","","","false","all","type1","","","","","","","","","","","","","","","","","","","","","","","","","","","","","","","","true","","","","","","","","","","","","","","","","","","","","","","","","","","","","","","","","","","","","","","","","","","","","","","",""
"OSA","OSA_ar_reforms_head.xml","AR_battania_lord_helmet_n","{=osa_ar_battania_lord_helmet_n}Highland Warlord's Iron Crested Ridge Helmet","HeadArmor","Culture.battania","head_armor","AR_battania_lord_helmet_n","3.3","","","3","Plate","plate","51","","","","","false","type3","type1","","","","","","","","","","","","","","","","","","","","","","","","","","","","","","","","true","","","","","","","","","","","","","","","","","","","","","","","","","","","","","","","","","","","","","","","","","","","","","","",""
"OSA","OSA_ar_reforms_head.xml","AR_battania_lord_helmet_o","{=osa_ar_battania_lord_helmet_o}Highland Warlord's Gilded Crested Ridge Helmet","HeadArmor","Culture.battania","head_armor","AR_battania_lord_helmet_o","3.3","","","3","Plate","plate","51","","","","","false","type3","type1","","","","","","","","","","","","","","","","","","","","","","","","","","","","","","","","true","","","","","","","","","","","","","","","","","","","","","","","","","","","","","","","","","","","","","","","","","","","","","","",""
"OSA","OSA_ar_reforms_head.xml","AR_battania_lord_helmet_p","{=osa_ar_battania_lord_helmet_p}Highland Gilded Noble Heavy Nasalhelm Over Scale","HeadArmor","Culture.battania","head_armor","AR_battania_lord_helmet_p","4.2","","0","3","Plate","plate","52","","","","","false","all","type1","","","","","","","","","","","","","","","","","","","","","","","","","","","","","","","","true","","","","","","","","","","","","","","","","","","","","","","","","","","","","","","","","","","","","","","","","","","","","","","",""
"OSA","OSA_ar_reforms_head.xml","AR_battania_lord_helmet_q","{=osa_ar_battania_lord_helmet_q}Highland Noble Heavy Nasalhelm Over Scale","HeadArmor","Culture.battania","head_armor","AR_battania_lord_helmet_q","4.2","","0","3","Plate","plate","52","","","","","false","all","type1","","","","","","","","","","","","","","","","","","","","","","","","","","","","","","","","true","","","","","","","","","","","","","","","","","","","","","","","","","","","","","","","","","","","","","","","","","","","","","","",""
"OSA","OSA_ar_reforms_head.xml","AR_bone_helmet_a","{=osa_ar_bone_helmet_a}Shaman's Bone Lamellar Helmet","HeadArmor","Culture.battania","","AR_bone_helmet_a","1.9","","","1.25","Plate","plate","20","","","","","false","type1","none","","","","","","","","","","","","","","","","","","","","","","","","","","","","","","","","true","","","","","","","","","","","","","","","","","","","","","","","","","","","","","","","","","","","","","","","","","","","","","","",""
"OSA","OSA_ar_reforms_head.xml","AR_bone_helmet_b","{=osa_ar_bone_helmet_b}Shaman's Feathered Bone Lamellar Helmet","HeadArmor","Culture.battania","head_armor","AR_bone_helmet_b","2.1","","","1","Plate","plate","26","","","","","false","type1","none","","","","","","","","","","","","","","","","","","","","","","","","","","","","","","","","true","","","","","","","","","","","","","","","","","","","","","","","","","","","","","","","","","","","","","","","","","","","","","","",""
"OSA","OSA_ar_reforms_head.xml","AR_bone_helmet_c","{=osa_ar_bone_helmet_c}Shaman's Horned Bone Lamellar Helmet","HeadArmor","Culture.battania","","AR_bone_helmet_c","2.3","","","1.3","Plate","plate","30","","","","","false","type3","none","","","","","","","","","","","","","","","","","","","","","","","","","","","","","","","","true","","","","","","","","","","","","","","","","","","","","","","","","","","","","","","","","","","","","","","","","","","","","","","",""
"OSA","OSA_ar_reforms_head.xml","AR_closed_kettle_helmet_a","{=osa_ar_closed_kettle_helmet_a}Imperial Plumed Kettle Over Closed Mail","HeadArmor","Culture.empire","head_armor","AR_closed_kettle_helmet_a","4","","0","2","Plate","plate","50","","","","","false","all","all","","","","","","","","","","","","","","","","","","","","","","","","","","","","","","","","true","","","","","","","","","","","","","","","","","","","","","","","","","","","","","","","","","","","","","","","","","","","","","","",""
"OSA","OSA_ar_reforms_head.xml","AR_empire_archer_helmet_a","{=osa_ar_empire_archer_helmet_a}Imperial Sagittarius Helmet Over Leather","HeadArmor","Culture.empire","head_armor","AR_empire_archer_helmet_a","1.3","","0","1","Plate","plate","25","","","","","false","type3","none","","","","","","","","","","","","","","","","","","","","","","","","","","","","","","","","true","","","","","","","","","","","","","","","","","","","","","","","","","","","","","","","","","","","","","","","","","","","","","","",""
"OSA","OSA_ar_reforms_head.xml","AR_empire_archer_helmet_a2","{=osa_ar_empire_archer_helmet_a2}Imperial Gilded Sagittarius Helmet Over Leather","HeadArmor","Culture.empire","head_armor","AR_empire_archer_helmet_a2","1.3","","0","1","Plate","plate","25","","","","","false","type3","none","","","","","","","","","","","","","","","","","","","","","","","","","","","","","","","","true","","","","","","","","","","","","","","","","","","","","","","","","","","","","","","","","","","","","","","","","","","","","","","",""
"OSA","OSA_ar_reforms_head.xml","AR_empire_archer_helmet_b","{=osa_ar_empire_archer_helmet_b}Imperial Sagittarius Helmet Over Cloth","HeadArmor","Culture.empire","head_armor","AR_empire_archer_helmet_b","1.3","","0","1","Plate","plate","20","","","","","false","type3","none","","","","","","","","","","","","","","","","","","","","","","","","","","","","","","","","true","","","","","","","","","","","","","","","","","","","","","","","","","","","","","","","","","","","","","","","","","","","","","","",""
"OSA","OSA_ar_reforms_head.xml","AR_empire_archer_helmet_b2","{=osa_ar_empire_archer_helmet_b2}Imperial Gilded Sagittarius Helmet Over Cloth","HeadArmor","Culture.empire","head_armor","AR_empire_archer_helmet_b2","1.3","","0","1","Plate","plate","20","","","","","false","type3","none","","","","","","","","","","","","","","","","","","","","","","","","","","","","","","","","true","","","","","","","","","","","","","","","","","","","","","","","","","","","","","","","","","","","","","","","","","","","","","","",""
"OSA","OSA_ar_reforms_head.xml","AR_empire_archer_helmet_c","{=osa_ar_empire_archer_helmet_c}Imperial Sagittarius Helmet Over Mail","HeadArmor","Culture.empire","head_armor","AR_empire_archer_helmet_c","3.6","","0","1","Plate","plate","30","","","","","false","type3","none","","","","","","","","","","","","","","","","","","","","","","","","","","","","","","","","true","","","","","","","","","","","","","","","","","","","","","","","","","","","","","","","","","","","","","","","","","","","","","","",""
"OSA","OSA_ar_reforms_head.xml","AR_empire_archer_helmet_c2","{=osa_ar_empire_archer_helmet_c2}Imperial Gilded Sagittarius Helmet Over Mail","HeadArmor","Culture.empire","head_armor","AR_empire_archer_helmet_c2","3.6","","0","1","Plate","plate","30","","","","","false","type3","none","","","","","","","","","","","","","","","","","","","","","","","","","","","","","","","","true","","","","","","","","","","","","","","","","","","","","","","","","","","","","","","","","","","","","","","","","","","","","","","",""
"OSA","OSA_ar_reforms_head.xml","AR_empire_archer_helmet_d","{=osa_ar_empire_archer_helmet_d}Imperial Sagittarius Helmet Over Scale","HeadArmor","Culture.empire","head_armor","AR_empire_archer_helmet_d","3.2","","0","1.3","Plate","plate","34","","","","","false","type3","none","","","","","","","","","","","","","","","","","","","","","","","","","","","","","","","","true","","","","","","","","","","","","","","","","","","","","","","","","","","","","","","","","","","","","","","","","","","","","","","",""
"OSA","OSA_ar_reforms_head.xml","AR_empire_archer_helmet_d2","{=osa_ar_empire_archer_helmet_d2}Imperial Gilded Sagittarius Helmet Over Scale","HeadArmor","Culture.empire","head_armor","AR_empire_archer_helmet_d2","3.2","","0","1.3","Plate","plate","34","","","","","false","type3","none","","","","","","","","","","","","","","","","","","","","","","","","","","","","","","","","true","","","","","","","","","","","","","","","","","","","","","","","","","","","","","","","","","","","","","","","","","","","","","","",""
"OSA","OSA_ar_reforms_head.xml","ar_empire_cataphracts_helmet_a","{=osa_ar_empire_cataphracts_helmet_a}Imperial Plumed Cataphract's Helmet","headArmor","Culture.empire","head_armor","ar_empire_cataphracts_helmet_a","3.9","","0","3","Plate","plate","50","","","","","false","all","all","","","","","","","","","","","","","","","","","","","","","","","","","","","","","","","","true","","","","","","","","","","","","","","","","","","","","","","","","","","","","","","","","","","","","","","","","","","","","","","",""
"OSA","OSA_ar_reforms_head.xml","AR_empire_crested_helm_a","{=osa_ar_empire_crested_helm_a}Imperial Crested Helmet With Faceguard","HeadArmor","Culture.empire","head_armor","AR_empire_crested_helm_a","3.7","","0","1.3","Plate","plate","36","","","","","false","type2","type2","","","","","","","","","","","","","","","","","","","","","","","","","","","","","","","","true","","","","","","","","","","","","","","","","","","","","","","","","","","","","","","","","","","","","","","","","","","","","","","",""
"OSA","OSA_ar_reforms_head.xml","AR_empire_desert_helmet_a","{=osa_ar_empire_desert_helmet_a}Southern Plumed Nasalhelm Over Imperial Mail","HeadArmor","Culture.empire","head_armor","AR_empire_desert_helmet_a","3.2","","0","5","Plate","plate","39","","","","","false","type3","type2","","","","","","","","","","","","","","","","","","","","","","","","","","","","","","","","true","","","","","","","","","","","","","","","","","","","","","","","","","","","","","","","","","","","","","","","","","","","","","","",""
"OSA","OSA_ar_reforms_head.xml","AR_empire_desert_helmet_b","{=osa_ar_empire_desert_helmet_b}Southern Nasalhelm Over Imperial Cloth","HeadArmor","Culture.empire","","AR_empire_desert_helmet_b","3.2","","","1.3","Plate","plate","26","","","","","false","all","type1","","","","","","","","","","","","","","","","","","","","","","","","","","","","","","","","true","","","","","","","","","","","","","","","","","","","","","","","","","","","","","","","","","","","","","","","","","","","","","","",""
"OSA","OSA_ar_reforms_head.xml","AR_empire_desert_helmet_c","{=osa_ar_empire_desert_helmet_c}Southern Spangenhelm Cap","HeadArmor","Culture.empire","head_armor","AR_empire_desert_helmet_c","3.4","","0","1.3","Plate","plate","22","","","","","false","type1","none","","","","","","","","","","","","","","","","","","","","","","","","","","","","","","","","true","","","","","","","","","","","","","","","","","","","","","","","","","","","","","","","","","","","","","","","","","","","","","","",""
"OSA","OSA_ar_reforms_head.xml","AR_empire_desert_helmet_d","{=osa_ar_empire_desert_helmet_d}Southern Nasalhelm Over Leather","HeadArmor","Culture.empire","head_armor","AR_empire_desert_helmet_d","1.9","","0","1.3","Plate","plate","34","","","","","false","all","","","","","","","","","","","","","","","","","","","","","","","","","","","","","","","","","true","","","","","","","","","","","","","","","","","","","","","","","","","","","","","","","","","","","","","","","","","","","","","","",""
"OSA","OSA_ar_reforms_head.xml","AR_empire_desert_helmet_e","{=osa_ar_empire_desert_helmet_e}Southern Helmet with Metal Strips","HeadArmor","Culture.empire","head_armor","AR_empire_desert_helmet_e","3.8","","0","3","Plate","plate","50","","","","","false","all","type2","","","","","","","","","","","","","","","","","","","","","","","","","","","","","","","","true","","","","","","","","","","","","","","","","","","","","","","","","","","","","","","","","","","","","","","","","","","","","","","",""
"OSA","OSA_ar_reforms_head.xml","AR_empire_helmet_a","{=osa_ar_empire_helmet_a}Imperial Noble Jeweled Heavy Nasalhelm","HeadArmor","Culture.empire","head_armor","AR_empire_helmet_a","3.6","","0","2","Plate","plate","50","","","","","false","all","","","","","","","","","","","","","","","","","","","","","","","","","","","","","","","","","false","","","","","","","","","","","","","","","","","","","","","","","","","","","","","","","","","","","","","","","","","","","","","","",""
"OSA","OSA_ar_reforms_head.xml","AR_empire_helmet_b","{=osa_ar_empire_helmet_b}Imperial Noble Gilded Jeweled Heavy Nasalhelm","HeadArmor","Culture.empire","head_armor","AR_empire_helmet_b","3.6","","0","2","Plate","plate","48","","","","","false","all","","","","","","","","","","","","","","","","","","","","","","","","","","","","","","","","","false","","","","","","","","","","","","","","","","","","","","","","","","","","","","","","","","","","","","","","","","","","","","","","",""
"OSA","OSA_ar_reforms_head.xml","AR_empire_helmet_c","{=osa_ar_empire_helmet_c}Steppe Feathered Spangenhelm Over Mail Coif","HeadArmor","Culture.khuzait","head_armor","AR_empire_helmet_c","3.1","","0","1.3","Plate","plate","44","","","","","false","all","type2","","","","","","","","","","","","","","","","","","","","","","","","","","","","","","","","true","","","","","","","","","","","","","","","","","","","","","","","","","","","","","","","","","","","","","","","","","","","","","","",""
"OSA","OSA_ar_reforms_head.xml","AR_empire_helmet_d","{=osa_ar_empire_helmet_d}Steppe Feathered Spangenhelm Over Leather","HeadArmor","Culture.khuzait","","AR_empire_helmet_d","1.7","","","1.6","Plate","plate","34","","","","","false","all","type1","","","","","","","","","","","","","","","","","","","","","","","","","","","","","","","","true","","","","","","","","","","","","","","","","","","","","","","","","","","","","","","","","","","","","","","","","","","","","","","",""
"OSA","OSA_ar_reforms_head.xml","AR_empire_helmet_e","{=osa_ar_empire_helmet_e}Steppe Plumed Spangenhelm Over Mail","HeadArmor","Culture.khuzait","head_armor","AR_empire_helmet_e","3.3","","0","2","Plate","plate","46","","","","","false","all","type1","","","","","","","","","","","","","","","","","","","","","","","","","","","","","","","","true","","","","","","","","","","","","","","","","","","","","","","","","","","","","","","","","","","","","","","","","","","","","","","",""
"OSA","OSA_ar_reforms_head.xml","AR_empire_helmet_f","{=osa_ar_empire_helmet_f}Steppe Plumed Spangenhelm","HeadArmor","Culture.khuzait","head_armor","AR_empire_helmet_f","3.2","","0","1.3","Plate","plate","32","","","","","false","all","type2","","","","","","","","","","","","","","","","","","","","","","","","","","","","","","","","true","","","","","","","","","","","","","","","","","","","","","","","","","","","","","","","","","","","","","","","","","","","","","","",""
"OSA","OSA_ar_reforms_head.xml","AR_empire_helmet_g","{=osa_ar_empire_helmet_g}Imperial Gilded Helmet With Metal Strips","HeadArmor","Culture.empire","head_armor","AR_empire_helmet_g","3.8","","0","3","Plate","plate","50","","","","","false","all","type2","","","","","","","","","","","","","","","","","","","","","","","","","","","","","","","","false","","","","","","","","","","","","","","","","","","","","","","","","","","","","","","","","","","","","","","","","","","","","","","",""
"OSA","OSA_ar_reforms_head.xml","AR_empire_helmet_h","{=osa_ar_empire_helmet_h}Imperial Gilded Closed Helmet With Metal Strips","HeadArmor","Culture.empire","head_armor","AR_empire_helmet_h","3.8","","0","3","Plate","plate","51","","","","","false","all","all","","","","","","","","","","","","","","","","","","","","","","","","","","","","","","","","false","","","","","","","","","","","","","","","","","","","","","","","","","","","","","","","","","","","","","","","","","","","","","","",""
"OSA","OSA_ar_reforms_head.xml","AR_empire_helmet_l","{=osa_ar_empire_helmet_l}Imperial Banded Helmet","HeadArmor","Culture.empire","head_armor","AR_empire_helmet_l","2.2","","0","2.6","Plate","plate","36","","","","","false","type3","type1","","","","","","","","","","","","","","","","","","","","","","","","","","","","","","","","true","","","","","","","","","","","","","","","","","","","","","","","","","","","","","","","","","","","","","","","","","","","","","","",""
"OSA","OSA_ar_reforms_head.xml","AR_empire_helmet_m","{=osa_ar_empire_helmet_m}Imperial Banded Helmet With Leather Strips","HeadArmor","Culture.empire","head_armor","AR_empire_helmet_m","2.2","","0","2.6","Plate","plate","38","","","","","false","type3","type1","","","","","","","","","","","","","","","","","","","","","","","","","","","","","","","","true","","","","","","","","","","","","","","","","","","","","","","","","","","","","","","","","","","","","","","","","","","","","","","",""
"OSA","OSA_ar_reforms_head.xml","AR_empire_helmet_n","{=osa_ar_empire_helmet_n}Imperial Plumed Banded Helmet With Metal Strips","HeadArmor","Culture.empire","head_armor","AR_empire_helmet_n","2.2","","0","2.6","Plate","plate","42","","","","","false","type3","type1","","","","","","","","","","","","","","","","","","","","","","","","","","","","","","","","true","","","","","","","","","","","","","","","","","","","","","","","","","","","","","","","","","","","","","","","","","","","","","","",""
"OSA","OSA_ar_reforms_head.xml","AR_empire_helmet_o","{=osa_ar_empire_helmet_o}Imperial Brass Scale Coif","HeadArmor","Culture.empire","head_armor","AR_empire_helmet_o","1.7","","0","1","Plate","plate","26","","","","","false","all","type2","","","","","","","","","","","","","","","","","","","","","","","","","","","","","","","","true","","","","","","","","","","","","","","","","","","","","","","","","","","","","","","","","","","","","","","","","","","","","","","",""
"OSA","OSA_ar_reforms_head.xml","AR_empire_helmet_o2","{=osa_ar_empire_helmet_o2}Imperial Alternating Scale Coif","HeadArmor","Culture.empire","head_armor","AR_empire_helmet_o2","1.7","","0","1","Plate","plate","26","","","","","false","all","type2","","","","","","","","","","","","","","","","","","","","","","","","","","","","","","","","true","","","","","","","","","","","","","","","","","","","","","","","","","","","","","","","","","","","","","","","","","","","","","","",""
"OSA","OSA_ar_reforms_head.xml","AR_empire_helmet_o3","{=osa_ar_empire_helmet_o3}Imperial Steel Scale Coif","HeadArmor","Culture.empire","head_armor","AR_empire_helmet_o3","1.7","","0","1","Plate","plate","26","","","","","false","all","type2","","","","","","","","","","","","","","","","","","","","","","","","","","","","","","","","true","","","","","","","","","","","","","","","","","","","","","","","","","","","","","","","","","","","","","","","","","","","","","","",""
"OSA","OSA_ar_reforms_head.xml","AR_empire_helmet_p","{=osa_ar_empire_helmet_p}Imperial Padded Cloth Coif","HeadArmor","Culture.empire","head_armor","AR_empire_helmet_p","0.5","","0","0.6","Cloth","cloth","16","","","","","false","all","type3","","","","","","","","","","","","","","","","","","","","","","","","","","true","","","","","","true","","","","","","","","","","","","","","","","","","","","","","","","","","","","","","","","","","","","","","","","","","","","","","",""
"OSA","OSA_ar_reforms_head.xml","AR_empire_helmet_q","{=osa_ar_empire_helmet_q}Imperial Spangenhelm Over Cloth","HeadArmor","Culture.empire","","AR_empire_helmet_q","2.7","","","2","Plate","plate","30","","","","","false","type3","none","","","","","","","","","","","","","","","","","","","","","","","","","","","","","","","","true","","","","","","","","","","","","","","","","","","","","","","","","","","","","","","","","","","","","","","","","","","","","","","",""
"OSA","OSA_ar_reforms_head.xml","AR_empire_helmet_r","{=osa_ar_empire_helmet_r}Imperial Spangenhelm Over Stripped Cloth","HeadArmor","Culture.empire","","AR_empire_helmet_r","3.2","","","2.3","Plate","plate","32","","","","","false","type3","none","","","","","","","","","","","","","","","","","","","","","","","","","","","","","","","","true","","","","","","","","","","","","","","","","","","","","","","","","","","","","","","","","","","","","","","","","","","","","","","",""
"OSA","OSA_ar_reforms_head.xml","AR_empire_helmet_s","{=osa_ar_empire_helmet_s}Eastern Spangenhelm Over Cloth","HeadArmor","Culture.empire","","AR_empire_helmet_s","3.2","","","2.3","Plate","plate","30","","","","","false","type3","none","","","","","","","","","","","","","","","","","","","","","","","","","","","","","","","","true","","","","","","","","","","","","","","","","","","","","","","","","","","","","","","","","","","","","","","","","","","","","","","",""
"OSA","OSA_ar_reforms_head.xml","AR_empire_legatus_helm_a","{=osa_ar_empire_legatus_helm_a}Imperial Decorated Crested Lord Helmet","HeadArmor","Culture.empire","head_armor","AR_empire_legatus_helm_a","3.7","","0","1.3","Plate","plate","38","","","","","false","type3","type2","","","","","","","","","","","","","","","","","","","","","","","","","","","","","","","","true","","","","","","","","","","","","","","","","","","","","","","","","","","","","","","","","","","","","","","","","","","","","","","",""
"OSA","OSA_ar_reforms_head.xml","AR_empire_legatus_helm_b","{=osa_ar_empire_legatus_helm_b}Imperial Gilded Crested Lord Helmet","HeadArmor","Culture.empire","head_armor","AR_empire_legatus_helm_b","3.7","","0","1.3","Plate","plate","38","","","","","false","type3","type2","","","","","","","","","","","","","","","","","","","","","","","","","","","","","","","","true","","","","","","","","","","","","","","","","","","","","","","","","","","","","","","","","","","","","","","","","","","","","","","",""
"OSA","OSA_ar_reforms_head.xml","AR_empire_legatus_helm_c","{=osa_ar_empire_legatus_helm_c}Imperial Reinforced Cavalry Helmet","HeadArmor","Culture.empire","head_armor","AR_empire_legatus_helm_c","3.5","","0","2","Plate","plate","30","","","","","false","type3","none","","","","","","","","","","","","","","","","","","","","","","","","","","","","","","","","true","","","","","","","","","","","","","","","","","","","","","","","","","","","","","","","","","","","","","","","","","","","","","","",""
"OSA","OSA_ar_reforms_head.xml","AR_empire_legatus_helm_d","{=osa_ar_empire_legatus_helm_d}Imperial Feathered Reinforced Cavalry Helmet","HeadArmor","Culture.empire","head_armor","AR_empire_legatus_helm_d","3.5","","0","2","Plate","plate","31","","","","","false","type3","none","","","","","","","","","","","","","","","","","","","","","","","","","","","","","","","","true","","","","","","","","","","","","","","","","","","","","","","","","","","","","","","","","","","","","","","","","","","","","","","",""
"OSA","OSA_ar_reforms_head.xml","AR_empire_legatus_helm_e","{=osa_ar_empire_legatus_helm_e}Imperial Plumed Reinforced Cavalry Helmet","HeadArmor","Culture.empire","head_armor","AR_empire_legatus_helm_e","3.5","","0","2","Plate","plate","32","","","","","false","type3","none","","","","","","","","","","","","","","","","","","","","","","","","","","","","","","","","true","","","","","","","","","","","","","","","","","","","","","","","","","","","","","","","","","","","","","","","","","","","","","","",""
"OSA","OSA_ar_reforms_head.xml","AR_Empire_Lord_Guarded_Face_Helmet","{=osa_ar_empire_lord_guarded_face_helmet}Imperial Guarded Lord Helmet with Faceplate","HeadArmor","Culture.empire","head_armor","AR_Empire_Lord_Guarded_Face_Helmet","3.9","","0","1.3","Plate","plate","54","","","","","true","all","all","","","","","","","","","","","","","","","","","","","","","","","","","","","","","","","","true","","","","","","","","","","","","","","","","","","","","","","","","","","","","","","","","","","","","","","","","","","","","","","",""
"OSA","OSA_ar_reforms_head.xml","AR_empire_lord_helmet_a","{=osa_ar_empire_lord_helmet_a}Imperial Lord Helmet With Faceguard","headArmor","Culture.empire","head_armor","AR_empire_lord_helmet_a","3.6","","0","3","Plate","plate","51","","","","","false","all","type3","","","","","","","","","","","","","","","","","","","","","","","","","","","","","","","","true","","","","","","","","","","","","","","","","","","","","","","","","","","","","","","","","","","","","","","","","","","","","","","",""
"OSA","OSA_ar_reforms_head.xml","AR_empire_lord_helmet_b","{=osa_ar_empire_lord_helmet_b}Imperial Lord Helmet With Faceplate","headArmor","Culture.empire","head_armor","AR_empire_lord_helmet_b","3.7","","0","3","Plate","plate","52","","","","","true","all","all","","","","","","","","","","","","","","","","","","","","","","","","","","","","","","","","true","","","","","","","","","","","","","","","","","","","","","","","","","","","","","","","","","","","","","","","","","","","","","","",""
"OSA","OSA_ar_reforms_head.xml","AR_empire_lord_helmet_c_a","{=osa_ar_empire_lord_helmet_c_a}Imperial Plumed Helmet with Metal Strips","headArmor","Culture.empire","head_armor","AR_empire_lord_helmet_c_a","3.9","","0","3","Plate","plate","50","","","","","false","type3","type2","","","","","","","","","","","","","","","","","","","","","","","","","","","","","","","","true","","","","","","","","","","","","","","","","","","","","","","","","","","","","","","","","","","","","","","","","","","","","","","",""
"OSA","OSA_ar_reforms_head.xml","AR_empire_lord_helmet_d","{=osa_ar_empire_lord_helmet_d}Gilded Imperial Guarded Lord Helmet","HeadArmor","Culture.empire","head_armor","AR_empire_lord_helmet_d","3.7","","0","3","Plate","plate","51","","","","","false","all","type3","","","","","","","","","","","","","","","","","","","","","","","","","","","","","","","","true","","","","","","","","","","","","","","","","","","","","","","","","","","","","","","","","","","","","","","","","","","","","","","",""
"OSA","OSA_ar_reforms_head.xml","AR_empire_lord_helmet_e","{=osa_ar_empire_lord_helmet_e}Imperial Feathered Jeweled Helmet","HeadArmor","Culture.empire","head_armor","AR_empire_lord_helmet_e","3.8","","0","5","Plate","plate","50","","","","","false","all","type2","","","","","","","","","","","","","","","","","","","","","","","","","","","","","","","","true","","","","","","","","","","","","","","","","","","","","","","","","","","","","","","","","","","","","","","","","","","","","","","",""
"OSA","OSA_ar_reforms_head.xml","AR_empire_lord_helmet_f","{=osa_ar_empire_lord_helmet_f}Imperial Guarded Spangenhelm With Feather Crest","HeadArmor","Culture.empire","head_armor","AR_empire_lord_helmet_f","3.7","","0","3","Plate","plate","51","","","","","false","all","type3","","","","","","","","","","","","","","","","","","","","","","","","","","","","","","","","true","","","","","","","","","","","","","","","","","","","","","","","","","","","","","","","","","","","","","","","","","","","","","","",""
"OSA","OSA_ar_reforms_head.xml","AR_empire_lord_helmet_g","{=osa_ar_empire_lord_helmet_g}Imperial Silvered Ridge Helmet","HeadArmor","Culture.empire","head_armor","AR_empire_lord_helmet_g","3.1","","0","3","Plate","plate","48","","","","","false","type3","type2","","","","","","","","","","","","","","","","","","","","","","","","","","","","","","","","true","","","","","","","","","","","","","","","","","","","","","","","","","","","","","","","","","","","","","","","","","","","","","","",""
"OSA","OSA_ar_reforms_head.xml","AR_empire_lord_helmet_h","{=osa_ar_empire_lord_helmet_h}Imperial Jeweled Gilded Ridge Helmet","HeadArmor","Culture.empire","head_armor","AR_empire_lord_helmet_h","2.1","","0","3","Plate","plate","45","","","","","false","type3","type2","","","","","","","","","","","","","","","","","","","","","","","","","","","","","","","","true","","","","","","","","","","","","","","","","","","","","","","","","","","","","","","","","","","","","","","","","","","","","","","",""
"OSA","OSA_ar_reforms_head.xml","AR_empire_lord_helmet_i","{=osa_ar_empire_lord_helmet_i}Imperial Plumed Decorated Banded Helmet With Metal Strips","HeadArmor","Culture.empire","head_armor","AR_empire_lord_helmet_i","2.2","","0","2.6","Plate","plate","42","","","","","false","type3","type1","","","","","","","","","","","","","","","","","","","","","","","","","","","","","","","","true","","","","","","","","","","","","","","","","","","","","","","","","","","","","","","","","","","","","","","","","","","","","","","",""
"OSA","OSA_ar_reforms_head.xml","AR_empire_lord_helmet_j","{=osa_ar_empire_lord_helmet_j}Imperial Jeweled Ridge Helmet","HeadArmor","Culture.empire","head_armor","AR_empire_lord_helmet_j","2.1","","0","3","Plate","plate","45","","","","","false","type3","type2","","","","","","","","","","","","","","","","","","","","","","","","","","","","","","","","true","","","","","","","","","","","","","","","","","","","","","","","","","","","","","","","","","","","","","","","","","","","","","","",""
"OSA","OSA_ar_reforms_head.xml","AR_Imperial_Crowned_Helmet_a","{=osa_ar_imperial_crowned_helmet_a}Imperial Crowned Helmet","HeadArmor","Culture.empire","head_armor","AR_Imperial_Crowned_Helmet_a","3.9","","0","1.3","Plate","plate","48","","","","","false","type3","type2","","","","","","","","","","","","","","","","","","","","","","","","","","","","","","","","true","","","","","","","","false","","","","","","","","","","","","","","","","","","","","","","","","","","","","","","","","","","","","","","",""
"OSA","OSA_ar_reforms_head.xml","AR_Imperial_Crowned_Helmet_b","{=osa_ar_imperial_crowned_helmet_b}Imperial Crowned Helmet With Faceplate","HeadArmor","Culture.empire","head_armor","AR_Imperial_Crowned_Helmet_b","3.9","","0","1.3","Plate","plate","50","","","","","true","all","all","","","","","","","","","","","","","","","","","","","","","","","","","","","","","","","","true","","","","","","","","false","","","","","","","","","","","","","","","","","","","","","","","","","","","","","","","","","","","","","","",""
"OSA","OSA_ar_reforms_head.xml","AR_intercisa_helmet_a","{=osa_ar_intercisa_helmet_a}Imperial Ridged Helmet With Metal Crest","HeadArmor","Culture.empire","head_armor","AR_intercisa_helmet_a","3.7","","0","1.3","Plate","plate","30","","","","","false","type2","type2","","","","","","","","","","","","","","","","","","","","","","","","","","","","","","","","true","","","","","","","","","","","","","","","","","","","","","","","","","","","","","","","","","","","","","","","","","","","","","","",""
"OSA","OSA_ar_reforms_head.xml","AR_intercisa_helmet_b","{=osa_ar_intercisa_helmet_b}Imperial Open Ridged Helmet With Metal Crest","HeadArmor","Culture.empire","head_armor","AR_intercisa_helmet_b","3.5","","0","1.3","Plate","plate","21","","","","","false","type2","type2","","","","","","","","","","","","","","","","","","","","","","","","","","","","","","","","true","","","","","","","","","","","","","","","","","","","","","","","","","","","","","","","","","","","","","","","","","","","","","","",""
"OSA","OSA_ar_reforms_head.xml","AR_intercisa_helmet_c","{=osa_ar_intercisa_helmet_c}Imperial Feathered Ridged Helmet With Metal Crest","HeadArmor","Culture.empire","head_armor","AR_intercisa_helmet_c","3.7","","0","1.3","Plate","plate","32","","","","","false","type2","type2","","","","","","","","","","","","","","","","","","","","","","","","","","","","","","","","true","","","","","","","","","","","","","","","","","","","","","","","","","","","","","","","","","","","","","","","","","","","","","","",""
"OSA","OSA_ar_reforms_head.xml","AR_intercisa_helmet_d","{=osa_ar_intercisa_helmet_d}Imperial Feathered Decorated Ridged Helmet With Metal Crest","HeadArmor","Culture.empire","head_armor","AR_intercisa_helmet_d","3.7","","0","1.3","Plate","plate","34","","","","","false","type2","type2","","","","","","","","","","","","","","","","","","","","","","","","","","","","","","","","true","","","","","","","","","","","","","","","","","","","","","","","","","","","","","","","","","","","","","","","","","","","","","","",""
"OSA","OSA_ar_reforms_head.xml","AR_intercisa_helmet_e","{=osa_ar_intercisa_helmet_e}Imperial Feathered Gilded Ridged Helmet With Metal Crest","HeadArmor","Culture.empire","head_armor","AR_intercisa_helmet_e","3.7","","0","1.3","Plate","plate","34","","","","","false","type2","type2","","","","","","","","","","","","","","","","","","","","","","","","","","","","","","","","true","","","","","","","","","","","","","","","","","","","","","","","","","","","","","","","","","","","","","","","","","","","","","","",""
"OSA","OSA_ar_reforms_head.xml","AR_roman_helmet_a","{=osa_ar_roman_helmet_a}Imperial Open Helmet With Faceguard","HeadArmor","Culture.empire","head_armor","AR_roman_helmet_a","3.4","","0","1.3","Plate","plate","20","","","","","false","type2","type2","","","","","","","","","","","","","","","","","","","","","","","","","","","","","","","","true","","","","","","","","","","","","","","","","","","","","","","","","","","","","","","","","","","","","","","","","","","","","","","",""
"OSA","OSA_ar_reforms_head.xml","AR_roman_helmet_a_fur_a","{=osa_ar_roman_helmet_a_fur_a}Imperial Scout's Ridged Cap","HeadArmor","Culture.empire","head_armor","AR_roman_helmet_a_fur_a","3.4","","0","1.3","Plate","plate","20","","","","","false","type1","none","","","","","","","","","","","","","","","","","","","","","","","","","","","","","","","","true","","","","","","","","","","","","","","","","","","","","","","","","","","","","","","","","","","","","","","","","","","","","","","",""
"OSA","OSA_ar_reforms_head.xml","AR_roman_helmet_a_fur_b","{=osa_ar_roman_helmet_a_fur_b}Imperial Scout's Banded Cap","HeadArmor","Culture.empire","head_armor","AR_roman_helmet_a_fur_b","3.4","","0","1.3","Plate","plate","20","","","","","false","type1","none","","","","","","","","","","","","","","","","","","","","","","","","","","","","","","","","true","","","","","","","","","","","","","","","","","","","","","","","","","","","","","","","","","","","","","","","","","","","","","","",""
"OSA","OSA_ar_reforms_head.xml","AR_roman_helmet_b_fur_a","{=osa_ar_roman_helmet_b_fur_a}Imperial Scout's Helmet With Faceguard","HeadArmor","Culture.empire","head_armor","AR_roman_helmet_b_fur_a","3.7","","0","1.3","Plate","plate","32","","","","","false","type3","type2","","","","","","","","","","","","","","","","","","","","","","","","","","","","","","","","true","","","","","","","","","","","","","","","","","","","","","","","","","","","","","","","","","","","","","","","","","","","","","","",""
"OSA","OSA_ar_reforms_head.xml","AR_roman_helmet_b_fur_b","{=osa_ar_roman_helmet_b_fur_b}Imperial Scout's Tall Helmet","HeadArmor","Culture.empire","head_armor","AR_roman_helmet_b_fur_b","3.7","","0","1.3","Plate","plate","30","","","","","false","type3","type2","","","","","","","","","","","","","","","","","","","","","","","","","","","","","","","","true","","","","","","","","","","","","","","","","","","","","","","","","","","","","","","","","","","","","","","","","","","","","","","",""
"OSA","OSA_ar_reforms_head.xml","AR_roman_helmet_b_fur_c","{=osa_ar_roman_helmet_b_fur_c}Imperial Scout's Plumed Helmet","HeadArmor","Culture.empire","head_armor","AR_roman_helmet_b_fur_c","3.7","","0","1.3","Plate","plate","36","","","","","false","type3","type2","","","","","","","","","","","","","","","","","","","","","","","","","","","","","","","","true","","","","","","","","","","","","","","","","","","","","","","","","","","","","","","","","","","","","","","","","","","","","","","",""
"OSA","OSA_ar_reforms_head.xml","AR_roman_helmet_b_plumed","{=osa_ar_roman_helmet_b_plumed}Plumed Helmet With Faceguard","HeadArmor","Culture.empire","head_armor","AR_roman_helmet_b_plumed","3.7","","0","2","Plate","plate","30","","","","","false","type2","type2","","","","","","","","","","","","","","","","","","","","","","","","","","","","","","","","true","","","","","","","","","","","","","","","","","","","","","","","","","","","","","","","","","","","","","","","","","","","","","","",""
"OSA","OSA_ar_reforms_head.xml","AR_roman_helmet_b_plumed_b","{=osa_ar_roman_helmet_b_plumed_b}Plumed Feathered Helmet With Faceguard","HeadArmor","Culture.empire","head_armor","AR_roman_helmet_b_plumed_b","3.7","","0","2","Plate","plate","30","","","","","false","type2","type2","","","","","","","","","","","","","","","","","","","","","","","","","","","","","","","","true","","","","","","","","","","","","","","","","","","","","","","","","","","","","","","","","","","","","","","","","","","","","","","",""
"OSA","OSA_ar_reforms_head.xml","AR_roman_helmet_cap","{=osa_ar_roman_helmet_cap}Imperial Cap Helmet","HeadArmor","Culture.empire","head_armor","AR_roman_helmet_cap","3.2","","0","1.3","Plate","plate","18","","","","","false","type1","none","","","","","","","","","","","","","","","","","","","","","","","","","","","","","","","","true","","","","","","","","","","","","","","","","","","","","","","","","","","","","","","","","","","","","","","","","","","","","","","",""
"OSA","OSA_ar_reforms_head.xml","AR_roman_helmet_d_plumed_a","{=osa_ar_roman_helmet_d_plumed_a}Decorated Plumed Helmet","HeadArmor","Culture.empire","head_armor","AR_roman_helmet_d_plumed_a","3.9","","0","1.3","Plate","plate","34","","","","","false","type3","type2","","","","","","","","","","","","","","","","","","","","","","","","","","","","","","","","true","","","","","","","","","","","","","","","","","","","","","","","","","","","","","","","","","","","","","","","","","","","","","","",""
"OSA","OSA_ar_reforms_head.xml","AR_roman_helmet_d_plumed_b","{=osa_ar_roman_helmet_d_plumed_b}Gilded Plumed Helmet","HeadArmor","Culture.empire","head_armor","AR_roman_helmet_d_plumed_b","3.9","","0","1.3","Plate","plate","36","","","","","false","type3","none","","","","","","","","","","","","","","","","","","","","","","","","","","","","","","","","true","","","","","","","","","","","","","","","","","","","","","","","","","","","","","","","","","","","","","","","","","","","","","","",""
"OSA","OSA_ar_reforms_head.xml","AR_roman_helmet_d_plumed_c","{=osa_ar_roman_helmet_d_plumed_c}Gilded Crested Helmet with Faceplate","HeadArmor","Culture.empire","head_armor","AR_roman_helmet_d_plumed_c","3.9","","0","1.3","Plate","plate","50","","","","","true","all","all","","","","","","","","","","","","","","","","","","","","","","","","","","","","","","","","true","","","","","","","","","","","","","","","","","","","","","","","","","","","","","","","","","","","","","","","","","","","","","","",""
"OSA","OSA_ar_reforms_head.xml","AR_roman_helmet_d_strips","{=osa_ar_roman_helmet_d_strips}Plumed Tall Helmet Over Stripped Cloth","HeadArmor","Culture.empire","head_armor","AR_roman_helmet_d_strips","3.5","","0","2","Plate","plate","30","","","","","false","type3","type2","","","","","","","","","","","","","","","","","","","","","","","","","","","","","","","","true","","","","","","","","","","","","","","","","","","","","","","","","","","","","","","","","","","","","","","","","","","","","","","",""
"OSA","OSA_ar_reforms_head.xml","AR_roman_helmet_d_strips_mail","{=osa_ar_roman_helmet_d_strips_mail}Plumed Tall Helmet Over Stripped Mail","headArmor","Culture.empire","head_armor","AR_roman_helmet_d_strips_mail","3.6","","0","3","Plate","plate","39","","","","","false","all","type2","","","","","","","","","","","","","","","","","","","","","","","","","","","","","","","","true","","","","","","","","","","","","","","","","","","","","","","","","","","","","","","","","","","","","","","","","","","","","","","",""
"OSA","OSA_ar_reforms_head.xml","AR_roman_helmet_e_strips_mail","{=osa_ar_roman_helmet_e_strips_mail}Tall Helmet Over Stripped Mail","headArmor","Culture.empire","head_armor","AR_roman_helmet_e_strips_mail","3.6","","0","3","Plate","plate","39","","","","","false","all","type2","","","","","","","","","","","","","","","","","","","","","","","","","","","","","","","","true","","","","","","","","","","","","","","","","","","","","","","","","","","","","","","","","","","","","","","","","","","","","","","",""
"OSA","OSA_ar_reforms_head.xml","AR_goth_helmet_a","{=osa_ar_goth_helmet_a}Iron Roughscale Helmet","HeadArmor","Culture.battania","head_armor","AR_goth_helmet_a","2.2","","0","1","Plate","plate","30","","","","","false","type2","type1","","","","","","","","","","","","","","","","","","","","","","","","","","","","","","","","true","","","","","","","","","","","","","","","","","","","","","","","","","","","","","","","","","","","","","","","","","","","","","","",""
"OSA","OSA_ar_reforms_head.xml","AR_goth_helmet_b","{=osa_ar_goth_helmet_b}Iron Roughscale Helmet With Faceguard","HeadArmor","Culture.battania","head_armor","AR_goth_helmet_b","2.2","","0","1","Plate","plate","38","","","","","false","type2","type1","","","","","","","","","","","","","","","","","","","","","","","","","","","","","","","","true","","","","","","","","","","","","","","","","","","","","","","","","","","","","","","","","","","","","","","","","","","","","","","",""
"OSA","OSA_ar_reforms_head.xml","AR_goth_helmet_c","{=osa_ar_goth_helmet_c}Plumed Iron Roughscale Helmet With Faceguard","HeadArmor","Culture.battania","head_armor","AR_goth_helmet_c","2.2","","0","1","Plate","plate","46","","","","","false","type2","type1","","","","","","","","","","","","","","","","","","","","","","","","","","","","","","","","true","","","","","","","","","","","","","","","","","","","","","","","","","","","","","","","","","","","","","","","","","","","","","","",""
"OSA","OSA_ar_reforms_head.xml","AR_goth_helmet_d","{=osa_ar_goth_helmet_d}Eastern Lamellar Helmet Over Cloth","HeadArmor","Culture.khuzait","","AR_goth_helmet_d","3.2","","","2.3","Plate","plate","36","","","","","false","type3","type1","","","","","","","","","","","","","","","","","","","","","","","","","","","","","","","","true","","","","","","","","","","","","","","","","","","","","","","","","","","","","","","","","","","","","","","","","","","","","","","",""
"OSA","OSA_ar_reforms_head.xml","AR_goth_helmet_e","{=osa_ar_goth_helmet_e}Eastern Lamellar Helmet Over Leather","HeadArmor","Culture.khuzait","head_armor","AR_goth_helmet_e","3.5","","0","2.6","Plate","plate","46","","","","","false","type3","type1","","","","","","","","","","","","","","","","","","","","","","","","","","","","","","","","true","","","","","","","","","","","","","","","","","","","","","","","","","","","","","","","","","","","","","","","","","","","","","","",""
"OSA","OSA_ar_reforms_head.xml","AR_goth_helmet_f","{=osa_ar_goth_helmet_f}Eastern Plumed Lamellar Helmet Over Mail","HeadArmor","Culture.khuzait","head_armor","AR_goth_helmet_f","3.2","","0","3","Plate","plate","52","","","","","false","type3","type1","","","","","","","","","","","","","","","","","","","","","","","","","","","","","","","","true","","","","","","","","","","","","","","","","","","","","","","","","","","","","","","","","","","","","","","","","","","","","","","",""
"OSA","OSA_ar_reforms_head.xml","AR_goth_helmet_g","{=osa_ar_goth_helmet_g}Eastern Closed Plumed Lamellar Helmet","HeadArmor","Culture.khuzait","head_armor","AR_goth_helmet_g","4.2","","0","3","Plate","plate","52","","","","","false","all","all","","","","","","","","","","","","","","","","","","","","","","","","","","","","","","","","true","","","","","","","","","","","","","","","","","","","","","","","","","","","","","","","","","","","","","","","","","","","","","","",""
"OSA","OSA_ar_reforms_head.xml","AR_goth_helmet_h","{=osa_ar_goth_helmet_h}Steppe Lamellar Cap","HeadArmor","Culture.khuzait","head_armor","AR_goth_helmet_h","1.4","","0","1.6","Plate","plate","22","","","","","false","type2","none","","","","","","","","","","","","","","","","","","","","","","","","","","","","","","","","true","","","","","","","","","","","","","","","","","","","","","","","","","","","","","","","","","","","","","","","","","","","","","","",""
"OSA","OSA_ar_reforms_head.xml","AR_goth_helmet_i","{=osa_ar_goth_helmet_i}Steppe Lamellar Cap With Cheekguards","HeadArmor","Culture.khuzait","","AR_goth_helmet_i","1.7","","","1.6","Plate","plate","34","","","","","false","type2","none","","","","","","","","","","","","","","","","","","","","","","","","","","","","","","","","true","","","","","","","","","","","","","","","","","","","","","","","","","","","","","","","","","","","","","","","","","","","","","","",""
"OSA","OSA_ar_reforms_head.xml","AR_goth_helmet_j","{=osa_ar_goth_helmet_j}Steppe Plumed Lamellar Cap Over Leather","HeadArmor","Culture.khuzait","","AR_goth_helmet_j","1.7","","","1.6","Plate","plate","42","","","","","false","type3","none","","","","","","","","","","","","","","","","","","","","","","","","","","","","","","","","true","","","","","","","","","","","","","","","","","","","","","","","","","","","","","","","","","","","","","","","","","","","","","","",""
"OSA","OSA_ar_reforms_head.xml","AR_goth_helmet_k","{=osa_ar_goth_helmet_k}Steppe Plumed Lamellar Cap Over Mail","HeadArmor","Culture.khuzait","","AR_goth_helmet_k","1.7","","","1.6","Plate","plate","48","","","","","false","type3","none","","","","","","","","","","","","","","","","","","","","","","","","","","","","","","","","true","","","","","","","","","","","","","","","","","","","","","","","","","","","","","","","","","","","","","","","","","","","","","","",""
"OSA","OSA_ar_reforms_head.xml","AR_goth_helmet_l","{=osa_ar_goth_helmet_l}Steppe Decorated Plumed Lamellar Cap Over Mail","HeadArmor","Culture.khuzait","","AR_goth_helmet_l","1.7","","","1.6","Plate","plate","48","","","","","false","type3","none","","","","","","","","","","","","","","","","","","","","","","","","","","","","","","","","true","","","","","","","","","","","","","","","","","","","","","","","","","","","","","","","","","","","","","","","","","","","","","","",""
"OSA","OSA_ar_reforms_head.xml","AR_goth_helmet_m","{=osa_ar_goth_helmet_m}Eastern Banded Helmet Over Leather","HeadArmor","Culture.khuzait","","AR_goth_helmet_m","3.2","","","2.3","Plate","plate","36","","","","","false","type3","type1","","","","","","","","","","","","","","","","","","","","","","","","","","","","","","","","true","","","","","","","","","","","","","","","","","","","","","","","","","","","","","","","","","","","","","","","","","","","","","","",""
"OSA","OSA_ar_reforms_head.xml","AR_goth_helmet_n","{=osa_ar_goth_helmet_n}Eastern Banded Helmet Over Mail","HeadArmor","Culture.khuzait","head_armor","AR_goth_helmet_n","3.5","","0","2.6","Plate","plate","46","","","","","false","type3","type1","","","","","","","","","","","","","","","","","","","","","","","","","","","","","","","","true","","","","","","","","","","","","","","","","","","","","","","","","","","","","","","","","","","","","","","","","","","","","","","",""
"OSA","OSA_ar_reforms_head.xml","AR_goth_helmet_o","{=osa_ar_goth_helmet_o}Eastern Plumed Banded Helmet Over Mail","HeadArmor","Culture.khuzait","head_armor","AR_goth_helmet_o","3.2","","0","3","Plate","plate","52","","","","","false","type3","type1","","","","","","","","","","","","","","","","","","","","","","","","","","","","","","","","true","","","","","","","","","","","","","","","","","","","","","","","","","","","","","","","","","","","","","","","","","","","","","","",""
"OSA","OSA_ar_reforms_head.xml","AR_khuzait_helmet_a","{=osa_ar_khuzait_helmet_a}Eastern Fur Cap","HeadArmor","Culture.khuzait","head_armor","AR_khuzait_helmet_a","0.6","","0","1.4","Leather","leather","4","","","","","false","type1","none","","","","","","","","","","","","","","","","","","","","","","","","","","true","","","","","","true","","","","","","","","","","","","","","","","","","","","","","","","","","","","","","","","","","","","","","","","","","","","","","",""
"OSA","OSA_ar_reforms_head.xml","AR_khuzait_helmet_b","{=osa_ar_khuzait_helmet_b}Steppe Plumed Helmet With Fur","HeadArmor","Culture.khuzait","head_armor","AR_khuzait_helmet_b","1.4","","0","1.6","Plate","plate","22","","","","","false","type1","none","","","","","","","","","","","","","","","","","","","","","","","","","","","","","","","","true","","","","","","","","","","","","","","","","","","","","","","","","","","","","","","","","","","","","","","","","","","","","","","",""
"OSA","OSA_ar_reforms_head.xml","AR_khuzait_helmet_b2","{=osa_ar_khuzait_helmet_b2}Steppe Plumed Leather Helmet With Fur","HeadArmor","Culture.khuzait","head_armor","AR_khuzait_helmet_b2","1.4","","0","1.6","Leather","leather","20","","","","","false","type1","none","","","","","","","","","","","","","","","","","","","","","","","","","","","","","","","","true","","","","","","","","","","","","","","","","","","","","","","","","","","","","","","","","","","","","","","","","","","","","","","",""
"OSA","OSA_ar_reforms_head.xml","AR_khuzait_helmet_c","{=osa_ar_khuzait_helmet_c}Eastern Lamellar Helmet With Fur","HeadArmor","Culture.khuzait","head_armor","AR_khuzait_helmet_c","3.3","","0","1.6","Plate","plate","38","","","","","false","type2","type2","","","","","","","","","","","","","","","","","","","","","","","","","","","","","","","","true","","","","","","","","","","","","","","","","","","","","","","","","","","","","","","","","","","","","","","","","","","","","","","",""
"OSA","OSA_ar_reforms_head.xml","AR_khuzait_helmet_c_fur","{=osa_ar_khuzait_helmet_c_fur}Eastern Lamellar Helmet With Upturned Cap","HeadArmor","Culture.khuzait","head_armor","AR_khuzait_helmet_c_fur","3.3","","0","1.6","Plate","plate","38","","","","","false","type2","type2","","","","","","","","","","","","","","","","","","","","","","","","","","","","","","","","true","","","","","","","","","","","","","","","","","","","","","","","","","","","","","","","","","","","","","","","","","","","","","","",""
"OSA","OSA_ar_reforms_head.xml","AR_khuzait_helmet_c3","{=osa_ar_khuzait_helmet_c3}Eastern Helmet With Upturned Cap","HeadArmor","Culture.khuzait","head_armor","AR_khuzait_helmet_c3","2.2","","0","1","Plate","plate","33","","","","","false","type2","","","","","","","","","","","","","","","","","","","","","","","","","","","","","","","","","true","","","","","","","","","","","","","","","","","","","","","","","","","","","","","","","","","","","","","","","","","","","","","","",""
"OSA","OSA_ar_reforms_head.xml","AR_khuzait_helmet_d","{=osa_ar_khuzait_helmet_d}Steppe Leather Cap","HeadArmor","Culture.khuzait","head_armor","AR_khuzait_helmet_d","1.1","","0","1","Leather","leather","18","","","","","false","type2","type2","","","","","","","","","","","","","","","","","","","","","","","","","","","","","","","","true","","","","","","","","","","","","","","","","","","","","","","","","","","","","","","","","","","","","","","","","","","","","","","",""
"OSA","OSA_ar_reforms_head.xml","AR_khuzait_helmet_d2","{=osa_ar_khuzait_helmet_d2}Steppe Furred Leather Cap","HeadArmor","Culture.khuzait","head_armor","AR_khuzait_helmet_d2","1.1","","0","1","Leather","leather","18","","","","","false","type2","type2","","","","","","","","","","","","","","","","","","","","","","","","","","","","","","","","true","","","","","","","","","","","","","","","","","","","","","","","","","","","","","","","","","","","","","","","","","","","","","","",""
"OSA","OSA_ar_reforms_head.xml","AR_khuzait_helmet_e","{=osa_ar_khuzait_helmet_e}Steppe Leather Helmet","HeadArmor","Culture.khuzait","head_armor","AR_khuzait_helmet_e","1.1","","0","1","Leather","leather","18","","","","","false","type2","type2","","","","","","","","","","","","","","","","","","","","","","","","","","","","","","","","true","","","","","","","","","","","","","","","","","","","","","","","","","","","","","","","","","","","","","","","","","","","","","","",""
"OSA","OSA_ar_reforms_head.xml","AR_khuzait_helmet_f","{=osa_ar_khuzait_helmet_f}Steppe Leather Helmet With Fur","HeadArmor","Culture.khuzait","head_armor","AR_khuzait_helmet_f","1.1","","0","1","Leather","leather","18","","","","","false","type2","type2","","","","","","","","","","","","","","","","","","","","","","","","","","","","","","","","true","","","","","","","","","","","","","","","","","","","","","","","","","","","","","","","","","","","","","","","","","","","","","","",""
"OSA","OSA_ar_reforms_head.xml","AR_khuzait_helmet_g","{=osa_ar_khuzait_helmet_g}Eastern Spiked Helmet With Leather","HeadArmor","Culture.khuzait","","AR_khuzait_helmet_g","4","","","2.6","Plate","plate","42","","","","","false","type3","type2","","","","","","","","","","","","","","","","","","","","","","","","","","","","","","","","true","","","","","","","","","","","","","","","","","","","","","","","","","","","","","","","","","","","","","","","","","","","","","","",""
"OSA","OSA_ar_reforms_head.xml","AR_khuzait_helmet_h","{=osa_ar_khuzait_helmet_h}Eastern Iron Helmet Over Rough Fur","HeadArmor","Culture.khuzait","head_armor","AR_khuzait_helmet_h","1.4","","0","1.6","Plate","plate","26","","","","","false","type3","none","","","","","","","","","","","","","","","","","","","","","","","","","","","","","","","","true","","","","","","","","","","","","","","","","","","","","","","","","","","","","","","","","","","","","","","","","","","","","","","",""
"OSA","OSA_ar_reforms_head.xml","AR_khuzait_helmet_h2","{=osa_ar_khuzait_helmet_h2}Eastern Brass Helmet Over Rough Fur","HeadArmor","Culture.khuzait","head_armor","AR_khuzait_helmet_h2","1.4","","0","1.6","Plate","plate","26","","","","","false","type3","none","","","","","","","","","","","","","","","","","","","","","","","","","","","","","","","","true","","","","","","","","","","","","","","","","","","","","","","","","","","","","","","","","","","","","","","","","","","","","","","",""
"OSA","OSA_ar_reforms_head.xml","AR_khuzait_helmet_i","{=osa_ar_khuzait_helmet_i}Eastern Iron Helmet Over Leather","HeadArmor","Culture.khuzait","head_armor","AR_khuzait_helmet_i","1.4","","0","1.6","Plate","plate","34","","","","","false","type3","none","","","","","","","","","","","","","","","","","","","","","","","","","","","","","","","","true","","","","","","","","","","","","","","","","","","","","","","","","","","","","","","","","","","","","","","","","","","","","","","",""
"OSA","OSA_ar_reforms_head.xml","AR_khuzait_helmet_i2","{=osa_ar_khuzait_helmet_i2}Eastern Brass Helmet Over Leather","HeadArmor","Culture.khuzait","head_armor","AR_khuzait_helmet_i2","1.4","","0","1.6","Plate","plate","34","","","","","false","type3","none","","","","","","","","","","","","","","","","","","","","","","","","","","","","","","","","true","","","","","","","","","","","","","","","","","","","","","","","","","","","","","","","","","","","","","","","","","","","","","","",""
"OSA","OSA_ar_reforms_head.xml","AR_khuzait_helmet_j","{=osa_ar_khuzait_helmet_j}Eastern Closed Plumed Helmet","HeadArmor","Culture.khuzait","head_armor","AR_khuzait_helmet_j","3.9","","0","1.3","Plate","plate","46","","","","","false","all","all","","","","","","","","","","","","","","","","","","","","","","","","","","","","","","","","true","","","","","","","","","","","","","","","","","","","","","","","","","","","","","","","","","","","","","","","","","","","","","","",""
"OSA","OSA_ar_reforms_head.xml","AR_khuzait_helmet_k","{=osa_ar_khuzait_helmet_k}Eastern Furred Spangenhelm With Feather","HeadArmor","Culture.khuzait","","AR_khuzait_helmet_k","1.7","","","1.6","Plate","plate","38","","","","","false","type3","none","","","","","","","","","","","","","","","","","","","","","","","","","","","","","","","","true","","","","","","","","","","","","","","","","","","","","","","","","","","","","","","","","","","","","","","","","","","","","","","",""
"OSA","OSA_ar_reforms_head.xml","AR_khuzait_helmet_l","{=osa_ar_khuzait_helmet_l}Eastern Furred Spangenhelm","HeadArmor","Culture.khuzait","","AR_khuzait_helmet_l","1.7","","","1.6","Plate","plate","34","","","","","false","type3","none","","","","","","","","","","","","","","","","","","","","","","","","","","","","","","","","true","","","","","","","","","","","","","","","","","","","","","","","","","","","","","","","","","","","","","","","","","","","","","","",""
"OSA","OSA_ar_reforms_head.xml","AR_khuzait_helmet_m","{=osa_ar_khuzait_helmet_m}Eastern Plumed Furred Spangenhelm Over Lamellar","HeadArmor","Culture.khuzait","head_armor","AR_khuzait_helmet_m","3.9","","0","1.3","Plate","plate","44","","","","","true","type3","none","","","","","","","","","","","","","","","","","","","","","","","","","","","","","","","","true","","","","","","","","","","","","","","","","","","","","","","","","","","","","","","","","","","","","","","","","","","","","","","",""
"OSA","OSA_ar_reforms_head.xml","AR_khuzait_helmet_n","{=osa_ar_khuzait_helmet_n}Eastern Spangenhelm With Fur Cap","HeadArmor","Culture.khuzait","","AR_khuzait_helmet_n","1.7","","","1.6","Plate","plate","38","","","","","false","type3","none","","","","","","","","","","","","","","","","","","","","","","","","","","","","","","","","true","","","","","","","","","","","","","","","","","","","","","","","","","","","","","","","","","","","","","","","","","","","","","","",""
"OSA","OSA_ar_reforms_head.xml","AR_khuzait_helmet_o","{=osa_ar_khuzait_helmet_o}Eastern Feathered Cataphract's Helmet","headArmor","Culture.khuzait","head_armor","AR_khuzait_helmet_o","3.9","","0","3","Plate","plate","50","","","","","false","all","all","","","","","","","","","","","","","","","","","","","","","","","","","","","","","","","","true","","","","","","","","","","","","","","","","","","","","","","","","","","","","","","","","","","","","","","","","","","","","","","",""
"OSA","OSA_ar_reforms_head.xml","AR_khuzait_helmet_p","{=osa_ar_khuzait_helmet_p}Eastern Spangenhelm Cap With Fur","HeadArmor","Culture.khuzait","head_armor","AR_khuzait_helmet_p","1.4","","0","1.6","Plate","plate","22","","","","","false","type3","none","","","","","","","","","","","","","","","","","","","","","","","","","","","","","","","","true","","","","","","","","","","","","","","","","","","","","","","","","","","","","","","","","","","","","","","","","","","","","","","",""
"OSA","OSA_ar_reforms_head.xml","AR_khuzait_helmet_q","{=osa_ar_khuzait_helmet_q}Eastern Lamellar Spangenhelm","HeadArmor","Culture.khuzait","","AR_khuzait_helmet_q","1.7","","","1.6","Plate","plate","34","","","","","false","type3","none","","","","","","","","","","","","","","","","","","","","","","","","","","","","","","","","true","","","","","","","","","","","","","","","","","","","","","","","","","","","","","","","","","","","","","","","","","","","","","","",""
"OSA","OSA_ar_reforms_head.xml","AR_khuzait_helmet_r","{=osa_ar_khuzait_helmet_r}Eastern Lamellar Spangenhelm Over Leather","HeadArmor","Culture.khuzait","","AR_khuzait_helmet_r","1.7","","","1.6","Plate","plate","38","","","","","false","type3","type3","","","","","","","","","","","","","","","","","","","","","","","","","","","","","","","","true","","","","","","","","","","","","","","","","","","","","","","","","","","","","","","","","","","","","","","","","","","","","","","",""
"OSA","OSA_ar_reforms_head.xml","AR_khuzait_helmet_s","{=osa_ar_khuzait_helmet_s}Eastern Lamellar Spangenhelm Over Mail","HeadArmor","Culture.khuzait","","AR_khuzait_helmet_s","1.7","","","1.6","Plate","plate","45","","","","","false","type3","type3","","","","","","","","","","","","","","","","","","","","","","","","","","","","","","","","true","","","","","","","","","","","","","","","","","","","","","","","","","","","","","","","","","","","","","","","","","","","","","","",""
"OSA","OSA_ar_reforms_head.xml","AR_khuzait_helmet_t","{=osa_ar_khuzait_helmet_t}Eastern Lamellar Spangenhelm With Mask","HeadArmor","Culture.khuzait","","AR_khuzait_helmet_t","1.7","","","1.6","Plate","plate","50","","","","","false","all","all","","","","","","","","","","","","","","","","","","","","","","","","","","","","","","","","true","","","","","","","","","","","","","","","","","","","","","","","","","","","","","","","","","","","","","","","","","","","","","","",""
"OSA","OSA_ar_reforms_head.xml","AR_khuzait_helmet_u","{=osa_ar_khuzait_helmet_u}Eastern Nasalhelm With Suede Faceguard","HeadArmor","Culture.khuzait","","AR_khuzait_helmet_u","1.7","","","1.6","Plate","plate","34","","","","","false","type3","none","","","","","","","","","","","","","","","","","","","","","","","","","","","","","","","","true","","","","","","","","","","","","","","","","","","","","","","","","","","","","","","","","","","","","","","","","","","","","","","",""
"OSA","OSA_ar_reforms_head.xml","AR_khuzait_helmet_v","{=osa_ar_khuzait_helmet_v}Eastern Nasalhelm With Studded Faceguard","HeadArmor","Culture.khuzait","","AR_khuzait_helmet_v","1.7","","","1.6","Plate","plate","40","","","","","false","type3","none","","","","","","","","","","","","","","","","","","","","","","","","","","","","","","","","true","","","","","","","","","","","","","","","","","","","","","","","","","","","","","","","","","","","","","","","","","","","","","","",""
"OSA","OSA_ar_reforms_head.xml","AR_khuzait_helmet_w","{=osa_ar_khuzait_helmet_w}Eastern Nasalhelm With Lamellar Faceguard","HeadArmor","Culture.khuzait","head_armor","AR_khuzait_helmet_w","2.8","","0","2.6","Plate","plate","49","","","","","false","all","all","","","","","","","","","","","","","","","","","","","","","","","","","","","","","","","","true","","","","","","","","","","","","","","","","","","","","","","","","","","","","","","","","","","","","","","","","","","","","","","",""
"OSA","OSA_ar_reforms_head.xml","AR_khuzait_hood_a","{=osa_ar_khuzait_hood_a}Eastern Leather Hood","HeadArmor","Culture.khuzait","head_armor","AR_khuzait_hood_a","0.6","","0","1.2","Leather","leather","12","","","","","false","type3","","","","","","","","","","","","","","","","","","","","","","","","","","","","","","","","","true","","","","","","","","","","","","","","","","","","","","","","","","","","","","","","","","","","","","","","","","","","","","","","",""
"OSA","OSA_ar_reforms_head.xml","AR_khuzait_hood_b","{=osa_ar_khuzait_hood_b}Eastern Peaked Leather Hood","HeadArmor","Culture.khuzait","head_armor","AR_khuzait_hood_b","0.7","","0","1.2","Leather","leather","13","","","","","false","type3","","","","","","","","","","","","","","","","","","","","","","","","","","","","","","","","","true","","","","","","","","","","","","","","","","","","","","","","","","","","","","","","","","","","","","","","","","","","","","","","",""
"OSA","OSA_ar_reforms_head.xml","AR_khuzait_lord_helmet_a","{=osa_ar_khuzait_lord_helmet_a}Eastern Plumed Noble Helmet With Faceplate","HeadArmor","Culture.khuzait","head_armor","AR_khuzait_lord_helmet_a","3.7","","0","1.3","Plate","plate","50","","","","","true","all","all","","","","","","","","","","","","","","","","","","","","","","","","","","","","","","","","true","","","","","","","","","","","","","","","","","","","","","","","","","","","","","","","","","","","","","","","","","","","","","","",""
"OSA","OSA_ar_reforms_head.xml","AR_khuzait_lord_helmet_b","{=osa_ar_khuzait_lord_helmet_b}Eastern Cataphract Helmet","HeadArmor","Culture.khuzait","head_armor","AR_khuzait_lord_helmet_b","3.9","","0","1.3","Plate","plate","52","","","","","false","all","all","","","","","","","","","","","","","","","","","","","","","","","","","","","","","","","","true","","","","","","","","","","","","","","","","","","","","","","","","","","","","","","","","","","","","","","","","","","","","","","",""
"OSA","OSA_ar_reforms_head.xml","AR_khuzait_lord_helmet_c","{=osa_ar_khuzait_lord_helmet_c}Eastern Gilded Helmet With Mail","HeadArmor","Culture.khuzait","head_armor","AR_khuzait_lord_helmet_c","3.8","","0","3","Plate","plate","50","","","","","false","all","type2","","","","","","","","","","","","","","","","","","","","","","","","","","","","","","","","true","","","","","","","","","","","","","","","","","","","","","","","","","","","","","","","","","","","","","","","","","","","","","","",""
"OSA","OSA_ar_reforms_head.xml","AR_khuzait_lord_helmet_c2","{=osa_ar_khuzait_lord_helmet_c2}Eastern Iron Helmet With Mail","HeadArmor","Culture.khuzait","head_armor","AR_khuzait_lord_helmet_c2","3.8","","0","3","Plate","plate","50","","","","","false","all","type2","","","","","","","","","","","","","","","","","","","","","","","","","","","","","","","","true","","","","","","","","","","","","","","","","","","","","","","","","","","","","","","","","","","","","","","","","","","","","","","",""
"OSA","OSA_ar_reforms_head.xml","AR_khuzait_lord_helmet_d","{=osa_ar_khuzait_lord_helmet_d}Eastern Plumed Gilded Helmet With Closed Mail","HeadArmor","Culture.khuzait","head_armor","AR_khuzait_lord_helmet_d","3.8","","0","3","Plate","plate","51","","","","","false","all","all","","","","","","","","","","","","","","","","","","","","","","","","","","","","","","","","true","","","","","","","","","","","","","","","","","","","","","","","","","","","","","","","","","","","","","","","","","","","","","","",""
"OSA","OSA_ar_reforms_head.xml","AR_khuzait_lord_helmet_d2","{=osa_ar_khuzait_lord_helmet_d2}Eastern Plumed Iron Helmet With Closed Mail","HeadArmor","Culture.khuzait","head_armor","AR_khuzait_lord_helmet_d2","3.8","","0","3","Plate","plate","51","","","","","false","all","all","","","","","","","","","","","","","","","","","","","","","","","","","","","","","","","","true","","","","","","","","","","","","","","","","","","","","","","","","","","","","","","","","","","","","","","","","","","","","","","",""
"OSA","OSA_ar_reforms_head.xml","AR_khuzait_lord_helmet_e","{=osa_ar_khuzait_lord_helmet_e}Eastern Heavy Plumed Noble Helmet","HeadArmor","Culture.khuzait","head_armor","AR_khuzait_lord_helmet_e","3.7","","0","1.3","Plate","plate","46","","","","","true","all","type3","","","","","","","","","","","","","","","","","","","","","","","","","","","","","","","","true","","","","","","","","","","","","","","","","","","","","","","","","","","","","","","","","","","","","","","","","","","","","","","",""
"OSA","OSA_ar_reforms_head.xml","AR_khuzait_lord_helmet_f","{=osa_ar_khuzait_lord_helmet_f}Eastern Plumed Heavy Helmet With Mask","HeadArmor","Culture.khuzait","head_armor","AR_khuzait_lord_helmet_f","3.9","","0","1.3","Plate","plate","52","","","","","false","all","all","","","","","","","","","","","","","","","","","","","","","","","","","","","","","","","","true","","","","","","","","","","","","","","","","","","","","","","","","","","","","","","","","","","","","","","","","","","","","","","",""
"OSA","OSA_ar_reforms_head.xml","AR_khuzait_lord_helmet_g","{=osa_ar_khuzait_lord_helmet_g}Eastern Heavy Vendel Helmet With Leather","HeadArmor","Culture.khuzait","head_armor","AR_khuzait_lord_helmet_g","3.9","","0","1.3","Plate","plate","50","","","","","false","all","type3","","","","","","","","","","","","","","","","","","","","","","","","","","","","","","","","true","","","","","","","","","","","","","","","","","","","","","","","","","","","","","","","","","","","","","","","","","","","","","","",""
"OSA","OSA_ar_reforms_head.xml","AR_khuzait_lord_helmet_h","{=osa_ar_khuzait_lord_helmet_h}Eastern Silk Wrapped Decorated Noble Cap","HeadArmor","Culture.khuzait","head_armor","AR_khuzait_lord_helmet_h","2.7","","0","4","Plate","plate","36","","","","","false","type1","none","","","","","","","","","","","","","","","","","","","","","","","","","","","","","","","","true","","","","","","","","false","","","","","","","","","","","","","","","","","","","","","","","","","","","","","","","","","","","","","","",""
"OSA","OSA_ar_reforms_head.xml","AR_khuzait_lord_helmet_i","{=osa_ar_khuzait_lord_helmet_i}Eastern Lordly Nasalhelm With Lamellar Faceguard","HeadArmor","Culture.khuzait","head_armor","AR_khuzait_lord_helmet_i","2.8","","0","2.6","Plate","plate","49","","","","","false","all","all","","","","","","","","","","","","","","","","","","","","","","","","","","","","","","","","true","","","","","","","","","","","","","","","","","","","","","","","","","","","","","","","","","","","","","","","","","","","","","","",""
"OSA","OSA_ar_reforms_head.xml","AR_lion_head_c","{=osa_ar_lion_head_c}Ridge Helmet With Lion Head","HeadArmor","Culture.empire","head_armor","AR_lion_head_c","4.8","","0","1","Plate","plate","48","","","","","false","type2","","","","","","","","","","","","","","","","","","","","","","","","","","","","","","","","","true","","","","","","","","","","","","","","","","","","","","","","","","","","","","","","","","","","","","","","","","","","","","","","",""
"OSA","OSA_ar_reforms_head.xml","AR_phrygian_helmet_a","{=osa_ar_phrygian_helmet_a}Dryatic Steel Decorated Bent Conical Helmet","HeadArmor","Culture.battania","head_armor","AR_phrygian_helmet_a","3.1","","0","3","Plate","plate","42","","","","","false","all","type2","","","","","","","","","","","","","","","","","","","","","","","","","","","","","","","","true","","","","","","","","false","","","","","","","","","","","","","","","","","","","","","","","","","","","","","","","","","","","","","","",""
"OSA","OSA_ar_reforms_head.xml","AR_phrygian_helmet_a2","{=osa_ar_phrygian_helmet_a2}Dryatic Brass Decorated Bent Conical Helmet","HeadArmor","Culture.battania","head_armor","AR_phrygian_helmet_a2","3.1","","0","3","Plate","plate","42","","","","","false","all","type2","","","","","","","","","","","","","","","","","","","","","","","","","","","","","","","","true","","","","","","","","false","","","","","","","","","","","","","","","","","","","","","","","","","","","","","","","","","","","","","","",""
"OSA","OSA_ar_reforms_head.xml","AR_phrygian_helmet_b","{=osa_ar_phrygian_helmet_b}Dryatic Steel Decorated Crested Bent Conical Helmet","HeadArmor","Culture.battania","head_armor","AR_phrygian_helmet_b","3.1","","0","3","Plate","plate","48","","","","","false","all","type2","","","","","","","","","","","","","","","","","","","","","","","","","","","","","","","","true","","","","","","","","false","","","","","","","","","","","","","","","","","","","","","","","","","","","","","","","","","","","","","","",""
"OSA","OSA_ar_reforms_head.xml","AR_phrygian_helmet_b2","{=osa_ar_phrygian_helmet_b2}Dryatic Brass Decorated Crested Bent Conical Helmet","HeadArmor","Culture.battania","head_armor","AR_phrygian_helmet_b2","3.1","","0","3","Plate","plate","48","","","","","false","all","type2","","","","","","","","","","","","","","","","","","","","","","","","","","","","","","","","true","","","","","","","","false","","","","","","","","","","","","","","","","","","","","","","","","","","","","","","","","","","","","","","",""
"OSA","OSA_ar_reforms_head.xml","AR_phrygian_helmet_c","{=osa_ar_phrygian_helmet_c}Dryatic Steel Bent Conical Helmet","HeadArmor","Culture.battania","head_armor","AR_phrygian_helmet_c","3.1","","0","3","Plate","plate","35","","","","","false","all","type2","","","","","","","","","","","","","","","","","","","","","","","","","","","","","","","","true","","","","","","","","false","","","","","","","","","","","","","","","","","","","","","","","","","","","","","","","","","","","","","","",""
"OSA","OSA_ar_reforms_head.xml","AR_phrygian_helmet_c2","{=osa_ar_phrygian_helmet_c2}Dryatic Brass Bent Conical Helmet","HeadArmor","Culture.battania","head_armor","AR_phrygian_helmet_c2","3.1","","0","3","Plate","plate","35","","","","","false","all","type2","","","","","","","","","","","","","","","","","","","","","","","","","","","","","","","","true","","","","","","","","false","","","","","","","","","","","","","","","","","","","","","","","","","","","","","","","","","","","","","","",""
"OSA","OSA_ar_reforms_head.xml","AR_sturgia_helmet_a","{=osa_ar_sturgia_helmet_a}Northern Nasalhelm Over Cloth","HeadArmor","Culture.sturgia","","AR_sturgia_helmet_a","1.4","","","1","Plate","plate","26","","","","","false","type3","all","","","","","","","","","","","","","","","","","","","","","","","","","","","","","","","","true","","","","","","","","","","","","","","","","","","","","","","","","","","","","","","","","","","","","","","","","","","","","","","",""
"OSA","OSA_ar_reforms_head.xml","AR_sturgia_helmet_b","{=osa_ar_sturgia_helmet_b}Northern Plumed Heavy Cavalry Helmet","HeadArmor","Culture.sturgia","","AR_sturgia_helmet_b","2.9","","","2","Plate","plate","27","","","","","false","all","none","","","","","","","","","","","","","","","","","","","","","","","","","","","","","","","","true","","","","","","","","","","","","","","","","","","","","","","","","","","","","","","","","","","","","","","","","","","","","","","",""
"OSA","OSA_ar_reforms_head.xml","AR_sturgia_helmet_base","{=osa_ar_sturgia_helmet_base}Northern Cavalry Helmet","HeadArmor","Culture.sturgia","","AR_sturgia_helmet_base","2.6","","","2","Plate","plate","22","","","","","false","type2","none","","","","","","","","","","","","","","","","","","","","","","","","","","","","","","","","true","","","","","","","","","","","","","","","","","","","","","","","","","","","","","","","","","","","","","","","","","","","","","","",""
"OSA","OSA_ar_reforms_head.xml","AR_sturgia_helmet_base_b","{=osa_ar_sturgia_helmet_base_b}Northern Light Cavalry Helmet","HeadArmor","Culture.sturgia","","AR_sturgia_helmet_base_b","2.6","","","2","Plate","plate","20","","","","","false","type2","none","","","","","","","","","","","","","","","","","","","","","","","","","","","","","","","","true","","","","","","","","","","","","","","","","","","","","","","","","","","","","","","","","","","","","","","","","","","","","","","",""
"OSA","OSA_ar_reforms_head.xml","AR_sturgia_helmet_c","{=osa_ar_sturgia_helmet_c}Northern Plumed Closed Cavalry Helmet","HeadArmor","Culture.sturgia","","AR_sturgia_helmet_c","3.4","","","1.3","Plate","plate","48","","","","","false","all","all","","","","","","","","","","","","","","","","","","","","","","","","","","","","","","","","true","","","","","","","","","","","","","","","","","","","","","","","","","","","","","","","","","","","","","","","","","","","","","","",""
"OSA","OSA_ar_reforms_head.xml","AR_sturgia_helmet_d","{=osa_ar_sturgia_helmet_d}Northern Feathered Nasal Helmet","HeadArmor","Culture.sturgia","","AR_sturgia_helmet_d","2.9","","","2","Plate","plate","27","","","","","false","all","none","","","","","","","","","","","","","","","","","","","","","","","","","","","","","","","","true","","","","","","","","","","","","","","","","","","","","","","","","","","","","","","","","","","","","","","","","","","","","","","",""
"OSA","OSA_ar_reforms_head.xml","AR_sturgia_helmet_e","{=osa_ar_sturgia_helmet_e}Spangenhelm Over Mail","HeadArmor","Culture.sturgia","head_armor","AR_sturgia_helmet_e","3.7","","0","2","Plate","plate","32","","","","","false","all","type2","","","","","","","","","","","","","","","","","","","","","","","","","","","","","","","","true","","","","","","","","","","","","","","","","","","","","","","","","","","","","","","","","","","","","","","","","","","","","","","",""
"OSA","OSA_ar_reforms_head.xml","AR_sturgia_helmet_f","{=osa_ar_sturgia_helmet_f}Spangenhelm Cap","HeadArmor","Culture.sturgia","head_armor","AR_sturgia_helmet_f","3.2","","0","1.3","Plate","plate","18","","","","","false","type1","none","","","","","","","","","","","","","","","","","","","","","","","","","","","","","","","","false","","","","","","","","","","","","","","","","","","","","","","","","","","","","","","","","","","","","","","","","","","","","","","",""
"OSA","OSA_ar_reforms_head.xml","AR_sturgia_helmet_g","{=osa_ar_sturgia_helmet_g}Furred Spangenhelm Cap","HeadArmor","Culture.sturgia","head_armor","AR_sturgia_helmet_g","3.2","","0","1.3","Plate","plate","19","","","","","false","type1","none","","","","","","","","","","","","","","","","","","","","","","","","","","","","","","","","false","","","","","","","","","","","","","","","","","","","","","","","","","","","","","","","","","","","","","","","","","","","","","","",""
"OSA","OSA_ar_reforms_head.xml","AR_sturgia_helmet_g2","{=osa_ar_sturgia_helmet_g2}Brown Furred Spangenhelm Cap","HeadArmor","Culture.sturgia","head_armor","AR_sturgia_helmet_g2","3.2","","0","1.3","Plate","plate","19","","","","","false","type1","none","","","","","","","","","","","","","","","","","","","","","","","","","","","","","","","","false","","","","","","","","","","","","","","","","","","","","","","","","","","","","","","","","","","","","","","","","","","","","","","",""
"OSA","OSA_ar_reforms_head.xml","AR_sturgia_helmet_h","{=osa_ar_sturgia_helmet_h}Furred Spangenhelm with Padded Cloth","HeadArmor","Culture.sturgia","head_armor","AR_sturgia_helmet_h","1.9","","0","1","Plate","plate","21","","","","","false","all","type3","","","","","","","","","","","","","","","","","","","","","","","","","","","","","","","","false","","","","","","","","","","","","","","","","","","","","","","","","","","","","","","","","","","","","","","","","","","","","","","",""
"OSA","OSA_ar_reforms_head.xml","AR_sturgia_helmet_h2","{=osa_ar_sturgia_helmet_h2}Brown Furred Spangenhelm with Padded Cloth","HeadArmor","Culture.sturgia","head_armor","AR_sturgia_helmet_h2","1.9","","0","1","Plate","plate","21","","","","","false","all","type3","","","","","","","","","","","","","","","","","","","","","","","","","","","","","","","","false","","","","","","","","","","","","","","","","","","","","","","","","","","","","","","","","","","","","","","","","","","","","","","",""
"OSA","OSA_ar_reforms_head.xml","AR_sturgia_helmet_i","{=osa_ar_sturgia_helmet_i}Furred Spangenhelm With Leather","HeadArmor","Culture.sturgia","head_armor","AR_sturgia_helmet_i","1.2","","0","1.6","Plate","plate","22","","","","","false","all","type2","","","","","","","","","","","","","","","","","","","","","","","","","","","","","","","","false","","","","","","","","","","","","","","","","","","","","","","","","","","","","","","","","","","","","","","","","","","","","","","",""
"OSA","OSA_ar_reforms_head.xml","AR_sturgia_helmet_i2","{=osa_ar_sturgia_helmet_i2}Brown Furred Spangenhelm With Leather","HeadArmor","Culture.sturgia","head_armor","AR_sturgia_helmet_i2","1.2","","0","1.6","Plate","plate","22","","","","","false","all","type2","","","","","","","","","","","","","","","","","","","","","","","","","","","","","","","","false","","","","","","","","","","","","","","","","","","","","","","","","","","","","","","","","","","","","","","","","","","","","","","",""
"OSA","OSA_ar_reforms_head.xml","AR_sturgia_helmet_j","{=osa_ar_sturgia_helmet_j}Furred Spangenhelm Over Mail","HeadArmor","Culture.sturgia","head_armor","AR_sturgia_helmet_j","3.7","","0","2","Plate","plate","32","","","","","false","all","type2","","","","","","","","","","","","","","","","","","","","","","","","","","","","","","","","false","","","","","","","","","","","","","","","","","","","","","","","","","","","","","","","","","","","","","","","","","","","","","","",""
"OSA","OSA_ar_reforms_head.xml","AR_sturgia_helmet_j2","{=osa_ar_sturgia_helmet_j2}Brown Furred Spangenhelm Over Mail","HeadArmor","Culture.sturgia","head_armor","AR_sturgia_helmet_j2","3.7","","0","2","Plate","plate","32","","","","","false","all","type2","","","","","","","","","","","","","","","","","","","","","","","","","","","","","","","","false","","","","","","","","","","","","","","","","","","","","","","","","","","","","","","","","","","","","","","","","","","","","","","",""
"OSA","OSA_ar_reforms_head.xml","AR_sturgia_helmet_k","{=osa_ar_sturgia_helmet_k}Northern Cap Helmet Over Leather","HeadArmor","Culture.sturgia","","AR_sturgia_helmet_k","1.9","","","1.5","Plate","plate","23","","","","","false","type3","none","","","","","","","","","","","","","","","","","","","","","","","","","","","","","","","","true","","","","","","","","","","","","","","","","","","","","","","","","","","","","","","","","","","","","","","","","","","","","","","",""
"OSA","OSA_ar_reforms_head.xml","AR_sturgia_helmet_l","{=osa_ar_sturgia_helmet_l}Northern Helmet With Leather","HeadArmor","Culture.sturgia","","AR_sturgia_helmet_l","1.8","","","1.6","Plate","plate","30","","","","","false","type3","none","","","","","","","","","","","","","","","","","","","","","","","","","","","","","","","","true","","","","","","","","","","","","","","","","","","","","","","","","","","","","","","","","","","","","","","","","","","","","","","",""
"OSA","OSA_ar_reforms_head.xml","AR_sturgia_helmet_l2","{=osa_ar_sturgia_helmet_l2}Northern Helmet With Mail","HeadArmor","Culture.sturgia","","AR_sturgia_helmet_l2","1.8","","","1.6","Plate","plate","32","","","","","false","type3","none","","","","","","","","","","","","","","","","","","","","","","","","","","","","","","","","true","","","","","","","","","","","","","","","","","","","","","","","","","","","","","","","","","","","","","","","","","","","","","","",""
"OSA","OSA_ar_reforms_head.xml","AR_sturgia_helmet_m","{=osa_ar_sturgia_helmet_m}Northern Pointed Helmet With Feather","HeadArmor","Culture.sturgia","head_armor","AR_sturgia_helmet_m","4.5","","0","2.2","Plate","plate","34","","","","","false","type3","none","","","","","","","","","","","","","","","","","","","","","","","","","","","","","","","","true","","","","","","","","","","","","","","","","","","","","","","","","","","","","","","","","","","","","","","","","","","","","","","",""
"OSA","OSA_ar_reforms_head.xml","AR_sturgia_helmet_n","{=osa_ar_sturgia_helmet_n}Cervelliere Over Open Mail","HeadArmor","Culture.vlandia","head_armor","AR_sturgia_helmet_n","3.7","","0","2","Plate","plate","32","","","","","false","all","type2","","","","","","","","","","","","","","","","","","","","","","","","","","","","","","","","true","","","","","","","","","","","","","","","","","","","","","","","","","","","","","","","","","","","","","","","","","","","","","","",""
"OSA","OSA_ar_reforms_head.xml","AR_vaegir_helmet_a","{=osa_ar_vaegir_helmet_a}Northern Spiked Helmet With Mail","HeadArmor","Culture.khuzait","head_armor","AR_vaegir_helmet_a","4.5","","0","2.2","Plate","plate","34","","","","","false","all","type2","","","","","","","","","","","","","","","","","","","","","","","","","","","","","","","","true","","","","","","","","","","","","","","","","","","","","","","","","","","","","","","","","","","","","","","","","","","","","","","",""
"OSA","OSA_ar_reforms_head.xml","AR_vaegir_helmet_b","{=osa_ar_vaegir_helmet_b}Varyag Nasalhelm With Fur","HeadArmor","Culture.sturgia","head_armor","AR_vaegir_helmet_b","1.8","","0","6","Plate","plate","20","","","","","false","type3","none","","","","","","","","","","","","","","","","","","","","","","","","","","","","","","","","true","","","","","","","","","","","","","","","","","","","","","","","","","","","","","","","","","","","","","","","","","","","","","","",""
"OSA","OSA_ar_reforms_head.xml","AR_vaegir_helmet_b2","{=osa_ar_vaegir_helmet_b2}Northern Nasalhelm With Fur","HeadArmor","Culture.sturgia","head_armor","AR_vaegir_helmet_b2","1.8","","0","6","Plate","plate","20","","","","","false","type3","none","","","","","","","","","","","","","","","","","","","","","","","","","","","","","","","","true","","","","","","","","","","","","","","","","","","","","","","","","","","","","","","","","","","","","","","","","","","","","","","",""
"OSA","OSA_ar_reforms_head.xml","AR_vaegir_helmet_c","{=osa_ar_vaegir_helmet_c}Northern Fur Spiked Helmet With Mail","HeadArmor","Culture.khuzait","head_armor","AR_vaegir_helmet_c","4.6","","0","2.2","Plate","plate","34","","","","","false","all","type2","","","","","","","","","","","","","","","","","","","","","","","","","","","","","","","","true","","","","","","","","","","","","","","","","","","","","","","","","","","","","","","","","","","","","","","","","","","","","","","",""
"OSA","OSA_ar_reforms_head.xml","AR_vaegir_helmet_d","{=osa_ar_vaegir_helmet_d}Northern Fur Vendel Helmet","HeadArmor","Culture.khuzait","","AR_vaegir_helmet_d","4","","","2.7","Plate","plate","51","","","","","false","all","all","","","","","","","","","","","","","","","","","","","","","","","","","","","","","","","","true","","","","","","","","","","","","","","","","","","","","","","","","","","","","","","","","","","","","","","","","","","","","","","",""
"OSA","OSA_ar_reforms_head.xml","AR_vaegir_helmet_e","{=osa_ar_vaegir_helmet_e}Northern Spiked Helmet Over Leather","HeadArmor","Culture.sturgia","","AR_vaegir_helmet_e","4","","","2.6","Plate","plate","42","","","","","false","type3","none","","","","","","","","","","","","","","","","","","","","","","","","","","","","","","","","true","","","","","","","","","","","","","","","","","","","","","","","","","","","","","","","","","","","","","","","","","","","","","","",""
"OSA","OSA_ar_reforms_head.xml","AR_vaegir_helmet_f","{=osa_ar_vaegir_helmet_f}Northern Fur Spiked Helmet Over Leather","HeadArmor","Culture.sturgia","","AR_vaegir_helmet_f","4","","","2.8","Plate","plate","42","","","","","false","type3","none","","","","","","","","","","","","","","","","","","","","","","","","","","","","","","","","true","","","","","","","","","","","","","","","","","","","","","","","","","","","","","","","","","","","","","","","","","","","","","","",""
"OSA","OSA_ar_reforms_head.xml","AR_vaegir_helmet_g","{=osa_ar_vaegir_helmet_g}Northern Spiked Helmet With Decorated Facemask","HeadArmor","Culture.sturgia","head_armor","AR_vaegir_helmet_g","4.5","","0","2.4","Plate","plate","51","","","","","false","all","all","","","","","","","","","","","","","","","","","","","","","","","","","","","","","","","","true","","","","","","","","","","","","","","","","","","","","","","","","","","","","","","","","","","","","","","","","","","","","","","",""
"OSA","OSA_ar_reforms_head.xml","AR_vlandia_helmet_c","{=osa_ar_vlandia_helmet_c}Decorated Heavy Skullcap Over Padded Cloth","HeadArmor","Culture.vlandia","head_armor","AR_vlandia_helmet_c","1.1","","0","1","Plate","plate","26","","","","","false","all","type2","","","","","","","","","","","","","","","","","","","","","","","","","","","","","","","","true","","","","","","","","","","","","","","","","","","","","","","","","","","","","","","","","","","","","","","","","","","","","","","",""
"OSA","OSA_ar_reforms_head.xml","AR_vlandia_helmet_c2","{=osa_ar_vlandia_helmet_c2}Feathered Heavy Skullcap Over Padded Cloth","HeadArmor","Culture.vlandia","head_armor","AR_vlandia_helmet_c2","1.1","","0","1","Plate","plate","27","","","","","false","all","type2","","","","","","","","","","","","","","","","","","","","","","","","","","","","","","","","true","","","","","","","","","","","","","","","","","","","","","","","","","","","","","","","","","","","","","","","","","","","","","","",""
"OSA","OSA_ar_reforms_head.xml","AR_vlandia_helmet_d","{=osa_ar_vlandia_helmet_d}Decorated Heavy Skullcap Over Mail Coif","HeadArmor","Culture.vlandia","","AR_vlandia_helmet_d","3.5","","","1","Plate","plate","32","","","","","false","all","type3","","","","","","","","","","","","","","","","","","","","","","","","","","","","","","","","true","","","","","","","","","","","","","","","","","","","","","","","","","","","","","","","","","","","","","","","","","","","","","","",""
"OSA","OSA_ar_reforms_head.xml","AR_vlandia_helmet_e","{=osa_ar_vlandia_helmet_e}Decorated Heavy Guarded Skullcap Over Mail Coif","HeadArmor","Culture.vlandia","","AR_vlandia_helmet_e","3.5","","","1","Plate","plate","34","","","","","false","all","type3","","","","","","","","","","","","","","","","","","","","","","","","","","","","","","","","true","","","","","","","","","","","","","","","","","","","","","","","","","","","","","","","","","","","","","","","","","","","","","","",""
"OSA","OSA_ar_reforms_head.xml","AR_vlandia_helmet_f","{=osa_ar_vlandia_helmet_f}Decorated Heavy Skullcap Over Laced Coif","HeadArmor","Culture.vlandia","","AR_vlandia_helmet_f","1.2","","","1","Plate","plate","20","","","","","false","all","type2","","","","","","","","","","","","","","","","","","","","","","","","","","","","","","","","true","","","","","","","","","","","","","","","","","","","","","","","","","","","","","","","","","","","","","","","","","","","","","","",""
"OSA","OSA_ar_reforms_head.xml","AR_vlandia_helmet_g","{=osa_ar_vlandia_helmet_g}Heavy Skullcap Over Leather","HeadArmor","Culture.vlandia","head_armor","AR_vlandia_helmet_g","1.1","","0","1","Plate","plate","17","","","","","false","type2","type2","","","","","","","","","","","","","","","","","","","","","","","","","","","","","","","","true","","","","","","","","","","","","","","","","","","","","","","","","","","","","","","","","","","","","","","","","","","","","","","",""
"OSA","OSA_ar_reforms_head.xml","AR_vlandia_helmet_h","{=osa_ar_vlandia_helmet_h}Heavy Skullcap With Faceguard","HeadArmor","Culture.vlandia","head_armor","AR_vlandia_helmet_h","1.1","","0","1","Plate","plate","18","","","","","false","type2","type2","","","","","","","","","","","","","","","","","","","","","","","","","","","","","","","","true","","","","","","","","","","","","","","","","","","","","","","","","","","","","","","","","","","","","","","","","","","","","","","",""
"OSA","OSA_ar_reforms_head.xml","AR_vlandia_helmet_i","{=osa_ar_vlandia_helmet_i}Nasal Helmet With Faceguard Over Mail","headArmor","Culture.vlandia","head_armor","AR_vlandia_helmet_i","3.6","","0","3","Plate","plate","39","","","","","false","all","type2","","","","","","","","","","","","","","","","","","","","","","","","","","","","","","","","true","","","","","","","","","","","","","","","","","","","","","","","","","","","","","","","","","","","","","","","","","","","","","","",""
"OSA","OSA_ar_reforms_head.xml","AR_vlandia_helmet_j","{=osa_ar_vlandia_helmet_j}Western Heavy Cevelliere Over Mail","headArmor","Culture.vlandia","head_armor","AR_vlandia_helmet_j","3.8","","0","3","Plate","plate","40","","","","","false","all","type2","","","","","","","","","","","","","","","","","","","","","","","","","","","","","","","","true","","","","","","","","","","","","","","","","","","","","","","","","","","","","","","","","","","","","","","","","","","","","","","",""
"OSA","OSA_ar_reforms_head.xml","AR_vlandia_helmet_k","{=osa_ar_vlandia_helmet_k}Western Spangenhelm Over Laced Coif","HeadArmor","Culture.vlandia","","AR_vlandia_helmet_k","1.2","","","1","Plate","plate","20","","","","","false","all","type2","","","","","","","","","","","","","","","","","","","","","","","","","","","","","","","","true","","","","","","","","","","","","","","","","","","","","","","","","","","","","","","","","","","","","","","","","","","","","","","",""
"OSA","OSA_ar_reforms_head.xml","AR_vlandia_helmet_l","{=osa_ar_vlandia_helmet_l}Western Spangenhelm Over Leather","HeadArmor","Culture.vlandia","head_armor","AR_vlandia_helmet_l","1.1","","0","1","Plate","plate","17","","","","","false","type2","type2","","","","","","","","","","","","","","","","","","","","","","","","","","","","","","","","true","","","","","","","","","","","","","","","","","","","","","","","","","","","","","","","","","","","","","","","","","","","","","","",""
"OSA","OSA_ar_reforms_head.xml","AR_vlandia_helmet_m","{=osa_ar_vlandia_helmet_m}Western Spangenhelm With Faceguard Over Mail","headArmor","Culture.vlandia","head_armor","AR_vlandia_helmet_m","3.6","","0","3","Plate","plate","39","","","","","false","all","type2","","","","","","","","","","","","","","","","","","","","","","","","","","","","","","","","true","","","","","","","","","","","","","","","","","","","","","","","","","","","","","","","","","","","","","","","","","","","","","","",""
"OSA","OSA_ar_reforms_head.xml","AR_vlandia_helmet_n","{=osa_ar_vlandia_helmet_n}Western Heavy Spangenhelm Over Mail","headArmor","Culture.vlandia","head_armor","AR_vlandia_helmet_n","3.8","","0","3","Plate","plate","40","","","","","false","all","type2","","","","","","","","","","","","","","","","","","","","","","","","","","","","","","","","true","","","","","","","","","","","","","","","","","","","","","","","","","","","","","","","","","","","","","","","","","","","","","","",""
"OSA","OSA_ar_reforms_head.xml","AR_vlandia_helmet_o","{=osa_ar_vlandia_helmet_o}Bronze Spangenhelm Over Cloth Coif","HeadArmor","Culture.vlandia","head_armor","AR_vlandia_helmet_o","1.1","","0","1","Plate","plate","20","","","","","false","type3","type2","","","","","","","","","","","","","","","","","","","","","","","","","","","","","","","","true","","","","","","","","","","","","","","","","","","","","","","","","","","","","","","","","","","","","","","","","","","","","","","",""
"OSA","OSA_ar_reforms_head.xml","AR_vlandia_helmet_p","{=osa_ar_vlandia_helmet_p}Bronze Spangenhelm Over Padded Coif","HeadArmor","Culture.vlandia","","AR_vlandia_helmet_p","1.2","","","1","Plate","plate","22","","","","","false","all","type2","","","","","","","","","","","","","","","","","","","","","","","","","","","","","","","","true","","","","","","","","","","","","","","","","","","","","","","","","","","","","","","","","","","","","","","","","","","","","","","",""
"OSA","OSA_ar_reforms_head.xml","AR_vlandia_helmet_q","{=osa_ar_vlandia_helmet_q}Bronze Plumed Spangenhelm Over Mail Coif","headArmor","Culture.vlandia","head_armor","AR_vlandia_helmet_q","3.6","","0","3","Plate","plate","39","","","","","false","all","type2","","","","","","","","","","","","","","","","","","","","","","","","","","","","","","","","true","","","","","","","","","","","","","","","","","","","","","","","","","","","","","","","","","","","","","","","","","","","","","","",""
"OSA","OSA_ar_reforms_head.xml","AR_vlandia_helmet_q2","{=osa_ar_vlandia_helmet_q2}Bronze Crested Spangenhelm Over Mail Coif","headArmor","Culture.vlandia","head_armor","AR_vlandia_helmet_q2","3.6","","0","3","Plate","plate","39","","","","","false","all","type2","","","","","","","","","","","","","","","","","","","","","","","","","","","","","","","","true","","","","","","","","","","","","","","","","","","","","","","","","","","","","","","","","","","","","","","","","","","","","","","",""
"OSA","OSA_ar_reforms_head.xml","AR_vlandia_helmet_r","{=osa_ar_vlandia_helmet_r}Bronze Plumed Spangenhelm Over Plated Mail Coif","HeadArmor","Culture.vlandia","head_armor","AR_vlandia_helmet_r","3.9","","0","3.2","Plate","plate","50","","","","","false","all","type3","","","","","","","","","","","","","","","","","","","","","","","","","","","","","","","","true","","","","","","","","","","","","","","","","","","","","","","","","","","","","","","","","","","","","","","","","","","","","","","",""
"OSA","OSA_ar_reforms_head.xml","AR_vlandia_helmet_r2","{=osa_ar_vlandia_helmet_r2}Bronze Crested Spangenhelm Over Plated Mail Coif","HeadArmor","Culture.vlandia","head_armor","AR_vlandia_helmet_r2","3.9","","0","3.2","Plate","plate","50","","","","","false","all","type3","","","","","","","","","","","","","","","","","","","","","","","","","","","","","","","","true","","","","","","","","","","","","","","","","","","","","","","","","","","","","","","","","","","","","","","","","","","","","","","",""
"OSA","OSA_ar_reforms_head.xml","AR_vlandia_helmet_s","{=osa_ar_vlandia_helmet_s}Western Peaked Cataphract's Helmet","HeadArmor","Culture.vlandia","head_armor","AR_vlandia_helmet_s","4.4","","0","3","Plate","plate","50","","","","","false","all","all","","","","","","","","","","","","","","","","","","","","","","","","","","","","","","","","true","","","","","","","","","","","","","","","","","","","","","","","","","","","","","","","","","","","","","","","","","","","","","","",""
"OSA","OSA_ar_reforms_head.xml","AR_vlandia_helmet_t","{=osa_ar_vlandia_helmet_t}Western Cataphract's Helmet","headArmor","Culture.vlandia","head_armor","AR_vlandia_helmet_t","3.7","","0","3","Plate","plate","52","","","","","true","all","all","","","","","","","","","","","","","","","","","","","","","","","","","","","","","","","","true","","","","","","","","","","","","","","","","","","","","","","","","","","","","","","","","","","","","","","","","","","","","","","",""
"OSA","OSA_ar_reforms_head.xml","AR_vlandia_helmet_w","{=osa_ar_vlandia_helmet_w}Western Open Banded Helmet With Faceguard","HeadArmor","Culture.vlandia","head_armor","AR_vlandia_helmet_w","3.4","","0","1.3","Plate","plate","21","","","","","false","type2","type2","","","","","","","","","","","","","","","","","","","","","","","","","","","","","","","","true","","","","","","","","","","","","","","","","","","","","","","","","","","","","","","","","","","","","","","","","","","","","","","",""
"OSA","OSA_ar_reforms_head.xml","AR_vlandia_helmet_x","{=osa_ar_vlandia_helmet_x}Western Banded Nasalhelm with Faceguard","HeadArmor","Culture.vlandia","head_armor","AR_vlandia_helmet_x","3.7","","0","1.3","Plate","plate","30","","","","","false","type2","type2","","","","","","","","","","","","","","","","","","","","","","","","","","","","","","","","true","","","","","","","","","","","","","","","","","","","","","","","","","","","","","","","","","","","","","","","","","","","","","","",""
"OSA","OSA_ar_reforms_head.xml","AR_vlandia_helmet_y","{=osa_ar_vlandia_helmet_y}Western Plumed Goggled Bandedhelm Over Mail","HeadArmor","Culture.vlandia","head_armor","AR_vlandia_helmet_y","2.2","","0","1","Plate","plate","41","","","","","false","type3","type2","","","","","","","","","","","","","","","","","","","","","","","","","","","","","","","","true","","","","","","","","","","","","","","","","","","","","","","","","","","","","","","","","","","","","","","","","","","","","","","",""
"OSA","OSA_ar_reforms_head.xml","AR_vlandia_helmet_z","{=osa_ar_vlandia_helmet_z}Western Visored Ridge Helmet Over Cloth","HeadArmor","Culture.vlandia","head_armor","AR_vlandia_helmet_z","1.8","","0","1","Plate","plate","37","","","","","false","type3","type3","","","","","","","","","","","","","","","","","","","","","","","","","","","","","","","","true","","","","","","","","","","","","","","","","","","","","","","","","","","","","","","","","","","","","","","","","","","","","","","",""
"OSA","OSA_ar_reforms_head.xml","AR_vlandia_helmet_z2","{=osa_ar_vlandia_helmet_z2}Western Visored Ridge Helmet Over Mail","HeadArmor","Culture.vlandia","head_armor","AR_vlandia_helmet_z2","2.2","","0","1","Plate","plate","42","","","","","false","type3","type3","","","","","","","","","","","","","","","","","","","","","","","","","","","","","","","","true","","","","","","","","","","","","","","","","","","","","","","","","","","","","","","","","","","","","","","","","","","","","","","",""
"OSA","OSA_ar_reforms_head.xml","AR_vlandia_lord_helmet_a","{=osa_ar_vlandia_lord_helmet_a}Western Noble Nasalhelm With Feather Crest","headArmor","Culture.vlandia","head_armor","AR_vlandia_lord_helmet_a","3.7","","0","3","Plate","plate","51","","","","","true","all","all","","","","","","","","","","","","","","","","","","","","","","","","","","","","","","","","true","","","","","","","","","","","","","","","","","","","","","","","","","","","","","","","","","","","","","","","","","","","","","","",""
"OSA","OSA_ar_reforms_head.xml","AR_vlandia_lord_helmet_c","{=osa_ar_vlandia_lord_helmet_c}Western Noble Goggled Bandedhelm","HeadArmor","Culture.vlandia","head_armor","AR_vlandia_lore_helmet_c","2.2","","0","1","Plate","plate","44","","","","","false","all","type3","","","","","","","","","","","","","","","","","","","","","","","","","","","","","","","","true","","","","","","","","","","","","","","","","","","","","","","","","","","","","","","","","","","","","","","","","","","","","","","",""
"OSA","OSA_ar_reforms_head.xml","AR_vlandia_lord_helmet_d","{=osa_ar_vlandia_lord_helmet_d}Western Noble Ridge Helmet With Faceplate","HeadArmor","Culture.vlandia","head_armor","AR_vlandia_lore_helmet_d","2.2","","0","1","Plate","plate","52","","","","","false","all","type3","","","","","","","","","","","","","","","","","","","","","","","","","","","","","","","","true","","","","","","","","","","","","","","","","","","","","","","","","","","","","","","","","","","","","","","","","","","","","","","",""
"OSA","OSA_ar_reforms_head.xml","AR_vlandian_crown_mask_a","{=osa_ar_vlandian_crown_mask_a}Western Crowned Mask","headArmor","Culture.vlandia","head_armor","AR_vlandian_crown_mask_a","3.7","","0","3","Plate","plate","38","","","","","true","all","all","","","","","","","","","","","","","","","","","","","","","","","","","","","","","","","","true","","","","","","","","","","","","","","","","","","","","","","","","","","","","","","","","","","","","","","","","","","","","","","",""
"OSA","OSA_ar_reforms_head.xml","AR_vlandian_crown_mask_b","{=osa_ar_vlandian_crown_mask_b}Western Crowned Mask Helmet","headArmor","Culture.vlandia","head_armor","AR_vlandian_crown_mask_b","3.7","","0","3","Plate","plate","50","","","","","true","all","all","","","","","","","","","","","","","","","","","","","","","","","","","","","","","","","","true","","","","","","","","","","","","","","","","","","","","","","","","","","","","","","","","","","","","","","","","","","","","","","",""
"OSA","OSA_ar_reforms_head.xml","AR_vlandian_knights_helmet_a","{=osa_ar_vlandian_knights_helmet_a}Western Knight's Helmet","headArmor","Culture.vlandia","head_armor","AR_vlandian_knights_helmet_a","3.7","","0","3","Plate","plate","42","","","","","false","all","type2","","","","","","","","","","","","","","","","","","","","","","","","","","","","","","","","true","","","","","","","","","","","","","","","","","","","","","","","","","","","","","","","","","","","","","","","","","","","","","","",""
"OSA","OSA_ar_reforms_head.xml","AR_vlandian_knights_helmet_b","{=osa_ar_vlandian_knights_helmet_b}Western Feathered Knight's Helmet","headArmor","Culture.vlandia","head_armor","AR_vlandian_knights_helmet_b","3.7","","0","3","Plate","plate","42","","","","","false","all","type2","","","","","","","","","","","","","","","","","","","","","","","","","","","","","","","","true","","","","","","","","","","","","","","","","","","","","","","","","","","","","","","","","","","","","","","","","","","","","","","",""
"OSA","OSA_ar_reforms_head.xml","AR_vlandian_knights_helmet_c","{=osa_ar_vlandian_knights_helmet_c}Western Guarded Knight's Helmet","headArmor","Culture.vlandia","head_armor","AR_vlandian_knights_helmet_c","3.8","","0","3","Plate","plate","44","","","","","false","all","type2","","","","","","","","","","","","","","","","","","","","","","","","","","","","","","","","true","","","","","","","","","","","","","","","","","","","","","","","","","","","","","","","","","","","","","","","","","","","","","","",""
"OSA","OSA_ar_reforms_head.xml","AR_vlandia_royal_helmet_a","{=osa_ar_vlandia_royal_helmet_a}Western Royal Cataphract's Helmet","headArmor","Culture.vlandia","head_armor","AR_vlandia_royal_helmet_a","3.7","","0","3","Plate","plate","52","","","","","false","all","all","","","","","","","","","","","","","","","","","","","","","","","","","","","","","","","","false","","","","","","","","false","","","","","","","","","","","","","","","","","","","","","","","","","","","","","","","","","","","","","","",""
"OSA","OSA_ar_reforms_head.xml","AR_vlandia_royal_helmet_b","{=osa_ar_vlandia_royal_helmet_b}Western Royal Cataphract's Shrouded Helmet","headArmor","Culture.vlandia","head_armor","AR_vlandia_royal_helmet_b","3.7","","0","3","Plate","plate","52","","","","","false","all","all","","","","","","","","","","","","","","","","","","","","","","","","","","","","","","","","false","","","","","","","","false","","","","","","","","","","","","","","","","","","","","","","","","","","","","","","","","","","","","","","",""
"OSA","OSA_ar_reforms_shoulder.xml","AR_aserai_lamellar_cape_a","{=osa_ar_aserai_lamellar_cape_a}Southern Gilded Lamellar With Long Cape","Cape","Culture.aserai","","AR_aserai_lamellar_cape_a","3.9","","","4","Plate","plate","","18","9","","","","","","","","","","","","","","","","","","","","","","","","","","","","","","","","","","","","","true","","","","","","","","","","","","","","","","","","","","","","","","","","","","","","","","","","","","","","","","","","","","","","",""
"OSA","OSA_ar_reforms_shoulder.xml","AR_aserai_lamellar_cape_b","{=osa_ar_aserai_lamellar_cape_b}Southern Gilded Lamellar With Cape","Cape","Culture.aserai","","AR_aserai_lamellar_cape_b","3.9","","","4","Plate","plate","","18","9","","","","","","","","","","","","","","","","","","","","","","","","","","","","","","","","","","","","","true","","","","","","","","","","","","","","","","","","","","","","","","","","","","","","","","","","","","","","","","","","","","","","",""
"OSA","OSA_ar_reforms_shoulder.xml","AR_aserai_scarf_a","{=osa_ar_aserai_scarf_a}Southern Cloth Cape","Cape","Culture.aserai","body_armor","AR_aserai_scarf_a","0.5","","","1","Cloth","cloth_unarmoured","","2","","","","","","","","","","","","","","","","","","","","","","","","","","","","","","","","true","","","","","","true","","","","","","","","","","","","","","","","","","","","","","","","","","","","","","","","","","","","","","","","","","","","","","",""
"OSA","OSA_ar_reforms_shoulder.xml","AR_aserai_scale_cape_a","{=osa_ar_aserai_scale_cape_a}Desert Scale Shoulders With Cape","Cape","Culture.aserai","","AR_aserai_scale_cape_a","3.9","","","4","Plate","plate","","16","8","","","","","","","","","","","","","","","","","","","","","","","","","","","","","","","","","","","","","true","","","","","","","","","","","","","","","","","","","","","","","","","","","","","","","","","","","","","","","","","","","","","","",""
"OSA","OSA_ar_reforms_shoulder.xml","AR_aserai_scale_cape_a2","{=osa_ar_aserai_scale_cape_a2}Desert Brass Scale Shoulders With Cape","Cape","Culture.aserai","","AR_aserai_scale_cape_a2","3.9","","","4","Plate","plate","","16","8","","","","","","","","","","","","","","","","","","","","","","","","","","","","","","","","","","","","","true","","","","","","","","","","","","","","","","","","","","","","","","","","","","","","","","","","","","","","","","","","","","","","",""
"OSA","OSA_ar_reforms_shoulder.xml","AR_aserai_scale_cape_b","{=osa_ar_aserai_scale_cape_b}Long Sleeved Brass Scale Shoulder Guards With Cape","Cape","Culture.aserai","","AR_aserai_scale_cape_b","2.2","","","5","Plate","plate","","16","8","","","","","","","","","","","","","","","","","","","","","","","","","","","","","","","","","","","","","true","","","","","","","","","","","","","","","","","","","","","","","","","","","","","","","","","","","","","","","","","","","","","","",""
"OSA","OSA_ar_reforms_shoulder.xml","AR_aserai_scale_cape_b2","{=osa_ar_aserai_scale_cape_b2}Long Sleeved Iron Scale Shoulder Guards With Cape","Cape","Culture.aserai","","AR_aserai_scale_cape_b2","2.2","","","5","Plate","plate","","16","8","","","","","","","","","","","","","","","","","","","","","","","","","","","","","","","","","","","","","true","","","","","","","","","","","","","","","","","","","","","","","","","","","","","","","","","","","","","","","","","","","","","","",""
"OSA","OSA_ar_reforms_shoulder.xml","AR_aserai_scale_cape_c","{=osa_ar_aserai_scale_cape_c}Decorated Long Sleeve Brass Scale Pauldrons With Cape","Cape","Culture.aserai","","AR_aserai_scale_cape_c","2.8","","","7","Plate","plate","","6","10","","","","","","","","","","","","","","","","","","","","","","","","","","","","","","","","","","","","","true","","","","","","","","","","","","","","","","","","","","","","","","","","","","","","","","","","","","","","","","","","","","","","",""
"OSA","OSA_ar_reforms_shoulder.xml","AR_aserai_scale_cape_c2","{=osa_ar_aserai_scale_cape_c2}Decorated Long Sleeve Iron Scale Pauldrons With Cape","Cape","Culture.aserai","","AR_aserai_scale_cape_c2","2.8","","","7","Plate","plate","","6","10","","","","","","","","","","","","","","","","","","","","","","","","","","","","","","","","","","","","","true","","","","","","","","","","","","","","","","","","","","","","","","","","","","","","","","","","","","","","","","","","","","","","",""
"OSA","OSA_ar_reforms_shoulder.xml","AR_aserai_shoulder_a","{=osa_ar_aserai_shoulder_a}Desert Scale Shoulders With Leopard Pelt","Cape","Culture.aserai","","AR_aserai_shoulder_a","4.3","","","4","Plate","plate","","16","8","","","","","","","","","","","","","","","","","","","","","","","","","","","","","","","","","","","","","true","","","","","","","","","","","","","","","","","","","","","","","","","","","","","","","","","","","","","","","","","","","","","","",""
"OSA","OSA_ar_reforms_shoulder.xml","AR_aserai_shoulder_a2","{=osa_ar_aserai_shoulder_a2}Desert Brass Scale Shoulders With Leopard Pelt","Cape","Culture.aserai","","AR_aserai_shoulder_a2","4.3","","","4","Plate","plate","","16","8","","","","","","","","","","","","","","","","","","","","","","","","","","","","","","","","","","","","","true","","","","","","","","","","","","","","","","","","","","","","","","","","","","","","","","","","","","","","","","","","","","","","",""
"OSA","OSA_ar_reforms_shoulder.xml","AR_aserai_shoulder_e","{=osa_ar_aserai_shoulder_e}Southern Reinforced Leather Shoulders","Cape","Culture.aserai","","AR_aserai_shoulder_e","4.2","","","3","Plate","plate","","10","8","","","","","","","","","","","","","","","","","","","","","","","","","","","","","","","","","","","","","true","","","","","","","","","","","","","","","","","","","","","","","","","","","","","","","","","","","","","","","","","","","","","","",""
"OSA","OSA_ar_reforms_shoulder.xml","AR_aserai_shoulder_f","{=osa_ar_aserai_shoulder_f}Southern Leather Shoulders","Cape","Culture.aserai","","AR_aserai_shoulder_f","4","","","3","Plate","plate","","5","7","","","","","","","","","","","","","","","","","","","","","","","","","","","","","","","","","","","","","true","","","","","","","","","","","","","","","","","","","","","","","","","","","","","","","","","","","","","","","","","","","","","","",""
"OSA","OSA_ar_reforms_shoulder.xml","AR_aserai_shoulder_g","{=osa_ar_aserai_shoulder_g}Southern Leather Pauldrons","Cape","Culture.aserai","","AR_aserai_shoulder_g","2","","","3","Plate","plate","","2","8","","","","","","","","","","","","","","","","","","","","","","","","","","","","","","","","","","","","","true","","","","","","","","","","","","","","","","","","","","","","","","","","","","","","","","","","","","","","","","","","","","","","",""
"OSA","OSA_ar_reforms_shoulder.xml","AR_aserai_shoulder_h","{=osa_ar_aserai_shoulder_h}Southern Nomad Sash","Cape","Culture.aserai","body_armor","AR_aserai_shoulder_h","0.5","","","1","Cloth","cloth_unarmoured","","4","","","","true","","","","","","","","","","","","","","","","","","","","","","","","","","","","true","","","","","","true","","","","","","","","","","","","","","","","","","","","","","","","","","","","","","","","","","","","","","","","","","","","","","",""
"OSA","OSA_ar_reforms_shoulder.xml","AR_aserai_shoulder_i","{=osa_ar_aserai_shoulder_i}Southern Nomad Sash With Leopard Pelt","Cape","Culture.aserai","body_armor","AR_aserai_shoulder_i","0.5","","","1","Leather","leather","","5","","","","true","","","","","","","","","","","","","","","","","","","","","","","","","","","","true","","","","","","true","","","","","","","","","","","","","","","","","","","","","","","","","","","","","","","","","","","","","","","","","","","","","","",""
"OSA","OSA_ar_reforms_shoulder.xml","AR_aserai_shoulder_j","{=osa_ar_aserai_shoulder_j}Southern Nomad Sash With Zebra Skin","Cape","Culture.aserai","body_armor","AR_aserai_shoulder_j","0.5","","","1","Leather","leather","","5","","","","true","","","","","","","","","","","","","","","","","","","","","","","","","","","","true","","","","","","true","","","","","","","","","","","","","","","","","","","","","","","","","","","","","","","","","","","","","","","","","","","","","","",""
"OSA","OSA_ar_reforms_shoulder.xml","AR_aserai_shoulder_k","{=osa_ar_aserai_shoulder_k}Zebra Skin","Cape","Culture.aserai","","AR_aserai_shoulder_k","2.0","","","4","Leather","leather","","4","","","","","","","","","","","","","","","","","","","","","","","","","","","","","","","","true","","","","","","true","","","","","","","","","","","","","","","","","","","","","","","","","","","","","","","","","","","","","","","","","","","","","","",""
"OSA","OSA_ar_reforms_shoulder.xml","AR_aserai_shoulder_l","{=osa_ar_aserai_shoulder_l}Studded Brass Neckguard With Zebra Skin","Cape","Culture.aserai","","AR_aserai_shoulder_l","3.8","","","2","Plate","plate","","16","0","","","","","","","","","","","","","","","","","","","","","","","","","","","","","","","","","","","","","true","","","","","","","","","","","","","","","","","","","","","","","","","","","","","","","","","","","","","","","","","","","","","","",""
"OSA","OSA_ar_reforms_shoulder.xml","AR_aserai_shoulder_m","{=osa_ar_aserai_shoulder_m}Studded Iron Neckguard With Zebra Skin","Cape","Culture.aserai","","AR_aserai_shoulder_m","3.8","","","2","Plate","plate","","16","0","","","","","","","","","","","","","","","","","","","","","","","","","","","","","","","","","","","","","true","","","","","","","","","","","","","","","","","","","","","","","","","","","","","","","","","","","","","","","","","","","","","","",""
"OSA","OSA_ar_reforms_shoulder.xml","AR_aserai_shoulder_o","{=osa_ar_aserai_shoulder_o}Desert Scale Shoulders With Zebra Skin","Cape","Culture.aserai","","AR_aserai_shoulder_o","4.3","","","4","Plate","plate","","16","8","","","","","","","","","","","","","","","","","","","","","","","","","","","","","","","","","","","","","true","","","","","","","","","","","","","","","","","","","","","","","","","","","","","","","","","","","","","","","","","","","","","","",""
"OSA","OSA_ar_reforms_shoulder.xml","AR_aserai_shoulder_o2","{=osa_ar_aserai_shoulder_o2}Desert Brass Scale Shoulders With Zebra Skin","Cape","Culture.aserai","","AR_aserai_shoulder_o2","4.3","","","4","Plate","plate","","16","8","","","","","","","","","","","","","","","","","","","","","","","","","","","","","","","","","","","","","true","","","","","","","","","","","","","","","","","","","","","","","","","","","","","","","","","","","","","","","","","","","","","","",""
"OSA","OSA_ar_reforms_shoulder.xml","AR_aserai_shoulder_p","{=osa_ar_aserai_shoulder_p}Southern Nomad Sash With Lion Pelt","Cape","Culture.aserai","body_armor","AR_aserai_shoulder_p","0.5","","","1","Leather","leather","","5","","","","true","","","","","","","","","","","","","","","","","","","","","","","","","","","","true","","","","","","true","","","","","","","","","","","","","","","","","","","","","","","","","","","","","","","","","","","","","","","","","","","","","","",""
"OSA","OSA_ar_reforms_shoulder.xml","AR_aserai_shoulder_q","{=osa_ar_aserai_shoulder_q}Lion Pelt","Cape","Culture.aserai","","AR_aserai_shoulder_q","2.0","","","4","Leather","leather","","4","","","","","","","","","","","","","","","","","","","","","","","","","","","","","","","","true","","","","","","true","","","","","","","","","","","","","","","","","","","","","","","","","","","","","","","","","","","","","","","","","","","","","","",""
"OSA","OSA_ar_reforms_shoulder.xml","AR_aserai_shoulder_r","{=osa_ar_aserai_shoulder_r}Studded Brass Neckguard With Lion Pelt","Cape","Culture.aserai","","AR_aserai_shoulder_r","3.8","","","2","Plate","plate","","16","0","","","","","","","","","","","","","","","","","","","","","","","","","","","","","","","","","","","","","true","","","","","","","","","","","","","","","","","","","","","","","","","","","","","","","","","","","","","","","","","","","","","","",""
"OSA","OSA_ar_reforms_shoulder.xml","AR_aserai_shoulder_s","{=osa_ar_aserai_shoulder_s}Studded Iron Neckguard With Lion Pelt","Cape","Culture.aserai","","AR_aserai_shoulder_s","3.8","","","2","Plate","plate","","16","0","","","","","","","","","","","","","","","","","","","","","","","","","","","","","","","","","","","","","true","","","","","","","","","","","","","","","","","","","","","","","","","","","","","","","","","","","","","","","","","","","","","","",""
"OSA","OSA_ar_reforms_shoulder.xml","AR_aserai_shoulder_t","{=osa_ar_aserai_shoulder_t}Desert Scale Shoulders With Lion Pelt","Cape","Culture.aserai","","AR_aserai_shoulder_t","4.3","","","4","Plate","plate","","16","8","","","","","","","","","","","","","","","","","","","","","","","","","","","","","","","","","","","","","true","","","","","","","","","","","","","","","","","","","","","","","","","","","","","","","","","","","","","","","","","","","","","","",""
"OSA","OSA_ar_reforms_shoulder.xml","AR_aserai_shoulder_t2","{=osa_ar_aserai_shoulder_t2}Desert Brass Scale Shoulders With Lion Pelt","Cape","Culture.aserai","","AR_aserai_shoulder_t2","4.3","","","4","Plate","plate","","16","8","","","","","","","","","","","","","","","","","","","","","","","","","","","","","","","","","","","","","true","","","","","","","","","","","","","","","","","","","","","","","","","","","","","","","","","","","","","","","","","","","","","","",""
"OSA","OSA_ar_reforms_shoulder.xml","AR_aserai_shoulder_u","{=osa_ar_aserai_shoulder_u}Southern Reinforced Leather Shoulders With Long Cape","Cape","Culture.aserai","","AR_aserai_shoulder_u","4.2","","","3","Plate","plate","","10","8","","","","","","","","","","","","","","","","","","","","","","","","","","","","","","","","","","","","","true","","","","","","","","","","","","","","","","","","","","","","","","","","","","","","","","","","","","","","","","","","","","","","",""
"OSA","OSA_ar_reforms_shoulder.xml","AR_aserai_shoulder_u2","{=osa_ar_aserai_shoulder_u2}Desert Reinforced Leather Shoulders With Cape","Cape","Culture.aserai","","AR_aserai_shoulder_u2","4.2","","","3","Plate","plate","","10","8","","","","","","","","","","","","","","","","","","","","","","","","","","","","","","","","","","","","","true","","","","","","","","","","","","","","","","","","","","","","","","","","","","","","","","","","","","","","","","","","","","","","",""
"OSA","OSA_ar_reforms_shoulder.xml","AR_aserai_shoulder_v","{=osa_ar_aserai_shoulder_v}Southern Patterned Cloth Pauldrons","Cape","Culture.aserai","","AR_aserai_shoulder_v","2","","","3","Plate","plate","","2","8","","","","","","","","","","","","","","","","","","","","","","","","","","","","","","","true","","","","","","true","","","","","","","","","","","","","","","","","","","","","","","","","","","","","","","","","","","","","","","","","","","","","","",""
"OSA","OSA_ar_reforms_shoulder.xml","AR_aserai_shoulder_v2","{=osa_ar_aserai_shoulder_v2}Southern Cloth Pauldrons","Cape","Culture.aserai","","AR_aserai_shoulder_v2","2","","","3","Plate","plate","","2","8","","","","","","","","","","","","","","","","","","","","","","","","","","","","","","","true","","","","","","true","","","","","","","","","","","","","","","","","","","","","","","","","","","","","","","","","","","","","","","","","","","","","","",""
"OSA","OSA_ar_reforms_shoulder.xml","AR_aserai_shoulder_w","{=osa_ar_aserai_shoulder_w}Southern Heavy Lamellar Shoulders With Cape","Cape","Culture.khuzait","","AR_aserai_shoulder_w","4.5","","","","Plate","plate","","16","8","","","","","","","","","","","","","","","","","","","","","","","","","","","","","","","","","","","","","true","","","","","","","","","","","","","","","","","","","","","","","","","","","","","","","","","","","","","","","","","","","","","","",""
"OSA","OSA_ar_reforms_shoulder.xml","AR_aserai_shoulder_w2","{=osa_ar_aserai_shoulder_w2}Eastern Heavy Lamellar Shoulders With Cape","Cape","Culture.khuzait","","AR_aserai_shoulder_w2","4.5","","","","Plate","plate","","16","8","","","","","","","","","","","","","","","","","","","","","","","","","","","","","","","","","","","","","true","","","","","","","","","","","","","","","","","","","","","","","","","","","","","","","","","","","","","","","","","","","","","","",""
"OSA","OSA_ar_reforms_shoulder.xml","AR_aserai_shoulder_x","{=osa_ar_aserai_shoulder_x}Stitched Cloth Shoulders","Cape","Culture.aserai","","AR_aserai_shoulder_x","1.5","","","1","Leather","leather","","5","","","","","","","","","","","","","","","","","","","","","","","","","","","","","","","","","","","","","","true","","","","","","","","","","","","","","","","","","","","","","","","","","","","","","","","","","","","","","","","","","","","","","",""
"OSA","OSA_ar_reforms_shoulder.xml","AR_aserai_shoulder_y","{=osa_ar_aserai_shoulder_y}Southern Mail Shoulders With Leopard Pelt","Cape","Culture.aserai","","AR_aserai_shoulder_y","4","","","3","Chainmail","chain","","14","7","","","","","","","","","","","","","","","","","","","","","","","","","","","","","","","","","","","","","true","","","","","","","","","","","","","","","","","","","","","","","","","","","","","","","","","","","","","","","","","","","","","","",""
"OSA","OSA_ar_reforms_shoulder.xml","AR_aserai_shoulder_y2","{=osa_ar_aserai_shoulder_y2}Southern Mail Shoulders With Zebra Skin","Cape","Culture.aserai","","AR_aserai_shoulder_y2","4","","","3","Chainmail","chain","","14","7","","","","","","","","","","","","","","","","","","","","","","","","","","","","","","","","","","","","","true","","","","","","","","","","","","","","","","","","","","","","","","","","","","","","","","","","","","","","","","","","","","","","",""
"OSA","OSA_ar_reforms_shoulder.xml","AR_aserai_shoulder_y3","{=osa_ar_aserai_shoulder_y3}Southern Mail Shoulders With Lion Pelt","Cape","Culture.aserai","","AR_aserai_shoulder_y3","4","","","3","Chainmail","chain","","14","7","","","","","","","","","","","","","","","","","","","","","","","","","","","","","","","","","","","","","true","","","","","","","","","","","","","","","","","","","","","","","","","","","","","","","","","","","","","","","","","","","","","","",""
"OSA","OSA_ar_reforms_shoulder.xml","AR_aserai_scale_shoulder_a","{=osa_ar_aserai_scale_shoulder_a}Iron Scale Shoulder Guards","Cape","Culture.aserai","","AR_aserai_scale_shoulder_a","1.8","","","5","Plate","plate","","16","4","","","","","","","","","","","","","","","","","","","","","","","","","","","","","","","","","","","","","true","","","","","","","","","","","","","","","","","","","","","","","","","","","","","","","","","","","","","","","","","","","","","","",""
"OSA","OSA_ar_reforms_shoulder.xml","AR_aserai_scale_shoulder_b","{=osa_ar_aserai_scale_shoulder_b}Long Sleeved Iron Scale Shoulder Guards","Cape","Culture.aserai","","AR_aserai_scale_shoulder_b","2.2","","","5","Plate","plate","","16","8","","","","","","","","","","","","","","","","","","","","","","","","","","","","","","","","","","","","","true","","","","","","","","","","","","","","","","","","","","","","","","","","","","","","","","","","","","","","","","","","","","","","",""
"OSA","OSA_ar_reforms_shoulder.xml","AR_aserai_scale_shoulder_c","{=osa_ar_aserai_scale_shoulder_c}Iron Scale Pauldrons","Cape","Culture.aserai","","AR_aserai_scale_shoulder_c","1.9","","","6","Plate","plate","","8","10","","","","","","","","","","","","","","","","","","","","","","","","","","","","","","","","","","","","","true","","","","","","","","","","","","","","","","","","","","","","","","","","","","","","","","","","","","","","","","","","","","","","",""
"OSA","OSA_ar_reforms_shoulder.xml","AR_aserai_scale_shoulder_d","{=osa_ar_aserai_scale_shoulder_d}Decorated Iron Scale Pauldrons","Cape","Culture.aserai","","AR_aserai_scale_shoulder_d","2.4","","","7","Plate","plate","","6","8","","","","","","","","","","","","","","","","","","","","","","","","","","","","","","","","","","","","","true","","","","","","","","","","","","","","","","","","","","","","","","","","","","","","","","","","","","","","","","","","","","","","",""
"OSA","OSA_ar_reforms_shoulder.xml","AR_aserai_scale_shoulder_e","{=osa_ar_aserai_scale_shoulder_e}Decorated Long Sleeve Iron Scale Pauldrons","Cape","Culture.aserai","","AR_aserai_scale_shoulder_e","2.8","","","7","Plate","plate","","6","10","","","","","","","","","","","","","","","","","","","","","","","","","","","","","","","","","","","","","true","","","","","","","","","","","","","","","","","","","","","","","","","","","","","","","","","","","","","","","","","","","","","","",""
"OSA","OSA_ar_reforms_shoulder.xml","AR_battanian_shoulder_a","{=osa_ar_battanian_shoulder_a}Highland Scale Shoulders","Cape","Culture.battania","body_armor","AR_battanian_shoulder_a","4.5","","","1.8","Plate","plate","","16","","","","","","","","","","","","","","","","","","","","","","","","","","","","","","","","","","","","","","true","","","","","","","","","","","","","","","","","","","","","","","","","","","","","","","","","","","","","","","","","","","","","","",""
"OSA","OSA_ar_reforms_shoulder.xml","AR_battanian_shoulder_b","{=osa_ar_battanian_shoulder_b}Highland Leather Shoulders","Cape","Culture.battania","body_armor","AR_battanian_shoulder_b","1.4","","","1.5","Leather","leather","","8","","","","","","","","","","","","","","","","","","","","","","","","","","","","","","","","","","","","","","true","","","","","","","","","","","","","","","","","","","","","","","","","","","","","","","","","","","","","","","","","","","","","","",""
"OSA","OSA_ar_reforms_shoulder.xml","AR_battanian_shoulder_c","{=osa_ar_battanian_shoulder_c}Highland Cured Leather Shoulders With Striped Cape","Cape","Culture.battania","body_armor","AR_battanian_shoulder_c","1.2","","","1.8","Leather","leather","","8","","","","","","","","","","","","","","","","","","","","","","","","","","","","","","","","","","","","","","true","","","","","","","","","","","","","","","","","","","","","","","","","","","","","","","","","","","","","","","","","","","","","","",""
"OSA","OSA_ar_reforms_shoulder.xml","AR_battanian_shoulder_d","{=osa_ar_battanian_shoulder_d}Highland Cured Leather Shoulders With Cape","Cape","Culture.battania","body_armor","AR_battanian_shoulder_d","1.2","","","1.8","Leather","leather","","8","","","","","","","","","","","","","","","","","","","","","","","","","","","","","","","","","","","","","","true","","","","","","","","","","","","","","","","","","","","","","","","","","","","","","","","","","","","","","","","","","","","","","",""
"OSA","OSA_ar_reforms_shoulder.xml","AR_battanian_shoulder_e","{=osa_ar_battanian_shoulder_e}Highland Simple Shoulder Straps","Cape","Culture.battania","","AR_battanian_shoulder_e","1.0","","","1","Leather","leather","","4","","","","","","","","","","","","","","","","","","","","","","","","","","","","","","","","","","","","","","true","","","","","","","","","","","","","","","","","","","","","","","","","","","","","","","","","","","","","","","","","","","","","","",""
"OSA","OSA_ar_reforms_shoulder.xml","AR_battanian_shoulder_f","{=osa_ar_battanian_shoulder_f}Highland Simple Shoulder Straps With Tartan Cape","Cape","Culture.battania","","AR_battanian_shoulder_f","1.0","","","1","Leather","leather","","6","","","","","","","","","","","","","","","","","","","","","","","","","","","","","","","","","","","","","","true","","","","","","","","","","","","","","","","","","","","","","","","","","","","","","","","","","","","","","","","","","","","","","",""
"OSA","OSA_ar_reforms_shoulder.xml","AR_battanian_shoulder_g","{=osa_ar_battanian_shoulder_g}Highland Shoulder Straps With Tartan Cape","Cape","Culture.battania","","AR_battanian_shoulder_g","1.0","","","1","Leather","leather","","10","","","","","","","","","","","","","","","","","","","","","","","","","","","","","","","","","","","","","","true","","","","","","","","","","","","","","","","","","","","","","","","","","","","","","","","","","","","","","","","","","","","","","",""
"OSA","OSA_ar_reforms_shoulder.xml","AR_battanian_shoulder_h","{=osa_ar_battanian_shoulder_h}Highland Heavy Shoulder Straps With Tartan Cape","Cape","Culture.battania","","AR_battanian_shoulder_h","1.0","","","1","Leather","leather","","12","","","","","","","","","","","","","","","","","","","","","","","","","","","","","","","","","","","","","","true","","","","","","","","","","","","","","","","","","","","","","","","","","","","","","","","","","","","","","","","","","","","","","",""
"OSA","OSA_ar_reforms_shoulder.xml","AR_empire_shoulders_a","{=osa_ar_empire_shoulders_a}Highland Cured Leather Shoulders With Scarf","Cape","Culture.battania","body_armor","AR_empire_shoulders_a","1.2","","0","1.8","Cloth","cloth","","7","","","","","","","","","","","","","","","","","","","","","","","","","","","","","","","","","","","","","","true","","","","","","","","","","","","","","","","","","","","","","","","","","","","","","","","","","","","","","","","","","","","","","",""
"OSA","OSA_ar_reforms_shoulder.xml","AR_empire_shoulders_b","{=osa_ar_empire_shoulders_b}Imperial Padded Shoulders With Scarf","Cape","Culture.empire","","AR_empire_shoulders_b","1.6","","","1","Leather","leather","","12","4","","","","","","","","","","","","","","","","","","","","","","","","","","","","","","","","","","","","","true","","","","","","","","","","","","","","","","","","","","","","","","","","","","","","","","","","","","","","","","","","","","","","",""
"OSA","OSA_ar_reforms_shoulder.xml","AR_fur_cape_a","{=osa_ar_fur_cape_a}Furred Long Cape","Cape","Culture.battania","body_armor","AR_fur_cape_a","4.0","","","1.5","Cloth","cloth_unarmoured","","8","","","","","","","","","","","","","","","","","","","","","","","","","","","","","","","","true","","","","","","true","","","","","","","","","","","","","","","","","","","","","","","","","","","","","","","","","","","","","","","","","","","","","","",""
"OSA","OSA_ar_reforms_shoulder.xml","AR_fur_cape_b","{=osa_ar_fur_cape_b}Furred Long Plaid Cape","Cape","Culture.battania","body_armor","AR_fur_cape_b","4.0","","","1.5","Cloth","cloth_unarmoured","","8","","","","","","","","","","","","","","","","","","","","","","","","","","","","","","","","true","","","","","","false","","","","","","","","","","","","","","","","","","","","","","","","","","","","","","","","","","","","","","","","","","","","","","",""
"OSA","OSA_ar_reforms_shoulder.xml","AR_fur_cape_c","{=osa_ar_fur_cape_c}Furred Long Striped Cape","Cape","Culture.battania","body_armor","AR_fur_cape_c","4.0","","","1.5","Cloth","cloth_unarmoured","","8","","","","","","","","","","","","","","","","","","","","","","","","","","","","","","","","true","","","","","","false","","","","","","","","","","","","","","","","","","","","","","","","","","","","","","","","","","","","","","","","","","","","","","",""
"OSA","OSA_ar_reforms_shoulder.xml","AR_fur_cape_d","{=osa_ar_fur_cape_d}Furred Hide Cape","Cape","Culture.battania","body_armor","AR_fur_cape_d","4.0","","","1.5","Cloth","cloth_unarmoured","","8","","","","","","","","","","","","","","","","","","","","","","","","","","","","","","","","true","","","","","","false","","","","","","","","","","","","","","","","","","","","","","","","","","","","","","","","","","","","","","","","","","","","","","",""
"OSA","OSA_ar_reforms_shoulder.xml","AR_imperial_lamellar_cape_a","{=osa_ar_imperial_lamellar_cape_a}Imperial Lamellar With Long Cape","Cape","Culture.empire","","AR_imperial_lamellar_cape_a","3.9","","","4","Plate","plate","","18","9","","","","","","","","","","","","","","","","","","","","","","","","","","","","","","","","","","","","","true","","","","","","","","","","","","","","","","","","","","","","","","","","","","","","","","","","","","","","","","","","","","","","",""
"OSA","OSA_ar_reforms_shoulder.xml","AR_imperial_lamellar_cape_a2","{=osa_ar_imperial_lamellar_cape_a2}Imperial Gilded Lamellar With Long Cape","Cape","Culture.empire","","AR_imperial_lamellar_cape_a2","3.9","","","4","Plate","plate","","18","9","","","","","","","","","","","","","","","","","","","","","","","","","","","","","","","","","","","","","true","","","","","","","","","","","","","","","","","","","","","","","","","","","","","","","","","","","","","","","","","","","","","","",""
"OSA","OSA_ar_reforms_shoulder.xml","AR_imperial_lamellar_cape_b","{=osa_ar_imperial_lamellar_cape_b}Imperial Lamellar With Cape","Cape","Culture.empire","","AR_imperial_lamellar_cape_b","3.9","","","4","Plate","plate","","17","9","","","","","","","","","","","","","","","","","","","","","","","","","","","","","","","","","","","","","true","","","","","","","","","","","","","","","","","","","","","","","","","","","","","","","","","","","","","","","","","","","","","","",""
"OSA","OSA_ar_reforms_shoulder.xml","AR_imperial_lamellar_cape_b2","{=osa_ar_imperial_lamellar_cape_b2}Imperial Gilded Lamellar With Cape","Cape","Culture.empire","","AR_imperial_lamellar_cape_b2","3.9","","","4","Plate","plate","","17","9","","","","","","","","","","","","","","","","","","","","","","","","","","","","","","","","","","","","","true","","","","","","","","","","","","","","","","","","","","","","","","","","","","","","","","","","","","","","","","","","","","","","",""
"OSA","OSA_ar_reforms_shoulder.xml","AR_imperial_lamellar_cape_c","{=osa_ar_imperial_lamellar_cape_c}Imperial Lamellar With Fur Cape","Cape","Culture.empire","","AR_imperial_lamellar_cape_c","3.9","","","4","Plate","plate","","18","9","","","","","","","","","","","","","","","","","","","","","","","","","","","","","","","","","","","","","true","","","","","","","","","","","","","","","","","","","","","","","","","","","","","","","","","","","","","","","","","","","","","","",""
"OSA","OSA_ar_reforms_shoulder.xml","AR_imperial_lamellar_cape_d","{=osa_ar_imperial_lamellar_cape_d}Imperial Strip Shoulders With Long Cape","Cape","Culture.empire","","AR_imperial_lamellar_cape_d","3.9","","","4","Plate","plate","","16","6","","","","","","","","","","","","","","","","","","","","","","","","","","","","","","","","","","","","","true","","","","","","","","","","","","","","","","","","","","","","","","","","","","","","","","","","","","","","","","","","","","","","",""
"OSA","OSA_ar_reforms_shoulder.xml","AR_imperial_lamellar_shoulders_a","{=osa_ar_imperial_lamellar_shoulders_a}Imperial Gilded Lamellar Shoulders","Cape","Culture.empire","","AR_imperial_lamellar_shoulders_a","3.5","","","3","Plate","plate","","17","9","","","","","","","","","","","","","","","","","","","","","","","","","","","","","","","","","","","","","true","","","","","","","","","","","","","","","","","","","","","","","","","","","","","","","","","","","","","","","","","","","","","","",""
"OSA","OSA_ar_reforms_shoulder.xml","AR_imperial_leather_cape_a","{=osa_ar_imperial_leather_cape_a}Imperial Leather Shoulders With Cape","Cape","Culture.empire","body_armor","AR_imperial_leather_cape_a","4.0","","","1.5","Leather","leather","","12","","","","","","","","","","","","","","","","","","","","","","","","","","","","","","","","","","","","","","true","","","","","","","","","","","","","","","","","","","","","","","","","","","","","","","","","","","","","","","","","","","","","","",""
"OSA","OSA_ar_reforms_shoulder.xml","AR_imperial_leather_cape_b","{=osa_ar_imperial_leather_cape_b}Imperial Leather Shoulders With Striped Cloak","Cape","Culture.empire","body_armor","AR_imperial_leather_cape_b","4.0","","","1.5","Leather","leather","","12","","","","","","","","","","","","","","","","","","","","","","","","","","","","","","","","","","","","","","true","","","","","","","","","","","","","","","","","","","","","","","","","","","","","","","","","","","","","","","","","","","","","","",""
"OSA","OSA_ar_reforms_shoulder.xml","AR_imperial_leather_cape_b2","{=osa_ar_imperial_leather_cape_b2}Imperial Leather Shoulders With Cloak","Cape","Culture.empire","body_armor","AR_imperial_leather_cape_b2","4.0","","","1.5","Leather","leather","","12","","","","","","","","","","","","","","","","","","","","","","","","","","","","","","","","","","","","","","true","","","","","","","","","","","","","","","","","","","","","","","","","","","","","","","","","","","","","","","","","","","","","","",""
"OSA","OSA_ar_reforms_shoulder.xml","AR_imperial_shoulders_a","{=osa_ar_imperial_shoulders_a}Imperial Lamellar Shoulders Over Leather","Cape","Culture.empire","","AR_imperial_shoulders_a","3.8","","","3","Plate","plate","","18","9","","","","","","","","","","","","","","","","","","","","","","","","","","","","","","","","","","","","","true","","","","","","","","","","","","","","","","","","","","","","","","","","","","","","","","","","","","","","","","","","","","","","",""
"OSA","OSA_ar_reforms_shoulder.xml","AR_imperial_shoulders_a2","{=osa_ar_imperial_shoulders_a2}Imperial Gilded Lamellar Shoulders Over Leather","Cape","Culture.empire","","AR_imperial_shoulders_a2","3.5","","","3","Plate","plate","","18","9","","","","","","","","","","","","","","","","","","","","","","","","","","","","","","","","","","","","","true","","","","","","","","","","","","","","","","","","","","","","","","","","","","","","","","","","","","","","","","","","","","","","",""
"OSA","OSA_ar_reforms_shoulder.xml","AR_imperial_shoulders_b","{=osa_ar_imperial_shoulders_b}Imperial Lamellar Pauldrons Over Leather","Cape","Culture.empire","","AR_imperial_shoulders_b","2.7","","","1","Plate","plate","","16","8","","","","","","","","","","","","","","","","","","","","","","","","","","","","","","","","","","","","","true","","","","","","","","","","","","","","","","","","","","","","","","","","","","","","","","","","","","","","","","","","","","","","",""
"OSA","OSA_ar_reforms_shoulder.xml","AR_imperial_shoulders_c","{=osa_ar_imperial_shoulders_c}Imperial Scale Shoulders","Cape","Culture.empire","","AR_imperial_shoulders_c","2.7","","","1","Plate","plate","","16","8","","","","","","","","","","","","","","","","","","","","","","","","","","","","","","","","","","","","","true","","","","","","","","","","","","","","","","","","","","","","","","","","","","","","","","","","","","","","","","","","","","","","",""
"OSA","OSA_ar_reforms_shoulder.xml","AR_imperial_shoulders_d","{=osa_ar_imperial_shoulders_d}Imperial Scale Shoulders With Lamellar","Cape","Culture.empire","","AR_imperial_shoulders_d","3.8","","","3","Plate","plate","","18","9","","","","","","","","","","","","","","","","","","","","","","","","","","","","","","","","","","","","","true","","","","","","","","","","","","","","","","","","","","","","","","","","","","","","","","","","","","","","","","","","","","","","",""
"OSA","OSA_ar_reforms_shoulder.xml","AR_imperial_shoulders_e","{=osa_ar_imperial_shoulders_e}Imperial Lamellar Shoulders With Leopard Pelt","Cape","Culture.empire","","AR_imperial_shoulders_e","3.8","","","3","Plate","plate","","18","9","","","","","","","","","","","","","","","","","","","","","","","","","","","","","","","","","","","","","true","","","","","","","","","","","","","","","","","","","","","","","","","","","","","","","","","","","","","","","","","","","","","","",""
"OSA","OSA_ar_reforms_shoulder.xml","AR_imperial_shoulders_e2","{=osa_ar_imperial_shoulders_e2}Imperial Gilded Lamellar Shoulders With Leopard Pelt","Cape","Culture.empire","","AR_imperial_shoulders_e2","4.8","","","3","Plate","plate","","18","9","","","","","","","","","","","","","","","","","","","","","","","","","","","","","","","","","","","","","true","","","","","","","","","","","","","","","","","","","","","","","","","","","","","","","","","","","","","","","","","","","","","","",""
"OSA","OSA_ar_reforms_shoulder.xml","AR_imperial_shoulders_e3","{=osa_ar_imperial_shoulders_e3}Imperial Lamellar Shoulders With Snow Leopard Pelt","Cape","Culture.empire","","AR_imperial_shoulders_e3","3.8","","","3","Plate","plate","","18","9","","","","","","","","","","","","","","","","","","","","","","","","","","","","","","","","","","","","","true","","","","","","","","","","","","","","","","","","","","","","","","","","","","","","","","","","","","","","","","","","","","","","",""
"OSA","OSA_ar_reforms_shoulder.xml","AR_imperial_shoulders_e4","{=osa_ar_imperial_shoulders_e4}Imperial Gilded Lamellar Shoulders With Snow Leopard Pelt","Cape","Culture.empire","","AR_imperial_shoulders_e4","4.8","","","3","Plate","plate","","18","9","","","","","","","","","","","","","","","","","","","","","","","","","","","","","","","","","","","","","true","","","","","","","","","","","","","","","","","","","","","","","","","","","","","","","","","","","","","","","","","","","","","","",""
"OSA","OSA_ar_reforms_shoulder.xml","AR_imperial_shoulders_f","{=osa_ar_imperial_shoulders_f}Imperial Lamellar Pauldrons With Leopard Pelt","Cape","Culture.empire","","AR_imperial_shoulders_f","3.6","","","1","Plate","plate","","16","10","","","","","","","","","","","","","","","","","","","","","","","","","","","","","","","","","","","","","true","","","","","","","","","","","","","","","","","","","","","","","","","","","","","","","","","","","","","","","","","","","","","","",""
"OSA","OSA_ar_reforms_shoulder.xml","AR_imperial_shoulders_f2","{=osa_ar_imperial_shoulders_f2}Imperial Lamellar Pauldrons With Snow Leopard Pelt","Cape","Culture.empire","","AR_imperial_shoulders_f2","3.6","","","1","Plate","plate","","16","10","","","","","","","","","","","","","","","","","","","","","","","","","","","","","","","","","","","","","true","","","","","","","","","","","","","","","","","","","","","","","","","","","","","","","","","","","","","","","","","","","","","","",""
"OSA","OSA_ar_reforms_shoulder.xml","AR_imperial_shoulders_g","{=osa_ar_imperial_shoulders_g}Imperial Bronze Pauldrons With Scarf","Cape","Culture.empire","","AR_imperial_shoulders_g","3.5","","","4","Plate","plate","","18","0","","","","","","","","","","","","","","","","","","","","","","","","","","","","","","","","","","","","","true","","","","","","","","","","","","","","","","","","","","","","","","","","","","","","","","","","","","","","","","","","","","","","",""
"OSA","OSA_ar_reforms_shoulder.xml","AR_imperial_shoulders_h","{=osa_ar_imperial_shoulders_h}Imperial Lamellar Pauldrons With Scarf","Cape","Culture.empire","","AR_imperial_shoulders_h","3.6","","","1","Plate","plate","","16","10","","","","","","","","","","","","","","","","","","","","","","","","","","","","","","","","","","","","","true","","","","","","","","","","","","","","","","","","","","","","","","","","","","","","","","","","","","","","","","","","","","","","",""
"OSA","OSA_ar_reforms_shoulder.xml","AR_imperial_shoulders_i","{=osa_ar_imperial_shoulders_i}Studded Imperial Neckguard With Scarf","Cape","Culture.empire","","AR_imperial_shoulders_i","3.6","","","2","Plate","plate","","16","0","","","","","","","","","","","","","","","","","","","","","","","","","","","","","","","","","","","","","true","","","","","","","","","","","","","","","","","","","","","","","","","","","","","","","","","","","","","","","","","","","","","","",""
"OSA","OSA_ar_reforms_shoulder.xml","AR_imperial_shoulders_j","{=osa_ar_imperial_shoulders_j}Studded Brass Imperial Neckguard With Leopard Pelt","Cape","Culture.empire","","AR_imperial_shoulders_j","3.8","","","2","Plate","plate","","16","8","","","","","","","","","","","","","","","","","","","","","","","","","","","","","","","","","","","","","true","","","","","","","","","","","","","","","","","","","","","","","","","","","","","","","","","","","","","","","","","","","","","","",""
"OSA","OSA_ar_reforms_shoulder.xml","AR_imperial_shoulders_k","{=osa_ar_imperial_shoulders_k}Studded Iron Imperial Neckguard With Leopard Pelt","Cape","Culture.empire","","AR_imperial_shoulders_k","3.8","","","2","Plate","plate","","16","8","","","","","","","","","","","","","","","","","","","","","","","","","","","","","","","","","","","","","true","","","","","","","","","","","","","","","","","","","","","","","","","","","","","","","","","","","","","","","","","","","","","","",""
"OSA","OSA_ar_reforms_shoulder.xml","AR_imperial_shoulders_j2","{=osa_ar_imperial_shoulders_j2}Studded Brass Imperial Neckguard With Snow Leopard Pelt","Cape","Culture.empire","","AR_imperial_shoulders_j2","3.8","","","2","Plate","plate","","16","8","","","","","","","","","","","","","","","","","","","","","","","","","","","","","","","","","","","","","true","","","","","","","","","","","","","","","","","","","","","","","","","","","","","","","","","","","","","","","","","","","","","","",""
"OSA","OSA_ar_reforms_shoulder.xml","AR_imperial_shoulders_k2","{=osa_ar_imperial_shoulders_k2}Studded Iron Imperial Neckguard With Snow Leopard Pelt","Cape","Culture.empire","","AR_imperial_shoulders_k2","3.8","","","2","Plate","plate","","16","8","","","","","","","","","","","","","","","","","","","","","","","","","","","","","","","","","","","","","true","","","","","","","","","","","","","","","","","","","","","","","","","","","","","","","","","","","","","","","","","","","","","","",""
"OSA","OSA_ar_reforms_shoulder.xml","AR_imperial_shoulders_l","{=osa_ar_imperial_shoulders_l}Imperial Brass Scale Shoulders","Cape","Culture.empire","","AR_imperial_shoulders_l","2.7","","","1","Plate","plate","","16","8","","","","","","","","","","","","","","","","","","","","","","","","","","","","","","","","","","","","","true","","","","","","","","","","","","","","","","","","","","","","","","","","","","","","","","","","","","","","","","","","","","","","",""
"OSA","OSA_ar_reforms_shoulder.xml","AR_imperial_shoulders_m","{=osa_ar_imperial_shoulders_m}Imperial Leather Shoulders","Cape","Culture.empire","","AR_imperial_shoulders_m","2.1","","","1","Leather","leather","","8","2","","","","","","","","","","","","","","","","","","","","","","","","","","","","","","","","","","","","","true","","","","","","","","","","","","","","","","","","","","","","","","","","","","","","","","","","","","","","","","","","","","","","",""
"OSA","OSA_ar_reforms_shoulder.xml","AR_imperial_shoulders_n","{=osa_ar_imperial_shoulders_n}Imperial Mail Shoulders","Cape","Culture.empire","","AR_imperial_shoulders_n","2.7","","","1","Chainmail","chain","","12","4","","","","","","","","","","","","","","","","","","","","","","","","","","","","","","","","","","","","","true","","","","","","","","","","","","","","","","","","","","","","","","","","","","","","","","","","","","","","","","","","","","","","",""
"OSA","OSA_ar_reforms_shoulder.xml","AR_imperial_shoulders_o","{=osa_ar_imperial_shoulders_o}Imperial Studded Strip Shoulders With Lamellar Pauldrons And Focale","Cape","Culture.empire","","AR_imperial_shoulders_o","3.9","","","1","Plate","plate","","7","6","","","","","","","","","","","","","","","","","","","","","","","","","","","","","","","","","","","","","true","","","","","","","","","","","","","","","","","","","","","","","","","","","","","","","","","","","","","","","","","","","","","","",""
"OSA","OSA_ar_reforms_shoulder.xml","AR_imperial_shoulders_o2","{=osa_ar_imperial_shoulders_o2}Imperial Studded Strip Shoulders With Lamellar Pauldrons And Cape","Cape","Culture.empire","","AR_imperial_shoulders_o2","3.9","","","1","Plate","plate","","7","6","","","","","","","","","","","","","","","","","","","","","","","","","","","","","","","","","","","","","true","","","","","","","","","","","","","","","","","","","","","","","","","","","","","","","","","","","","","","","","","","","","","","",""
"OSA","OSA_ar_reforms_shoulder.xml","AR_imperial_shoulders_p","{=osa_ar_imperial_shoulders_p}Imperial Studded Strip Shoulders With Focale","Cape","Culture.empire","","AR_imperial_shoulders_p","3.6","","","1","Leather","leather","","7","4","","","","","","","","","","","","","","","","","","","","","","","","","","","","","","","","","","","","","true","","","","","","","","","","","","","","","","","","","","","","","","","","","","","","","","","","","","","","","","","","","","","","",""
"OSA","OSA_ar_reforms_shoulder.xml","AR_imperial_shoulders_p2","{=osa_ar_imperial_shoulders_p2}Imperial Studded Shoulders With Focale","Cape","Culture.empire","","AR_imperial_shoulders_p2","3.6","","","1","Leather","leather","","6","0","","","","","","","","","","","","","","","","","","","","","","","","","","","","","","","","","","","","","true","","","","","","","","","","","","","","","","","","","","","","","","","","","","","","","","","","","","","","","","","","","","","","",""
"OSA","OSA_ar_reforms_shoulder.xml","AR_imperial_shoulders_q","{=osa_ar_imperial_shoulders_q}Imperial Lamellar Shoulders With Lion Pelt","Cape","Culture.empire","","AR_imperial_shoulders_q","3.8","","","3","Plate","plate","","18","9","","","","","","","","","","","","","","","","","","","","","","","","","","","","","","","","","","","","","true","","","","","","","","","","","","","","","","","","","","","","","","","","","","","","","","","","","","","","","","","","","","","","",""
"OSA","OSA_ar_reforms_shoulder.xml","AR_imperial_shoulders_q2","{=osa_ar_imperial_shoulders_q2}Imperial Gilded Lamellar Shoulders With Lion Pelt","Cape","Culture.empire","","AR_imperial_shoulders_q2","4.8","","","3","Plate","plate","","18","9","","","","","","","","","","","","","","","","","","","","","","","","","","","","","","","","","","","","","true","","","","","","","","","","","","","","","","","","","","","","","","","","","","","","","","","","","","","","","","","","","","","","",""
"OSA","OSA_ar_reforms_shoulder.xml","AR_imperial_shoulders_r","{=osa_ar_imperial_shoulders_r}Imperial Lamellar Pauldrons With Lion Pelt","Cape","Culture.empire","","AR_imperial_shoulders_r","3.6","","","1","Plate","plate","","16","10","","","","","","","","","","","","","","","","","","","","","","","","","","","","","","","","","","","","","true","","","","","","","","","","","","","","","","","","","","","","","","","","","","","","","","","","","","","","","","","","","","","","",""
"OSA","OSA_ar_reforms_shoulder.xml","AR_imperial_shoulders_s","{=osa_ar_imperial_shoulders_s}Imperial Studded Leather Shoulders With Focale","Cape","Culture.empire","","AR_imperial_shoulders_s","2.1","","","1","Leather","leather","","8","2","","","","","","","","","","","","","","","","","","","","","","","","","","","","","","","","","","","","","true","","","","","","","","","","","","","","","","","","","","","","","","","","","","","","","","","","","","","","","","","","","","","","",""
"OSA","OSA_ar_reforms_shoulder.xml","AR_imperial_shoulders_t","{=osa_ar_imperial_shoulders_t}Imperial Trimmed Leather Shoulders","Cape","Culture.empire","","AR_imperial_shoulders_t","2.1","","","1","Leather","leather","","8","2","","","","","","","","","","","","","","","","","","","","","","","","","","","","","","","","","","","","","true","","","","","","","","","","","","","","","","","","","","","","","","","","","","","","","","","","","","","","","","","","","","","","",""
"OSA","OSA_ar_reforms_shoulder.xml","AR_imperial_shoulders_u","{=osa_ar_imperial_shoulders_u}Imperial Alternating Scale Pauldrons","Cape","Culture.empire","body_armor","AR_imperial_shoulders_u","4.5","","","1.8","Plate","plate","","16","0","","","","","","","","","","","","","","","","","","","","","","","","","","","","","","","","","","","","","true","","","","","","","","","","","","","","","","","","","","","","","","","","","","","","","","","","","","","","","","","","","","","","",""
"OSA","OSA_ar_reforms_shoulder.xml","AR_imperial_shoulders_v","{=osa_ar_imperial_shoulders_v}Imperial Alternating Scale Shoulders","Cape","Culture.empire","","AR_imperial_shoulders_v","4.1","","","1","Plate","plate","","16","0","","","","","","","","","","","","","","","","","","","","","","","","","","","","","","","","","","","","","true","","","","","","","","","","","","","","","","","","","","","","","","","","","","","","","","","","","","","","","","","","","","","","",""
"OSA","OSA_ar_reforms_shoulder.xml","AR_imperial_shoulders_w","{=osa_ar_imperial_shoulders_w}Imperial Steel Scale Pauldrons","Cape","Culture.empire","body_armor","AR_imperial_shoulders_w","4.5","","","1.8","Plate","plate","","16","0","","","","","","","","","","","","","","","","","","","","","","","","","","","","","","","","","","","","","true","","","","","","","","","","","","","","","","","","","","","","","","","","","","","","","","","","","","","","","","","","","","","","",""
"OSA","OSA_ar_reforms_shoulder.xml","AR_imperial_shoulders_x","{=osa_ar_imperial_shoulders_x}Imperial Steel Scale Shoulders","Cape","Culture.empire","","AR_imperial_shoulders_x","4.1","","","1","Plate","plate","","16","0","","","","","","","","","","","","","","","","","","","","","","","","","","","","","","","","","","","","","true","","","","","","","","","","","","","","","","","","","","","","","","","","","","","","","","","","","","","","","","","","","","","","",""
"OSA","OSA_ar_reforms_shoulder.xml","AR_imperial_shoulders_y","{=osa_ar_imperial_shoulders_y}Imperial Decorated Leather Harness Over Scale With Cape","Cape","Culture.empire","","AR_imperial_shoulders_y","14","","","6","Plate","plate","","19","12","","","","","","","","","","","","","","","","","","","","","","","","","","","","","","","","","","","","","true","","","","","","","","","","","","","","","","","","","","","","","","","","","","","","","","","","","","","","","","","","","","","","",""
"OSA","OSA_ar_reforms_shoulder.xml","AR_imperial_shoulders_z","{=osa_ar_imperial_shoulders_z}Imperial Studded Iron Neckguard","Cape","Culture.empire","","AR_imperial_shoulders_z","3.6","","","2","Plate","plate","","14","7","","","","","","","","","","","","","","","","","","","","","","","","","","","","","","","","","","","","","true","","","","","","","","","","","","","","","","","","","","","","","","","","","","","","","","","","","","","","","","","","","","","","",""
"OSA","OSA_ar_reforms_shoulder.xml","AR_imperial_shoulders_za","{=osa_ar_imperial_shoulders_za}Imperial Studded Brass Neckguard With Long Cape","Cape","Culture.empire","","AR_imperial_shoulders_za","3.6","","","2","Plate","plate","","15","8","","","","","","","","","","","","","","","","","","","","","","","","","","","","","","","","","","","","","true","","","","","","","","","","","","","","","","","","","","","","","","","","","","","","","","","","","","","","","","","","","","","","",""
"OSA","OSA_ar_reforms_shoulder.xml","AR_imperial_shoulders_zb","{=osa_ar_imperial_shoulders_zb}Imperial Studded Iron Neckguard With Long Cape","Cape","Culture.empire","","AR_imperial_shoulders_zb","3.6","","","2","Plate","plate","","15","8","","","","","","","","","","","","","","","","","","","","","","","","","","","","","","","","","","","","","true","","","","","","","","","","","","","","","","","","","","","","","","","","","","","","","","","","","","","","","","","","","","","","",""
"OSA","OSA_ar_reforms_shoulder.xml","AR_khuzait_cape_a","{=osa_ar_khuzait_cape_a}Eastern Lamellar With Cape","Cape","Culture.khuzait","","AR_khuzait_cape_a","3.9","","","4","Plate","plate","","16","6","","","","","","","","","","","","","","","","","","","","","","","","","","","","","","","","","","","","","true","","","","","","","","","","","","","","","","","","","","","","","","","","","","","","","","","","","","","","","","","","","","","","",""
"OSA","OSA_ar_reforms_shoulder.xml","AR_khuzait_cape_b","{=osa_ar_khuzait_cape_b}Eastern Steel Lamellar With Woolen Cape","Cape","Culture.khuzait","","AR_khuzait_cape_b","3.9","","","4","Plate","plate","","16","6","","","","","","","","","","","","","","","","","","","","","","","","","","","","","","","","","","","","","true","","","","","","","","","","","","","","","","","","","","","","","","","","","","","","","","","","","","","","","","","","","","","","",""
"OSA","OSA_ar_reforms_shoulder.xml","AR_khuzait_cape_c","{=osa_ar_khuzait_cape_c}Eastern Steel Lamellar With Linen Cape","Cape","Culture.khuzait","","AR_khuzait_cape_c","3.9","","","4","Plate","plate","","16","6","","","","","","","","","","","","","","","","","","","","","","","","","","","","","","","","","","","","","true","","","","","","","","","","","","","","","","","","","","","","","","","","","","","","","","","","","","","","","","","","","","","","",""
"OSA","OSA_ar_reforms_shoulder.xml","AR_khuzait_cape_d","{=osa_ar_khuzait_cape_d}Eastern Woolen Cape","Cape","Culture.khuzait","body_armor","AR_khuzait_cape_d","1.0","","","1.5","Cloth","cloth_unarmoured","","5","3","","","","","","","","","","","","","","","","","","","","","","","","","","","","10","","","true","","","","","true","true","","","","","","","","","","","","","","","","","","","","","","","","","","","","","","","","","","","","","","","","","","","","","","",""
"OSA","OSA_ar_reforms_shoulder.xml","AR_khuzait_cape_e","{=osa_ar_khuzait_cape_e}Eastern Linen Cape","Cape","Culture.khuzait","body_armor","AR_khuzait_cape_e","1.0","","","1.5","Cloth","cloth_unarmoured","","5","3","","","","","","","","","","","","","","","","","","","","","","","","","","","","10","","","true","","","","","true","true","","","","","","","","","","","","","","","","","","","","","","","","","","","","","","","","","","","","","","","","","","","","","","",""
"OSA","OSA_ar_reforms_shoulder.xml","AR_khuzait_cape_f","{=osa_ar_khuzait_cape_f}Eastern Leather Lamellar With Hide Cape","Cape","Culture.khuzait","","AR_khuzait_cape_f","3.9","","","4","Leather","leather","","14","3","","","","","","","","","","","","","","","","","","","","","","","","","","","","","","","","","","","","","true","","","","","","","","","","","","","","","","","","","","","","","","","","","","","","","","","","","","","","","","","","","","","","",""
"OSA","OSA_ar_reforms_shoulder.xml","AR_khuzait_cape_g","{=osa_ar_khuzait_cape_g}Eastern Leather Lamellar With Woolen Cape","Cape","Culture.khuzait","","AR_khuzait_cape_g","3.9","","","4","Leather","leather","","14","3","","","","","","","","","","","","","","","","","","","","","","","","","","","","","","","","","","","","","true","","","","","","","","","","","","","","","","","","","","","","","","","","","","","","","","","","","","","","","","","","","","","","",""
"OSA","OSA_ar_reforms_shoulder.xml","AR_khuzait_cape_h","{=osa_ar_khuzait_cape_h}Eastern Leather Lamellar With Linen Cape","Cape","Culture.khuzait","","AR_khuzait_cape_h","3.9","","","4","Leather","leather","","14","3","","","","","","","","","","","","","","","","","","","","","","","","","","","","","","","","","","","","","true","","","","","","","","","","","","","","","","","","","","","","","","","","","","","","","","","","","","","","","","","","","","","","",""
"OSA","OSA_ar_reforms_shoulder.xml","AR_leopard_pelt_a","{=osa_ar_leopard_pelt_a}Snow Leopard Pelt","Cape","Culture.empire","","AR_leopard_pelt_a","2.0","","","4","Leather","leather","","4","","","","","","","","","","","","","","","","","","","","","","","","","","","","","","","","true","","","","","","true","","","","","","","","","","","","","","","","","","","","","","","","","","","","","","","","","","","","","","","","","","","","","","",""
"OSA","OSA_ar_reforms_shoulder.xml","AR_lion_head_a","{=osa_ar_lion_head_a}Decorated Lion Head Cloak","Cape","Culture.empire","","AR_lion_head_a","6.0","","","3","Leather","leather","7","16","4","","","","","","","","","","","","","","","","","","","","","","","","","","","","","","","","","","","","","true","","","","","","","","","","","","","","","","","","","","","","","","","","","","","","","","","","","","","","","","","","","","","","",""
"OSA","OSA_ar_reforms_shoulder.xml","AR_lion_head_b","{=osa_ar_lion_head_b}Plated Lion Head Cloak","Cape","Culture.empire","","AR_lion_head_b","7.4","","","3","Leather","leather","7","18","4","","","","","","","","","","","","","","","","","","","","","","","","","","","","","","","","","","","","","true","","","","","","","","","","","","","","","","","","","","","","","","","","","","","","","","","","","","","","","","","","","","","","",""
"OSA","OSA_ar_reforms_shoulder.xml","AR_lion_head_d","{=osa_ar_lion_head_d}Lion Head Cloak","Cape","Culture.empire","","AR_lion_head_d","6.0","","","3","Leather","leather","7","16","4","","","","","","","","","","","","","","","","","","","","","","","","","","","","","","","","","","","","","true","","","","","","","","","","","","","","","","","","","","","","","","","","","","","","","","","","","","","","","","","","","","","","",""
"OSA","OSA_ar_reforms_shoulder.xml","AR_noble_collar_a","{=osa_ar_noble_collar_a}Imperial Noble Shoulders With Cape","Cape","Culture.empire","","AR_noble_collar_a","1.4","","","1","Plate","plate","","16","8","","","","","","","","","","","","","","","","","","","","","","","","","","","","","","","true","","","","","","true","","","","","","","","false","","","","","","","","","","","","","","","","","","","","","","","","","","","","","","","","","","","","","","",""
"OSA","OSA_ar_reforms_shoulder.xml","AR_noble_collar_b","{=osa_ar_noble_collar_b}Imperial Noble Lamellar With Long Cape","Cape","Culture.empire","","AR_noble_collar_b","3.9","","","4","Plate","plate","","18","9","","","","","","","","","","","","","","","","","","","","","","","","","","","","","","","","","","","","","true","","","","","","","","false","","","","","","","","","","","","","","","","","","","","","","","","","","","","","","","","","","","","","","",""
"OSA","OSA_ar_reforms_shoulder.xml","AR_sturgia_shoulders_a","{=osa_ar_sturgia_shoulders_a}Northern Leather Scale Shoulders","Cape","Culture.sturgia","","AR_sturgia_shoulders_a","1.4","","","1","Leather","leather","","8","4","","","","","","","","","","","","","","","","","","","","","","","","","","","","","","","","","","","","","true","","","","","","","","","","","","","","","","","","","","","","","","","","","","","","","","","","","","","","","","","","","","","","",""
"OSA","OSA_ar_reforms_shoulder.xml","AR_sturgia_shoulders_a2","{=osa_ar_sturgia_shoulders_a2}Northern Brass Lamellar Shoulders","Cape","Culture.sturgia","","AR_sturgia_shoulders_a2","1.4","","","1","Plate","plate","","16","8","","","","","","","","","","","","","","","","","","","","","","","","","","","","","","","","","","","","","true","","","","","","","","","","","","","","","","","","","","","","","","","","","","","","","","","","","","","","","","","","","","","","",""
"OSA","OSA_ar_reforms_shoulder.xml","AR_sturgia_shoulders_a3","{=osa_ar_sturgia_shoulders_a3}Northern Iron Lamellar Shoulders","Cape","Culture.sturgia","","AR_sturgia_shoulders_a3","1.4","","","1","Plate","plate","","16","8","","","","","","","","","","","","","","","","","","","","","","","","","","","","","","","","","","","","","true","","","","","","","","","","","","","","","","","","","","","","","","","","","","","","","","","","","","","","","","","","","","","","",""
"OSA","OSA_ar_reforms_shoulder.xml","AR_sturgia_shoulders_a4","{=osa_ar_sturgia_shoulders_a4}Northern Brass Lamellar Shoulders With Cape","Cape","Culture.sturgia","","AR_sturgia_shoulders_a4","1.4","","","1","Plate","plate","","16","8","","","","","","","","","","","","","","","","","","","","","","","","","","","","","","","","","","","","","true","","","","","","","","","","","","","","","","","","","","","","","","","","","","","","","","","","","","","","","","","","","","","","",""
"OSA","OSA_ar_reforms_shoulder.xml","AR_sturgia_shoulders_a5","{=osa_ar_sturgia_shoulders_a5}Northern Iron Lamellar Shoulders With Cape","Cape","Culture.sturgia","","AR_sturgia_shoulders_a5","1.4","","","1","Plate","plate","","16","8","","","","","","","","","","","","","","","","","","","","","","","","","","","","","","","","","","","","","true","","","","","","","","","","","","","","","","","","","","","","","","","","","","","","","","","","","","","","","","","","","","","","",""
"OSA","OSA_ar_reforms_shoulder.xml","AR_sturgia_shoulders_b","{=osa_ar_sturgia_shoulders_b}Northern Iron Scale Shoulders","Cape","Culture.sturgia","","AR_sturgia_shoulders_b","2.2","","","0.9","Plate","plate","","18","4","","","","","","","","","","","","","","","","","","","","","","","","","","","","","","","","","","","","","true","","","","","","","","","","","","","","","","","","","","","","","","","","","","","","","","","","","","","","","","","","","","","","",""
"OSA","OSA_ar_reforms_shoulder.xml","AR_sturgia_shoulders_c","{=osa_ar_sturgia_shoulders_c}Northern Brass Scale Shoulders With Cape","Cape","Culture.sturgia","","AR_sturgia_shoulders_c","3.9","","","4","Plate","plate","","20","8","","","","","","","","","","","","","","","","","","","","","","","","","","","","","","","","","","","","","true","","","","","","","","","","","","","","","","","","","","","","","","","","","","","","","","","","","","","","","","","","","","","","",""
"OSA","OSA_ar_reforms_shoulder.xml","AR_sturgia_shoulders_d","{=osa_ar_sturgia_shoulders_d}Northern Iron Scale Shoulders With Cape","Cape","Culture.sturgia","","AR_sturgia_shoulders_d","3.9","","","4","Plate","plate","","20","8","","","","","","","","","","","","","","","","","","","","","","","","","","","","","","","","","","","","","true","","","","","","","","","","","","","","","","","","","","","","","","","","","","","","","","","","","","","","","","","","","","","","",""
"OSA","OSA_ar_reforms_shoulder.xml","AR_sturgia_shoulders_e","{=osa_ar_sturgia_shoulders_e}Northern Leather Shoulders","Cape","Culture.sturgia","body_armor","AR_sturgia_shoulders_e","1.4","","","1.5","Leather","leather","","8","","","","","","","","","","","","","","","","","","","","","","","","","","","","","","","","","","","","","","true","","","","","","","","","","","","","","","","","","","","","","","","","","","","","","","","","","","","","","","","","","","","","","",""
"OSA","OSA_ar_reforms_shoulder.xml","AR_sturgia_shoulders_e2","{=osa_ar_sturgia_shoulders_e2}Northern Chainmail Shoulders","Cape","Culture.sturgia","body_armor","AR_sturgia_shoulders_e2","1.4","","","1.5","Chainmail","chain","","12","","","","","","","","","","","","","","","","","","","","","","","","","","","","","","","","","","","","","","true","","","","","","","","","","","","","","","","","","","","","","","","","","","","","","","","","","","","","","","","","","","","","","",""
"OSA","OSA_ar_reforms_shoulder.xml","AR_vlandia_shoulders_a","{=osa_ar_vlandia_shoulders_a}Western Reinforced Leather Lamellar Shoulders","Cape","Culture.vlandia","","AR_vlandia_shoulders_a","4.2","","","3","Plate","plate","","10","8","","","","","","","","","","","","","","","","","","","","","","","","","","","","","","","","","","","","","true","","","","","","","","","","","","","","","","","","","","","","","","","","","","","","","","","","","","","","","","","","","","","","",""
"OSA","OSA_ar_reforms_shoulder.xml","AR_vlandia_shoulders_b","{=osa_ar_vlandia_shoulders_b}Western Leather Lamellar Shoulders","Cape","Culture.vlandia","","AR_vlandia_shoulders_b","4","","","3","Plate","plate","","5","5","","","","","","","","","","","","","","","","","","","","","","","","","","","","","","","","","","","","","true","","","","","","","","","","","","","","","","","","","","","","","","","","","","","","","","","","","","","","","","","","","","","","",""
"OSA","OSA_ar_reforms_shoulder.xml","AR_vlandia_shoulders_c","{=osa_ar_vlandia_shoulders_c}Western Leather Lamellar Pauldrons","Cape","Culture.vlandia","","AR_vlandia_shoulders_c","2","","","3","Plate","plate","","2","2","","","","","","","","","","","","","","","","","","","","","","","","","","","","","","","","","","","","","true","","","","","","","","","","","","","","","","","","","","","","","","","","","","","","","","","","","","","","","","","","","","","","",""
"OSA","OSA_ar_reforms_shoulder.xml","AR_vlandia_shoulders_d","{=osa_ar_vlandia_shoulders_d}Western Lamellar Pauldrons Over Leather","Cape","Culture.vlandia","","AR_vlandia_shoulders_d","2.7","","","1","Plate","plate","","16","8","","","","","","","","","","","","","","","","","","","","","","","","","","","","","","","","","","","","","true","","","","","","","","","","","","","","","","","","","","","","","","","","","","","","","","","","","","","","","","","","","","","","",""
"OSA","OSA_ar_reforms_shoulder.xml","AR_vlandia_shoulders_e","{=osa_ar_vlandia_shoulders_e}Western Leather Shoulders","Cape","Culture.vlandia","","AR_vlandia_shoulders_e","2.7","","","1","Leather","leather","","12","4","","","","","","","","","","","","","","","","","","","","","","","","","","","","","","","","","","","","","true","","","","","","","","","","","","","","","","","","","","","","","","","","","","","","","","","","","","","","","","","","","","","","",""
"OSA","OSA_ar_reforms_shoulder.xml","AR_vlandia_shoulders_f","{=osa_ar_vlandia_shoulders_f}Western Reinforced Ornate Pauldrons With Cape","Cape","Culture.vlandia","","AR_vlandia_shoulders_f","11.4","","","8","Plate","plate","","15","12","","","","","","","","","","","","","","","","","","","","","","","","","","","","","","","","","","","","","true","","","","","","","","","","","","","","","","","","","","","","","","","","","","","","","","","","","","","","","","","","","","","","",""
"OSA","OSA_ar_reforms_shoulder.xml","AR_wolf_head_cloak_a","{=osa_ar_wolf_head_cloak_a}Wolfskin Cloak","Cape","Culture.battania","","AR_wolf_head_cloak_a","3.6","","","3","Leather","leather","6","8","2","","","","","","","","","","","","","","","","","","","","","","","","","","","","","","","","","","","","","true","","","","","","","","","","","","","","","","","","","","","","","","","","","","","","","","","","","","","","","","","","","","","","",""
"OSA","OSA_ar_reforms_shoulder.xml","AR_wolf_head_cloak_b","{=osa_ar_wolf_head_cloak_b}Brown Wolfskin Cloak","Cape","Culture.battania","","AR_wolf_head_cloak_b","3.6","","","3","Leather","leather","6","8","2","","","","","","","","","","","","","","","","","","","","","","","","","","","","","","","","","","","","","true","","","","","","","","","","","","","","","","","","","","","","","","","","","","","","","","","","","","","","","","","","","","","","",""
"OSA","OSA_ar_reforms_shoulder.xml","AR_pict_glove_a","{=osa_ar_pict_glove_a}Highland Mail Mitten","HandArmor","Culture.battania","","AR_pict_glove_a","1.4","","","1.6","Chainmail","chain","","","18","","","","","","","","","","","","","","","","","","","","","","","","","","true","","","","","","","","","","","false","","","","","","","","","","","","","","","","","","","","","","","","","","","","","","","","","","","","","","","","","","","","","","",""
"OSA","OSA_ar_reforms_shoulder.xml","AR_pict_glove_b","{=osa_ar_pict_glove_b}Highland Plated Mail Mitten","HandArmor","Culture.battania","","AR_pict_glove_b","1.4","","","1.6","Chainmail","chain","","","20","","","","","","","","","","","","","","","","","","","","","","","","","","true","","","","","","","","","","","false","","","","","","","","","","","","","","","","","","","","","","","","","","","","","","","","","","","","","","","","","","","","","","",""
"OSA","OSA_ar_reforms_shoulder.xml","AR_brass_scale_gloves","{=osa_ar_brass_scale_gloves}Highland Scale Gauntlets","HandArmor","Culture.battania","","AR_brass_scale_gloves","1.5","","","3","Plate","plate","","","20","","","","","","","","","","","","","","","","","","","","","","","","","","true","","","","","","","","","","","false","","","","","","","","","","","","","","","","","","","","","","","","","","","","","","","","","","","","","","","","","","","","","","",""
"OSA","OSA_ar_reforms_shoulder.xml","AR_empire_gloves_a","{=osa_ar_empire_gloves_a}Lordly Vambrace","HandArmor","Culture.empire","","AR_empire_gloves_a","0.6","","","1","Cloth","cloth","","","10","","","","","","","","","","","","","","","","","","","","","","","","","","","","","","","true","","","","","","false","","","","","","","","","","","","","","","","","","","","","","","","","","","","","","","","","","","","","","","","","","","","","","",""
"OSA","OSA_ar_reforms_shoulder.xml","AR_empire_gloves_b","{=osa_ar_empire_gloves_b}Lamellar Plate Gloves","HandArmor","Culture.empire","","AR_empire_gloves_b","1.8","","","3","Plate","plate","","","20","","","","","","","","","","","","","","","","","","","","","","","","","","true","","","","","","","","","","","false","","","","","","","","","","","","","","","","","","","","","","","","","","","","","","","","","","","","","","","","","","","","","","",""
"OSA","OSA_ar_reforms_shoulder.xml","AR_empire_gloves_c","{=osa_ar_empire_gloves_c}Gilded Lamellar Plate Gloves","HandArmor","Culture.empire","","AR_empire_gloves_c","1.8","","","3","Plate","plate","","","20","","","","","","","","","","","","","","","","","","","","","","","","","","true","","","","","","","","","","","false","","","","","","","","","","","","","","","","","","","","","","","","","","","","","","","","","","","","","","","","","","","","","","",""
"OSA","OSA_ar_reforms_shoulder.xml","AR_empire_gloves_d","{=osa_ar_empire_gloves_d}Gilded Lamellar Plate Gauntlets","HandArmor","Culture.empire","","AR_empire_gloves_d","1.8","","","3","Plate","plate","","","23","","","","","","","","","","","","","","","","","","","","","","","","","","true","","","","","","","","","","","false","","","","","","","","","","","","","","","","","","","","","","","","","","","","","","","","","","","","","","","","","","","","","","",""
"OSA","OSA_ar_reforms_shoulder.xml","AR_empire_gloves_e","{=osa_ar_empire_gloves_e}Bound Armwraps","HandArmor","Culture.empire","","AR_empire_gloves_e","0.4","","","0.3","Cloth","cloth","","","3","","","","","","","","","","","","","","","","","","","","","","","","","","false","","","","","true","","","","","","false","","","","","","","","","","","","","","","","","","","","","","","","","","","","","","","","","","","","","","","","","","","","","","",""
"OSA","OSA_ar_reforms_shoulder.xml","AR_khuzait_gloves_a","{=osa_ar_khuzait_gloves_a}Eastern Plated Vambraces","HandArmor","Culture.khuzait","","AR_khuzait_gloves_a","0.5","","","1","Plate","plate","","","20","","","","","","","","","","","","","","","","","","","","","","","","","","","","","","","true","","","","","","false","","","","","","","","","","","","","","","","","","","","","","","","","","","","","","","","","","","","","","","","","","","","","","",""
"OSA","OSA_ar_reforms_shoulder.xml","AR_khuzait_gloves_b","{=osa_ar_khuzait_gloves_b}Eastern Plated Gauntlets","HandArmor","Culture.khuzait","","AR_khuzait_gloves_b","1.8","","","3","Plate","plate","","","23","","","","","","","","","","","","","","","","","","","","","","","","","","true","","","","","","","","","","","false","","","","","","","","","","","","","","","","","","","","","","","","","","","","","","","","","","","","","","","","","","","","","","",""
"OSA","OSA_ar_reforms_shoulder.xml","AR_sturgia_gloves_a","{=osa_ar_sturgia_gloves_a}Northern Brass Gauntlets","HandArmor","Culture.sturgia","","AR_sturgia_gloves_a","1.8","","","3","Plate","plate","","","23","","","","","","","","","","","","","","","","","","","","","","","","","","true","","","","","","","","","","","false","","","","","","","","","","","","","","","","","","","","","","","","","","","","","","","","","","","","","","","","","","","","","","",""
"OSA","OSA_ar_reforms_shoulder.xml","AR_sturgia_gloves_b","{=osa_ar_sturgia_gloves_b}Northern Iron Gauntlets","HandArmor","Culture.sturgia","","AR_sturgia_gloves_b","1.8","","","3","Plate","plate","","","23","","","","","","","","","","","","","","","","","","","","","","","","","","true","","","","","","","","","","","false","","","","","","","","","","","","","","","","","","","","","","","","","","","","","","","","","","","","","","","","","","","","","","",""
"OSA","OSA_ar_reforms_shoulder.xml","AR_sturgia_gloves_c","{=osa_ar_sturgia_gloves_c}Northern Iron Bracers","HandArmor","Culture.sturgia","","AR_sturgia_gloves_c","1.3","","","1.6","Plate","plate","","","22","","","","","","","","","","","","","","","","","","","","","","","","","","false","","","","","","","","","","","false","","","","","","","","","","","","","","","","","","","","","","","","","","","","","","","","","","","","","","","","","","","","","","",""
"OSA","OSA_ar_reforms_shoulder.xml","AR_empire_boots_a","{=osa_ar_empire_boots_a}Light Lamellar Plate Boots","LegArmor","Culture.empire","","AR_empire_boots_a","3.5","","","3","Plate","plate","","","","18","","","","","","","","","","","","","","","","","","","","","","","","","","true","","","","","","","","","","false","","","","","","","","","","","","","","","","","","","","","","","","","","","","","","","","","","","","","","","","","","","","","","",""
"OSA","OSA_ar_reforms_shoulder.xml","AR_empire_boots_b","{=osa_ar_empire_boots_b}Light Gilded Lamellar Plate Boots","LegArmor","Culture.empire","","AR_empire_boots_b","3.5","","","3","Plate","plate","","","","18","","","","","","","","","","","","","","","","","","","","","","","","","","true","","","","","","","","","","false","","","","","","","","","","","","","","","","","","","","","","","","","","","","","","","","","","","","","","","","","","","","","","",""
"OSA","OSA_ar_reforms_shoulder.xml","AR_empire_boots_c","{=osa_ar_empire_boots_c}Gilded Lamellar Plate Boots","LegArmor","Culture.empire","","AR_empire_boots_c","3.5","","","3","Plate","plate","","","","24","","","","","","","","","","","","","","","","","","","","","","","","","","true","","","","","","","","","","false","","","","","","","","","","","","","","","","","","","","","","","","","","","","","","","","","","","","","","","","","","","","","","",""
"OSA","OSA_ar_reforms_shoulder.xml","AR_vlandia_boots_a","{=osa_ar_vlandia_boots_a}Western Boots With Leather Greaves","LegArmor","Culture.vlandia","","AR_vlandia_boots_a","0.9","","","1","Leather","leather","","","","14","","","","","","","","","","","","","","","","","","","","","","","","","","true","","","","true","","","","","","false","","","","","","","","","","","","","","","","","","","","","","","","","","","","","","","","","","","","","","","","","","","","","","",""
"OSA","OSA_ar_reforms_shoulder.xml","AR_vlandia_boots_b","{=osa_ar_vlandia_boots_b}Western Boots With Iron Greaves","LegArmor","Culture.vlandia","","AR_vlandia_boots_b","2.7","","","2","Plate","plate","","","","22","","","","","","","","","","","","","","","","","","","","","","","","","","true","","","","","","","","","","false","","","","","","","","","","","","","","","","","","","","","","","","","","","","","","","","","","","","","","","","","","","","","","",""
"OSA","OSA_ar_reforms_shoulder.xml","AR_vlandia_boots_c","{=osa_ar_vlandia_boots_c}Western Boots With Gilded Greaves","LegArmor","Culture.vlandia","","AR_vlandia_boots_c","2.7","","","2","Plate","plate","","","","22","","","","","","","","","","","","","","","","","","","","","","","","","","true","","","","","","","","","","false","","","","","","","","","","","","","","","","","","","","","","","","","","","","","","","","","","","","","","","","","","","","","","",""
"OSA","OSA_bl_newequipment_items.xml","pauldron_cape_z","{=osa_pauldron_cape_z}Northern Long Cape","Cape","Culture.sturgia","","bl_sturgian_cape_a","3.5","","","4","Plate","plate","","16","4","","","","","","","","","","","","","","","","","","","","","","","","","","","","","","","","","","","","","true","","","","","","","","","","","","","","","","","","","","","","","","","","","","","","","","","","","","","","","","","","","","","","",""
"OSA","OSA_bl_newequipment_items.xml","lamellar_shoulder","{=osa_lamellar_shoulder}Northern Lamellar Shoulders","Cape","Culture.sturgia","","bl_sturgian_cape_b","3.5","","","4","Plate","plate","","20","4","","","","","","","","","","","","","","","","","","","","","","","","","","","","","","","","","","","","","true","","","","","","","","","","","","","","","","","","","","","","","","","","","","","","","","","","","","","","","","","","","","","","",""
"OSA","OSA_bl_newequipment_items.xml","lamellar_shoulder_scarf","{=osa_lamellar_shoulder_scarf}Northern Lamellar Shoulders With Scarf","Cape","Culture.sturgia","","bl_sturgian_cape_c","3.5","","","4","Plate","plate","","20","4","","","","","","","","","","","","","","","","","","","","","","","","","","","","","","","","","","","","","true","","","","","","","","","","","","","","","","","","","","","","","","","","","","","","","","","","","","","","","","","","","","","","",""
"OSA","OSA_bl_newequipment_items.xml","brass_lamellar_cape","{=osa_brass_lamellar_cape}Brass Lamellar Cape","Cape","Culture.khuzait","","bl_brass_lamellar_cape","5.0","","","2","Plate","plate","","16","6","","","","","","","","","","","","","","","","","","","","","","","","","","","","","","","","","","","","","true","","","","","","","","","","","","","","","","","","","","","","","","","","","","","","","","","","","","","","","","","","","","","","",""
"OSA","OSA_bl_newequipment_items.xml","brass_lamellar_cape_z","{=osa_brass_lamellar_cape_z}Northern Lamellar Cape","Cape","Culture.khuzait","","bl_brass_lamellar_cape_z","5.0","","","2","Plate","plate","","16","6","","","","","","","","","","","","","","","","","","","","","","","","","","","","","","","","","","","","","true","","","","","","","","","","","","","","","","","","","","","","","","","","","","","","","","","","","","","","","","","","","","","","",""
"OSA","OSA_bl_newequipment_items.xml","crown_x","{=osa_crown_x}Gilded Circlet With Tail","HeadArmor","Culture.vlandia","","AR_circlet_b","3.1","32650","","6","Plate","plate","15","","","","","false","none","none","","","","","","","","","","","","","","","","","","","","","","","","","","true","","","","","","true","","","","","","","","true","","","","","","","","","","","","","","","","","","","","","","","","","","","","","","","","","","","","","","",""
"OSA","OSA_bl_newequipment_items.xml","crown_z","{=osa_crown_z}Studded Spiked Crown","HeadArmor","Culture.vlandia","","bl_crown_z","3.1","","","6","Plate","plate","15","","","","","false","none","none","","","","","","","","","","","","","","","","","","","","","","","","","","true","","","","","","true","","","","","","","","false","","","","","","","","","","","","","","","","","","","","","","","","","","","","","","","","","","","","","","",""
"OSA","OSA_bl_newequipment_items.xml","tiara_x","{=osa_tiara_x}Imperial Tiara","HeadArmor","Culture.empire","","bl_tiara_x","3.1","","","6","Plate","plate","15","","","","","false","none","none","","","","","","","","","","","","","","","","","","","","","","","","","","true","","","","","","true","","","","","","","","false","","","","","","","","","","","","","","","","","","","","","","","","","","","","","","","","","","","","","","",""
"OSA","OSA_bl_newequipment_items.xml","wolfhelmet","{=osa_wolfhelmet}Wolfskin Over Highland Helmet","HeadArmor","Culture.battania","head_armor","bl_battania_lord_fur","2","","","4.2","Plate","plate","45","","","","","true","all","","","","","","","","","","","","","","","","","","","","","","","","","","","","","","","","","true","","","","","","","","","","","","","","","","","","","","","","","","","","","","","","","","","","","","","","","","","","","","","","",""
"OSA","OSA_bl_newequipment_items.xml","battanian_crown","{=osa_battanian_crown}Highland Crown","headArmor","Culture.battania","head_armor","bl_battania_crown_a","3.2","","","3","Plate","plate","24","","","","","false","type1","none","","","","","","","","","","","","","","","","","","","","","","","","","","true","","","","","","true","","","","","","","","","","","","","","","","","","","","","","","","","","","","","","","","","","","","","","","","","","","","","","",""
"OSA","OSA_bl_newequipment_items.xml","bearhelmet","{=osa_bearhelmet}Bearskin Over Highland Helmet","HeadArmor","Culture.battania","head_armor","bl_battania_lord_fur_a","4.5","","","2","Plate","plate","48","","","","","false","all","","","","","","","","","","","","","","","","","","","","","","","","","","","","","","","","","true","","","","","","","","","","","","","","","","","","","","","","","","","","","","","","","","","","","","","","","","","","","","","","",""
"OSA","OSA_bl_newequipment_items.xml","roman_helmet_z","{=osa_roman_helmet_z}Tall Helmet Over Stripped Cloth","HeadArmor","Culture.empire","head_armor","bl_roman_helmet_strips","3.5","","","2","Plate","plate","35","","","","","false","type3","","","","","","","","","","","","","","","","","","","","","","","","","","","","","","","","","true","","","","","","","","","","","","","","","","","","","","","","","","","","","","","","","","","","","","","","","","","","","","","","",""
"OSA","OSA_bl_newequipment_items.xml","visored_helmet_x","{=osa_visored_helmet_x}Visored Cap Helmet","HeadArmor","Culture.empire","","bl_visored_helmet_x","4.2","","","2.6","Plate","plate","45","","","","","false","all","all","","","","","","","","","","","","","","","","","","","","","","","","","","","","","","","","true","","","","","","","","","","","","","","","","","","","","","","","","","","","","","","","","","","","","","","","","","","","","","","",""
"OSA","OSA_bl_newequipment_items.xml","full_helm_over_mail_coif_x","{=osa_full_helm_over_mail_coif_x}Western Crowned Helmet With Visor","HeadArmor","Culture.vlandia","head_armor","bl_vlandia_helmet_x","5","","","2","Plate","plate","50","","","","","false","all","all","","","","","","","","","","","","","","","","","","","","","","","","","","","","","","","","false","","","","","","","","","","","","","","","","","","","","","","","","","","","","","","","","","","","","","","","","","","","","","","",""
"OSA","OSA_bl_newequipment_items.xml","full_helm_over_mail_coif_z","{=osa_full_helm_over_mail_coif_z}Western Crowned Plate Helmet With Visor","HeadArmor","Culture.vlandia","head_armor","bl_vlandia_lord_helmet_z","5","","","2","Plate","plate","55","","","","","false","all","all","","","","","","","","","","","","","","","","","","","","","","","","","","","","","","","","false","","","","","","","","","","","","","","","","","","","","","","","","","","","","","","","","","","","","","","","","","","","","","","",""
"OSA","OSA_dz_assets_armor.xml","DZ_battania_boots_a","{=osa_dz_battania_boots_a}Chainmail Boots","LegArmor","Culture.battania","","DZ_battania_boots_a","1.8","","0","1","Chainmail","chain","","","","20","","","","","","","","","","","","","","","","","","","","","","","","","","true","","","","","","","","","","","","","","","","","","","","","","","","","","","","","","","","","","","","","","","","","","","","","","","","","","","","","","","","",""
"OSA","OSA_dz_assets_armor.xml","DZ_empire_boots_a","{=osa_dz_empire_boots_a}Wrapped Leather Boots","LegArmor","Culture.empire","","DZ_empire_boots_a","0.9","","0","1","Cloth","cloth_unarmoured","","","","5","","","","","","","","","","","","","","","","","","","","","","","","","","true","","","","true","","","","","","","","","","","","","","","","","","","","","","","","","","","","","","","","","","","","","","","","","","","","","","","","","","","","",""
"OSA","OSA_dz_assets_armor.xml","DZ_empire_boots_b","{=osa_dz_empire_boots_b}Tied Leather Shoes","LegArmor","Culture.empire","","DZ_empire_boots_b","0.7","","0","0.3","Leather","leather","","","","3","","","","","","","","","","","","","","","","","","","","","","","","","","true","","","","true","","","","","","","","","","","","","","","","","","","","","","","","","","","","","","","","","","","","","","","","","","","","","","","","","","","","",""
"OSA","OSA_dz_assets_armor.xml","DZ_vlandia_boots_a","{=osa_dz_vlandia_boots_a}Mail Boots","LegArmor","Culture.vlandia","","DZ_vlandia_boots_a","1.8","","0","1","Chainmail","chain","","","","20","","","","","","","","","","","","","","","","","","","","","","","","","","true","","","","","","","","","","","","","","","","","","","","","","","","","","","","","","","","","","","","","","","","","","","","","","","","","","","","","","","","",""
"OSA","OSA_dz_assets_armor.xml","DZ_empire_shoulder_a","{=osa_dz_empire_shoulder_a}Imperial Plumed Lamellar Pauldrons Over Leather","Cape","Culture.empire","","DZ_empire_shoulder_a","3.9","","","1","Plate","plate","","16","8","","","","","","","","","","","","","","","","","","","","","","","","","","","","","","","","","","","","","","","","","","","","","","","","","","","","","","","","","","","","","","","","","","","","","","","","","","","","","","","","","","","",""
"OSA","OSA_dz_assets_armor.xml","DZ_empire_shoulder_b","{=osa_dz_empire_shoulder_b}Imperial Plumed Lamellar Pauldrons Over Leather With Cape","Cape","Culture.empire","","DZ_empire_shoulder_b","3.9","","","1","Plate","plate","","16","8","","","","","","","","","","","","","","","","","","","","","","","","","","","","","","","","","","","","","true","","","","","","","","","","","","","","","","","","","","","","","","","","","","","","","","","","","","","","","","","","","","","","",""
"OSA","OSA_dz_assets_armor.xml","DZ_khuzait_shoulder_a","{=osa_dz_khuzait_shoulder_a}Eastern Heavy Leather Pauldrons","Cape","Culture.khuzait","","DZ_khuzait_shoulder_a","4.1","","","1","Leather","leather","","8","0","","","","","","","","","","","","","","","","","","","","","","","","","","","","","","","","","","","","","","","","","","","","","","","","","","","","","","","","","","","","","","","","","","","","","","","","","","","","","","","","","","","",""
"OSA","OSA_dz_assets_armor.xml","DZ_sturgia_shoulder_a","{=osa_dz_sturgia_shoulder_a}Eastern Lamellar Pauldrons","Cape","Culture.khuzait","","DZ_sturgia_shoulder_a","4.1","","","1","Plate","plate","","8","0","","","","","","","","","","","","","","","","","","","","","","","","","","","","","","","","","","","","","","","","","","","","","","","","","","","","","","","","","","","","","","","","","","","","","","","","","","","","","","","","","","","",""
"OSA","OSA_dz_assets_armor.xml","DZ_sturgia_shoulder_b","{=osa_dz_sturgia_shoulder_b}Northern Brass Lamellar Pauldrons","Cape","Culture.sturgia","","DZ_sturgia_shoulder_b","4.1","","","1","Plate","plate","","8","0","","","","","","","","","","","","","","","","","","","","","","","","","","","","","","","","","","","","","","","","","","","","","","","","","","","","","","","","","","","","","","","","","","","","","","","","","","","","","","","","","","","",""
"OSA","OSA_dz_assets_armor.xml","DZ_sturgia_shoulder_c","{=osa_dz_sturgia_shoulder_c}Northern Iron Lamellar Pauldrons","Cape","Culture.sturgia","","DZ_sturgia_shoulder_c","4.1","","","1","Plate","plate","","8","0","","","","","","","","","","","","","","","","","","","","","","","","","","","","","","","","","","","","","","","","","","","","","","","","","","","","","","","","","","","","","","","","","","","","","","","","","","","","","","","","","","","",""
"OSA","OSA_dz_assets_armor.xml","DZ_vlandia_shoulders_a","{=osa_dz_vlandia_shoulders_a}Western Rough Chainmail Shoulders","Cape","Culture.vlandia","body_armor","DZ_vlandia_shoulders_a","2.8","","0","0.6","Chainmail","chain","","14","","","","","","","","","","","","","","","","","","","","","","","","","","","","","","","","","","","","","","","","","","","","","","","","","","","","","","","","","","","","","","","","","","","","","","","","","","","","","","","","","","","","",""
"OSA","OSA_dz_assets_armor.xml","DZ_vlandia_shoulders_b","{=osa_dz_vlandia_shoulders_b}Western Rough Mail Shoulders","Cape","Culture.vlandia","body_armor","DZ_vlandia_shoulders_b","2.8","","0","0.6","Chainmail","chain","","14","","","","","","","","","","","","","","","","","","","","","","","","","","","","","","","","","","","","","","","","","","","","","","","","","","","","","","","","","","","","","","","","","","","","","","","","","","","","","","","","","","","","",""
"OSA","OSA_dz_assets_armor.xml","DZ_empire_armor_d","{=osa_dz_empire_armor_d}Imperial Steel Scale Armor","BodyArmor","Culture.empire","","DZ_empire_armor_d","20.0","","","1","Plate","plate","","47","12","12","true","","","","","","","","","","","","","","","","","","","","","","","","","","","","","","","","","","","true","","","","","","","","","","","","","","","","","","","","","","","","","","","","","","","","","","","","","","","","","","","","","","",""
"OSA","OSA_dz_assets_armor.xml","DZ_empire_armor_d2","{=osa_dz_empire_armor_d2}Imperial Brass Scale Armor","BodyArmor","Culture.empire","","DZ_empire_armor_d2","20.0","","","1","Plate","plate","","47","12","12","true","","","","","","","","","","","","","","","","","","","","","","","","","","","","","","","","","","","true","","","","","","","","","","","","","","","","","","","","","","","","","","","","","","","","","","","","","","","","","","","","","","",""
"OSA","OSA_dz_assets_armor.xml","DZ_khuzait_armor_a","{=osa_dz_khuzait_armor_a}Eastern Luxury Silk Robes","BodyArmor","Culture.khuzait","","DZ_khuzait_armor_a","2.7","","","1","Leather","leather","","6","3","3","true","true","","","","","","","","","","","","","","","","","","","","","","","","","","","","true","","","","","","true","","","","","","","","","","","","","","","","","","","","","","","","","","","","","","","","","","","","","","","","","","","","","","",""
"OSA","OSA_dz_assets_armor.xml","DZ_khuzait_armor_b","{=osa_dz_khuzait_armor_b}Eastern Decorated Coat With Belt","BodyArmor","Culture.khuzait","","DZ_khuzait_armor_b","2.4","","","1","Leather","leather","","8","3","3","true","true","","","","","","","","","","","","","","","","","","","","","","","","","","","","true","","","","","","true","","","","","","","","","","","","","","","","","","","","","","","","","","","","","","","","","","","","","","","","","","","","","","",""
"OSA","OSA_dz_assets_armor.xml","DZ_sturgia_armor_a","{=osa_dz_sturgia_armor_a}Northern Lamellar Vest Over Gambeson","BodyArmor","Culture.sturgia","body_armor","DZ_sturgia_armor_a","9.5","","0","1.5","Plate","plate","","37","2","8","true","true","","","","","","","","","","","","","","","","","","","","","","","","","","","","","","","","","","true","","","","","","","","","","","","","","","","","","","","","","","","","","","","","","","","","","","","","","","","","","","","","","",""
"OSA","OSA_dz_assets_armor.xml","DZ_sturgia_armor_a2","{=osa_dz_sturgia_armor_a2}Northern Decorated Lamellar Vest Over Gambeson","BodyArmor","Culture.sturgia","body_armor","DZ_sturgia_armor_a2","9.5","","0","1.5","Plate","plate","","37","2","8","true","true","","","","","","","","","","","","","","","","","","","","","","","","","","","","","","","","","","true","","","","","","","","","","","","","","","","","","","","","","","","","","","","","","","","","","","","","","","","","","","","","","",""
"OSA","OSA_dz_assets_armor.xml","DZ_sturgia_armor_a3","{=osa_dz_sturgia_armor_a3}Northern Gilded Lamellar Vest Over Gambeson","BodyArmor","Culture.sturgia","body_armor","DZ_sturgia_armor_a3","9.5","","0","1.5","Plate","plate","","37","2","8","true","true","","","","","","","","","","","","","","","","","","","","","","","","","","","","","","","","","","true","","","","","","","","","","","","","","","","","","","","","","","","","","","","","","","","","","","","","","","","","","","","","","",""
"OSA","OSA_dz_assets_armor.xml","DZ_sturgia_armor_b","{=osa_dz_sturgia_armor_b}Northern Lamellar Vest Over Mailled Gambeson","BodyArmor","Culture.sturgia","body_armor","DZ_sturgia_armor_b","15.1","","0","3","Plate","plate","","48","10","12","true","true","","","","","","","","","","","","","","","","","","","","","","","","","","","","","","","","","","true","","","","","","","","","","","","","","","","","","","","","","","","","","","","","","","","","","","","","","","","","","","","","","",""
"OSA","OSA_dz_assets_armor.xml","DZ_sturgia_armor_b2","{=osa_dz_sturgia_armor_b2}Northern Decorated Lamellar Vest Over Mailled Gambeson","BodyArmor","Culture.sturgia","body_armor","DZ_sturgia_armor_b2","15.1","","0","3","Plate","plate","","48","10","12","true","true","","","","","","","","","","","","","","","","","","","","","","","","","","","","","","","","","","true","","","","","","","","","","","","","","","","","","","","","","","","","","","","","","","","","","","","","","","","","","","","","","",""
"OSA","OSA_dz_assets_armor.xml","DZ_sturgia_armor_b3","{=osa_dz_sturgia_armor_b3}Northern Gilded Lamellar Vest Over Mailled Gambeson","BodyArmor","Culture.sturgia","body_armor","DZ_sturgia_armor_b3","15.1","","0","3","Plate","plate","","48","10","12","true","true","","","","","","","","","","","","","","","","","","","","","","","","","","","","","","","","","","true","","","","","","","","","","","","","","","","","","","","","","","","","","","","","","","","","","","","","","","","","","","","","","",""
"OSA","OSA_dz_assets_armor.xml","DZ_vlandia_armor_a","{=osa_dz_vlandia_armor_a}Western Noble Robes","BodyArmor","Culture.vlandia","","DZ_vlandia_armor_a","2.7","","","1","Cloth","cloth_unarmoured","","6","3","3","true","true","","","","","","","","","","","","","","","","","","","","","","","","","","","","true","","","","","","true","","","","","","","","","","","","","","","","","","","","","","","","","","","","","","","","","","","","","","","","","","","","","","",""
"OSA","OSA_dz_assets_head.xml","DZ_aserai_helmet_d","{=osa_dz_aserai_helmet_d}Desert Decorated Closed Cap Helmet","HeadArmor","Culture.aserai","","DZ_aserai_helmet_d","4","","","2.6","Plate","plate","51","","","","","false","all","all","","","","","","","","","","","","","","","","","","","","","","","","","","","","","","","","true","","","","","","","","","","","","","","","","","","","","","","","","","","","","","","","","","","","","","","","","","","","","","","",""
"OSA","OSA_dz_assets_head.xml","DZ_aserai_helmet_f","{=osa_dz_aserai_helmet_f}Desert Noble Pointed Helmet","HeadArmor","Culture.aserai","head_armor","DZ_aserai_helmet_f","2.8","","0","9","Plate","plate","44","","","","","false","all","type3","","","","","","","","","","","","","","","","","","","","","","","","","","","","","","","","true","","","","","","","","","","","","","","","","","","","","","","","","","","","","","","","","","","","","","","","","","","","","","","",""
"OSA","OSA_dz_assets_head.xml","DZ_empire_helmet_a","{=osa_dz_empire_helmet_a}Imperial Mailled Kettle Helmet","HeadArmor","Culture.empire","","DZ_empire_helmet_a","4","","","2.6","Plate","plate","51","","","","","false","all","all","","","","","","","","","","","","","","","","","","","","","","","","","","","","","","","","true","","","","","","","","","","","","","","","","","","","","","","","","","","","","","","","","","","","","","","","","","","","","","","",""
"OSA","OSA_dz_assets_head.xml","DZ_empire_helmet_b","{=osa_dz_empire_helmet_b}Imperial Cataphract's Domed Helmet","HeadArmor","Culture.empire","","DZ_empire_helmet_b","4","","","2.6","Plate","plate","51","","","","","false","all","all","","","","","","","","","","","","","","","","","","","","","","","","","","","","","","","","true","","","","","","","","","","","","","","","","","","","","","","","","","","","","","","","","","","","","","","","","","","","","","","",""
"OSA","OSA_dz_assets_head.xml","DZ_empire_helmet_c","{=osa_dz_empire_helmet_c}Imperial Plumed Cataphract's Domed Helmet","HeadArmor","Culture.empire","","DZ_empire_helmet_c","4","","","2.6","Plate","plate","52","","","","","false","all","all","","","","","","","","","","","","","","","","","","","","","","","","","","","","","","","","true","","","","","","","","","","","","","","","","","","","","","","","","","","","","","","","","","","","","","","","","","","","","","","",""
"OSA","OSA_dz_assets_head.xml","DZ_empire_helmet_d","{=osa_dz_empire_helmet_d}Imperial Cataphract's Bent Conical Helmet","HeadArmor","Culture.empire","","DZ_empire_helmet_d","3.2","","","2.6","Plate","plate","52","","","","","false","all","all","","","","","","","","","","","","","","","","","","","","","","","","","","","","","","","","true","","","","","","","","","","","","","","","","","","","","","","","","","","","","","","","","","","","","","","","","","","","","","","",""
"OSA","OSA_dz_assets_head.xml","DZ_empire_helmet_e","{=osa_dz_empire_helmet_e}Imperial Pointed Kettle Over Padding","HeadArmor","Culture.empire","","DZ_empire_helmet_e","2.5","","","2","Plate","plate","39","","","","","false","all","type3","","","","","","","","","","","","","","","","","","","","","","","","","","","","","","","","true","","","","","","","","","","","","","","","","","","","","","","","","","","","","","","","","","","","","","","","","","","","","","","",""
"OSA","OSA_dz_assets_head.xml","DZ_empire_helmet_f","{=osa_dz_empire_helmet_f}Imperial Pointed Kettle Over Leather","HeadArmor","Culture.empire","","DZ_empire_helmet_f","2.5","","","2","Plate","plate","42","","","","","false","all","type3","","","","","","","","","","","","","","","","","","","","","","","","","","","","","","","","true","","","","","","","","","","","","","","","","","","","","","","","","","","","","","","","","","","","","","","","","","","","","","","",""
"OSA","OSA_dz_assets_head.xml","DZ_empire_helmet_g","{=osa_dz_empire_helmet_g}Imperial Pointed Kettle Over Mail","HeadArmor","Culture.empire","","DZ_empire_helmet_g","3.1","","","1.2","Plate","plate","46","","","","","false","all","type2","","","","","","","","","","","","","","","","","","","","","","","","","","","","","","","","true","","","","","","","","","","","","","","","","","","","","","","","","","","","","","","","","","","","","","","","","","","","","","","",""
"OSA","OSA_dz_assets_head.xml","DZ_empire_helmet_h","{=osa_dz_empire_helmet_h}Imperial Feathered Pointed Kettle Over Mail","HeadArmor","Culture.empire","head_armor","DZ_empire_helmet_h","2.85","","0","1.9","Plate","plate","48","","","","","false","all","type2","","","","","","","","","","","","","","","","","","","","","","","","","","","","","","","","true","","","","","","","","","","","","","","","","","","","","","","","","","","","","","","","","","","","","","","","","","","","","","","",""
"OSA","OSA_dz_assets_head.xml","DZ_empire_helmet_i","{=osa_dz_empire_helmet_i}Imperial Cataphract's Feathered Pointed Kettle","HeadArmor","Culture.empire","","DZ_empire_helmet_i","3.2","","","2.6","Plate","plate","52","","","","","false","all","all","","","","","","","","","","","","","","","","","","","","","","","","","","","","","","","","true","","","","","","","","","","","","","","","","","","","","","","","","","","","","","","","","","","","","","","","","","","","","","","",""
"OSA","OSA_dz_assets_head.xml","DZ_empire_helmet_j","{=osa_dz_empire_helmet_j}Imperial Cataphract's Plumed Pointed Kettle","HeadArmor","Culture.empire","","DZ_empire_helmet_j","3.2","","","2.6","Plate","plate","50","","","","","false","all","all","","","","","","","","","","","","","","","","","","","","","","","","","","","","","","","","true","","","","","","","","","","","","","","","","","","","","","","","","","","","","","","","","","","","","","","","","","","","","","","",""
"OSA","OSA_dz_assets_head.xml","DZ_khuzait_helmet_a","{=osa_dz_khuzait_helmet_a}Eastern Silvered Lamellar Helmet","HeadArmor","Culture.khuzait","head_armor","DZ_khuzait_helmet_a","3.3","","0","1.6","Plate","plate","36","","","","","false","type2","","","","","","","","","","","","","","","","","","","","","","","","","","","","","","","","","true","","","","","","","","","","","","","","","","","","","","","","","","","","","","","","","","","","","","","","","","","","","","","","",""
"OSA","OSA_dz_assets_head.xml","DZ_khuzait_helmet_b","{=osa_dz_khuzait_helmet_b}Eastern Open Plumed Banded Helmet","HeadArmor","Culture.khuzait","head_armor","DZ_khuzait_helmet_b","4.5","","0","2.2","Plate","plate","46","","","","","false","all","type2","","","","","","","","","","","","","","","","","","","","","","","","","","","","","","","","true","","","","","","","","","","","","","","","","","","","","","","","","","","","","","","","","","","","","","","","","","","","","","","",""
"OSA","OSA_dz_assets_head.xml","DZ_khuzait_helmet_c","{=osa_dz_khuzait_helmet_c}Eastern Closed Plumed Banded Helmet","HeadArmor","Culture.khuzait","","DZ_khuzait_helmet_c","4","","","2.6","Plate","plate","51","","","","","false","all","all","","","","","","","","","","","","","","","","","","","","","","","","","","","","","","","","true","","","","","","","","","","","","","","","","","","","","","","","","","","","","","","","","","","","","","","","","","","","","","","",""
"OSA","OSA_dz_assets_head.xml","DZ_khuzait_helmet_d","{=osa_dz_khuzait_helmet_d}Eastern Plumed Banded Helmet With Facemask","HeadArmor","Culture.khuzait","head_armor","DZ_khuzait_helmet_d","4.5","","0","2.4","Plate","plate","48","","","","","false","all","all","","","","","","","","","","","","","","","","","","","","","","","","","","","","","","","","true","","","","","","","","","","","","","","","","","","","","","","","","","","","","","","","","","","","","","","","","","","","","","","",""
"OSA","OSA_dz_assets_head.xml","DZ_khuzait_helmet_e","{=osa_dz_khuzait_helmet_e}Eastern Decorated Noble Helmet With Facemask","HeadArmor","Culture.khuzait","head_armor","DZ_khuzait_helmet_e","4.5","","0","2.4","Plate","plate","48","","","","","false","all","all","","","","","","","","","","","","","","","","","","","","","","","","","","","","","","","","true","","","","","","","","","","","","","","","","","","","","","","","","","","","","","","","","","","","","","","","","","","","","","","",""
"OSA","OSA_dz_assets_head.xml","DZ_sturgia_helmet_a","{=osa_dz_sturgia_helmet_a}Northern Plumed Visored Cap Over Closed Mail","HeadArmor","Culture.sturgia","","DZ_sturgia_helmet_a","4.1","","","1","Plate","plate","38","","","","","false","all","","","","","","","","","","","","","","","","","","","","","","","","","","","","","","","","","true","","","","","","","","","","","","","","","","","","","","","","","","","","","","","","","","","","","","","","","","","","","","","","",""
"OSA","OSA_dz_assets_head.xml","DZ_sturgia_helmet_b","{=osa_dz_sturgia_helmet_b}Northern Domed Helmet Over Padded Cloth","HeadArmor","Culture.sturgia","","DZ_sturgia_helmet_b","3.2","","","2.3","Plate","plate","36","","","","","false","type3","type1","","","","","","","","","","","","","","","","","","","","","","","","","","","","","","","","true","","","","","","","","","","","","","","","","","","","","","","","","","","","","","","","","","","","","","","","","","","","","","","",""
"OSA","OSA_dz_assets_head.xml","DZ_sturgia_helmet_c","{=osa_dz_sturgia_helmet_c}Northern Domed Helmet Over Padded Mail","HeadArmor","Culture.sturgia","head_armor","DZ_sturgia_helmet_c","3.5","","0","2.6","Plate","plate","46","","","","","false","type3","type1","","","","","","","","","","","","","","","","","","","","","","","","","","","","","","","","true","","","","","","","","","","","","","","","","","","","","","","","","","","","","","","","","","","","","","","","","","","","","","","",""
"OSA","OSA_dz_assets_head.xml","DZ_sturgia_helmet_d","{=osa_dz_sturgia_helmet_d}Northern Feathered Domed Helmet Over Mail","HeadArmor","Culture.sturgia","head_armor","DZ_sturgia_helmet_d","3.2","","0","3","Plate","plate","52","","","","","false","type3","type1","","","","","","","","","","","","","","","","","","","","","","","","","","","","","","","","true","","","","","","","","","","","","","","","","","","","","","","","","","","","","","","","","","","","","","","","","","","","","","","",""
"OSA","OSA_dz_assets_head.xml","DZ_vlandia_helmet_a","{=osa_dz_vlandia_helmet_a}Western Pointed Helmet With Leather","HeadArmor","Culture.vlandia","head_armor","DZ_vlandia_helmet_a","1.2","","0","1","Plate","plate","35","","","","","false","type3","","","","","","","","","","","","","","","","","","","","","","","","","","","","","","","","","true","","","","","","","","","","","","","","","","","","","","","","","","","","","","","","","","","","","","","","","","","","","","","","",""
"OSA","OSA_extra_contribution_items.xml","empire_battle_crown_west","{=EOplBvKz}Imperial Plumed Helmet","HeadArmor","Culture.empire","head_armor","AR_empire_battle_crown_west","3.1","","0","3","Plate","plate","48","","","","","false","all","type2","","","","","","","","","","","","","","","","","","","","","","","","","","","","","","","","true","","","","","","","","false","","","","","","","","","","","","","","","","","","","","","","","","","","","","","","","","","","","","","","",""
"OSA","OSA_extra_contribution_items.xml","AR_satan_hat","{=osa_ar_satan_hat}Festive Hat","HeadArmor","Culture.empire","head_armor","AR_satan_hat","1.4","","0","1.3","Leather","leather","2","","","","","false","type1","none","","","","","","","","","","","","","","","","","","","","","","","","","","true","","","","","","true","","","","","","","","false","","","","","","","","","","","","","","","","","","","","","","","","","","","","","","","","","","","","","","",""
"OSA","OSA_extra_contribution_items.xml","solar_helmet","{=osa_solar_helmet}Imperial Solar Helmet With Gilded Faceplate","HeadArmor","Culture.empire","head_armor","AR_solar_helmet_a","3.5","","0","3","Plate","plate","48","","","","","true","all","all","","","","","","","","","","","","","","","","","","","","","","","","","","","","","","","","true","","","","","","","","","","","","","","","","","","","","","","","","","","","","","","","","","","","","","","","","","","","","","","",""
"OSA","OSA_extra_contribution_items.xml","solar_helmet_b","{=osa_solar_helmet_b}Imperial Solar Helmet With Silvered Faceplate","HeadArmor","Culture.empire","head_armor","AR_solar_helmet_b","3.5","","0","3","Plate","plate","48","","","","","true","all","all","","","","","","","","","","","","","","","","","","","","","","","","","","","","","","","","true","","","","","","","","","","","","","","","","","","","","","","","","","","","","","","","","","","","","","","","","","","","","","","",""
"OSA","OSA_extra_contribution_items.xml","AR_gladiator_helmet_a","{=osa_ar_gladiator_helmet_a}Gilded Secutor Helmet","HeadArmor","Culture.empire","","AR_gladiator_helmet_a","3.2","","","1.3","Plate","plate","26","","","","","false","all","type1","","","","","","","","","","","","","","","","","","","","","","","","","","","","","","","","true","","","","","","","","","","","","","","","","","","","","","","","","","","","","","","","","","","","","","","","","","","","","","","",""
"OSA","OSA_extra_contribution_items.xml","AR_gladiator_helmet_a2","{=osa_ar_gladiator_helmet_a2}Gilded Secutor Helmet With Feathers","HeadArmor","Culture.empire","","AR_gladiator_helmet_a2","3.0","","","1","Plate","plate","38","","","","","false","all","all","","","","","","","","","","","","","","","","","","","","","","","","","","","","","","","","true","","","","","","","","","","","","","","","","","","","","","","","","","","","","","","","","","","","","","","","","","","","","","","",""
"OSA","OSA_extra_contribution_items.xml","AR_gladiator_helmet_b","{=osa_ar_gladiator_helmet_b}Gilded Visored Secutor Helmet With Feathers","HeadArmor","Culture.empire","","AR_gladiator_helmet_b","3.0","","","1","Plate","plate","50","","","","","false","all","all","","","","","","","","","","","","","","","","","","","","","","","","","","","","","","","","true","","","","","","","","","","","","","","","","","","","","","","","","","","","","","","","","","","","","","","","","","","","","","","",""
"OSA","OSA_extra_contribution_items.xml","AR_gladiator_helmet_c","{=osa_ar_gladiator_helmet_c}Secutor Helmet","HeadArmor","Culture.empire","","AR_gladiator_helmet_c","3.2","","","1.3","Plate","plate","26","","","","","false","all","type1","","","","","","","","","","","","","","","","","","","","","","","","","","","","","","","","true","","","","","","","","","","","","","","","","","","","","","","","","","","","","","","","","","","","","","","","","","","","","","","",""
"OSA","OSA_extra_contribution_items.xml","AR_gladiator_helmet_c2","{=osa_ar_gladiator_helmet_c2}Secutor Helmet With Feathers","HeadArmor","Culture.empire","","AR_gladiator_helmet_c2","3.0","","","1","Plate","plate","38","","","","","false","all","all","","","","","","","","","","","","","","","","","","","","","","","","","","","","","","","","true","","","","","","","","","","","","","","","","","","","","","","","","","","","","","","","","","","","","","","","","","","","","","","",""
"OSA","OSA_extra_contribution_items.xml","AR_gladiator_helmet_d","{=osa_ar_gladiator_helmet_d}Visored Secutor Helmet With Feathers","HeadArmor","Culture.empire","","AR_gladiator_helmet_d","3.0","","","1","Plate","plate","50","","","","","false","all","all","","","","","","","","","","","","","","","","","","","","","","","","","","","","","","","","true","","","","","","","","","","","","","","","","","","","","","","","","","","","","","","","","","","","","","","","","","","","","","","",""
"OSA","OSA_extra_contribution_items.xml","AR_gladiator_helmet_e","{=osa_ar_gladiator_helmet_e}Gilded Provocator Helmet","HeadArmor","Culture.empire","head_armor","AR_gladiator_helmet_e","3.5","","0","1.3","Plate","plate","20","","","","","false","type2","type2","","","","","","","","","","","","","","","","","","","","","","","","","","","","","","","","true","","","","","","","","","","","","","","","","","","","","","","","","","","","","","","","","","","","","","","","","","","","","","","",""
"OSA","OSA_extra_contribution_items.xml","AR_gladiator_helmet_f","{=osa_ar_gladiator_helmet_f}Decorated Provocator Helmet","HeadArmor","Culture.empire","head_armor","AR_gladiator_helmet_f","3.5","","0","1.3","Plate","plate","20","","","","","false","type2","type2","","","","","","","","","","","","","","","","","","","","","","","","","","","","","","","","true","","","","","","","","","","","","","","","","","","","","","","","","","","","","","","","","","","","","","","","","","","","","","","",""
"OSA","OSA_extra_contribution_items.xml","AR_gladiator_helmet_g","{=osa_ar_gladiator_helmet_g}Gilded Provocator Helmet With Faceplate","HeadArmor","Culture.empire","head_armor","AR_gladiator_helmet_g","3.5","","0","3","Plate","plate","40","","","","","true","all","all","","","","","","","","","","","","","","","","","","","","","","","","","","false","","","","","","","","","","","","","","","","","","","","","","","","","","","","","","","","","","","","","","","","","","","","","","","","","","","","",""
"OSA","OSA_extra_contribution_items.xml","AR_gladiator_helmet_h","{=osa_ar_gladiator_helmet_h}Decorated Provocator Helmet With Faceplate","HeadArmor","Culture.empire","head_armor","AR_gladiator_helmet_h","3.5","","0","3","Plate","plate","40","","","","","true","all","all","","","","","","","","","","","","","","","","","","","","","","","","","","false","","","","","","","","","","","","","","","","","","","","","","","","","","","","","","","","","","","","","","","","","","","","","","","","","","","","",""
"OSA","OSA_extra_contribution_items.xml","RW_vlandia_helmet_a","{=osa_rw_vlandia_helmet_a}Western Visored Helmet Over Stripped Cap","HeadArmor","Culture.vlandia","head_armor","RW_vlandia_helmet_a","1.8","","","1","Plate","plate","35","","","","","false","type3","type3","","","","","","","","","","","","","","","","","","","","","","","","","","","","","","","","true","","","","","","","","","","","","","","","","","","","","","","","","","","","","","","","","","","","","","","","","","","","","","","",""
"OSA","OSA_extra_contribution_items.xml","RW_vlandia_helmet_b","{=osa_rw_vlandia_helmet_b}Western Visored Helmet Over Stripped Padding","HeadArmor","Culture.vlandia","head_armor","RW_vlandia_helmet_b","1.8","","","1","Plate","plate","38","","","","","false","type3","type3","","","","","","","","","","","","","","","","","","","","","","","","","","","","","","","","true","","","","","","","","","","","","","","","","","","","","","","","","","","","","","","","","","","","","","","","","","","","","","","",""
"OSA","OSA_extra_contribution_items.xml","RW_vlandia_lord_helmet_a","{=osa_rw_vlandia_lord_helmet_a}Western Visored Helmet Over Mail","HeadArmor","Culture.vlandia","head_armor","RW_vlandia_lord_helmet_a","2.2","","","1","Plate","plate","41","","","","","false","type3","type3","","","","","","","","","","","","","","","","","","","","","","","","","","","","","","","","true","","","","","","","","","","","","","","","","","","","","","","","","","","","","","","","","","","","","","","","","","","","","","","",""
"OSA","OSA_extra_contribution_items.xml","BA_empire_shoulders_a","{=osa_ba_empire_shoulders_a}Imperial Studded Brass Pauldrons With Mail","Cape","Culture.empire","","BA_empire_shoulders_a","2.7","","","1","Chainmail","chain","","16","8","","","","","","","","","","","","","","","","","","","","","","","","","","","","","","","","","","","","","true","","","","","","","","","","","","","","","","","","","","","","","","","","","","","","","","","","","","","","","","","","","","","","",""
"OSA","OSA_extra_contribution_items.xml","BA_empire_shoulders_b","{=osa_ba_empire_shoulders_b}Imperial Studded Iron Pauldrons With Mail","Cape","Culture.empire","","BA_empire_shoulders_b","2.7","","","1","Chainmail","chain","","16","8","","","","","","","","","","","","","","","","","","","","","","","","","","","","","","","","","","","","","true","","","","","","","","","","","","","","","","","","","","","","","","","","","","","","","","","","","","","","","","","","","","","","",""
"OSA","OSA_extra_contribution_items.xml","BA_empire_shoulders_c","{=osa_ba_empire_shoulders_c}Imperial Brass Pauldrons With Mail","Cape","Culture.empire","","BA_empire_shoulders_c","2.7","","","1","Chainmail","chain","","14","6","","","","","","","","","","","","","","","","","","","","","","","","","","","","","","","","","","","","","true","","","","","","","","","","","","","","","","","","","","","","","","","","","","","","","","","","","","","","","","","","","","","","",""
"OSA","OSA_extra_contribution_items.xml","BA_empire_shoulders_d","{=osa_ba_empire_shoulders_d}Imperial Iron Pauldrons With Mail","Cape","Culture.empire","","BA_empire_shoulders_d","2.7","","","1","Chainmail","chain","","14","6","","","","","","","","","","","","","","","","","","","","","","","","","","","","","","","","","","","","","true","","","","","","","","","","","","","","","","","","","","","","","","","","","","","","","","","","","","","","","","","","","","","","",""
"OSA","OSA_extra_contribution_items.xml","LE_vlandia_armor_a","{=osa_le_vlandia_armor_a}Patterned Tabard Over Sloven Mail","BodyArmor","Culture.vlandia","body_armor","LE_vlandia_armor_a","15","","0","1.2","Chainmail","chain","","35","12","12","true","true","","","","","","","","","","","","","","","","","","","","","","","","","","","","","","","","","","true","","","","","","","","","","","","","","","","","","","","","","","","","","","","","","","","","","","","","","","","","","","","","","",""
"OSA","OSA_extra_contribution_items.xml","LE_vlandia_armor_b","{=osa_le_vlandia_armor_b}Red Tabard Over Sloven Mail","BodyArmor","Culture.vlandia","body_armor","LE_vlandia_armor_b","15","","0","1.2","Chainmail","chain","","35","12","12","true","true","","","","","","","","","","","","","","","","","","","","","","","","","","","","","","","","","","true","","","","","","","","","","","","","","","","","","","","","","","","","","","","","","","","","","","","","","","","","","","","","","",""
"OSA","OSA_extra_contribution_items.xml","AR_fur_cape_e","{=osa_ar_fur_cape_e}Furred Long Western Cape","Cape","Culture.vlandia","body_armor","AR_fur_cape_e","4.0","","0","1.5","Cloth","cloth_unarmoured","","8","","","","","","","","","","","","","","","","","","","","","","","","","","","","","","","","","","","","","","true","","","","","","","","","","","","","","","","","","","","","","","","","","","","","","","","","","","","","","","","","","","","","","",""
"OSA","OSA_extra_contribution_items.xml","AR_gladiator_shoulder_a","{=osa_ar_gladiator_shoulder_a}Single Lamellar Pauldron Over Leather","Cape","Culture.empire","","AR_gladiator_shoulder_a","3.5","","","3","Plate","plate","","18","9","","","","","","","","","","","","","","","","","","","","","","","","","","","","","","","","","","","","","true","","","","","","","","","","","","","","","","","","","","","","","","","","","","","","","","","","","","","","","","","","","","","","",""
"OSA","OSA_extra_contribution_items.xml","AR_gladiator_shoulder_b","{=osa_ar_gladiator_shoulder_b}Single Lamellar Pauldron Over Plated Leather","Cape","Culture.empire","","AR_gladiator_shoulder_b","4.1","","","1","Plate","plate","","16","8","","","","","","","","","","","","","","","","","","","","","","","","","","","","","","","","","","","","","true","","","","","","","","","","","","","","","","","","","","","","","","","","","","","","","","","","","","","","","","","","","","","","",""
"OSA","OSA_extra_contribution_items.xml","AR_imperial_lamellar_cape_e","{=osa_ar_imperial_lamellar_cape_e}Imperial Lamellar With Long Plaid Cape","Cape","Culture.empire","","AR_imperial_lamellar_cape_e","3.9","","","4","Plate","plate","","16","8","","","","","","","","","","","","","","","","","","","","","","","","","","","","","","","","","","","","","true","","","","","","","","","","","","","","","","","","","","","","","","","","","","","","","","","","","","","","","","","","","","","","",""
"OSA","OSA_extra_contribution_items.xml","AR_imperial_lamellar_cape_f","{=osa_ar_imperial_lamellar_cape_f}Imperial Lamellar With Long Striped Cape","Cape","Culture.empire","","AR_imperial_lamellar_cape_f","3.9","","","4","Plate","plate","","16","8","","","","","","","","","","","","","","","","","","","","","","","","","","","","","","","","","","","","","true","","","","","","","","","","","","","","","","","","","","","","","","","","","","","","","","","","","","","","","","","","","","","","",""
"OSA","OSA_extra_contribution_items.xml","AR_imperial_lamellar_cape_g","{=osa_ar_imperial_lamellar_cape_g}Imperial Lamellar With Bear Pelt","Cape","Culture.empire","","AR_imperial_lamellar_cape_g","3.9","","","4","Plate","plate","","16","8","","","","","","","","","","","","","","","","","","","","","","","","","","","","","","","","","","","","","true","","","","","","","","","","","","","","","","","","","","","","","","","","","","","","","","","","","","","","","","","","","","","","",""
"OSA","OSA_extra_contribution_items.xml","AR_imperial_lamellar_cape_h","{=osa_ar_imperial_lamellar_cape_h}Lamellar With Long Western Cape","Cape","Culture.vlandia","","AR_imperial_lamellar_cape_h","3.9","","","4","Plate","plate","","18","8","","","","","","","","","","","","","","","","","","","","","","","","","","","","","","","","","","","","","true","","","","","","","","","","","","","","","","","","","","","","","","","","","","","","","","","","","","","","","","","","","","","","",""
"OSA","OSA_extra_contribution_items.xml","AR_imperial_lamellar_cape_i","{=osa_ar_imperial_lamellar_cape_i}Lamellar With Western Cape","Cape","Culture.vlandia","","AR_imperial_lamellar_cape_i","3.9","","","4","Plate","plate","","14","8","","","","","","","","","","","","","","","","","","","","","","","","","","","","","","","","","","","","","true","","","","","","","","","","","","","","","","","","","","","","","","","","","","","","","","","","","","","","","","","","","","","","",""
"OSA","OSA_extra_contribution_items.xml","AR_imperial_lamellar_cape_j","{=osa_ar_imperial_lamellar_cape_j}Lamellar With Western Fur Cape","Cape","Culture.vlandia","","AR_imperial_lamellar_cape_j","3.9","","","4","Plate","plate","","18","8","","","","","","","","","","","","","","","","","","","","","","","","","","","","","","","","","","","","","true","","","","","","","","","","","","","","","","","","","","","","","","","","","","","","","","","","","","","","","","","","","","","","",""
"OSA","OSA_extra_contribution_items.xml","AR_imperial_lamellar_cape_k","{=osa_ar_imperial_lamellar_cape_k}Strip Shoulders With Western Cape","Cape","Culture.vlandia","","AR_imperial_lamellar_cape_k","3.9","","","4","Plate","plate","","17","6","","","","","","","","","","","","","","","","","","","","","","","","","","","","","","","","","","","","","true","","","","","","","","","","","","","","","","","","","","","","","","","","","","","","","","","","","","","","","","","","","","","","",""
"OSA","OSA_extra_contribution_items.xml","AR_wolf_shoulder_a","{=osa_ar_wolf_shoulder_a}Imperial Lamellar Shoulders With Wolf Pelt","Cape","Culture.empire","","AR_wolf_shoulder_a","3.8","","","3","Plate","plate","","18","10","","","","","","","","","","","","","","","","","","","","","","","","","","","","","","","","","","","","","true","","","","","","","","","","","","","","","","","","","","","","","","","","","","","","","","","","","","","","","","","","","","","","",""
"OSA","OSA_extra_contribution_items.xml","AR_wolf_shoulder_b","{=osa_ar_wolf_shoulder_b}Imperial Lamellar Shoulders With Brown Wolf Pelt","Cape","Culture.empire","","AR_wolf_shoulder_b","3.6","","","1","Plate","plate","","18","10","","","","","","","","","","","","","","","","","","","","","","","","","","","","","","","","","","","","","true","","","","","","","","","","","","","","","","","","","","","","","","","","","","","","","","","","","","","","","","","","","","","","",""
"OSA","OSA_extra_contribution_items.xml","AR_wolf_shoulder_c","{=osa_ar_wolf_shoulder_c}Imperial Lamellar Pauldrons With Wolf Pelt","Cape","Culture.empire","","AR_wolf_shoulder_c","3.8","","","3","Plate","plate","","16","8","","","","","","","","","","","","","","","","","","","","","","","","","","","","","","","","","","","","","true","","","","","","","","","","","","","","","","","","","","","","","","","","","","","","","","","","","","","","","","","","","","","","",""
"OSA","OSA_extra_contribution_items.xml","AR_wolf_shoulder_d","{=osa_ar_wolf_shoulder_d}Imperial Lamellar Pauldrons With Brown Wolf Pelt","Cape","Culture.empire","","AR_wolf_shoulder_d","3.6","","","1","Plate","plate","","16","8","","","","","","","","","","","","","","","","","","","","","","","","","","","","","","","","","","","","","true","","","","","","","","","","","","","","","","","","","","","","","","","","","","","","","","","","","","","","","","","","","","","","",""
"OSA","OSA_extra_contribution_items.xml","AR_wolf_shoulder_e","{=osa_ar_wolf_shoulder_e}Imperial Leather Shoulders With Wolf Pelt","Cape","Culture.empire","","AR_wolf_shoulder_e","2.1","","","1","Leather","leather","","10","8","","","","","","","","","","","","","","","","","","","","","","","","","","","","","","","","","","","","","true","","","","","","","","","","","","","","","","","","","","","","","","","","","","","","","","","","","","","","","","","","","","","","",""
"OSA","OSA_extra_contribution_items.xml","AR_wolf_shoulder_e2","{=osa_ar_wolf_shoulder_e2}Imperial Leather Shoulders With Brown Wolf Pelt","Cape","Culture.empire","","AR_wolf_shoulder_e2","2.1","","","1","Leather","leather","","10","8","","","","","","","","","","","","","","","","","","","","","","","","","","","","","","","","","","","","","true","","","","","","","","","","","","","","","","","","","","","","","","","","","","","","","","","","","","","","","","","","","","","","",""
"OSA","OSA_extra_contribution_items.xml","AR_wolf_shoulder_f","{=osa_ar_wolf_shoulder_f}Imperial Mail Shoulders With Wolf Pelt","Cape","Culture.empire","","AR_wolf_shoulder_f","2.7","","","1","Chainmail","chain","","14","8","","","","","","","","","","","","","","","","","","","","","","","","","","","","","","","","","","","","","true","","","","","","","","","","","","","","","","","","","","","","","","","","","","","","","","","","","","","","","","","","","","","","",""
"OSA","OSA_extra_contribution_items.xml","AR_wolf_shoulder_f2","{=osa_ar_wolf_shoulder_f2}Imperial Mail Shoulders With Brown Wolf Pelt","Cape","Culture.empire","","AR_wolf_shoulder_f2","2.7","","","1","Chainmail","chain","","14","8","","","","","","","","","","","","","","","","","","","","","","","","","","","","","","","","","","","","","true","","","","","","","","","","","","","","","","","","","","","","","","","","","","","","","","","","","","","","","","","","","","","","",""
"OSA","OSA_extra_contribution_items.xml","AR_wolf_shoulder_g","{=osa_ar_wolf_shoulder_g}Imperial Brass Scale Shoulders With Wolf Pelt","Cape","Culture.empire","","AR_wolf_shoulder_g","2.7","","","1","Plate","plate","","16","8","","","","","","","","","","","","","","","","","","","","","","","","","","","","","","","","","","","","","true","","","","","","","","","","","","","","","","","","","","","","","","","","","","","","","","","","","","","","","","","","","","","","",""
"OSA","OSA_extra_contribution_items.xml","AR_wolf_shoulder_g2","{=osa_ar_wolf_shoulder_g2}Imperial Brass Scale Shoulders With Brown Wolf Pelt","Cape","Culture.empire","","AR_wolf_shoulder_g2","2.7","","","1","Plate","plate","","16","8","","","","","","","","","","","","","","","","","","","","","","","","","","","","","","","","","","","","","true","","","","","","","","","","","","","","","","","","","","","","","","","","","","","","","","","","","","","","","","","","","","","","",""
"OSA","OSA_extra_contribution_items.xml","AR_wolf_shoulder_h","{=osa_ar_wolf_shoulder_h}Highland Warlord Pauldrons With Wolf Pelt","Cape","Culture.battania","","AR_wolf_shoulder_h","4.0","","0","3","Plate","plate","","21","12","","","","","","","","","","","","","","","","","","","","","","","","","","","","","","","","","","","","","true","","","","","","","","","","","","","","","","","","","","","","","","","","","","","","","","","","","","","","","","","","","","","","",""
"OSA","OSA_extra_contribution_items.xml","AR_wolf_shoulder_h2","{=osa_ar_wolf_shoulder_h2}Highland Warlord Pauldrons With Brown Wolf Pelt","Cape","Culture.battania","","AR_wolf_shoulder_h2","4.0","","0","3","Plate","plate","","21","12","","","","","","","","","","","","","","","","","","","","","","","","","","","","","","","","","","","","","true","","","","","","","","","","","","","","","","","","","","","","","","","","","","","","","","","","","","","","","","","","","","","","",""
"OSA","OSA_extra_contribution_items.xml","AR_wolf_shoulder_i","{=osa_ar_wolf_shoulder_i}Highland Bronze Warlord Pauldrons With Wolf Pelt","Cape","Culture.battania","","AR_wolf_shoulder_i","4.0","","0","3","Plate","plate","","21","12","","","","","","","","","","","","","","","","","","","","","","","","","","","","","","","","","","","","","true","","","","","","","","","","","","","","","","","","","","","","","","","","","","","","","","","","","","","","","","","","","","","","",""
"OSA","OSA_extra_contribution_items.xml","AR_wolf_shoulder_i2","{=osa_ar_wolf_shoulder_i2}Highland Bronze Warlord Pauldrons With Brown Wolf Pelt","Cape","Culture.battania","","AR_wolf_shoulder_i2","4.0","","0","3","Plate","plate","","21","12","","","","","","","","","","","","","","","","","","","","","","","","","","","","","","","","","","","","","true","","","","","","","","","","","","","","","","","","","","","","","","","","","","","","","","","","","","","","","","","","","","","","",""
"OSA","OSA_extra_contribution_items.xml","eastern_heavy_lamellar_shoulders","{=osa_eastern_heavy_lamellar_shoulders}Eastern Heavy Lamellar Shoulders","Cape","Culture.khuzait","","sturgia_cavalry_shoulderguards","4.5","","","","Plate","plate","","16","8","","","","","","","","","","","","","","","","","","","","","","","","","","","","","","","","","","","","","","","","","","","","","","","","","","","","","","","","","","","","","","","","","","","","","","","","","","","","","","","","","","","",""
"OSA","OSA_extra_contribution_items.xml","AR_huntress_armor_a","{=osa_ar_huntress_armor_a}Huntress' Leather Breastplate With Skirt","BodyArmor","Culture.empire","","AR_huntress_armor_a_converted","1.9","","","1","Cloth","cloth","","14","3","2","false","true","","","","","","","","","","","","","","","","","","","","","","","","","","","","true","","","","","","false","","","","","","","","","","","","","","","","","","","","","","","","","","","","","","","","","","","","","","","","","","","","","","",""
"OSA","OSA_extra_contribution_items.xml","AR_huntress_armor_b","{=osa_ar_huntress_armor_b}Huntress' Iron Breastplate With Skirt","BodyArmor","Culture.empire","","AR_huntress_armor_b_converted","1.9","","","1","Plate","plate","","28","3","2","false","true","","","","","","","","","","","","","","","","","","","","","","","","","","","","true","","","","","","false","","","","","","","","","","","","","","","","","","","","","","","","","","","","","","","","","","","","","","","","","","","","","","",""
"OSA","OSA_extra_contribution_items.xml","AR_huntress_armor_c","{=osa_ar_huntress_armor_c}Huntress' Open Leather Vest With Skirt","BodyArmor","Culture.empire","body_armor","AR_huntress_armor_c_converted","1.9","","","1","Leather","leather","","16","3","2","false","true","","","","","","","","","","","","","","","","","","","","","","","","","","","","true","","","","","","true","","","","","","","","","","","","","","","","","","","","","","","","","","","","","","","","","","","","","","","","","","","","","","",""
"OSA","OSA_extra_contribution_items.xml","eastern_heavy_lamellar_armor","{=osa_eastern_heavy_lamellar_armor}Eastern Heavy Lamellar Armor","BodyArmor","Culture.khuzait","","sturgia_cavalry_armor_reinforced","25.3","","","","Plate","plate","","54","16","18","true","true","","","","","","","","","","","","","","","","","","","","","","","","","","","","","","","","","","true","","","","","","","","","","","","","","","","","","","","","","","","","","","","","","","","","","","","","","","","","","","","","","",""
"OSA","OSA_extra_contribution_items.xml","AR_empire_dress_armor_a","{=osa_ar_empire_dress_armor_a}Imperial Dress With Leather Vest","BodyArmor","Culture.empire","body_armor","AR_empire_dress_armor_a","1.9","","","1","Leather","leather","","16","2","2","true","true","","","","","","","","","","","","","","","","","","","","","","","","","","","","true","","","","","","true","","","","","","","","","","","","","","","","","","","","","","","","","","","","","","","","","","","","","","","","","","","","","","",""
"OSA","OSA_extra_contribution_items.xml","plain_hemp_tunic","{=osa_plain_hemp_tunic}Plain Hemp Tunic","BodyArmor","Culture.empire","body_armor","armor_hemp_tunic","0.4","","0","1","Cloth","cloth_unarmoured","","4","1","2","true","","","","","","","","","","","","","","","","","","","","","","","","","","","","","true","","","","","","false","","","","","","","","","","","","","","","","","","","","","","","","","","","","","","","","","","","","","","","","","","","","","","",""
"OSA","OSA_extra_contribution_items.xml","ON_cone_hat_a","{=osa_on_cone_hat_a}Eastern Conical Straw Hat","HeadArmor","Culture.khuzait","head_armor","ON_cone_hat_a","1.2","","0","1.3","Cloth","cloth","6","","","","","false","type1","none","","","","","","","","","","","","","","","","","","","","","","","","","","true","","","","","","true","","","","","","","","","","","","","","","","","","","","","","","","","","","","","","","","","","","","","","","","","","","","","","",""
"OSA","OSA_hmj_moretroops_armor.xml","berserkr_fur_a","{=osa_berserkr_fur_a}Plated Bear Fur","Cape","Culture.sturgia","","berserkr_fur_a","7.4","","","3","Leather","leather","7","18","4","","","","","","","","","","","","","","","","","","","","","","","","","","","","","","","","","","","","","true","","","","","","","","","","","","","","","","","","","","","","","","","","","","","","","","","","","","","","","","","","","","","","",""
"OSA","OSA_hmj_moretroops_armor.xml","berserkr_fur_b","{=osa_berserkr_fur_b}Bear Pelt","Cape","Culture.sturgia","","berserkr_fur_b","6.0","","","3","Leather","leather","7","16","4","","","","","","","","","","","","","","","","","","","","","","","","","","","","","","","","","","","","","true","","","","","","","","","","","","","","","","","","","","","","","","","","","","","","","","","","","","","","","","","","","","","","",""
"OSA","OSA_hmj_moretroops_armor.xml","berserkr_fur_c","{=osa_berserkr_fur_c}Rough Bear Pelt","Cape","Culture.sturgia","","berserkr_fur_c","5.0","","","3","Leather","leather","7","16","8","","","","","","","","","","","","","","","","","","","","","","","","","","","","","","","","","","","","","true","","","","","","","","","","","","","","","","","","","","","","","","","","","","","","","","","","","","","","","","","","","","","","",""
"OSA","OSA_hmj_moretroops_armor.xml","lamellar_scarf","{=osa_lamellar_scarf}Imperial Lamellar Shoulders with Scarf","Cape","Culture.empire","","hmj_imperial_shoulders_scarf","4.0","","","3","Plate","plate","","18","9","","","","","","","","","","","","","","","","","","","","","","","","","","","","","","","","","","","","","true","","","","","","","","","","","","","","","","","","","","","","","","","","","","","","","","","","","","","","","","","","","","","","",""
"OSA","OSA_hmj_moretroops_armor.xml","battanian_mail_scarf","{=osa_battanian_mail_scarf}Highland Mail Shoulders With Cloak","Cape","Culture.battania","body_armor","hmj_battanian_mail_scarf","4.5","","0","1.8","Chainmail","chain","","10","","","","","","","","","","","","","","","","","","","","","","","","","","","","","","","","","","","","","","true","","","","","","","","","","","","","","","","","","","","","","","","","","","","","","","","","","","","","","","","","","","","","","",""
"OSA","OSA_hmj_moretroops_armor.xml","HMJ_battanian_leather_scarf","{=osa_hmj_battanian_leather_scarf}Highland Leather Shoulders With Cloak","Cape","Culture.battania","body_armor","HMJ_battanian_leather_scarf","1.4","","0","1.5","Leather","leather","","8","","","","","","","","","","","","","","","","","","","","","","","","","","","","","","","","","","","","","","true","","","","","","","","","","","","","","","","","","","","","","","","","","","","","","","","","","","","","","","","","","","","","","",""
"OSA","OSA_hmj_moretroops_armor.xml","hmj_battanian_shoulders_a","{=osa_hmj_battanian_shoulders_a}Highland Mail Shoulders With Furred Cloak","Cape","Culture.battania","body_armor","hmj_battanian_shoulders_a","4.5","","0","1.8","Chainmail","chain","","9","","","","","","","","","","","","","","","","","","","","","","","","","","","","","","","","","","","","","","true","","","","","","","","","","","","","","","","","","","","","","","","","","","","","","","","","","","","","","","","","","","","","","",""
"OSA","OSA_hmj_moretroops_armor.xml","hmj_battanian_shoulders_b","{=hmj_battanian_shoulders_b}Highland Shoulder Cape","Cape","Culture.battania","","hmj_battanian_shoulders_b","0.2","","","3","Cloth","cloth_unarmoured","","2","","","","","","","","","","","","","","","","","","","","","","","","","","","","","5","","","true","","","","","true","true","","","","","","","","","","","","","","","","","","","","","","","","","","","","","","","","","","","","","","","","","","","","","","",""
"OSA","OSA_hmj_moretroops_armor.xml","hmj_battanian_shoulders_c","{=osa_hmj_battanian_shoulders_c}Highland Mail Shoulders With Bearskin","Cape","Culture.battania","body_armor","hmj_battanian_shoulders_c","4.5","","0","1.8","Chainmail","chain","","10","","","","","","","","","","","","","","","","","","","","","","","","","","","","","","","","","","","","","","true","","","","","","","","","","","","","","","","","","","","","","","","","","","","","","","","","","","","","","","","","","","","","","",""
"OSA","OSA_hmj_moretroops_armor.xml","hmj_battanian_shoulders_d","{=osa_hmj_battanian_shoulders_d}Highland Mail Shoulders With Rough Bearskin","Cape","Culture.battania","body_armor","hmj_battanian_shoulders_d","4.5","","0","1.8","Chainmail","chain","","10","","","","","","","","","","","","","","","","","","","","","","","","","","","","","","","","","","","","","","true","","","","","","","","","","","","","","","","","","","","","","","","","","","","","","","","","","","","","","","","","","","","","","",""
"OSA","OSA_hmj_moretroops_armor.xml","hmj_battanian_shoulders_e","{=osa_hmj_battanian_shoulders_e}Highland Mail Shoulders With Fur","Cape","Culture.battania","body_armor","hmj_battanian_shoulders_e","4.5","","0","1.8","Chainmail","chain","","12","","","","","","","","","","","","","","","","","","","","","","","","","","","","","","","","","","","","","","true","","","","","","","","","","","","","","","","","","","","","","","","","","","","","","","","","","","","","","","","","","","","","","",""
"OSA","OSA_hmj_moretroops_armor.xml","hmj_plated_mail_mittens","{=osa_hmj_plated_mail_mittens}Plated Splint Gauntlets With Mail","HandArmor","Culture.empire","","hmj_plated_mail_mittens","1.4","","","1.3","Plate","plate","","","23","","","","","","","","","","","","","","","","","","","","","","","","","","true","","","","","","","","","","","true","","","","","","","","","","","","","","","","","","","","","","","","","","","","","","","","","","","","","","","","","","","","","","",""
"OSA","OSA_hmj_moretroops_armor.xml","hmj_eastern_leather_boots","{=osa_hmj_eastern_leather_boots}Eastern Studded Boots","LegArmor","Culture.khuzait","","hmj_eastern_leather_boots","0.9","","","1","Leather","leather","","","","14","","","","","","","","","","","","","","","","","","","","","","","","","","true","","","","true","","","","","","","","","","","","","","","","","","","","","","","","","","","","","","","","","","","","","","","","","","","","","","","","","","","","",""
"OSA","OSA_hmj_moretroops_armor.xml","eastern_splint_boots","{=osa_eastern_splint_boots}Eastern Splint Boots","LegArmor","Culture.khuzait","","hmj_eastern_splint_boots","2.7","","","2","Plate","plate","","","","22","","","","","","","","","","","","","","","","","","","","","","","","","","true","","","","","","","","","","true","","","","","","","","","","","","","","","","","","","","","","","","","","","","","","","","","","","","","","","","","","","","","","",""
"OSA","OSA_hmj_moretroops_armor.xml","simple_shoes","{=osa_simple_shoes}Simple Shoes","LegArmor","Culture.battania","","hmj_simple_shoes","0.2","","","6","Cloth","cloth_unarmoured","","","","2","","","","","","","","","","","","","","","","","","","","","","","","","","false","","","","true","","","","","","","","","","","","","","","","","","","","","","","","","","","","","","","","","","","","","","","","","","","","","","","","","","","","",""
"OSA","OSA_hmj_moretroops_head.xml","aserai_feathered_spangenhelm","{=osa_aserai_feathered_spangenhelm}Southern Feathered Spangenhelm Over Mail","HeadArmor","Culture.empire","head_armor","aserai_feathered_spangenhelm","3.4","","0","1.8","Plate","plate","40","","","","","false","all","","","","","","","","","","","","","","","","","","","","","","","","","","","","","","","","","true","","","","","","","","","","","","","","","","","","","","","","","","","","","","","","","","","","","","","","","","","","","","","","",""
"OSA","OSA_hmj_moretroops_head.xml","aserai_nasalhelm_cloth","{=osa_aserai_nasalhelm_cloth}Southern Loose Wrapped Nasal Helmet","HeadArmor","Culture.aserai","","aserai_nasalhelm_cloth","1.4","","","1","Plate","plate","18","","","","","false","all","type2","","","","","","","","","","","","","","","","","","","","","","","","","","","","","","","","true","","","","","","","","","","","","","","","","","","","","","","","","","","","","","","","","","","","","","","","","","","","","","","",""
"OSA","OSA_hmj_moretroops_head.xml","aserai_nasalhelm_mailcoif","{=osa_aserai_nasalhelm_mailcoif}Southern Nasalhelm With Mail Coif","HeadArmor","Culture.aserai","head_armor","aserai_nasalhelm_mailcoif","3.1","","0","1","Chainmail","chain","28","","","","","false","all","type2","","","","","","","","","","","","","","","","","","","","","","","","","","","","","","","","true","","","","","","","","","","","","","","","","","","","","","","","","","","","","","","","","","","","","","","","","","","","","","","",""
"OSA","OSA_hmj_moretroops_head.xml","aserai_nasalhelm_mail_veil","{=osa_aserai_nasalhelm_mail_veil}Southern Nasalhelm With Closed Mail","HeadArmor","Culture.aserai","","aserai_nasalhelm_mail_veil","3.2","","","1.3","Chainmail","chain","30","","","","","false","all","type3","","","","","","","","","","","","","","","","","","","","","","","","","","","","","","","","true","","","","","","","","","","","","","","","","","","","","","","","","","","","","","","","","","","","","","","","","","","","","","","",""
"OSA","OSA_hmj_moretroops_head.xml","hmj_southern_headband_helm","{=osa_hmj_southern_headband_helm}Southern Nasal Helmet With Headscarf","HeadArmor","Culture.aserai","","hmj_southern_headband_helm","1.2","","","1","Plate","plate","19","","","","","false","type2","none","","","","","","","","","","","","","","","","","","","","","","","","","","","","","","","","true","","","","","","","","","","","","","","","","","","","","","","","","","","","","","","","","","","","","","","","","","","","","","","",""
"OSA","OSA_hmj_moretroops_head.xml","hmj_aserai_helmet_a","{=osa_hmj_aserai_helmet_a}Southern Wrapped Pointed Skullcap Over Mail Coif","HeadArmor","Culture.aserai","","hmj_aserai_helmet_a","2.8","","","2.7","Plate","plate","39","","","","","false","all","type3","","","","","","","","","","","","","","","","","","","","","","","","","","","","","","","","true","","","","","","","","","","","","","","","","","","","","","","","","","","","","","","","","","","","","","","","","","","","","","","",""
"OSA","OSA_hmj_moretroops_head.xml","aserai_mubarizun_helmet","{=osa_aserai_mubarizun_helmet}Southern Champion's Helmet","HeadArmor","Culture.aserai","head_armor","aserai_mubarizun_helmet","3.5","","0","1.0","Chainmail","chain","46","","","","","false","all","all","","","","","","","","","","","","","","","","","","","","","","","","","","","","","","","","true","","","","","","","","","","","","","","","","","","","","","","","","","","","","","","","","","","","","","","","","","","","","","","",""
"OSA","OSA_hmj_moretroops_head.xml","southern_vendel_helmet","{=osa_southern_vendel_helmet}Southern Vendel Helmet","HeadArmor","Culture.aserai","","aserai_cowled_vendel","4.2","","","2.6","Chainmail","chain","51","","","","","false","all","all","","","","","","","","","","","","","","","","","","","","","","","","","","","","","","","","true","","","","","","","","","","","","","","","","","","","","","","","","","","","","","","","","","","","","","","","","","","","","","","",""
"OSA","OSA_hmj_moretroops_head.xml","southern_mail_helm_band","{=osa_southern_mail_helm_band}Southern Banded Nasalhelm Over Mail","HeadArmor","Culture.aserai","","hmj_southern_band_helmveil","3.2","","","1.3","Chainmail","chain","30","","","","","false","all","type3","","","","","","","","","","","","","","","","","","","","","","","","","","","","","","","","true","","","","","","","","","","","","","","","","","","","","","","","","","","","","","","","","","","","","","","","","","","","","","","",""
"OSA","OSA_hmj_moretroops_head.xml","wolfskin_helmet_guard","{=osa_wolfskin_helmet_guard}Wolfskin Helmet","HeadArmor","Culture.battania","head_armor","wolfskin_helm_a","4.0","","0","2","Plate","plate","40","","","","","false","type2","","","","","","","","","","","","","","","","","","","","","","","","","","","","","","","","","true","","","","","","","","","","","","","","","","","","","","","","","","","","","","","","","","","","","","","","","","","","","","","","",""
"OSA","OSA_hmj_moretroops_head.xml","battania_skull_cap","{=osa_battania_skull_cap}Highland Skull Cap","HeadArmor","Culture.battania","head_armor","hmj_battanian_skull_cap","1.1","","0","1","Plate","plate","19","","","","","false","type1","","","","","","","","","","","","","","","","","","","","","","","","","","","","","","","","","true","","","","","","","","","","","","","","","","","","","","","","","","","","","","","","","","","","","","","","","","","","","","","","",""
"OSA","OSA_hmj_moretroops_head.xml","hmj_simple_nasal_helm","{=osa_hmj_simple_nasal_helm}Highland Nasal Cap","HeadArmor","Culture.battania","head_armor","hmj_simple_nasal_helm","1.1","","0","1","Plate","plate","20","","","","","false","type1","","","","","","","","","","","","","","","","","","","","","","","","","","","","","","","","","true","","","","","","","","","","","","","","","","","","","","","","","","","","","","","","","","","","","","","","","","","","","","","","",""
"OSA","OSA_hmj_moretroops_head.xml","hmj_simple_nasal_helm_hood","{=osa_hmj_simple_nasal_helm_hood}Highland Nasal Cap Over Leather","HeadArmor","Culture.battania","head_armor","hmj_simple_nasal_helm_hood","1.1","","0","1","Plate","plate","22","","","","","false","type3","","","","","","","","","","","","","","","","","","","","","","","","","","","","","","","","","true","","","","","","","","","","","","","","","","","","","","","","","","","","","","","","","","","","","","","","","","","","","","","","",""
"OSA","OSA_hmj_moretroops_head.xml","hmj_simple_nasal_helm_with_scale","{=osa_hmj_simple_nasal_helm_with_scale}Highland Nasal Cap Over Scale","HeadArmor","Culture.battania","head_armor","hmj_simple_nasal_helm_with_scale","1.1","","0","1","Plate","plate","24","","","","","false","type3","","","","","","","","","","","","","","","","","","","","","","","","","","","","","","","","","true","","","","","","","","","","","","","","","","","","","","","","","","","","","","","","","","","","","","","","","","","","","","","","",""
"OSA","OSA_hmj_moretroops_head.xml","battania_simple_spangenhelm","{=osa_battania_simple_spangenhelm}Highland Cap Helmet","HeadArmor","Culture.battania","head_armor","hmj_battania_simple_spangenhelm","1.1","","0","1","Plate","plate","19","","","","","false","type1","","","","","","","","","","","","","","","","","","","","","","","","","","","","","","","","","true","","","","","","","","","","","","","","","","","","","","","","","","","","","","","","","","","","","","","","","","","","","","","","",""
"OSA","OSA_hmj_moretroops_head.xml","battania_fur_cap","{=osa_battania_fur_cap}Highland Fur Cap","HeadArmor","Culture.battania","head_armor","battania_fur_cap","0.8","","0","1","Leather","leather","18","","","","","false","type1","","","","","","","","","","","","","","","","","","","","","","","","","","","","","","","","","true","","","","","","","","","","","","","","","","","","","","","","","","","","","","","","","","","","","","","","","","","","","","","","",""
"OSA","OSA_hmj_moretroops_head.xml","simple_helmet","{=osa_simple_helmet}Simple Helmet","HeadArmor","Culture.battania","head_armor","hmj_simple_helm","1.5","","0","1","Plate","plate","20","","","","","false","type1","","","","","","","","","","","","","","","","","","","","","","","","","","","","","","","","","true","","","","","","","","","","","","","","","","","","","","","","","","","","","","","","","","","","","","","","","","","","","","","","",""
"OSA","OSA_hmj_moretroops_head.xml","simple_helmet_headcloth","{=osa_simple_helmet_headcloth}Simple Helmet Over Headwrap","HeadArmor","Culture.battania","head_armor","hmj_simple_helm_headcloth","1.4","","0","1","Plate","plate","22","","","","","false","all","","","","","","","","","","","","","","","","","","","","","","","","","","","","","","","","","true","","","","","","","","","","","","","","","","","","","","","","","","","","","","","","","","","","","","","","","","","","","","","","",""
"OSA","OSA_hmj_moretroops_head.xml","simple_helmet_with_scale","{=osa_simple_helmet_with_scale}Simple Helmet With Scale","HeadArmor","Culture.battania","head_armor","hmj_simple_helm_with_scale","1.8","","0","1","Plate","plate","26","","","","","false","all","","","","","","","","","","","","","","","","","","","","","","","","","","","","","","","","","true","","","","","","","","","","","","","","","","","","","","","","","","","","","","","","","","","","","","","","","","","","","","","","",""
"OSA","OSA_hmj_moretroops_head.xml","simple_helmet_scarf","{=osa_simple_helmet_scarf}Simple Helmet With Scarf","HeadArmor","Culture.battania","head_armor","hmj_simple_helm_scarf","1.5","","0","1","Plate","plate","21","","","","","false","all","","","","","","","","","","","","","","","","","","","","","","","","","","","","","","","","","true","","","","","","","","","","","","","","","","","","","","","","","","","","","","","","","","","","","","","","","","","","","","","","",""
"OSA","OSA_hmj_moretroops_head.xml","celtic_mail_helm","{=osa_celtic_mail_helm}Tall Nasalhelm With Mail","HeadArmor","Culture.battania","head_armor","hmj_celtic_mail_helm","2.9","","0","1.3","Plate","plate","30","","","","","false","type3","","","","","","","","","","","","","","","","","","","","","","","","","","","","","","","","","true","","","","","","","","","","","","","","","","","","","","","","","","","","","","","","","","","","","","","","","","","","","","","","",""
"OSA","OSA_hmj_moretroops_head.xml","highland_headscarf","{=osa_highland_headscarf}Highland Head Scarf","HeadArmor","Culture.battania","","hmj_highland_headscarf","0.3","","","1","Cloth","cloth_unarmoured","4","","","","","false","all","type3","","","","","","","","","","","","","","","","","","","","","","","","","","true","","","","","","false","","","","","","","","","","","","","","","","","","","","","","","","","","","","","","","","","","","","","","","","","","","","","","",""
"OSA","OSA_hmj_moretroops_head.xml","hmj_imperial_cheek_pteurges_plume","{=osa_hmj_imperial_cheek_pteurges_plume}Highland Plumed Kettle Helmet With Strips","HeadArmor","Culture.battania","head_armor","hmj_imperial_cheek_pteurges_plume","3.7","","0","1.3","Plate","plate","28","","","","","false","type3","type2","","","","","","","","","","","","","","","","","","","","","","","","","","","","","","","","true","","","","","","","","","","","","","","","","","","","","","","","","","","","","","","","","","","","","","","","","","","","","","","",""
"OSA","OSA_hmj_moretroops_head.xml","bronze_aserai_helm","{=osa_bronze_aserai_helm}Southern Iron Nasalhelm Over Mail","HeadArmor","Culture.empire","head_armor","bronze_aserai_helm","3.4","","0","1.8","Plate","plate","40","","","","","false","all","","","","","","","","","","","","","","","","","","","","","","","","","","","","","","","","","true","","","","","","","","","","","","","","","","","","","","","","","","","","","","","","","","","","","","","","","","","","","","","","",""
"OSA","OSA_hmj_moretroops_head.xml","khuzait_ironlame_kettle","{=osa_khuzait_ironlame_kettle}Imperial Closed Iron Kettle","HeadArmor","Culture.empire","","khuzait_ironlame_kettle","4","","","2.3","Chainmail","chain","43","","","","","false","type3","all","","","","","","","","","","","","","","","","","","","","","","","","","","","","","","","","true","","","","","","","","","","","","","","","","","","","","","","","","","","","","","","","","","","","","","","","","","","","","","","",""
"OSA","OSA_hmj_moretroops_head.xml","khuzait_spiked_kettle","{=osa_khuzait_spiked_kettle}Imperial Closed Spiked Kettle","HeadArmor","Culture.empire","","khuzait_spiked_kettle","5","","","2.0","Chainmail","chain","44","","","","","false","type3","all","","","","","","","","","","","","","","","","","","","","","","","","","","","","","","","","true","","","","","","","","","","","","","","","","","","","","","","","","","","","","","","","","","","","","","","","","","","","","","","",""
"OSA","OSA_hmj_moretroops_head.xml","varangian_guard_helmet_a","{=osa_varangian_guard_helmet_a}Imperial Guard's Helmet With Closed Plated Mail","HeadArmor","Culture.empire","","varangian_guard_helmet_a","5.8","","","1.3","Chainmail","chain","54","","","","","false","all","type2","","","","","","","","","","","","","","","","","","","","","","","","","","","","","","","","true","","","","","","","","","","","","","","","","","","","","","","","","","","","","","","","","","","","","","","","","","","","","","","",""
"OSA","OSA_hmj_moretroops_head.xml","varangian_guard_helmet_c","{=osa_varangian_guard_helmet_c}Imperial Guard's Helmet With Stripped Cataphract Mail","HeadArmor","Culture.empire","","varangian_guard_helmet_c","5.4","","","1.0","Chainmail","chain","53","","","","","false","all","type2","","","","","","","","","","","","","","","","","","","","","","","","","","","","","","","","true","","","","","","","","","","","","","","","","","","","","","","","","","","","","","","","","","","","","","","","","","","","","","","",""
"OSA","OSA_hmj_moretroops_head.xml","echerian_elite_helm","{=osa_echerian_elite_helm}Imperial Closed Guarded Lord Helmet","HeadArmor","Culture.empire","head_armor","hmj_echerian_elite_helm","3.7","","0","3","Plate","plate","51","","","","","false","all","type3","","","","","","","","","","","","","","","","","","","","","","","","","","","","","","","","true","","","","","","","","","","","","","","","","","","","","","","","","","","","","","","","","","","","","","","","","","","","","","","",""
"OSA","OSA_hmj_moretroops_head.xml","imperial_lord_helm_mail","{=osa_imperial_lord_helm_mail}Imperial Closed Guarded Lord Helmet","headArmor","Culture.empire","head_armor","hmj_empire_guarded_lord_helm_mail","3.7","","0","3","Plate","plate","52","","","","","false","all","type3","","","","","","","","","","","","","","","","","","","","","","","","","","","","","","","","true","","","","","","","","","","","","","","","","","","","","","","","","","","","","","","","","","","","","","","","","","","","","","","",""
"OSA","OSA_hmj_moretroops_head.xml","mail_coif_pilgrim_hood","{=osa_mail_coif_pilgrim_hood}Pilgrim's Hood over Mail Coif","headArmor","Culture.empire","","hmj_sneak_head_a","1.0","","0","0.3","Cloth","cloth_unarmoured","20","","","","","false","all","type3","","","","","","","","","","","","","","","","","","","","","","","","","","true","","","","","","false","","","","","","","","false","","","","","","","","","","","","","","","","","","","","","","","","","","","","","","","","","","","","","","",""
"OSA","OSA_hmj_moretroops_head.xml","ulfhednar_helm","{=osa_ulfhednar_helm}Ulfhednar's Goggled Helmet","HeadArmor","Culture.sturgia","head_armor","ulfhednar_helmet_a","4.8","","0","1","Plate","plate","48","","","","","false","type2","","","","","","","","","","","","","","","","","","","","","","","","","","","","","","","","","true","","","","","","","","","","","","","","","","","","","","","","","","","","","","","","","","","","","","","","","","","","","","","","",""
"OSA","OSA_hmj_moretroops_head.xml","ulfhednar_helm_b","{=osa_ulfhednar_helm_b}Ulfhednar's Helmet","HeadArmor","Culture.sturgia","head_armor","ulfhednar_helmet_b","4.8","","0","1","Plate","plate","32","","","","","false","type2","","","","","","","","","","","","","","","","","","","","","","","","","","","","","","","","","true","","","","","","","","","","","","","","","","","","","","","","","","","","","","","","","","","","","","","","","","","","","","","","",""
"OSA","OSA_hmj_moretroops_head.xml","berserkr_helm_a","{=osa_berserkr_helm_a}Berserker's Helm","HeadArmor","Culture.sturgia","head_armor","berserkr_helm_a","4.8","","0","1","Plate","plate","48","","","","","false","type2","","","","","","","","","","","","","","","","","","","","","","","","","","","","","","","","","true","","","","","","","","","","","","","","","","","","","","","","","","","","","","","","","","","","","","","","","","","","","","","","",""
"OSA","OSA_hmj_moretroops_head.xml","sturgian_nasal_helmet_fur","{=osa_sturgian_nasal_helmet_fur}Northern Nasalhelm with Hat","HeadArmor","Culture.sturgia","","sturgian_nasal_helmet_fur","1.8","","","6","Plate","plate","20","","","","","false","type3","none","","","","","","","","","","","","","","","","","","","","","","","","","","","","","","","","true","","","","","","","","","","","","","","","","","","","","","","","","","","","","","","","","","","","","","","","","","","","","","","",""
"OSA","OSA_hmj_moretroops_head.xml","mailed_cavalry_helm","{=osa_mailed_cavalry_helm}Northern Closed Cavalry Helmet","HeadArmor","Culture.sturgia","","mailed_cavalry_helm","3.0","","","1.0","Plate","plate","40","","","","","false","all","type3","","","","","","","","","","","","","","","","","","","","","","","","","","","","","","","","true","","","","","","","","","","","","","","","","","","","","","","","","","","","","","","","","","","","","","","","","","","","","","","",""
"OSA","OSA_hmj_moretroops_head.xml","vaegir_helmet_open","{=osa_vaegir_helmet_open}Varyag Open Helmet","HeadArmor","Culture.sturgia","","vaegir_helmet_open","2.0","","","3.2","Plate","plate","37","","","","","false","type3","none","","","","","","","","","","","","","","","","","","","","","","","","","","","","","","","","true","","","","","","","","","","","","","","","","","","","","","","","","","","","","","","","","","","","","","","","","","","","","","","",""
"OSA","OSA_hmj_moretroops_head.xml","vaegir_helmet_closed","{=osa_vaegir_helmet_closed}Varyag Closed Helmet","HeadArmor","Culture.sturgia","","vaegir_helmet_closed","2.2","","","2","Plate","plate","42","","","","","false","all","all","","","","","","","","","","","","","","","","","","","","","","","","","","","","","","","","true","","","","","","","","","","","","","","","","","","","","","","","","","","","","","","","","","","","","","","","","","","","","","","",""
"OSA","OSA_hmj_moretroops_head.xml","battanian_decorated_spangenhelm","{=osa_battanian_decorated_spangenhelm}Decorated Nasalhelm With Mail","headArmor","Culture.sturgia","head_armor","hmj_battanian_decorated_spangenhelm","3.6","","0","3","Plate","plate","41","","","","","false","all","type2","","","","","","","","","","","","","","","","","","","","","","","","","","","","","","","","true","","","","","","","","","","","","","","","","","","","","","","","","","","","","","","","","","","","","","","","","","","","","","","",""
"OSA","OSA_hmj_moretroops_head.xml","hmj_forpolkka_sturgia_gopniki_helm","{=osa_hmj_forpolkka_sturgia_gopniki_helm}Northern Helmet With Fur Hat","HeadArmor","Culture.sturgia","","hmj_forpolkka_sturgia_gopniki_helm","1.9","","","1.6","Plate","plate","31","","","","","false","type3","none","","","","","","","","","","","","","","","","","","","","","","","","","","","","","","","","true","","","","","","","","","","","","","","","","","","","","","","","","","","","","","","","","","","","","","","","","","","","","","","",""
"OSA","OSA_tv_assets_armor.xml","TV_aserai_boots_c","{=osa_tv_aserai_boots_c}Southern Boots With Gilded Greaves","LegArmor","Culture.aserai","","TV_aserai_boots_c","2.7","","","2","Plate","plate","","","","24","","","","","","","","","","","","","","","","","","","","","","","","","","true","","","","","","","","","","","","","","","","","","","","","","","","","","","","","","","","","","","","","","","","","","","","","","","","","","","","","","","","",""
"OSA","OSA_tv_assets_armor.xml","TV_aserai_boots_d","{=osa_tv_aserai_boots_d}Southern Blackened Boots With Iron Greaves","LegArmor","Culture.aserai","","TV_aserai_boots_d","2.7","","","2","Plate","plate","","","","24","","","","","","","","","","","","","","","","","","","","","","","","","","true","","","","","","","","","","","","","","","","","","","","","","","","","","","","","","","","","","","","","","","","","","","","","","","","","","","","","","","","",""
"OSA","OSA_tv_assets_armor.xml","TV_aserai_boots_e","{=osa_tv_aserai_boots_e}Southern Boots With Leather Greaves","LegArmor","Culture.aserai","","TV_aserai_boots_e","2.7","","","2","Leather","leather","","","","14","","","","","","","","","","","","","","","","","","","","","","","","","","true","","","","","","","","","","","","","","","","","","","","","","","","","","","","","","","","","","","","","","","","","","","","","","","","","","","","","","","","",""
"OSA","OSA_tv_assets_armor.xml","TV_aserai_boots_e2","{=osa_tv_aserai_boots_e2}Southern Blackened Boots With Leather Greaves","LegArmor","Culture.aserai","","TV_aserai_boots_e2","2.7","","","2","Leather","leather","","","","14","","","","","","","","","","","","","","","","","","","","","","","","","","true","","","","","","","","","","","","","","","","","","","","","","","","","","","","","","","","","","","","","","","","","","","","","","","","","","","","","","","","",""
"OSA","OSA_tv_assets_armor.xml","TV_aserai_boots_h","{=osa_tv_aserai_boots_h}Leather Boots","LegArmor","Culture.sturgia","","TV_aserai_boots_h","1.0","","","1","Leather","leather","","","","3","","","","","","","","","","","","","","","","","","","","","","","","","","true","","","","true","","","","","","","","","","","","","","","","","","","","","","","","","","","","","","","","","","","","","","","","","","","","","","","","","","","","",""
"OSA","OSA_tv_assets_armor.xml","TV_aserai_boots_i","{=osa_tv_aserai_boots_i}Blackened Leather Boots","LegArmor","Culture.sturgia","","TV_aserai_boots_i","1.0","","","1","Leather","leather","","","","3","","","","","","","","","","","","","","","","","","","","","","","","","","true","","","","true","","","","","","","","","","","","","","","","","","","","","","","","","","","","","","","","","","","","","","","","","","","","","","","","","","","","",""
"OSA","OSA_tv_assets_armor.xml","TV_battania_boots_a","{=osa_tv_battania_boots_a}Highland Shoes With Green Plaid Legwraps","LegArmor","Culture.battania","","TV_battania_boots_a","0.8","","","1","Cloth","cloth","","","","4","","","","","","","","","","","","","","","","","","","","","","","","","","true","","","","true","","","","","","","","","","","","","","","","","","","","","","","","","","","","","","","","","","","","","","","","","","","","","","","","","","","","",""
"OSA","OSA_tv_assets_armor.xml","TV_battania_boots_b","{=osa_tv_battania_boots_b}Highland Shoes With Lime Plaid Legwraps","LegArmor","Culture.battania","","TV_battania_boots_b","0.8","","","1","Cloth","cloth","","","","4","","","","","","","","","","","","","","","","","","","","","","","","","","true","","","","true","","","","","","","","","","","","","","","","","","","","","","","","","","","","","","","","","","","","","","","","","","","","","","","","","","","","",""
"OSA","OSA_tv_assets_armor.xml","TV_battania_boots_c","{=osa_tv_battania_boots_c}Highland Shoes With Orange Plaid Legwraps","LegArmor","Culture.battania","","TV_battania_boots_c","0.8","","","1","Cloth","cloth","","","","4","","","","","","","","","","","","","","","","","","","","","","","","","","true","","","","true","","","","","","","","","","","","","","","","","","","","","","","","","","","","","","","","","","","","","","","","","","","","","","","","","","","","",""
"OSA","OSA_tv_assets_armor.xml","TV_battania_boots_d","{=osa_tv_battania_boots_d}Highland Shoes With Brown Legwraps","LegArmor","Culture.battania","","TV_battania_boots_d","0.8","","","1","Cloth","cloth","","","","4","","","","","","","","","","","","","","","","","","","","","","","","","","true","","","","true","","","","","","","","","","","","","","","","","","","","","","","","","","","","","","","","","","","","","","","","","","","","","","","","","","","","",""
"OSA","OSA_tv_assets_armor.xml","TV_battania_boots_g","{=osa_tv_battania_boots_g}Highland Leather Greave Boots With Green Plaid Legwraps","LegArmor","Culture.battania","","TV_battania_boots_g","1.8","","","1","Leather","leather","","","","14","","","","","","","","","","","","","","","","","","","","","","","","","","true","","","","true","","","","","","","","","","","","","","","","","","","","","","","","","","","","","","","","","","","","","","","","","","","","","","","","","","","","",""
"OSA","OSA_tv_assets_armor.xml","TV_battania_boots_h","{=osa_tv_battania_boots_h}Highland Leather Greave Boots With Lime Plaid Legwraps","LegArmor","Culture.battania","","TV_battania_boots_h","1.8","","","1","Leather","leather","","","","14","","","","","","","","","","","","","","","","","","","","","","","","","","true","","","","true","","","","","","","","","","","","","","","","","","","","","","","","","","","","","","","","","","","","","","","","","","","","","","","","","","","","",""
"OSA","OSA_tv_assets_armor.xml","TV_battania_boots_i","{=osa_tv_battania_boots_i}Highland Leather Greave Boots With Orange Plaid Legwraps","LegArmor","Culture.battania","","TV_battania_boots_i","1.8","","","1","Leather","leather","","","","14","","","","","","","","","","","","","","","","","","","","","","","","","","true","","","","true","","","","","","","","","","","","","","","","","","","","","","","","","","","","","","","","","","","","","","","","","","","","","","","","","","","","",""
"OSA","OSA_tv_assets_armor.xml","TV_battania_boots_j","{=osa_tv_battania_boots_j}Highland Leather Greave Boots With Brown Legwraps","LegArmor","Culture.battania","","TV_battania_boots_j","1.8","","","1","Leather","leather","","","","14","","","","","","","","","","","","","","","","","","","","","","","","","","true","","","","true","","","","","","","","","","","","","","","","","","","","","","","","","","","","","","","","","","","","","","","","","","","","","","","","","","","","",""
"OSA","OSA_tv_assets_armor.xml","TV_battania_boots_k","{=osa_tv_battania_boots_k}Highland Brass Greave Boots With Green Plaid Legwraps","LegArmor","Culture.battania","","TV_battania_boots_k","1.8","","","1","Plate","plate","","","","20","","","","","","","","","","","","","","","","","","","","","","","","","","true","","","","true","","","","","","","","","","","","","","","","","","","","","","","","","","","","","","","","","","","","","","","","","","","","","","","","","","","","",""
"OSA","OSA_tv_assets_armor.xml","TV_battania_boots_l","{=osa_tv_battania_boots_l}Highland Brass Greave Boots With Lime Plaid Legwraps","LegArmor","Culture.battania","","TV_battania_boots_l","1.8","","","1","Plate","plate","","","","20","","","","","","","","","","","","","","","","","","","","","","","","","","true","","","","true","","","","","","","","","","","","","","","","","","","","","","","","","","","","","","","","","","","","","","","","","","","","","","","","","","","","",""
"OSA","OSA_tv_assets_armor.xml","TV_battania_boots_m","{=osa_tv_battania_boots_m}Highland Brass Greave Boots With Orange Plaid Legwraps","LegArmor","Culture.battania","","TV_battania_boots_m","1.8","","","1","Plate","plate","","","","20","","","","","","","","","","","","","","","","","","","","","","","","","","true","","","","true","","","","","","","","","","","","","","","","","","","","","","","","","","","","","","","","","","","","","","","","","","","","","","","","","","","","",""
"OSA","OSA_tv_assets_armor.xml","TV_battania_boots_n","{=osa_tv_battania_boots_n}Highland Brass Greave Boots With Brown Legwraps","LegArmor","Culture.battania","","TV_battania_boots_n","1.8","","","1","Plate","plate","","","","20","","","","","","","","","","","","","","","","","","","","","","","","","","true","","","","true","","","","","","","","","","","","","","","","","","","","","","","","","","","","","","","","","","","","","","","","","","","","","","","","","","","","",""
"OSA","OSA_tv_assets_armor.xml","TV_battania_boots_o","{=osa_tv_battania_boots_o}Highland Iron Greave Boots With Green Plaid Legwraps","LegArmor","Culture.battania","","TV_battania_boots_o","1.8","","","1","Plate","plate","","","","20","","","","","","","","","","","","","","","","","","","","","","","","","","true","","","","true","","","","","","","","","","","","","","","","","","","","","","","","","","","","","","","","","","","","","","","","","","","","","","","","","","","","",""
"OSA","OSA_tv_assets_armor.xml","TV_battania_boots_p","{=osa_tv_battania_boots_p}Highland Iron Greave Boots With Lime Plaid Legwraps","LegArmor","Culture.battania","","TV_battania_boots_p","1.8","","","1","Plate","plate","","","","20","","","","","","","","","","","","","","","","","","","","","","","","","","true","","","","true","","","","","","","","","","","","","","","","","","","","","","","","","","","","","","","","","","","","","","","","","","","","","","","","","","","","",""
"OSA","OSA_tv_assets_armor.xml","TV_battania_boots_q","{=osa_tv_battania_boots_q}Highland Iron Greave Boots With Orange Plaid Legwraps","LegArmor","Culture.battania","","TV_battania_boots_q","1.8","","","1","Plate","plate","","","","20","","","","","","","","","","","","","","","","","","","","","","","","","","true","","","","true","","","","","","","","","","","","","","","","","","","","","","","","","","","","","","","","","","","","","","","","","","","","","","","","","","","","",""
"OSA","OSA_tv_assets_armor.xml","TV_battania_boots_r","{=osa_tv_battania_boots_r}Highland Iron Greave Boots With Brown Legwraps","LegArmor","Culture.battania","","TV_battania_boots_r","1.8","","","1","Plate","plate","","","","20","","","","","","","","","","","","","","","","","","","","","","","","","","true","","","","true","","","","","","","","","","","","","","","","","","","","","","","","","","","","","","","","","","","","","","","","","","","","","","","","","","","","",""
"OSA","OSA_tv_assets_armor.xml","TV_battania_boots_s","{=osa_tv_battania_boots_s}Highland Boots With Lime Plaid Legwraps","LegArmor","Culture.battania","","TV_battania_boots_s","0.8","","","1","Cloth","cloth","","","","4","","","","","","","","","","","","","","","","","","","","","","","","","","true","","","","true","","","","","","","","","","","","","","","","","","","","","","","","","","","","","","","","","","","","","","","","","","","","","","","","","","","","",""
"OSA","OSA_tv_assets_armor.xml","TV_battania_boots_t","{=osa_tv_battania_boots_t}Highland Boots With Green Plaid Legwraps","LegArmor","Culture.battania","","TV_battania_boots_t","0.8","","","1","Cloth","cloth","","","","4","","","","","","","","","","","","","","","","","","","","","","","","","","true","","","","true","","","","","","","","","","","","","","","","","","","","","","","","","","","","","","","","","","","","","","","","","","","","","","","","","","","","",""
"OSA","OSA_tv_assets_armor.xml","TV_battania_boots_u","{=osa_tv_battania_boots_u}Highland Boots With Orange Plaid Legwraps","LegArmor","Culture.battania","","TV_battania_boots_u","0.8","","","1","Cloth","cloth","","","","4","","","","","","","","","","","","","","","","","","","","","","","","","","true","","","","true","","","","","","","","","","","","","","","","","","","","","","","","","","","","","","","","","","","","","","","","","","","","","","","","","","","","",""
"OSA","OSA_tv_assets_armor.xml","TV_battania_boots_v","{=osa_tv_battania_boots_v}Highland Boots With Brown Legwraps","LegArmor","Culture.battania","","TV_battania_boots_v","0.8","","","1","Cloth","cloth","","","","4","","","","","","","","","","","","","","","","","","","","","","","","","","true","","","","true","","","","","","","","","","","","","","","","","","","","","","","","","","","","","","","","","","","","","","","","","","","","","","","","","","","","",""
"OSA","OSA_tv_assets_armor.xml","TV_battania_boots_w","{=osa_tv_battania_boots_w}Highland Simple Boots","LegArmor","Culture.battania","","TV_battania_boots_w","0.2","","","6","Cloth","cloth_unarmoured","","","","2","","","","","","","","","","","","","","","","","","","","","","","","","","false","","","","true","","","","","","","","","","","","","","","","","","","","","","","","","","","","","","","","","","","","","","","","","","","","","","","","","","","","",""
"OSA","OSA_tv_assets_armor.xml","tv_battania_warlord_boots","{=osa_tv_battania_warlord_boots}Highland Bronze Warlord Boots","LegArmor","Culture.battania","","tv_battania_warlord_boots","2.6","","","3","Plate","plate","","","","26","","","","","","","","","","","","","","","","","","","","","","","","","","true","","","","","","","","","","","","","","","","","","","","","","","","","","","","","","","","","","","","","","","","","","","","","","","","","","","","","","","","",""
"OSA","OSA_tv_assets_armor.xml","tv_battania_warlord_boots_b","{=osa_tv_battania_warlord_boots_b}Highland Brass Warlord Boots","LegArmor","Culture.battania","","tv_battania_warlord_boots_b","2.6","","","3","Plate","plate","","","","26","","","","","","","","","","","","","","","","","","","","","","","","","","true","","","","","","","","","","","","","","","","","","","","","","","","","","","","","","","","","","","","","","","","","","","","","","","","","","","","","","","","",""
"OSA","OSA_tv_assets_armor.xml","tv_battania_warlord_boots_c","{=osa_tv_battania_warlord_boots_c}Highland Steel Warlord Boots","LegArmor","Culture.battania","","tv_battania_warlord_boots_c","2.6","","","3","Plate","plate","","","","26","","","","","","","","","","","","","","","","","","","","","","","","","","true","","","","","","","","","","","","","","","","","","","","","","","","","","","","","","","","","","","","","","","","","","","","","","","","","","","","","","","","",""
"OSA","OSA_tv_assets_armor.xml","TV_empire_boots_a","{=osa_tv_empire_boots_a}Imperial Boots With Gilded Greaves","LegArmor","Culture.empire","","TV_empire_boots_a","2.7","","","2","Plate","plate","","","","24","","","","","","","","","","","","","","","","","","","","","","","","","","true","","","","","","","","","","","","","","","","","","","","","","","","","","","","","","","","","","","","","","","","","","","","","","","","","","","","","","","","",""
"OSA","OSA_tv_assets_armor.xml","TV_empire_boots_b","{=osa_tv_empire_boots_b}Imperial Boots With Iron Greaves","LegArmor","Culture.empire","","TV_empire_boots_b","2.7","","","2","Plate","plate","","","","24","","","","","","","","","","","","","","","","","","","","","","","","","","true","","","","","","","","","","","","","","","","","","","","","","","","","","","","","","","","","","","","","","","","","","","","","","","","","","","","","","","","",""
"OSA","OSA_tv_assets_armor.xml","TV_empire_boots_c","{=osa_tv_empire_boots_c}Imperial Boots With Leather Greaves","LegArmor","Culture.empire","","TV_empire_boots_c","2.7","","","2","Leather","leather","","","","14","","","","","","","","","","","","","","","","","","","","","","","","","","true","","","","","","","","","","","","","","","","","","","","","","","","","","","","","","","","","","","","","","","","","","","","","","","","","","","","","","","","",""
"OSA","OSA_tv_assets_armor.xml","tv_empire_plate_a","{=osa_tv_empire_plate_a}Imperial Mail Boots With Decorated Greaves","LegArmor","Culture.empire","","tv_empire_plate_a","2.3","","","3","Plate","plate","","","","24","","","","","","","","","","","","","","","","","","","","","","","","","","true","","","","","","","","","","","","","","","","","","","","","","","","","","","","","","","","","","","","","","","","","","","","","","","","","","","","","","","","",""
"OSA","OSA_tv_assets_armor.xml","tv_empire_plate_c","{=osa_tv_empire_plate_c}Suede Splint Boots","LegArmor","Culture.empire","","tv_empire_plate_c","2.7","","","2","Plate","plate","","","","22","","","","","","","","","","","","","","","","","","","","","","","","","","true","","","","","","","","","","","","","","","","","","","","","","","","","","","","","","","","","","","","","","","","","","","","","","","","","","","","","","","","",""
"OSA","OSA_tv_assets_armor.xml","TV_khuzait_boots_b","{=osa_tv_khuzait_boots_b}Eastern Suede Curved Boots","LegArmor","Culture.khuzait","","TV_khuzait_boots_b","0.9","","","1","Leather","leather","","","","5","","","","","","","","","","","","","","","","","","","","","","","","","","true","","","","true","","","","","","","","","","","","","","","","","","","","","","","","","","","","","","","","","","","","","","","","","","","","","","","","","","","","",""
"OSA","OSA_tv_assets_armor.xml","TV_moccasins_a","{=osa_tv_moccasins_a}Leather Slippers","LegArmor","Culture.empire","","TV_moccasins_a","0.6","","","1","Cloth","cloth_unarmoured","","","","1","","","","","","","","","","","","","","","","","","","","","","","","","","false","","","","true","","","","","","","","","","","","","","","","","","","","","","","","","","","","","","","","","","","","","","","","","","","","","","","","","","","","",""
"OSA","OSA_tv_assets_armor.xml","TV_moccasins_b","{=osa_tv_moccasins_b}Southern Decorated Moccasins","LegArmor","Culture.aserai","","TV_moccasins_b","0.5","","","1","Cloth","cloth_unarmoured","","","","2","","","","","","","","","","","","","","","","","","","","","","","","","","false","","","","true","","","","","","","","","","","","","","","","","","","","","","","","","","","","","","","","","","","","","","","","","","","","","","","","","","","","",""
"OSA","OSA_tv_assets_armor.xml","TV_moccasins_c","{=osa_tv_moccasins_c}Southern Noble Moccasins","LegArmor","Culture.aserai","","TV_moccasins_c","0.5","","","1","Cloth","cloth_unarmoured","","","","2","","","","","","","","","","","","","","","","","","","","","","","","","","false","","","","true","","","","","","","","","","","","","","","","","","","","","","","","","","","","","","","","","","","","","","","","","","","","","","","","","","","","",""
"OSA","OSA_tv_assets_armor.xml","TV_sturgia_boots_a","{=osa_tv_sturgia_boots_a}Northern Boots With Steel Greaves","LegArmor","Culture.sturgia","","TV_sturgia_boots_a","2.7","","","2","Plate","plate","","","","24","","","","","","","","","","","","","","","","","","","","","","","","","","true","","","","","","","","","","","","","","","","","","","","","","","","","","","","","","","","","","","","","","","","","","","","","","","","","","","","","","","","",""
"OSA","OSA_tv_assets_armor.xml","TV_sturgia_boots_b","{=osa_tv_sturgia_boots_b}Northern Boots With Gilded Greaves","LegArmor","Culture.sturgia","","TV_sturgia_boots_b","2.7","","","2","Plate","plate","","","","24","","","","","","","","","","","","","","","","","","","","","","","","","","true","","","","","","","","","","","","","","","","","","","","","","","","","","","","","","","","","","","","","","","","","","","","","","","","","","","","","","","","",""
"OSA","OSA_tv_assets_armor.xml","TV_vlandia_boots_a","{=osa_tv_vlandia_boots_a}Mailled Boots With Leather Greaves","LegArmor","Culture.vlandia","","TV_vlandia_boots_a","3.0","","0","1.6","Chainmail","chain","","","","23","","","","","","","","","","","","","","","","","","","","","","","","","","true","","","","","","","","","","","","","","","","","","","","","","","","","","","","","","","","","","","","","","","","","","","","","","","","","","","","","","","","",""
"OSA","OSA_tv_assets_armor.xml","TV_vlandia_boots_b","{=osa_tv_vlandia_boots_b}Mailled Shoes","LegArmor","Culture.vlandia","","TV_vlandia_boots_b","1.8","","0","1","Chainmail","chain","","","","20","","","","","","","","","","","","","","","","","","","","","","","","","","true","","","","","","","","","","","","","","","","","","","","","","","","","","","","","","","","","","","","","","","","","","","","","","","","","","","","","","","","",""
"OSA","OSA_tv_assets_armor.xml","TV_vlandia_boots_c","{=osa_tv_vlandia_boots_c}Mailled Splint Boots","LegArmor","Culture.vlandia","","TV_vlandia_boots_c","3.5","","0","3","Plate","plate","","","","24","","","","","","","","","","","","","","","","","","","","","","","","","","true","","","","","","","","","","","","","","","","","","","","","","","","","","","","","","","","","","","","","","","","","","","","","","","","","","","","","","","","",""
"OSA","OSA_tv_assets_armor.xml","tv_aserai_cloak_a","{=osa_tv_aserai_cloak_a}Southern Long Cape","Cape","Culture.aserai","body_armor","tv_aserai_cloak_a","4.0","","","1.5","Cloth","cloth_unarmoured","","8","","","","","","","","","","","","","","","","","","","","","","","","","","","","","","","","true","","","","","","true","","","","","","","","","","","","","","","","","","","","","","","","","","","","","","","","","","","","","","","","","","","","","","",""
"OSA","OSA_tv_assets_armor.xml","tv_aserai_cloak_b","{=osa_tv_aserai_cloak_b}Southern Plated Brass Shoulder Straps With Cape","Cape","Culture.aserai","","tv_aserai_cloak_b","3.5","","","3","Plate","plate","","17","0","","","","","","","","","","","","","","","","","","","","","","","","","","","","","","","","","","","","","true","","","","","","","","","","","","","","","","","","","","","","","","","","","","","","","","","","","","","","","","","","","","","","",""
"OSA","OSA_tv_assets_armor.xml","tv_aserai_cloak_c","{=osa_tv_aserai_cloak_c}Southern Plated Brass Shoulder Straps With Tassels","Cape","Culture.aserai","","tv_aserai_cloak_c","3.5","","","3","Plate","plate","","17","0","","","","","","","","","","","","","","","","","","","","","","","","","","","","","","","","","","","","","true","","","","","","","","","","","","","","","","","","","","","","","","","","","","","","","","","","","","","","","","","","","","","","",""
"OSA","OSA_tv_assets_armor.xml","tv_battania_cloak_a","{=osa_tv_battania_cloak_a}Long Cape","Cape","Culture.battania","body_armor","tv_battania_cloak_a","4.0","","","1.5","Cloth","cloth_unarmoured","","8","","","","","","","","","","","","","","","","","","","","","","","","","","","","","","","","true","","","","","","true","","","","","","","","","","","","","","","","","","","","","","","","","","","","","","","","","","","","","","","","","","","","","","",""
"OSA","OSA_tv_assets_armor.xml","tv_battania_cloak_b","{=osa_tv_battania_cloak_b}Long Plaid Cape","Cape","Culture.battania","body_armor","tv_battania_cloak_b","4.0","","","1.5","Cloth","cloth_unarmoured","","8","","","","","","","","","","","","","","","","","","","","","","","","","","","","","","","","true","","","","","","","","","","","","","","","","","","","","","","","","","","","","","","","","","","","","","","","","","","","","","","","","","","","","",""
"OSA","OSA_tv_assets_armor.xml","tv_battania_cloak_c","{=osa_tv_battania_cloak_c}Highland Scale Shoulders With Cape","Cape","Culture.battania","","tv_battania_cloak_c","3.9","","","4","Plate","plate","","16","8","","","","","","","","","","","","","","","","","","","","","","","","","","","","","","","","","","","","","true","","","","","","","","","","","","","","","","","","","","","","","","","","","","","","","","","","","","","","","","","","","","","","",""
"OSA","OSA_tv_assets_armor.xml","tv_battania_cloak_d","{=osa_tv_battania_cloak_d}Highland Scale Shoulders With Plaid Cape","Cape","Culture.battania","","tv_battania_cloak_d","3.9","","","4","Plate","plate","","16","8","","","","","","","","","","","","","","","","","","","","","","","","","","","","","","","","","","","","","","","","","","","","","","","","","","","","","","","","","","","","","","","","","","","","","","","","","","","","","","","","","","","",""
"OSA","OSA_tv_assets_armor.xml","tv_battania_cloak_e","{=osa_tv_battania_cloak_e}Highland Scale Shoulders With Striped Cape","Cape","Culture.battania","","tv_battania_cloak_e","3.9","","","4","Plate","plate","","16","8","","","","","","","","","","","","","","","","","","","","","","","","","","","","","","","","","","","","","true","","","","","","","","","","","","","","","","","","","","","","","","","","","","","","","","","","","","","","","","","","","","","","",""
"OSA","OSA_tv_assets_armor.xml","tv_battania_cloak_f","{=osa_tv_battania_cloak_f}Long Striped Cape","Cape","Culture.battania","body_armor","tv_battania_cloak_f","4.0","","","1.5","Cloth","cloth_unarmoured","","8","","","","","","","","","","","","","","","","","","","","","","","","","","","","","","","","true","","","","","","true","","","","","","","","","","","","","","","","","","","","","","","","","","","","","","","","","","","","","","","","","","","","","","",""
"OSA","OSA_tv_assets_armor.xml","tv_battania_cloak_g","{=osa_tv_battania_cloak_g}Long Hide Cape","Cape","Culture.battania","body_armor","tv_battania_cloak_g","4.0","","","1.5","Cloth","cloth_unarmoured","","8","","","","","","","","","","","","","","","","","","","","","","","","","","","","","","","","true","","","","","","true","","","","","","","","","","","","","","","","","","","","","","","","","","","","","","","","","","","","","","","","","","","","","","",""
"OSA","OSA_tv_assets_armor.xml","tv_battania_cloak_h","{=osa_tv_battania_cloak_h}Highland Chainmail Shoulders With Cape","Cape","Culture.battania","","tv_battania_cloak_h","3.9","","","4","Plate","plate","","8","2","","","","","","","","","","","","","","","","","","","","","","","","","","","","","","","","","","","","","true","","","","","","","","","","","","","","","","","","","","","","","","","","","","","","","","","","","","","","","","","","","","","","",""
"OSA","OSA_tv_assets_armor.xml","tv_battania_cloak_i","{=osa_tv_battania_cloak_i}Highland Chainmail Shoulders With Plaid Cape","Cape","Culture.battania","","tv_battania_cloak_i","3.9","","","4","Plate","plate","","8","2","","","","","","","","","","","","","","","","","","","","","","","","","","","","","","","","","","","","","","","","","","","","","","","","","","","","","","","","","","","","","","","","","","","","","","","","","","","","","","","","","","","",""
"OSA","OSA_tv_assets_armor.xml","tv_battania_cloak_j","{=osa_tv_battania_cloak_j}Highland Chainmail Shoulders With Striped Cape","Cape","Culture.battania","","tv_battania_cloak_j","3.9","","","4","Plate","plate","","8","2","","","","","","","","","","","","","","","","","","","","","","","","","","","","","","","","","","","","","true","","","","","","","","","","","","","","","","","","","","","","","","","","","","","","","","","","","","","","","","","","","","","","",""
"OSA","OSA_tv_assets_armor.xml","tv_battania_cloak_k","{=osa_tv_battania_cloak_k}Long Western Cape","Cape","Culture.vlandia","body_armor","tv_battania_cloak_k","4.0","","","1.5","Plate","plate","","12","","","","","","","","","","","","","","","","","","","","","","","","","","","","","","","","true","","","","","","true","","","","","","","","","","","","","","","","","","","","","","","","","","","","","","","","","","","","","","","","","","","","","","",""
"OSA","OSA_tv_assets_armor.xml","TV_battania_cloak_l","{=osa_tv_battania_cloak_l}Highland Plaid Cloak","Cape","Culture.battania","body_armor","TV_battania_cloak_l","0.25","","0","4","Cloth","cloth_unarmoured","","2","2","","","","","","","","","","","","","","","","","","","","","","","","","","","","10","","","true","","","","","true","false","","","","","","","","","","","","","","","","","","","","","","","","","","","","","","","","","","","","","","","","","","","","","","",""
"OSA","OSA_tv_assets_armor.xml","TV_battania_cloak_l2","{=osa_tv_battania_cloak_l2}Highland Brown Plaid Cloak","Cape","Culture.battania","body_armor","TV_battania_cloak_l2","0.25","","0","4","Cloth","cloth_unarmoured","","2","2","","","","","","","","","","","","","","","","","","","","","","","","","","","","10","","","true","","","","","true","false","","","","","","","","","","","","","","","","","","","","","","","","","","","","","","","","","","","","","","","","","","","","","","",""
"OSA","OSA_tv_assets_armor.xml","TV_battania_cloak_l3","{=osa_tv_battania_cloak_l3}Highland Green Cloak","Cape","Culture.battania","body_armor","TV_battania_cloak_l3","0.25","","0","4","Cloth","cloth_unarmoured","","2","2","","","","","","","","","","","","","","","","","","","","","","","","","","","","10","","","true","","","","","true","false","","","","","","","","","","","","","","","","","","","","","","","","","","","","","","","","","","","","","","","","","","","","","","",""
"OSA","OSA_tv_assets_armor.xml","TV_battania_cloak_m","{=osa_tv_battania_cloak_m}Long Cape","Cape","Culture.empire","body_armor","TV_battania_cloak_m","0.5","","0","3","Cloth","cloth_unarmoured","","3","2","","","","","","","","","","","","","","","","","","","","","","","","","","","","","","","true","","","","","","true","","","","","","","","","","","","","","","","","","","","","","","","","","","","","","","","","","","","","","","","","","","","","","",""
"OSA","OSA_tv_assets_armor.xml","TV_battania_cloak_m2","{=osa_tv_battania_cloak_m2}Long Plaid Cape","Cape","Culture.empire","body_armor","TV_battania_cloak_m2","0.5","","0","3","Cloth","cloth_unarmoured","","3","2","","","","","","","","","","","","","","","","","","","","","","","","","","","","","","","true","","","","","","true","","","","","","","","","","","","","","","","","","","","","","","","","","","","","","","","","","","","","","","","","","","","","","",""
"OSA","OSA_tv_assets_armor.xml","TV_battania_cloak_m3","{=osa_tv_battania_cloak_m3}Long Striped Cape","Cape","Culture.empire","body_armor","TV_battania_cloak_m3","0.5","","0","3","Cloth","cloth_unarmoured","","3","2","","","","","","","","","","","","","","","","","","","","","","","","","","","","","","","true","","","","","","true","","","","","","","","","","","","","","","","","","","","","","","","","","","","","","","","","","","","","","","","","","","","","","",""
"OSA","OSA_tv_assets_armor.xml","TV_battania_cloak_o","{=osa_tv_battania_cloak_o}Cloth Cape","Cape","Culture.empire","body_armor","TV_battania_cloak_o","0.2","","","3","Cloth","cloth_unarmoured","","2","","","","","","","","","","","","","","","","","","","","","","","","","","","","","5","","","true","","","","","true","true","","","","","","","","","","","","","","","","","","","","","","","","","","","","","","","","","","","","","","","","","","","","","","",""
"OSA","OSA_tv_assets_armor.xml","TV_battania_cloak_o2","{=osa_tv_battania_cloak_o2}Plaid Cloth Cape","Cape","Culture.empire","body_armor","TV_battania_cloak_o2","4.5","","","1.5","Cloth","cloth","","6","","","","","","","","","","","","","","","","","","","","","","","","","","","","","","","","true","","","","","","true","","","","","","","","","","","","","","","","","","","","","","","","","","","","","","","","","","","","","","","","","","","","","","",""
"OSA","OSA_tv_assets_armor.xml","TV_battania_cloak_o3","{=osa_tv_battania_cloak_o3}Striped Cloth Cape","Cape","Culture.empire","body_armor","TV_battania_cloak_o3","4.5","","","1.5","Cloth","cloth","","6","","","","","","","","","","","","","","","","","","","","","","","","","","","","","","","","true","","","","","","true","","","","","","","","","","","","","","","","","","","","","","","","","","","","","","","","","","","","","","","","","","","","","","",""
"OSA","OSA_tv_assets_armor.xml","TV_battania_cloak_p","{=osa_tv_battania_cloak_p}Long Cloak","Cape","Culture.battania","body_armor","TV_battania_cloak_p","4.5","","","1.5","Cloth","cloth","","6","","","","","","","","","","","","","","","","","","","","","","","","","","","","","","","","true","","","","","","true","","","","","","","","","","","","","","","","","","","","","","","","","","","","","","","","","","","","","","","","","","","","","","",""
"OSA","OSA_tv_assets_armor.xml","TV_battania_cloak_p2","{=osa_tv_battania_cloak_p2}Long Plaid Cloak","Cape","Culture.battania","body_armor","TV_battania_cloak_p2","4.5","","","1.5","Cloth","cloth","","6","","","","","","","","","","","","","","","","","","","","","","","","","","","","","","","","true","","","","","","true","","","","","","","","","","","","","","","","","","","","","","","","","","","","","","","","","","","","","","","","","","","","","","",""
"OSA","OSA_tv_assets_armor.xml","TV_battania_cloak_p3","{=osa_tv_battania_cloak_p3}Long Striped Cloak","Cape","Culture.battania","body_armor","TV_battania_cloak_p3","4.5","","","1.5","Cloth","cloth","","6","","","","","","","","","","","","","","","","","","","","","","","","","","","","","","","","true","","","","","","true","","","","","","","","","","","","","","","","","","","","","","","","","","","","","","","","","","","","","","","","","","","","","","",""
"OSA","OSA_tv_assets_armor.xml","TV_battania_cloak_q","{=osa_tv_battania_cloak_q}Plain Woolen Cape","Cape","Culture.battania","body_armor","TV_battania_cloak_q","4.5","","","1.5","Cloth","cloth","","6","","","","","","","","","","","","","","","","","","","","","","","","","","","","","","","","true","","","","","","true","","","","","","","","","","","","","","","","","","","","","","","","","","","","","","","","","","","","","","","","","","","","","","",""
"OSA","OSA_tv_assets_armor.xml","TV_battania_cloak_q2","{=osa_tv_battania_cloak_q2}Plaid Woolen Cape","Cape","Culture.battania","body_armor","TV_battania_cloak_q2","4.5","","","1.5","Cloth","cloth","","6","","","","","","","","","","","","","","","","","","","","","","","","","","","","","","","","true","","","","","","true","","","","","","","","","","","","","","","","","","","","","","","","","","","","","","","","","","","","","","","","","","","","","","",""
"OSA","OSA_tv_assets_armor.xml","TV_battania_cloak_q3","{=osa_tv_battania_cloak_q3}Striped Woolen Cape","Cape","Culture.battania","body_armor","TV_battania_cloak_q3","4.5","","","1.5","Cloth","cloth","","6","","","","","","","","","","","","","","","","","","","","","","","","","","","","","","","","true","","","","","","true","","","","","","","","","","","","","","","","","","","","","","","","","","","","","","","","","","","","","","","","","","","","","","",""
"OSA","OSA_tv_assets_armor.xml","tv_battania_cloak_r","{=osa_tv_battania_cloak_r}Highland Alternating Scale Shoulders With Cape","Cape","Culture.battania","","tv_battania_cloak_r","3.9","","","4","Plate","plate","","16","8","","","","","","","","","","","","","","","","","","","","","","","","","","","","","","","","","","","","","true","","","","","","","","","","","","","","","","","","","","","","","","","","","","","","","","","","","","","","","","","","","","","","",""
"OSA","OSA_tv_assets_armor.xml","tv_battania_cloak_r2","{=osa_tv_battania_cloak_r2}Highland Alternating Scale Shoulders With Plaid Cape","Cape","Culture.battania","","tv_battania_cloak_r2","3.9","","","4","Plate","plate","","16","8","","","","","","","","","","","","","","","","","","","","","","","","","","","","","","","","","","","","","","","","","","","","","","","","","","","","","","","","","","","","","","","","","","","","","","","","","","","","","","","","","","","",""
"OSA","OSA_tv_assets_armor.xml","tv_battania_cloak_r3","{=osa_tv_battania_cloak_r3}Highland Alternating Scale Shoulders With Striped Cape","Cape","Culture.battania","","tv_battania_cloak_r3","3.9","","","4","Plate","plate","","16","8","","","","","","","","","","","","","","","","","","","","","","","","","","","","","","","","","","","","","true","","","","","","","","","","","","","","","","","","","","","","","","","","","","","","","","","","","","","","","","","","","","","","",""
"OSA","OSA_tv_assets_armor.xml","tv_battania_cloak_s","{=osa_tv_battania_cloak_s}Highland Steel Scale Shoulders With Cape","Cape","Culture.battania","","tv_battania_cloak_s","3.9","","","4","Plate","plate","","16","8","","","","","","","","","","","","","","","","","","","","","","","","","","","","","","","","","","","","","true","","","","","","","","","","","","","","","","","","","","","","","","","","","","","","","","","","","","","","","","","","","","","","",""
"OSA","OSA_tv_assets_armor.xml","tv_battania_cloak_s2","{=osa_tv_battania_cloak_s2}Highland Steel Scale Shoulders With Plaid Cape","Cape","Culture.battania","","tv_battania_cloak_s2","3.9","","","4","Plate","plate","","16","8","","","","","","","","","","","","","","","","","","","","","","","","","","","","","","","","","","","","","","","","","","","","","","","","","","","","","","","","","","","","","","","","","","","","","","","","","","","","","","","","","","","",""
"OSA","OSA_tv_assets_armor.xml","tv_battania_cloak_s3","{=osa_tv_battania_cloak_s3}Highland Steel Scale Shoulders With Striped Cape","Cape","Culture.battania","","tv_battania_cloak_s3","3.9","","","4","Plate","plate","","16","8","","","","","","","","","","","","","","","","","","","","","","","","","","","","","","","","","","","","","true","","","","","","","","","","","","","","","","","","","","","","","","","","","","","","","","","","","","","","","","","","","","","","",""
"OSA","OSA_tv_assets_armor.xml","TV_battania_shoulders_c","{=osa_tv_battania_shoulders_c}Brown Bear Pelt","Cape","Culture.sturgia","","TV_battania_shoulders_c","6.0","","","3","Leather","leather","7","16","4","","","","","","","","","","","","","","","","","","","","","","","","","","","","","","","","","","","","","","","","","","","","","","","","","","","","","","","","","","","","","","","","","","","","","","","","","","","","","","","","","","","",""
"OSA","OSA_tv_assets_armor.xml","TV_battania_shoulders_d","{=osa_tv_battania_shoulders_d}Brown Bear Shoulders","Cape","Culture.battania","body_armor","TV_battania_shoulders_d","2.3","","","3","Leather","leather","","14","","","","","","","","","","","","","","","","","","","","","","","","","","","","","","","","","","","","","","","","","","","","","","","","","","","","","","","","","","","","","","","","","","","","","","","","","","","","","","","","","","","","",""
"OSA","OSA_tv_assets_armor.xml","TV_battania_warlord_pauldrons_b","{=osa_tv_battania_warlord_pauldrons_b}Highland Brass Warlord Pauldrons","Cape","Culture.battania","body_armor","TV_battania_warlord_pauldrons_b","4.0","","","3","Plate","plate","","20","10","","","","","","","","","","","","","","","","","","","","","","","","","","","","","","","","","","","","","","","","","","","","","","","","","","","","","","","","","","","","","","","","","","","","","","","","","","","","","","","","","","","",""
"OSA","OSA_tv_assets_armor.xml","TV_battania_warlord_pauldrons_c","{=osa_tv_battania_warlord_pauldrons_c}Highland Steel Warlord Pauldrons","Cape","Culture.battania","body_armor","TV_battania_warlord_pauldrons_c","4.0","","","3","Plate","plate","","20","10","","","","","","","","","","","","","","","","","","","","","","","","","","","","","","","","","","","","","","","","","","","","","","","","","","","","","","","","","","","","","","","","","","","","","","","","","","","","","","","","","","","",""
"OSA","OSA_tv_assets_armor.xml","TV_wolf_pelt_a","{=osa_tv_wolf_pelt_a}Brown Wolf Pelt","Cape","Culture.battania","","TV_wolf_pelt_a","2.0","","","4","Leather","leather","","7","","","","","","","","","","","","","","","","","","","","","","","","","","","","","","","","","","","","","","","","","","","","","","","","","","","","","","","","","","","","","","","","","","","","","","","","","","","","","","","","","","","","",""
"OSA","OSA_tv_assets_armor.xml","TV_wolf_pelt_b","{=osa_tv_wolf_pelt_b}Wolf Pelt","Cape","Culture.battania","","TV_wolf_pelt_b","2.0","","","4","Leather","leather","","7","","","","","","","","","","","","","","","","","","","","","","","","","","","","","","","","","","","","","","","","","","","","","","","","","","","","","","","","","","","","","","","","","","","","","","","","","","","","","","","","","","","","",""
"OSA","OSA_tv_assets_armor.xml","TV_wolf_pelt_d","{=osa_tv_wolf_pelt_d}Brown Wolf Shoulders","Cape","Culture.battania","body_armor","TV_wolf_pelt_d","1.8","","","2","Leather","leather","","6","2","","","","","","","","","","","","","","","","","","","","","","","","","","","","","","","","","","","","","","","","","","","","","","","","","","","","","","","","","","","","","","","","","","","","","","","","","","","","","","","","","","","",""
"OSA","OSA_tv_assets_armor.xml","TV_wolf_pelt_f","{=osa_tv_wolf_pelt_f}Eastern Heavy Wolf Shoulders","Cape","Culture.battania","body_armor","TV_wolf_pelt_f","2.6","","","2","Leather","leather","","10","4","","","","","","","","","","","","","","","","","","","","","","","","","","","","","","","","","","","","","","","","","","","","","","","","","","","","","","","","","","","","","","","","","","","","","","","","","","","","","","","","","","","",""
"OSA","OSA_tv_assets_armor.xml","TV_wolf_pelt_g","{=osa_tv_wolf_pelt_g}Eastern Wolf Shoulders","Cape","Culture.battania","body_armor","TV_wolf_pelt_g","1.8","","","2","Leather","leather","","6","2","","","","","","","","","","","","","","","","","","","","","","","","","","","","","","","","","","","","","","","","","","","","","","","","","","","","","","","","","","","","","","","","","","","","","","","","","","","","","","","","","","","",""
"OSA","OSA_tv_assets_armor.xml","TV_wolf_pelt_h","{=osa_tv_wolf_pelt_h}Eastern Wolfskin Cloak","Cape","Culture.battania","","TV_wolf_pelt_h","3.6","","","3","Leather","leather","6","8","2","","","","","","","","","","","","","","","","","","","","","","","","","","","","","","","","","","","","","","","","","","","","","","","","","","","","","","","","","","","","","","","","","","","","","","","","","","","","","","","","","","","",""
"OSA","OSA_tv_assets_armor.xml","tv_imperial_leather_cape_a","{=osa_tv_imperial_leather_cape_a}Imperial Leather Shoulders With Plaid Cape","Cape","Culture.empire","body_armor","tv_imperial_leather_cape_a","4.0","","","1.5","Leather","leather","","12","","","","","","","","","","","","","","","","","","","","","","","","","","","","","","","","","","","","","","","","","","","","","","","","","","","","","","","","","","","","","","","","","","","","","","","","","","","","","","","","","","","","",""
"OSA","OSA_tv_assets_armor.xml","tv_imperial_leather_cape_b","{=osa_tv_imperial_leather_cape_b}Imperial Leather Shoulders With Striped Cape","Cape","Culture.empire","body_armor","tv_imperial_leather_cape_b","4.0","","","1.5","Leather","leather","","12","","","","","","","","","","","","","","","","","","","","","","","","","","","","","","","","","","","","","","true","","","","","","","","","","","","","","","","","","","","","","","","","","","","","","","","","","","","","","","","","","","","","","",""
"OSA","OSA_tv_assets_armor.xml","TV_empire_shoulders_a","{=osa_tv_empire_shoulders_a}Imperial Studded Leather Shoulders With Cape","Cape","Culture.empire","","TV_empire_shoulders_a","3.6","","","1","Plate","plate","","8","4","","","","","","","","","","","","","","","","","","","","","","","","","","","","","","","","","","","","","true","","","","","","","","","","","","","","","","","","","","","","","","","","","","","","","","","","","","","","","","","","","","","","",""
"OSA","OSA_tv_assets_armor.xml","TV_empire_shoulders_b","{=osa_tv_empire_shoulders_b}Imperial Leather Shoulders With Lamellar Pauldrons","Cape","Culture.empire","","TV_empire_shoulders_b","3.9","","","1","Plate","plate","","7","6","","","","","","","","","","","","","","","","","","","","","","","","","","","","","","","","","","","","","","","","","","","","","","","","","","","","","","","","","","","","","","","","","","","","","","","","","","","","","","","","","","","",""
"OSA","OSA_tv_assets_armor.xml","tv_sturgia_cloak_a","{=osa_tv_sturgia_cloak_a}Northern Long Cape","Cape","Culture.sturgia","body_armor","tv_sturgia_cloak_a","4.0","","","1.5","Cloth","cloth_unarmoured","","8","","","","","","","","","","","","","","","","","","","","","","","","","","","","","","","","true","","","","","","true","","","","","","","","","","","","","","","","","","","","","","","","","","","","","","","","","","","","","","","","","","","","","","",""
"OSA","OSA_tv_assets_armor.xml","TV_sturgia_shoulders_a","{=osa_tv_sturgia_shoulders_a}Nordic Large Lamellar Shoulders","Cape","Culture.sturgia","","TV_sturgia_shoulders_a","3.5","","","2","Plate","plate","","16","6","","","","","","","","","","","","","","","","","","","","","","","","","","","","","","","","","","","","","","","","","","","","","","","","","","","","","","","","","","","","","","","","","","","","","","","","","","","","","","","","","","","",""
"OSA","OSA_tv_assets_armor.xml","TV_sturgia_shoulders_b","{=osa_tv_sturgia_shoulders_b}Nordic Lamellar Shoulders","Cape","Culture.sturgia","","TV_sturgia_shoulders_b","3.0","","","2","Plate","plate","","","8","","","","","","","","","","","","","","","","","","","","","","","","","","","","","","","","","","","","","","","","","","","","","","","","","","","","","","","","","","","","","","","","","","","","","","","","","","","","","","","","","","","",""
"OSA","OSA_tv_assets_armor.xml","TV_sturgia_shoulders_c","{=osa_tv_sturgia_shoulders_c}Nordic Small Lamellar Shoulders","Cape","Culture.sturgia","","TV_sturgia_shoulders_c","1.6","","","2","Plate","plate","","","5","","","","","","","","","","","","","","","","","","","","","","","","","","","","","","","","","","","","","","","","","","","","","","","","","","","","","","","","","","","","","","","","","","","","","","","","","","","","","","","","","","","",""
"OSA","OSA_tv_assets_armor.xml","TV_sturgia_shoulders_d","{=osa_tv_sturgia_shoulders_d}Large Steel Lamellar Shoulders","Cape","Culture.sturgia","","TV_sturgia_shoulders_d","3.5","","","2","Plate","plate","","16","6","","","","","","","","","","","","","","","","","","","","","","","","","","","","","","","","","","","","","","","","","","","","","","","","","","","","","","","","","","","","","","","","","","","","","","","","","","","","","","","","","","","",""
"OSA","OSA_tv_assets_armor.xml","TV_sturgia_shoulders_e","{=osa_tv_sturgia_shoulders_e}Steel Lamellar Shoulders","Cape","Culture.sturgia","","TV_sturgia_shoulders_e","3.0","","","2","Plate","plate","","","8","","","","","","","","","","","","","","","","","","","","","","","","","","","","","","","","","","","","","","","","","","","","","","","","","","","","","","","","","","","","","","","","","","","","","","","","","","","","","","","","","","","",""
"OSA","OSA_tv_assets_armor.xml","TV_sturgia_shoulders_f","{=osa_tv_sturgia_shoulders_f}Small Steel Lamellar Shoulders","Cape","Culture.sturgia","","TV_sturgia_shoulders_f","1.6","","","2","Plate","plate","","","5","","","","","","","","","","","","","","","","","","","","","","","","","","","","","","","","","","","","","","","","","","","","","","","","","","","","","","","","","","","","","","","","","","","","","","","","","","","","","","","","","","","",""
"OSA","OSA_tv_assets_armor.xml","TV_sturgia_shoulders_g","{=osa_tv_sturgia_shoulders_g}Steel Lamellar Pauldrons","Cape","Culture.sturgia","","TV_sturgia_shoulders_g","2.2","","","1","Plate","plate","","","12","","","","","","","","","","","","","","","","","","","","","","","","","","","","","","","","","","","","","","","","","","","","","","","","","","","","","","","","","","","","","","","","","","","","","","","","","","","","","","","","","","","",""
"OSA","OSA_tv_assets_armor.xml","TV_sturgia_shoulders_h","{=osa_tv_sturgia_shoulders_h}Brass Lamellar Pauldrons","Cape","Culture.sturgia","","TV_sturgia_shoulders_h","4.1","","","1","Plate","plate","","12","0","","","","","","","","","","","","","","","","","","","","","","","","","","","","","","","","","","","","","","","","","","","","","","","","","","","","","","","","","","","","","","","","","","","","","","","","","","","","","","","","","","","",""
"OSA","OSA_tv_assets_armor.xml","TV_sturgia_shoulders_i","{=osa_tv_sturgia_shoulders_i}Large Brass Lamellar Shoulders","Cape","Culture.sturgia","","TV_sturgia_shoulders_i","3.5","","","2","Plate","plate","","16","6","","","","","","","","","","","","","","","","","","","","","","","","","","","","","","","","","","","","","","","","","","","","","","","","","","","","","","","","","","","","","","","","","","","","","","","","","","","","","","","","","","","",""
"OSA","OSA_tv_assets_armor.xml","TV_sturgia_shoulders_j","{=osa_tv_sturgia_shoulders_j}Brass Lamellar Shoulders","Cape","Culture.sturgia","","TV_sturgia_shoulders_j","3.0","","","2","Plate","plate","","","8","","","","","","","","","","","","","","","","","","","","","","","","","","","","","","","","","","","","","","","","","","","","","","","","","","","","","","","","","","","","","","","","","","","","","","","","","","","","","","","","","","","",""
"OSA","OSA_tv_assets_armor.xml","TV_sturgia_shoulders_k","{=osa_tv_sturgia_shoulders_k}Small Brass Lamellar Shoulders","Cape","Culture.sturgia","","TV_sturgia_shoulders_k","1.6","","","2","Plate","plate","","","5","","","","","","","","","","","","","","","","","","","","","","","","","","","","","","","","","","","","","","","","","","","","","","","","","","","","","","","","","","","","","","","","","","","","","","","","","","","","","","","","","","","",""
"OSA","OSA_tv_assets_armor.xml","TV_sturgia_shoulders_l","{=osa_tv_sturgia_shoulders_l}Nordic Lamellar Cape","Cape","Culture.sturgia","","TV_sturgia_shoulders_l","5.0","","","2","Plate","plate","","16","6","","","","","","","","","","","","","","","","","","","","","","","","","","","","","","","","","","","","","true","","","","","","","","","","","","","","","","","","","","","","","","","","","","","","","","","","","","","","","","","","","","","","",""
"OSA","OSA_tv_assets_armor.xml","TV_sturgia_shoulders_m","{=osa_tv_sturgia_shoulders_m}Steel Lamellar Cape","Cape","Culture.sturgia","","TV_sturgia_shoulders_m","5.0","","","2","Plate","plate","","16","6","","","","","","","","","","","","","","","","","","","","","","","","","","","","","","","","","","","","","true","","","","","","","","","","","","","","","","","","","","","","","","","","","","","","","","","","","","","","","","","","","","","","",""
"OSA","OSA_tv_assets_armor.xml","TV_sturgia_shoulders_n","{=osa_tv_sturgia_shoulders_n}Brass Lamellar Cape","Cape","Culture.sturgia","","TV_sturgia_shoulders_n","5.0","","","2","Plate","plate","","16","6","","","","","","","","","","","","","","","","","","","","","","","","","","","","","","","","","","","","","true","","","","","","","","","","","","","","","","","","","","","","","","","","","","","","","","","","","","","","","","","","","","","","",""
"OSA","OSA_tv_assets_armor.xml","TV_khuzait_shoulder_a","{=osa_tv_khuzait_shoulder_a}Eastern Plated Bronze Shoulder Straps","Cape","Culture.khuzait","","TV_khuzait_shoulder_a","3.5","","","3","Plate","plate","","16","0","","","","","","","","","","","","","","","","","","","","","","","","","","","","","","","","","","","","","","","","","","","","","","","","","","","","","","","","","","","","","","","","","","","","","","","","","","","","","","","","","","","",""
"OSA","OSA_tv_assets_armor.xml","TV_khuzait_shoulder_b","{=osa_tv_khuzait_shoulder_b}Eastern Plated Brass Shoulder Straps","Cape","Culture.khuzait","","TV_khuzait_shoulder_b","3.5","","","3","Plate","plate","","16","0","","","","","","","","","","","","","","","","","","","","","","","","","","","","","","","","","","","","","","","","","","","","","","","","","","","","","","","","","","","","","","","","","","","","","","","","","","","","","","","","","","","",""
"OSA","OSA_tv_assets_armor.xml","TV_khuzait_shoulder_c","{=osa_tv_khuzait_shoulder_c}Eastern Leather Pauldrons","Cape","Culture.khuzait","","TV_khuzait_shoulder_c","1.5","","","1","Leather","leather","","8","2","","","","","","","","","","","","","","","","","","","","","","","","","","","","","","","","","","","","","","","","","","","","","","","","","","","","","","","","","","","","","","","","","","","","","","","","","","","","","","","","","","","",""
"OSA","OSA_tv_assets_armor.xml","TV_khuzait_shoulder_d","{=osa_tv_khuzait_shoulder_d}Eastern Plated Leather Pauldrons","Cape","Culture.khuzait","","TV_khuzait_shoulder_d","1.5","","","1","Leather","leather","","8","3","","","","","","","","","","","","","","","","","","","","","","","","","","","","","","","","","","","","","","","","","","","","","","","","","","","","","","","","","","","","","","","","","","","","","","","","","","","","","","","","","","","",""
"OSA","OSA_tv_assets_armor.xml","TV_khuzait_shoulder_e","{=osa_tv_khuzait_shoulder_e}Eastern Steel Lamellar Shoulder Pieces","Cape","Culture.khuzait","","TV_khuzait_shoulder_e","2.8","","","2","Plate","plate","","","10","","","","","","","","","","","","","","","","","","","","","","","","","","","","","","","","","","","","","","","","","","","","","","","","","","","","","","","","","","","","","","","","","","","","","","","","","","","","","","","","","","","",""
"OSA","OSA_tv_assets_armor.xml","TV_khuzait_shoulder_f","{=osa_tv_khuzait_shoulder_f}Eastern Heavy Steel Lamellar Shoulders","Cape","Culture.khuzait","","TV_khuzait_shoulder_f","5.0","","","2","Plate","plate","","18","4","","","","","","","","","","","","","","","","","","","","","","","","","","","","","","","","","","","","","","","","","","","","","","","","","","","","","","","","","","","","","","","","","","","","","","","","","","","","","","","","","","","",""
"OSA","OSA_tv_assets_armor.xml","TV_khuzait_shoulder_g","{=osa_tv_khuzait_shoulder_g}Eastern Lamellar Pauldrons","Cape","Culture.khuzait","","TV_khuzait_shoulder_g","3.5","","","3","Plate","plate","","17","9","","","","","","","","","","","","","","","","","","","","","","","","","","","","","","","","","","","","","","","","","","","","","","","","","","","","","","","","","","","","","","","","","","","","","","","","","","","","","","","","","","","",""
"OSA","OSA_tv_assets_armor.xml","TV_khuzait_shoulder_h","{=osa_tv_khuzait_shoulder_h}Eastern Lamellar Shoulders Over Leather","Cape","Culture.khuzait","","TV_khuzait_shoulder_h","3.8","","","3","Plate","plate","","18","9","","","","","","","","","","","","","","","","","","","","","","","","","","","","","","","","","","","","","","","","","","","","","","","","","","","","","","","","","","","","","","","","","","","","","","","","","","","","","","","","","","","",""
"OSA","OSA_tv_assets_armor.xml","TV_khuzait_shoulder_i","{=osa_tv_khuzait_shoulder_i}Eastern Lamellar Shoulders With Cape","Cape","Culture.khuzait","","TV_khuzait_shoulder_i","3.8","","","3","Plate","plate","","18","9","","","","","","","","","","","","","","","","","","","","","","","","","","","","","","","","","","","","","true","","","","","","","","","","","","","","","","","","","","","","","","","","","","","","","","","","","","","","","","","","","","","","",""
"OSA","OSA_tv_assets_armor.xml","TV_khuzait_shoulder_j","{=osa_tv_khuzait_shoulder_j}Eastern Leather Lamellar Pauldrons","Cape","Culture.khuzait","","TV_khuzait_shoulder_j","2.5","","","1","Leather","leather","","10","5","","","","","","","","","","","","","","","","","","","","","","","","","","","","","","","","","","","","","","","","","","","","","","","","","","","","","","","","","","","","","","","","","","","","","","","","","","","","","","","","","","","",""
"OSA","OSA_tv_assets_armor.xml","TV_khuzait_shoulder_k","{=osa_tv_khuzait_shoulder_k}Eastern Leather Lamellar Shoulders","Cape","Culture.khuzait","","TV_khuzait_shoulder_k","2.3","","","1","Leather","leather","","15","4","","","","","","","","","","","","","","","","","","","","","","","","","","","","","","","","","","","","","","","","","","","","","","","","","","","","","","","","","","","","","","","","","","","","","","","","","","","","","","","","","","","",""
"OSA","OSA_tv_assets_armor.xml","TV_khuzait_shoulder_l","{=osa_tv_khuzait_shoulder_l}Eastern Leather Lamellar Shoulders With Cape","Cape","Culture.khuzait","","TV_khuzait_shoulder_l","2.3","","","1","Leather","leather","","15","4","","","","","","","","","","","","","","","","","","","","","","","","","","","","","","","","","","","","","true","","","","","","","","","","","","","","","","","","","","","","","","","","","","","","","","","","","","","","","","","","","","","","",""
"OSA","OSA_tv_assets_armor.xml","TV_khuzait_shoulder_m","{=osa_tv_khuzait_shoulder_m}Eastern Steel Lamellar Shoulder Pieces Over Leather","Cape","Culture.khuzait","","TV_khuzait_shoulder_m","3.8","","","3","Plate","plate","","17","9","","","","","","","","","","","","","","","","","","","","","","","","","","","","","","","","","","","","","","","","","","","","","","","","","","","","","","","","","","","","","","","","","","","","","","","","","","","","","","","","","","","",""
"OSA","OSA_tv_assets_armor.xml","TV_khuzait_shoulder_n","{=osa_tv_khuzait_shoulder_n}Eastern Steel Lamellar Shoulder Pieces With Cape","Cape","Culture.khuzait","","TV_khuzait_shoulder_n","3.8","","","3","Plate","plate","","17","9","","","","","","","","","","","","","","","","","","","","","","","","","","","","","","","","","","","","","true","","","","","","","","","","","","","","","","","","","","","","","","","","","","","","","","","","","","","","","","","","","","","","",""
"OSA","OSA_tv_assets_armor.xml","TV_khuzait_shoulder_o","{=osa_tv_khuzait_shoulder_o}Eastern Decorated Steel Lamellar Shoulder Pieces Over Leather","Cape","Culture.khuzait","","TV_khuzait_shoulder_o","3.8","","","3","Plate","plate","","18","9","","","","","","","","","","","","","","","","","","","","","","","","","","","","","","","","","","","","","","","","","","","","","","","","","","","","","","","","","","","","","","","","","","","","","","","","","","","","","","","","","","","",""
"OSA","OSA_tv_assets_armor.xml","TV_khuzait_shoulder_p","{=osa_tv_khuzait_shoulder_p}Eastern Decorated Steel Lamellar Shoulder Pieces With Cape","Cape","Culture.khuzait","","TV_khuzait_shoulder_p","3.8","","","3","Plate","plate","","18","9","","","","","","","","","","","","","","","","","","","","","","","","","","","","","","","","","","","","","true","","","","","","","","","","","","","","","","","","","","","","","","","","","","","","","","","","","","","","","","","","","","","","",""
"OSA","OSA_tv_assets_armor.xml","TV_khuzait_shoulder_q","{=osa_tv_khuzait_shoulder_q}Eastern Blackened Leather Lamellar Shoulder Pieces","Cape","Culture.khuzait","","TV_khuzait_shoulder_q","2.8","","","2","Leather","leather","","","10","","","","","","","","","","","","","","","","","","","","","","","","","","","","","","","","","","","","","","","","","","","","","","","","","","","","","","","","","","","","","","","","","","","","","","","","","","","","","","","","","","","",""
"OSA","OSA_tv_assets_armor.xml","TV_khuzait_shoulder_r","{=osa_tv_khuzait_shoulder_r}Eastern Heavy Blackened Leather Lamellar Shoulders","Cape","Culture.khuzait","","TV_khuzait_shoulder_r","5.0","","","2","Leather","leather","","16","4","","","","","","","","","","","","","","","","","","","","","","","","","","","","","","","","","","","","","","","","","","","","","","","","","","","","","","","","","","","","","","","","","","","","","","","","","","","","","","","","","","","",""
"OSA","OSA_tv_assets_armor.xml","TV_khuzait_shoulder_s","{=osa_tv_khuzait_shoulder_s}Eastern Blackened Leather Lamellar Shoulder Pieces Over Leather","Cape","Culture.khuzait","","TV_khuzait_shoulder_s","3.8","","","3","Plate","plate","","16","5","","","","","","","","","","","","","","","","","","","","","","","","","","","","","","","","","","","","","","","","","","","","","","","","","","","","","","","","","","","","","","","","","","","","","","","","","","","","","","","","","","","",""
"OSA","OSA_tv_assets_armor.xml","TV_khuzait_shoulder_t","{=osa_tv_khuzait_shoulder_t}Eastern Blackened Leather Lamellar Shoulder Pieces With Cape","Cape","Culture.khuzait","","TV_khuzait_shoulder_t","3.8","","","3","Plate","plate","","16","5","","","","","","","","","","","","","","","","","","","","","","","","","","","","","","","","","","","","","true","","","","","","","","","","","","","","","","","","","","","","","","","","","","","","","","","","","","","","","","","","","","","","",""
"OSA","OSA_tv_assets_armor.xml","TV_vlandia_shoulders_a","{=osa_tv_vlandia_shoulders_a}Western Mail Shoulders","Cape","Culture.vlandia","","TV_vlandia_shoulders_a","2.7","","","1","Chainmail","chain","","11","","","","","","","","","","","","","","","","","","","","","","","","","","","","","","","","","","","","","","","","","","","","","","","","","","","","","","","","","","","","","","","","","","","","","","","","","","","","","","","","","","","","",""
"OSA","OSA_tv_assets_armor.xml","TV_vlandia_shoulders_b","{=osa_tv_vlandia_shoulders_b}Western Mail Hood","Cape","Culture.vlandia","body_armor","TV_vlandia_shoulders_b","2.8","","","0.6","Chainmail","chain","","14","","","","","","","","","","","","","","","","","","","","","","","","","","","","","","","","","","","","","","","","","","","","","","","","","","","","","","","","","","","","","","","","","","","","","","","","","","","","","","","","","","","","",""
"OSA","OSA_tv_assets_armor.xml","TV_vlandia_shoulders_b2","{=osa_tv_vlandia_shoulders_b2}Western Chainmail Hood","Cape","Culture.vlandia","body_armor","TV_vlandia_shoulders_b2","2.8","","","0.6","Chainmail","chain","","14","","","","","","","","","","","","","","","","","","","","","","","","","","","","","","","","","","","","","","","","","","","","","","","","","","","","","","","","","","","","","","","","","","","","","","","","","","","","","","","","","","","","",""
"OSA","OSA_tv_assets_armor.xml","TV_vlandia_shoulders_c","{=osa_tv_vlandia_shoulders_c}Western Heavy Mail Shoulders","Cape","Culture.vlandia","body_armor","TV_vlandia_shoulders_c","2.8","","","0.6","Chainmail","chain","","14","","","","","","","","","","","","","","","","","","","","","","","","","","","","","","","","","","","","","","true","","","","","","","","","","","","","","","","","","","","","","","","","","","","","","","","","","","","","","","","","","","","","","",""
"OSA","OSA_tv_assets_armor.xml","TV_vlandia_shoulders_d","{=osa_tv_vlandia_shoulders_d}Western Lamellar Pauldrons","Cape","Culture.vlandia","","TV_vlandia_shoulders_d","3.5","","","3","Plate","plate","","17","9","","","","","","","","","","","","","","","","","","","","","","","","","","","","","","","","","","","","","","","","","","","","","","","","","","","","","","","","","","","","","","","","","","","","","","","","","","","","","","","","","","","",""
"OSA","OSA_tv_assets_armor.xml","TV_vlandia_shoulders_e","{=osa_tv_vlandia_shoulders_e}Western Lamellar Pauldrons Over Leather","Cape","Culture.vlandia","","TV_vlandia_shoulders_e","3.8","","","3","Plate","plate","","18","9","","","","","","","","","","","","","","","","","","","","","","","","","","","","","","","","","","","","","true","","","","","","","","","","","","","","","","","","","","","","","","","","","","","","","","","","","","","","","","","","","","","","",""
"OSA","OSA_tv_assets_armor.xml","TV_vlandia_shoulders_f","{=osa_tv_vlandia_shoulders_f}Western Lamellar Pauldrons With Long Cape","Cape","Culture.vlandia","","TV_vlandia_shoulders_f","3.9","","","4","Plate","plate","","19","9","","","","","","","","","","","","","","","","","","","","","","","","","","","","","","","","","","","","","true","","","","","","","","","","","","","","","","","","","","","","","","","","","","","","","","","","","","","","","","","","","","","","",""
"OSA","OSA_tv_assets_armor.xml","TV_vlandia_shoulders_g","{=osa_tv_vlandia_shoulders_g}Western Padded Leather Hood","Cape","Culture.vlandia","","TV_vlandia_shoulders_g","1.4","","","1","Leather","leather","","8","","","","","","","","","","","","","","","","","","","","","","","","","","","","","","","","true","","","","","","","","","","","","","","","","","","","","","","","","","","","","","","","","","","","","","","","","","","","","","","","","","","","","",""
"OSA","OSA_tv_assets_armor.xml","TV_vlandia_shoulders_h","{=osa_tv_vlandia_shoulders_h}Western Long Cape","Cape","Culture.vlandia","body_armor","TV_vlandia_shoulders_h","0.5","","0","3","Cloth","cloth_unarmoured","","3","2","","","","","","","","","","","","","","","","","","","","","","","","","","","","","","","true","","","","","","true","","","","","","","","","","","","","","","","","","","","","","","","","","","","","","","","","","","","","","","","","","","","","","",""
"OSA","OSA_tv_assets_armor.xml","TV_vlandia_shoulders_i","{=osa_tv_vlandia_shoulders_i}Western Patterned Cape","Cape","Culture.vlandia","body_armor","TV_vlandia_shoulders_i","4.5","","","1.5","Cloth","cloth","","6","","","","","","","","","","","","","","","","","","","","","","","","","","","","","","","","true","","","","","","true","","","","","","","","","","","","","","","","","","","","","","","","","","","","","","","","","","","","","","","","","","","","","","",""
"OSA","OSA_tv_assets_armor.xml","TV_vlandia_shoulders_j","{=osa_tv_vlandia_shoulders_j}Western Hooded Cloak","Cape","Culture.vlandia","body_armor","TV_vlandia_shoulders_j","4.5","","","1.5","Cloth","cloth","","6","","","","","","","","","","","","","","","","","","","","","","","","","","","","","","","","true","","","","","","true","","","","","","","","","","","","","","","","","","","","","","","","","","","","","","","","","","","","","","","","","","","","","","",""
"OSA","OSA_tv_assets_armor.xml","TV_vlandia_shoulders_k","{=osa_tv_vlandia_shoulders_k}Western Furred Cape","Cape","Culture.vlandia","body_armor","TV_vlandia_shoulders_k","4.0","","","1.5","Cloth","cloth_unarmoured","","8","","","","","","","","","","","","","","","","","","","","","","","","","","","","","","","","","","","","","","true","","","","","","","","","","","","","","","","","","","","","","","","","","","","","","","","","","","","","","","","","","","","","","",""
"OSA","OSA_tv_assets_armor.xml","TV_vlandia_shoulders_l","{=osa_tv_vlandia_shoulders_l}Western Patterned Furred Cape","Cape","Culture.vlandia","body_armor","TV_vlandia_shoulders_l","4.0","","","1.5","Cloth","cloth_unarmoured","","8","","","","","","","","","","","","","","","","","","","","","","","","","","","","","","","","","","","","","","true","","","","","","","","","","","","","","","","","","","","","","","","","","","","","","","","","","","","","","","","","","","","","","",""
"OSA","OSA_tv_assets_armor.xml","TV_vlandia_shoulders_m","{=osa_tv_vlandia_shoulders_m}Western Trimmed Leather Shoulders","Cape","Culture.vlandia","","TV_vlandia_shoulders_m","2.1","","","1","Leather","leather","","10","2","","","","","","","","","","","","","","","","","","","","","","","","","","","","","","","","","","","","","","","","","","","","","","","","","","","","","","","","","","","","","","","","","","","","","","","","","","","","","","","","","","","",""
"OSA","OSA_tv_assets_armor.xml","TV_vlandia_shoulders_n","{=osa_tv_vlandia_shoulders_n}Western Trimmed Mailled Leather Shoulders","Cape","Culture.vlandia","","TV_vlandia_shoulders_n","2.7","","","1","Chainmail","chain","","12","4","","","","","","","","","","","","","","","","","","","","","","","","","","","","","","","","","","","","","","","","","","","","","","","","","","","","","","","","","","","","","","","","","","","","","","","","","","","","","","","","","","","",""
"OSA","OSA_tv_assets_armor.xml","TV_vlandia_shoulders_o","{=osa_tv_vlandia_shoulders_o}Western Trimmed Mailled Leather Shoulders With Cape","Cape","Culture.vlandia","","TV_vlandia_shoulders_o","2.7","","","1","Chainmail","chain","","12","4","","","","","","","","","","","","","","","","","","","","","","","","","","","","","","","","","","","","","true","","","","","","","","","","","","","","","","","","","","","","","","","","","","","","","","","","","","","","","","","","","","","","",""
"OSA","OSA_tv_assets_armor.xml","TV_vlandia_shoulders_p","{=osa_tv_vlandia_shoulders_p}Western Trimmed Mailled Leather Shoulders With Cloak","Cape","Culture.vlandia","","TV_vlandia_shoulders_p","2.7","","","1","Chainmail","chain","","12","4","","","","","","","","","","","","","","","","","","","","","","","","","","","","","","","","","","","","","true","","","","","","","","","","","","","","","","","","","","","","","","","","","","","","","","","","","","","","","","","","","","","","",""
"OSA","OSA_tv_assets_armor.xml","TV_vlandia_shoulders_q","{=osa_tv_vlandia_shoulders_q}Western Heavy Trimmed Mail Shoulders","Cape","Culture.vlandia","body_armor","TV_vlandia_shoulders_q","2.8","","","0.6","Chainmail","chain","","14","8","","","","","","","","","","","","","","","","","","","","","","","","","","","","","","","","","","","","","true","","","","","","","","","","","","","","","","","","","","","","","","","","","","","","","","","","","","","","","","","","","","","","",""
"OSA","OSA_tv_assets_armor.xml","TV_vlandia_shoulders_r","{=osa_tv_vlandia_shoulders_r}Western Heavy Trimmed Mail Shoulders With Shoulder Plates","Cape","Culture.vlandia","body_armor","TV_vlandia_shoulders_r","2.8","","","0.6","Chainmail","chain","","16","8","","","","","","","","","","","","","","","","","","","","","","","","","","","","","","","","","","","","","true","","","","","","","","","","","","","","","","","","","","","","","","","","","","","","","","","","","","","","","","","","","","","","",""
"OSA","OSA_tv_assets_armor.xml","TV_vlandia_shoulders_s","{=osa_tv_vlandia_shoulders_s}Western Heavy Trimmed Mail And Steel Scale Shoulders","Cape","Culture.vlandia","","TV_vlandia_shoulders_s","4","","","3","Plate","plate","","19","12","","","","","","","","","","","","","","","","","","","","","","","","","","","","","","","","","","","","","","","","","","","","","","","","","","","","","","","","","","","","","","","","","","","","","","","","","","","","","","","","","","","",""
"OSA","OSA_tv_assets_armor.xml","TV_vlandia_shoulders_t","{=osa_tv_vlandia_shoulders_t}Western Heavy Trimmed Mail And Steel Scale Shoulders With Cloak","Cape","Culture.vlandia","","TV_vlandia_shoulders_t","4","","","3","Plate","plate","","19","12","","","","","","","","","","","","","","","","","","","","","","","","","","","","","","","","","","","","","true","","","","","","","","","","","","","","","","","","","","","","","","","","","","","","","","","","","","","","","","","","","","","","",""
"OSA","OSA_tv_assets_armor.xml","TV_aserai_gloves_a","{=osa_tv_aserai_gloves_a}Engraved Brass Bracers","HandArmor","Culture.aserai","","TV_aserai_gloves_a","1.3","","","1.6","Plate","plate","","","22","","","","","","","","","","","","","","","","","","","","","","","","","","false","","","","","","","","","","","","","","","","","","","","","","","","","","","","","","","","","","","","","","","","","","","","","","","","","","","","","","","","","",""
"OSA","OSA_tv_assets_armor.xml","TV_aserai_gloves_b","{=osa_tv_aserai_gloves_b}Engraved Steel Bracers","HandArmor","Culture.aserai","","TV_aserai_gloves_b","1.3","","","1.6","Plate","plate","","","22","","","","","","","","","","","","","","","","","","","","","","","","","","false","","","","","","","","","","","","","","","","","","","","","","","","","","","","","","","","","","","","","","","","","","","","","","","","","","","","","","","","","",""
"OSA","OSA_tv_assets_armor.xml","TV_aserai_gloves_c","{=osa_tv_aserai_gloves_c}Southern Leather Bracers","HandArmor","Culture.aserai","","TV_aserai_gloves_c","0.6","","0","1","Cloth","cloth","","","9","","","","","","","","","","","","","","","","","","","","","","","","","","","","","","","true","","","","","","","","","","","","","","","","","","","","","","","","","","","","","","","","","","","","","","","","","","","","","","","","","","","","",""
"OSA","OSA_tv_assets_armor.xml","TV_aserai_gloves_d","{=osa_tv_aserai_gloves_d}Southern Blackened Leather Bracers","HandArmor","Culture.aserai","","TV_aserai_gloves_d","0.6","","0","1","Cloth","cloth","","","9","","","","","","","","","","","","","","","","","","","","","","","","","","","","","","","true","","","","","","","","","","","","","","","","","","","","","","","","","","","","","","","","","","","","","","","","","","","","","","","","","","","","",""
"OSA","OSA_tv_assets_armor.xml","tv_empire_plate_b","{=osa_tv_empire_plate_b}Imperial Decorated Mail Gauntlets","HandArmor","Culture.empire","","tv_empire_plate_b","1.8","","","3","Plate","plate","","","23","","","","","","","","","","","","","","","","","","","","","","","","","","true","","","","","","","","","","","","","","","","","","","","","","","","","","","","","","","","","","","","","","","","","","","","","","","","","","","","","","","","","",""
"OSA","OSA_tv_assets_armor.xml","tv_battania_warlord_bracers","{=osa_tv_battania_warlord_bracers}Highland Bronze Warlord Bracers","HandArmor","Culture.battania","","tv_battania_warlord_bracers","1.5","","","3","Plate","plate","","","25","","","","","","","","","","","","","","","","","","","","","","","","","","true","","","","","","","","","","","","","","","","","","","","","","","","","","","","","","","","","","","","","","","","","","","","","","","","","","","","","","","","","",""
"OSA","OSA_tv_assets_armor.xml","TV_battania_warlord_bracers_b","{=osa_tv_battania_warlord_bracers_b}Highland Brass Warlord Bracers","HandArmor","Culture.battania","","TV_battania_warlord_bracers_b","1.5","","","3","Plate","false","","","25","","","","","","","","","","","","","","","","","","","","","","","","","","false","","","","","","","","","","","","","","","","","","","","","","","","","","","","","","","","","","","","","","","","","","","","","","","","","","","","","","","","","",""
"OSA","OSA_tv_assets_armor.xml","TV_battania_warlord_bracers_c","{=osa_tv_battania_warlord_bracers_c}Highland Steel Warlord Bracers","HandArmor","Culture.battania","","TV_battania_warlord_bracers_c","1.5","","","3","Plate","false","","","25","","","","","","","","","","","","","","","","","","","","","","","","","","false","","","","","","","","","","","","","","","","","","","","","","","","","","","","","","","","","","","","","","","","","","","","","","","","","","","","","","","","","",""
"OSA","OSA_tv_assets_armor.xml","TV_battania_gloves_a","{=osa_tv_battania_gloves_a}Highland Leather Gauntlets","HandArmor","Culture.battania","","TV_battania_gloves_a","1.5","","","3","Leather","leather","","","15","","","","","","","","","","","","","","","","","","","","","","","","","","true","","","","","","","","","","","","","","","","","","","","","","","","","","","","","","","","","","","","","","","","","","","","","","","","","","","","","","","","","",""
"OSA","OSA_tv_assets_armor.xml","TV_battania_gloves_b","{=osa_tv_battania_gloves_b}Highland Brass Gauntlets","HandArmor","Culture.battania","","TV_battania_gloves_b","1.5","","","3","Plate","plate","","","20","","","","","","","","","","","","","","","","","","","","","","","","","","true","","","","","","","","","","","","","","","","","","","","","","","","","","","","","","","","","","","","","","","","","","","","","","","","","","","","","","","","","",""
"OSA","OSA_tv_assets_armor.xml","TV_battania_gloves_c","{=osa_tv_battania_gloves_c}Highland Iron Gauntlets","HandArmor","Culture.battania","","TV_battania_gloves_c","1.5","","","3","Plate","plate","","","20","","","","","","","","","","","","","","","","","","","","","","","","","","true","","","","","","","","","","","","","","","","","","","","","","","","","","","","","","","","","","","","","","","","","","","","","","","","","","","","","","","","","",""
"OSA","OSA_tv_assets_armor.xml","TV_battania_gloves_d","{=osa_tv_battania_gloves_d}Highland Noble Vambraces","HandArmor","Culture.battania","","TV_battania_gloves_d","0.6","","","3","Leather","leather","","","16","","","","","","","","","","","","","","","","","","","","","","","","","","false","","","","","true","","","","","","","","","","","","","","","","","","","","","","","","","","","","","","","","","","","","","","","","","","","","","","","","","","","","",""
"OSA","OSA_tv_assets_armor.xml","TV_khuzait_gloves_a","{=osa_tv_khuzait_gloves_a}Eastern Studded Blackened Leather Vambraces","HandArmor","Culture.khuzait","","TV_khuzait_gloves_a","0.6","","0","1","Leather","leather","","","9","","","","","","","","","","","","","","","","","","","","","","","","","","","","","","","true","","","","","","","","","","","","","","","","","","","","","","","","","","","","","","","","","","","","","","","","","","","","","","","","","","","","",""
"OSA","OSA_tv_assets_armor.xml","TV_khuzait_gloves_b","{=osa_tv_khuzait_gloves_b}Eastern Blackened Leather Vambraces","HandArmor","Culture.khuzait","","TV_khuzait_gloves_b","0.1","","0","1","Leather","leather","","","7","","","","","","","","","","","","","","","","","","","","","","","","","","","","","","","","","","","","","","","","","","","","","","","","","","","","","","","","","","","","","","","","","","","","","","","","","","","","","","","","","","","",""
"OSA","OSA_tv_assets_armor.xml","TV_sturgia_gloves_a","{=osa_tv_sturgia_gloves_a}Reinforced Leather Vambraces With Mail","HandArmor","Culture.empire","","TV_sturgia_gloves_a","1.4","","","1.3","Plate","plate","","","23","","","","","","","","","","","","","","","","","","","","","","","","","","true","","","","","","","","","","","","","","","","","","","","","","","","","","","","","","","","","","","","","","","","","","","","","","","","","","","","","","","","","",""
"OSA","OSA_tv_assets_armor.xml","TV_sturgia_gloves_b","{=osa_tv_sturgia_gloves_b}Rough Brass Bracers","HandArmor","Culture.sturgia","","TV_sturgia_gloves_b","1.3","","","1.6","Plate","plate","","","22","","","","","","","","","","","","","","","","","","","","","","","","","","false","","","","","","","","","","","","","","","","","","","","","","","","","","","","","","","","","","","","","","","","","","","","","","","","","","","","","","","","","",""
"OSA","OSA_tv_assets_armor.xml","TV_sturgia_gloves_c","{=osa_tv_sturgia_gloves_c}Rough Iron Bracers","HandArmor","Culture.sturgia","","TV_sturgia_gloves_c","1.3","","","1.6","Plate","plate","","","22","","","","","","","","","","","","","","","","","","","","","","","","","","false","","","","","","","","","","","","","","","","","","","","","","","","","","","","","","","","","","","","","","","","","","","","","","","","","","","","","","","","","",""
"OSA","OSA_tv_assets_armor.xml","TV_sturgia_gloves_d","{=osa_tv_sturgia_gloves_d}Simple Steel Bracers","HandArmor","Culture.sturgia","","TV_sturgia_gloves_d","1.3","","","1.6","Plate","plate","","","22","","","","","","","","","","","","","","","","","","","","","","","","","","false","","","","","","","","","","","","","","","","","","","","","","","","","","","","","","","","","","","","","","","","","","","","","","","","","","","","","","","","","",""
"OSA","OSA_tv_assets_armor.xml","TV_sturgia_gloves_e","{=osa_tv_sturgia_gloves_e}Simple Brass Bracers","HandArmor","Culture.sturgia","","TV_sturgia_gloves_e","1.3","","","1.6","Plate","plate","","","22","","","","","","","","","","","","","","","","","","","","","","","","","","false","","","","","","","","","","","","","","","","","","","","","","","","","","","","","","","","","","","","","","","","","","","","","","","","","","","","","","","","","",""
"OSA","OSA_tv_assets_armor.xml","TV_vlandia_gloves_a","{=osa_tv_vlandia_gloves_a}Leather Gauntlets","HandArmor","Culture.vlandia","","TV_vlandia_gloves_a","1.5","","","3","Leather","leather","","","15","","","","","","","","","","","","","","","","","","","","","","","","","","true","","","","","","","","","","","","","","","","","","","","","","","","","","","","","","","","","","","","","","","","","","","","","","","","","","","","","","","","","",""
"OSA","OSA_tv_assets_armor.xml","TV_vlandia_gloves_b","{=osa_tv_vlandia_gloves_b}Mail Gauntlets","HandArmor","Culture.vlandia","","TV_vlandia_gloves_b","1.4","","0","1.6","Chainmail","chain","","","20","","","","","","","","","","","","","","","","","","","","","","","","","","true","","","","","","","","","","","","","","","","","","","","","","","","","","","","","","","","","","","","","","","","","","","","","","","","","","","","","","","","","",""
"OSA","OSA_tv_assets_armor.xml","TV_vlandia_gloves_c","{=osa_tv_vlandia_gloves_c}Strapped Leather Bracers","HandArmor","Culture.vlandia","","TV_vlandia_gloves_c","0.5","","","1","Leather","leather","","","4","","","","","","","","","","","","","","","","","","","","","","","","","","false","","","","","true","","","","","","","","","","","","","","","","","","","","","","","","","","","","","","","","","","","","","","","","","","","","","","","","","","","","",""
"OSA","OSA_tv_assets_armor.xml","TV_vlandia_gloves_d","{=osa_tv_vlandia_gloves_d}Leather Gloves","HandArmor","Culture.vlandia","","TV_vlandia_gloves_d","0.4","","","1","Leather","leather","","","4","","","","","","","","","","","","","","","","","","","","","","","","","","true","","","","","true","","","","","","","","","","","","","","","","","","","","","","","","","","","","","","","","","","","","","","","","","","","","","","","","","","","","",""
"OSA","OSA_tv_assets_armor.xml","TV_vlandia_gloves_e","{=osa_tv_vlandia_gloves_e}Blackened Leather Gloves","HandArmor","Culture.vlandia","","TV_vlandia_gloves_e","0.4","","","1","Leather","leather","","","4","","","","","","","","","","","","","","","","","","","","","","","","","","true","","","","","true","","","","","","","","","","","","","","","","","","","","","","","","","","","","","","","","","","","","","","","","","","","","","","","","","","","","",""
"OSA","OSA_tv_assets_armor.xml","TV_vlandia_gloves_f","{=osa_tv_vlandia_gloves_f}Leather Gloves","HandArmor","Culture.vlandia","","TV_vlandia_gloves_f","0.4","","","1","Leather","leather","","","4","","","","","","","","","","","","","","","","","","","","","","","","","","true","","","","","true","","","","","","","","","","","","","","","","","","","","","","","","","","","","","","","","","","","","","","","","","","","","","","","","","","","","",""
"OSA","OSA_tv_assets_armor.xml","TV_vlandia_gloves_g","{=osa_tv_vlandia_gloves_g}Mail Gloves","HandArmor","Culture.vlandia","","TV_vlandia_gloves_g","1.4","","0","1.6","Chainmail","chain","","","18","","","","","","","","","","","","","","","","","","","","","","","","","","true","","","","","","","","","","","","","","","","","","","","","","","","","","","","","","","","","","","","","","","","","","","","","","","","","","","","","","","","","",""
"OSA","OSA_tv_assets_armor.xml","TV_vlandia_gloves_h","{=osa_tv_vlandia_gloves_h}Plated Splint Bracers With Mail","HandArmor","Culture.vlandia","","TV_vlandia_gloves_h","1.4","","","1.3","Plate","plate","","","22","","","","","","","","","","","","","","","","","","","","","","","","","","true","","","","","","","","","","","","","","","","","","","","","","","","","","","","","","","","","","","","","","","","","","","","","","","","","","","","","","","","","",""
"OSA","OSA_tv_assets_armor.xml","TV_vlandia_gloves_i","{=osa_tv_vlandia_gloves_i}Plated Splint Gloves","HandArmor","Culture.vlandia","","TV_vlandia_gloves_i","1.0","","","2","Plate","plate","","","20","","","","","","","","","","","","","","","","","","","","","","","","","","true","","","","","","","","","","","","","","","","","","","","","","","","","","","","","","","","","","","","","","","","","","","","","","","","","","","","","","","","","",""
"OSA","OSA_tv_assets_armor.xml","tv_aserai_lamellar_a","{=osa_tv_aserai_lamellar_a}Southern Brass Lamellar Vest Over Mailed Silk Kaftan","BodyArmor","Culture.aserai","body_armor","tv_aserai_lamellar_a","6.2","","","1.8","Plate","plate","","48","16","14","true","true","","","","","","","","","","","","","","","","","","","","","","","","","","","","","","","","","","true","","","","","","","","","","","","","","","","","","","","","","","","","","","","","","","","","","","","","","","","","","","","","","",""
"OSA","OSA_tv_assets_armor.xml","tv_aserai_lamellar_a2","{=osa_tv_aserai_lamellar_a2}Southern Brass Lamellar Vest Over Padded Silk Kaftan","BodyArmor","Culture.aserai","body_armor","tv_aserai_lamellar_a2","6.2","","","1.8","Plate","plate","","28","16","14","true","true","","","","","","","","","","","","","","","","","","","","","","","","","","","","","","","","","","true","","","","","","","","","","","","","","","","","","","","","","","","","","","","","","","","","","","","","","","","","","","","","","",""
"OSA","OSA_tv_assets_armor.xml","tv_aserai_lamellar_b","{=osa_tv_aserai_lamellar_b}Southern Brass Lamellar Vest Over Mail","BodyArmor","Culture.aserai","","tv_aserai_lamellar_b","22","","","2","Plate","plate","","46","14","14","true","","","","","","","","","","","","","","","","","","","","","","","","","","","","","","","","","","","true","","","","","","","","","","","","","","","","","","","","","","","","","","","","","","","","","","","","","","","","","","","","","","",""
"OSA","OSA_tv_assets_armor.xml","tv_aserai_lamellar_b2","{=osa_tv_aserai_lamellar_b2}Southern Steel Lamellar Vest Over Mail","BodyArmor","Culture.aserai","","tv_aserai_lamellar_b2","22","","","2","Plate","plate","","46","14","14","true","","","","","","","","","","","","","","","","","","","","","","","","","","","","","","","","","","","true","","","","","","","","","","","","","","","","","","","","","","","","","","","","","","","","","","","","","","","","","","","","","","",""
"OSA","OSA_tv_assets_armor.xml","tv_aserai_lamellar_c","{=osa_tv_aserai_lamellar_c}Southern Bronze Lamellar Over Long Kaftan","BodyArmor","Culture.aserai","","tv_aserai_lamellar_c","6.2","","","1","Plate","plate","","28","4","4","true","true","","","","","","","","","","","","","","","","","","","","","","","","","","","","","","","","","","true","","","","","","","","","","","","","","","","","","","","","","","","","","","","","","","","","","","","","","","","","","","","","","",""
"OSA","OSA_tv_assets_armor.xml","tv_aserai_lamellar_c2","{=osa_tv_aserai_lamellar_c2}Southern Steel Lamellar Over Long Kaftan","BodyArmor","Culture.aserai","","tv_aserai_lamellar_c2","6.2","","","1","Plate","plate","","28","4","4","true","true","","","","","","","","","","","","","","","","","","","","","","","","","","","","","","","","","","true","","","","","","","","","","","","","","","","","","","","","","","","","","","","","","","","","","","","","","","","","","","","","","",""
"OSA","OSA_tv_assets_armor.xml","tv_aserai_lamellar_d","{=osa_tv_aserai_lamellar_d}Southern Steel Lamellar Vest Over Mailed Silk Kaftan","BodyArmor","Culture.aserai","body_armor","tv_aserai_lamellar_d","6.2","","","1.8","Plate","plate","","48","16","14","true","true","","","","","","","","","","","","","","","","","","","","","","","","","","","","","","","","","","true","","","","","","","","","","","","","","","","","","","","","","","","","","","","","","","","","","","","","","","","","","","","","","",""
"OSA","OSA_tv_assets_armor.xml","tv_aserai_lamellar_d2","{=osa_tv_aserai_lamellar_d2}Southern Steel Lamellar Vest Over Padded Silk Kaftan","BodyArmor","Culture.aserai","body_armor","tv_aserai_lamellar_d2","6.2","","","1.8","Plate","plate","","28","16","14","true","true","","","","","","","","","","","","","","","","","","","","","","","","","","","","","","","","","","true","","","","","","","","","","","","","","","","","","","","","","","","","","","","","","","","","","","","","","","","","","","","","","",""
"OSA","OSA_tv_assets_armor.xml","tv_aserai_lamellar_e","{=osa_tv_aserai_lamellar_e}Southern Heavy Steel Lamellar Over Mail","BodyArmor","Culture.aserai","","tv_aserai_lamellar_e","23","","","2","Plate","plate","","46","14","25","true","true","","","","","","","","","","","","","","","","","","","","","","","","","","","","","","","","","","true","","","","","","","","","","","","","","","","","","","","","","","","","","","","","","","","","","","","","","","","","","","","","","",""
"OSA","OSA_tv_assets_armor.xml","tv_aserai_lamellar_e2","{=osa_tv_aserai_lamellar_e2}Southern Heavy Brass Lamellar Over Mail","BodyArmor","Culture.aserai","","tv_aserai_lamellar_e2","23","","","2","Plate","plate","","46","14","25","true","true","","","","","","","","","","","","","","","","","","","","","","","","","","","","","","","","","","true","","","","","","","","","","","","","","","","","","","","","","","","","","","","","","","","","","","","","","","","","","","","","","",""
"OSA","OSA_tv_assets_armor.xml","tv_aserai_lamellar_f","{=osa_tv_aserai_lamellar_f}Southern Steel Lamellar Over Mail","BodyArmor","Culture.aserai","","tv_aserai_lamellar_f","23","","","2","Plate","plate","","46","14","12","true","true","","","","","","","","","","","","","","","","","","","","","","","","","","","","","","","","","","true","","","","","","","","","","","","","","","","","","","","","","","","","","","","","","","","","","","","","","","","","","","","","","",""
"OSA","OSA_tv_assets_armor.xml","tv_aserai_lamellar_f2","{=osa_tv_aserai_lamellar_f2}Southern Brass Lamellar Over Mail","BodyArmor","Culture.aserai","","tv_aserai_lamellar_f2","23","","","2","Plate","plate","","46","14","12","true","true","","","","","","","","","","","","","","","","","","","","","","","","","","","","","","","","","","true","","","","","","","","","","","","","","","","","","","","","","","","","","","","","","","","","","","","","","","","","","","","","","",""
"OSA","OSA_tv_assets_armor.xml","tv_aserai_lamellar_g","{=osa_tv_aserai_lamellar_g}Southern Brass Lamellar Over Padded Cloth","BodyArmor","Culture.aserai","","tv_aserai_lamellar_g","7","","","1","Plate","plate","","28","2","7","true","true","","","","","","","","","","","","","","","","","","","","","","","","","","","","","","","","","","true","","","","","","","","","","","","","","","","","","","","","","","","","","","","","","","","","","","","","","","","","","","","","","",""
"OSA","OSA_tv_assets_armor.xml","tv_aserai_lamellar_g2","{=osa_tv_aserai_lamellar_g2}Southern Steel Lamellar Over Padded Cloth","BodyArmor","Culture.aserai","","tv_aserai_lamellar_g2","7","","","1","Plate","plate","","28","2","7","true","true","","","","","","","","","","","","","","","","","","","","","","","","","","","","","","","","","","true","","","","","","","","","","","","","","","","","","","","","","","","","","","","","","","","","","","","","","","","","","","","","","",""
"OSA","OSA_tv_assets_armor.xml","tv_aserai_lamellar_h","{=osa_tv_aserai_lamellar_h}Southern Bronze Lamellar Over Mailed Kaftan","BodyArmor","Culture.aserai","","tv_aserai_lamellar_h","6.2","","","1","Plate","plate","","42","10","6","true","true","","","","","","","","","","","","","","","","","","","","","","","","","","","","","","","","","","true","","","","","","","","","","","","","","","","","","","","","","","","","","","","","","","","","","","","","","","","","","","","","","",""
"OSA","OSA_tv_assets_armor.xml","tv_aserai_lamellar_h2","{=osa_tv_aserai_lamellar_h2}Southern Steel Lamellar Over Mailed Kaftan","BodyArmor","Culture.aserai","","tv_aserai_lamellar_h2","6.2","","","1","Plate","plate","","42","10","6","true","true","","","","","","","","","","","","","","","","","","","","","","","","","","","","","","","","","","true","","","","","","","","","","","","","","","","","","","","","","","","","","","","","","","","","","","","","","","","","","","","","","",""
"OSA","OSA_tv_assets_armor.xml","tv_aserai_lamellar_i","{=osa_tv_aserai_lamellar_i}Southern Leather Cuirass Over Padded Cloth","BodyArmor","Culture.aserai","","tv_aserai_lamellar_i","7","","","1","Plate","plate","","18","2","7","true","true","","","","","","","","","","","","","","","","","","","","","","","","","","","","","","","","","","true","","","","","","","","","","","","","","","","","","","","","","","","","","","","","","","","","","","","","","","","","","","","","","",""
"OSA","OSA_tv_assets_armor.xml","tv_aserai_lamellar_j","{=osa_tv_aserai_lamellar_j}Southern Leather Lamellar Cuirass Over Padded Cloth","BodyArmor","Culture.aserai","","tv_aserai_lamellar_j","7","","","1","Plate","plate","","18","2","7","true","true","","","","","","","","","","","","","","","","","","","","","","","","","","","","","","","","","","true","","","","","","","","","","","","","","","","","","","","","","","","","","","","","","","","","","","","","","","","","","","","","","",""
"OSA","OSA_tv_assets_armor.xml","TV_aserai_robe_a","{=osa_tv_aserai_robe_a}Southern Decorated Robe With Double Mail","BodyArmor","Culture.aserai","","TV_aserai_robe_a","8.2","","","1","Chainmail","chain","","28","14","14","true","true","","","","","","","","","","","","","","","","","","","","","","","","","","","","","","","","","","true","","","","","","","","","","","","","","","","","","","","","","","","","","","","","","","","","","","","","","","","","","","","","","",""
"OSA","OSA_tv_assets_armor.xml","tv_battania_armor_a","{=osa_tv_battania_armor_a}Highland Rugged Scale Vest","BodyArmor","Culture.battania","body_armor","tv_battania_armor_a","10.7","","","1.4","Plate","plate","","26","2","8","false","true","","","","","","","","","","","","","","","","","","","","","","","","","","","","","","","","","","true","","","","","","","","","","","","","","","","","","","","","","","","","","","","","","","","","","","","","","","","","","","","","","",""
"OSA","OSA_tv_assets_armor.xml","tv_battania_armor_b","{=osa_tv_battania_armor_b}Highland Decorated Ranger Mail","BodyArmor","Culture.battania","body_armor","tv_battania_armor_b","12.0","","","2","Chainmail","chain","","36","10","15","true","","","","","","","","","","","","","","","","","","","","","","","","","","","","","","","","","","","true","","","","","","","","","","","","","","","","","","","","","","","","","","","","","","","","","","","","","","","","","","","","","","",""
"OSA","OSA_tv_assets_armor.xml","tv_battania_armor_c","{=osa_tv_battania_armor_c}Highland Kilt Over Plated Ranger Mail","BodyArmor","Culture.battania","","tv_battania_armor_c","12.2","","","1","Chainmail","chain","","44","14","26","true","true","","","","","","","","","","","","","","","","","","","","","","","","","","","","","","","","","","true","","","","","","","","","","","","","","","","","","","","","","","","","","","","","","","","","","","","","","","","","","","","","","",""
"OSA","OSA_tv_assets_armor.xml","tv_battania_armor_e","{=osa_tv_battania_armor_e}Highland Plated Leather Vest","BodyArmor","Culture.battania","body_armor","tv_battania_armor_e","0.8","","","1","Leather","leather","","22","0","7","false","true","","","","","","","","","","","","","","","","","","","","","","","","","","","","true","","","","","","true","","","","","","","","","","","","","","","","","","","","","","","","","","","","","","","","","","","","","","","","","","","","","","",""
"OSA","OSA_tv_assets_armor.xml","tv_battania_armor_f","{=osa_tv_battania_armor_f}Highland Plated Scale Vest","BodyArmor","Culture.battania","body_armor","tv_battania_armor_f","10.7","","","1.4","Plate","plate","","32","0","7","false","true","","","","","","","","","","","","","","","","","","","","","","","","","","","","","","","","","","true","","","","","","","","","","","","","","","","","","","","","","","","","","","","","","","","","","","","","","","","","","","","","","",""
"OSA","OSA_tv_assets_armor.xml","tv_battania_warlord_armor_a","{=osa_tv_battania_warlord_armor_a}Highland Bronze Warlord Armor","BodyArmor","Culture.battania","body_armor","tv_battania_warlord_armor_a","19","","","3","Plate","plate","","38","16","18","true","true","","","","","","","","","","","","","","","","","","","","","","","","","","","","","","","","","","true","","","","","","","","","","","","","","","","","","","","","","","","","","","","","","","","","","","","","","","","","","","","","","",""
"OSA","OSA_tv_assets_armor.xml","tv_battania_warlord_armor_b","{=osa_tv_battania_warlord_armor_b}Highland Heavy Brass Warlord Cuirass","BodyArmor","Culture.battania","body_armor","tv_battania_warlord_armor_b","25","","","3","Plate","plate","","36","14","14","true","true","","","","","","","","","","","","","","","","","","","","","","","","","","","","","","","","","","true","","","","","","","","","","","","","","","","","","","","","","","","","","","","","","","","","","","","","","","","","","","","","","",""
"OSA","OSA_tv_assets_armor.xml","tv_battania_warlord_armor_b2","{=osa_tv_battania_warlord_armor_b2}Highland Heavy Steel Warlord Cuirass","BodyArmor","Culture.battania","body_armor","tv_battania_warlord_armor_b2","25","","","3","Plate","plate","","38","16","18","true","true","","","","","","","","","","","","","","","","","","","","","","","","","","","","","","","","","","true","","","","","","","","","","","","","","","","","","","","","","","","","","","","","","","","","","","","","","","","","","","","","","",""
"OSA","OSA_tv_assets_armor.xml","tv_battania_warlord_armor_c","{=osa_tv_battania_warlord_armor_c}Highland Brass Warlord Cuirass","BodyArmor","Culture.battania","body_armor","tv_battania_warlord_armor_c","25","","","3","Plate","plate","","36","14","14","true","true","","","","","","","","","","","","","","","","","","","","","","","","","","","","","","","","","","true","","","","","","","","","","","","","","","","","","","","","","","","","","","","","","","","","","","","","","","","","","","","","","",""
"OSA","OSA_tv_assets_armor.xml","tv_battania_warlord_armor_c2","{=osa_tv_battania_warlord_armor_c2}Highland Steel Warlord Cuirass","BodyArmor","Culture.battania","body_armor","tv_battania_warlord_armor_c2","25","","","3","Plate","plate","","38","16","18","true","true","","","","","","","","","","","","","","","","","","","","","","","","","","","","","","","","","","true","","","","","","","","","","","","","","","","","","","","","","","","","","","","","","","","","","","","","","","","","","","","","","",""
"OSA","OSA_tv_assets_armor.xml","tv_empire_armor_a","{=osa_tv_empire_armor_a}Imperial Lamellar Vest Over Stripped Mail","BodyArmor","Culture.empire","","tv_empire_armor_a","15.0","","","1.3","Plate","plate","","36","6","10","true","","","","","","","","","","","","","","","","","","","","","","","","","","","","","","","","","","","true","","","","","","","","","","","","","","","","","","","","","","","","","","","","","","","","","","","","","","","","","","","","","","",""
"OSA","OSA_tv_assets_armor.xml","tv_empire_armor_b","{=osa_tv_empire_armor_b}Imperial Gilded Lamellar Over Boiled Leather","BodyArmor","Culture.empire","","tv_empire_armor_b","15.0","","","1.3","Plate","plate","","33","6","7","true","","","","","","","","","","","","","","","","","","","","","","","","","","","","","","","","","","","true","","","","","","","","","","","","","","","","","","","","","","","","","","","","","","","","","","","","","","","","","","","","","","",""
"OSA","OSA_tv_assets_armor.xml","tv_empire_armor_c","{=osa_tv_empire_armor_c}Darshi Mail Over Stripped Leather With Gambeson","BodyArmor","Culture.aserai","body_armor","tv_empire_armor_c","10.2","","","1.3","Chainmail","chain","","32","8","8","true","","","","","","","","","","","","","","","","","","","","","","","","","","","","","","","","","","","true","","","","","","","","","","","","","","","","","","","","","","","","","","","","","","","","","","","","","","","","","","","","","","",""
"OSA","OSA_tv_assets_armor.xml","TV_empire_armor_d","{=osa_tv_empire_armor_d}Imperial Decorated Brass Heavy Scale Armour","BodyArmor","Culture.empire","","TV_empire_armor_d","24.10","","","3","Plate","plate","","52","16","23","true","","","","","","","","","","","","","","","","","","","","","","","","","","","","","","","","","","","true","","","","","","","","","","","","","","","","","","","","","","","","","","","","","","","","","","","","","","","","","","","","","","",""
"OSA","OSA_tv_assets_armor.xml","TV_empire_armor_e","{=osa_tv_empire_armor_e}Western Scale Over Mail Shirt","BodyArmor","Culture.vlandia","body_armor","TV_empire_armor_e","7.5","","","1.2","Plate","plate","","47","14","13","true","","","","","","","","","","","","","","","","","","","","","","","","","","","","","","","","","","","true","","","","","","","","","","","","","","","","","","","","","","","","","","","","","","","","","","","","","","","","","","","","","","",""
"OSA","OSA_tv_assets_armor.xml","TV_empire_armor_e2","{=osa_tv_empire_armor_e2}Western Brass Scale Over Mail Shirt","BodyArmor","Culture.vlandia","body_armor","TV_empire_armor_e2","7.5","","","1.2","Plate","plate","","47","14","13","true","","","","","","","","","","","","","","","","","","","","","","","","","","","","","","","","","","","true","","","","","","","","","","","","","","","","","","","","","","","","","","","","","","","","","","","","","","","","","","","","","","",""
"OSA","OSA_tv_assets_armor.xml","TV_empire_armor_f","{=osa_tv_empire_armor_f}Imperial Alternating Scale Cuirass Over Red Stripped Cloth","BodyArmor","Culture.empire","body_armor","TV_empire_armor_f","16.5","","","3","Plate","plate","","34","6","6","true","true","","","","","","","","","","","","","","","","","","","","","","","","","","","","","","","","","","true","","","","","","","","","","","","","","","","","","","","","","","","","","","","","","","","","","","","","","","","","","","","","","",""
"OSA","OSA_tv_assets_armor.xml","TV_empire_armor_g","{=osa_tv_empire_armor_g}Imperial Brass Scale Cuirass Over White Stripped Cloth","BodyArmor","Culture.empire","body_armor","TV_empire_armor_g","16.5","","","3","Plate","plate","","34","6","6","true","true","","","","","","","","","","","","","","","","","","","","","","","","","","","","","","","","","","true","","","","","","","","","","","","","","","","","","","","","","","","","","","","","","","","","","","","","","","","","","","","","","",""
"OSA","OSA_tv_assets_armor.xml","TV_empire_armor_h","{=osa_tv_empire_armor_h}Imperial Steel Scale Cuirass Over Stripped Leather","BodyArmor","Culture.empire","body_armor","TV_empire_armor_h","16.5","","","3","Plate","plate","","34","6","6","true","true","","","","","","","","","","","","","","","","","","","","","","","","","","","","","","","","","","true","","","","","","","","","","","","","","","","","","","","","","","","","","","","","","","","","","","","","","","","","","","","","","",""
"OSA","OSA_tv_assets_armor.xml","TV_empire_armor_i","{=osa_tv_empire_armor_i}Imperial Auxiliary Lamellar Armor With Straps","BodyArmor","Culture.empire","","TV_empire_armor_i","2","","","1","Plate","plate","","33","4","8","true","","","","","","","","","","","","","","","","","","","","","","","","","","","","","","","","","","","true","","","","","","","","","","","","","","","","","","","","","","","","","","","","","","","","","","","","","","","","","","","","","","",""
"OSA","OSA_tv_assets_armor.xml","TV_empire_armor_j","{=osa_tv_empire_armor_j}Imperial Cavalry Lamellar Armor","BodyArmor","Culture.empire","body_armor","TV_empire_armor_j","8.3","","","1.3","Plate","plate","","40","10","11","true","true","","","","","","","","","","","","","","","","","","","","","","","","","","","","","","","","","","true","","","","","","","","","","","","","","","","","","","","","","","","","","","","","","","","","","","","","","","","","","","","","","",""
"OSA","OSA_tv_assets_armor.xml","TV_empire_armor_k","{=osa_tv_empire_armor_k}Imperial Decorated Short Tunic","BodyArmor","Culture.empire","","TV_empire_armor_k","1","120","","0.1","Cloth","cloth_unarmoured","","6","","0","false","true","","","","","","","","","","","","","","","","","","","","","","","","","","","","true","true","","","","","true","","","","","","","","","","","","","","","","","","","","","","","","","","","","","","","","","","","","","","","","","","","","","","",""
"OSA","OSA_tv_assets_armor.xml","TV_empire_armor_l","{=osa_tv_empire_armor_l}Imperial Steel Lamellar Over Padded Coat","BodyArmor","Culture.empire","","TV_empire_armor_l","7","","","1","Plate","plate","","28","4","8","true","true","","","","","","","","","","","","","","","","","","","","","","","","","","","","","","","","","","true","","","","","","","","","","3","","","","","","","","","","","","","","","","","","","","","","","","","","","","","","","","","","","","",""
"OSA","OSA_tv_assets_armor.xml","TV_empire_armor_l2","{=osa_tv_empire_armor_l2}Imperial Brass Lamellar Over Padded Coat","BodyArmor","Culture.empire","","TV_empire_armor_l2","7","","","1","Plate","plate","","28","4","8","true","true","","","","","","","","","","","","","","","","","","","","","","","","","","","","","","","","","","true","","","","","","","","","","3","","","","","","","","","","","","","","","","","","","","","","","","","","","","","","","","","","","","",""
"OSA","OSA_tv_assets_armor.xml","TV_empire_armor_m","{=osa_tv_empire_armor_m}Imperial Long Scale Cuirass Over Mail","BodyArmor","Culture.empire","","TV_empire_armor_m","34","","","3","Plate","plate","","52","10","23","true","","","","","","","","","","","","","","","","","","","","","","","","","","","","","","","","","","","true","","","","","","","","","","","","","","","","","","","","","","","","","","","","","","","","","","","","","","","","","","","","","","",""
"OSA","OSA_tv_assets_armor.xml","TV_empire_armor_n","{=osa_tv_empire_armor_n}Western Scale Cuirass Over Mail With Scale Skirt","BodyArmor","Culture.vlandia","","TV_empire_armor_n","34","","","3","Plate","plate","","52","16","21","true","","","","","","","","","","","","","","","","","","","","","","","","","","","","","","","","","","","true","","","","","","","","","","","","","","","","","","","","","","","","","","","","","","","","","","","","","","","","","","","","","","",""
"OSA","OSA_tv_assets_armor.xml","TV_empire_armor_o","{=osa_tv_empire_armor_o}Western Scale Cuirass With Scale Skirt","BodyArmor","Culture.vlandia","","TV_empire_armor_o","34","","","3","Plate","plate","","52","4","20","true","","","","","","","","","","","","","","","","","","","","","","","","","","","","","","","","","","","true","","","","","","","","","","","","","","","","","","","","","","","","","","","","","","","","","","","","","","","","","","","","","","",""
"OSA","OSA_tv_assets_armor.xml","TV_empire_armor_p","{=osa_tv_empire_armor_p}Imperial Studded Leather Over Mail Shirt","BodyArmor","Culture.empire","","TV_empire_armor_p","3","","","1","Chainmail","chain","","30","10","12","true","","","","","","","","","","","","","","","","","","","","","","","","","","","","","","","","","","","true","","","","","","","","","","","","","","","","","","","","","","","","","","","","","","","","","","","","","","","","","","","","","","",""
"OSA","OSA_tv_assets_armor.xml","tv_empire_armor_q","{=osa_tv_empire_armor_q}Darshi Stripped Leather With Gambeson","BodyArmor","Culture.aserai","body_armor","tv_empire_armor_q","10.2","","","1.3","Leather","leather","","23","8","8","true","","","","","","","","","","","","","","","","","","","","","","","","","","","","","","","","","","","true","","","","","","","","","","","","","","","","","","","","","","","","","","","","","","","","","","","","","","","","","","","","","","",""
"OSA","OSA_tv_assets_armor.xml","tv_empire_armor_r","{=osa_tv_empire_armor_r}Darshi Stripped Lamellar With Gambeson","BodyArmor","Culture.aserai","","tv_empire_armor_r","7","","","1","Plate","plate","","48","8","8","true","true","","","","","","","","","","","","","","","","","","","","","","","","","","","","","","","","","","true","","","","","","","","","","","","","","","","","","","","","","","","","","","","","","","","","","","","","","","","","","","","","","",""
"OSA","OSA_tv_assets_armor.xml","tv_empire_armor_r2","{=osa_tv_empire_armor_r2}Darshi Stripped Alternating Lamellar With Gambeson","BodyArmor","Culture.aserai","","tv_empire_armor_r2","7","","","1","Plate","plate","","48","8","8","true","true","","","","","","","","","","","","","","","","","","","","","","","","","","","","","","","","","","true","","","","","","","","","","","","","","","","","","","","","","","","","","","","","","","","","","","","","","","","","","","","","","",""
"OSA","OSA_tv_assets_armor.xml","tv_empire_armor_s","{=osa_tv_empire_armor_s}Darshi Stripped Lamellar With Mail","BodyArmor","Culture.aserai","","tv_empire_armor_s","7","","","1","Plate","plate","","50","20","20","true","true","","","","","","","","","","","","","","","","","","","","","","","","","","","","","","","","","","true","","","","","","","","","","","","","","","","","","","","","","","","","","","","","","","","","","","","","","","","","","","","","","",""
"OSA","OSA_tv_assets_armor.xml","tv_empire_armor_s2","{=osa_tv_empire_armor_s2}Darshi Stripped Alternating Lamellar With Mail","BodyArmor","Culture.aserai","","tv_empire_armor_s2","7","","","1","Plate","plate","","50","20","20","true","true","","","","","","","","","","","","","","","","","","","","","","","","","","","","","","","","","","true","","","","","","","","","","","","","","","","","","","","","","","","","","","","","","","","","","","","","","","","","","","","","","",""
"OSA","OSA_tv_assets_armor.xml","tv_empire_armor_t","{=osa_tv_empire_armor_t}Darshi Stripped Cloth With Gambeson","BodyArmor","Culture.aserai","body_armor","tv_empire_armor_t","10.2","","","1.3","Leather","leather","","23","8","8","true","","","","","","","","","","","","","","","","","","","","","","","","","","","","","","","","","","","true","","","","","","","","","","","","","","","","","","","","","","","","","","","","","","","","","","","","","","","","","","","","","","",""
"OSA","OSA_tv_assets_armor.xml","TV_khuzait_armor_a","{=osa_tv_khuzait_armor_a}Eastern Strapped Leather Armor","BodyArmor","Culture.khuzait","","TV_khuzait_armor_a","15","","","1.4","Plate","plate","","22","2","6","true","true","","","","","","","","","","","","","","","","","","","","","","","","","","","","","","","","","","true","","","","","","","","","","","","","","","","","","","","","","","","","","","","","","","","","","","","","","","","","","","","","","",""
"OSA","OSA_tv_assets_armor.xml","TV_khuzait_armor_b","{=osa_tv_khuzait_armor_b}Eastern Strapped Iron Lamellar Armor","BodyArmor","Culture.khuzait","","TV_khuzait_armor_b","15","","","1.4","Plate","plate","","24","2","8","true","true","","","","","","","","","","","","","","","","","","","","","","","","","","","","","","","","","","true","","","","","","","","","","","","","","","","","","","","","","","","","","","","","","","","","","","","","","","","","","","","","","",""
"OSA","OSA_tv_assets_armor.xml","TV_khuzait_armor_c","{=osa_tv_khuzait_armor_c}Eastern Light Strapped Leather Armor","BodyArmor","Culture.khuzait","","TV_khuzait_armor_c","15","","","1.4","Plate","plate","","22","2","4","true","true","","","","","","","","","","","","","","","","","","","","","","","","","","","","","","","","","","true","","","","","","","","","","","","","","","","","","","","","","","","","","","","","","","","","","","","","","","","","","","","","","",""
"OSA","OSA_tv_assets_armor.xml","TV_khuzait_armor_d","{=osa_tv_khuzait_armor_d}Eastern Light Strapped Iron Lamellar Armor","BodyArmor","Culture.khuzait","","TV_khuzait_armor_d","15","","","1.4","Plate","plate","","24","2","4","true","true","","","","","","","","","","","","","","","","","","","","","","","","","","","","","","","","","","true","","","","","","","","","","","","","","","","","","","","","","","","","","","","","","","","","","","","","","","","","","","","","","",""
"OSA","OSA_tv_assets_armor.xml","TV_khuzait_armor_d2","{=osa_tv_khuzait_armor_d2}Eastern Light Strapped Lamellar Armor","BodyArmor","Culture.khuzait","","TV_khuzait_armor_d2","15","","","1.4","Plate","plate","","24","2","4","true","true","","","","","","","","","","","","","","","","","","","","","","","","","","","","","","","","","","true","","","","","","","","","","","","","","","","","","","","","","","","","","","","","","","","","","","","","","","","","","","","","","",""
"OSA","OSA_tv_assets_armor.xml","TV_khuzait_armor_e","{=osa_tv_khuzait_armor_e}Eastern Stitched Leather Coat Over Mail","BodyArmor","Culture.khuzait","","TV_khuzait_armor_e","13.9","","","1","Chainmail","chain","","30","10","12","true","true","","","","","","","","","","","","","","","","","","","","","","","","","","","","","","","","","","true","","","","","","","","","","","","","","","","","","","","","","","","","","","","","","","","","","","","","","","","","","","","","","",""
"OSA","OSA_tv_assets_armor.xml","TV_khuzait_armor_f","{=osa_tv_khuzait_armor_f}Eastern Stitched Leather Vest Over Mail","BodyArmor","Culture.khuzait","","TV_khuzait_armor_f","13.9","","","1","Chainmail","chain","","30","10","12","true","true","","","","","","","","","","","","","","","","","","","","","","","","","","","","","","","","","","true","","","","","","","","","","","","","","","","","","","","","","","","","","","","","","","","","","","","","","","","","","","","","","",""
"OSA","OSA_tv_assets_armor.xml","TV_khuzait_armor_g","{=osa_tv_khuzait_armor_g}Eastern Light Lamellar Armor","BodyArmor","Culture.khuzait","","TV_khuzait_armor_g","16","","","2","Plate","plate","","39","6","6","true","true","","","","","","","","","","","","","","","","","","","","","","","","","","","","","","","","","","true","","","","","","","","","","","","","","","","","","","","","","","","","","","","","","","","","","","","","","","","","","","","","","",""
"OSA","OSA_tv_assets_armor.xml","TV_khuzait_armor_h","{=osa_tv_khuzait_armor_h}Eastern Blackened Leather Lamellar Vest","BodyArmor","Culture.khuzait","","TV_khuzait_armor_h","2.6","","","1.2","Leather","leather","","24","6","6","true","true","","","","","","","","","","","","","","","","","","","","","","","","","","","","","","","","","","true","","","","","","","","","","","","","","","","","","","","","","","","","","","","","","","","","","","","","","","","","","","","","","",""
"OSA","OSA_tv_assets_armor.xml","TV_khuzait_armor_i","{=osa_tv_khuzait_armor_i}Eastern Stitched Leather Vest","BodyArmor","Culture.khuzait","","TV_khuzait_armor_i","8.4","","","1","Leather","leather","","20","6","6","true","","","","","","","","","","","","","","","","","","","","","","","","","","","","","","","","","","","true","","","","","","","","","","","","","","","","","","","","","","","","","","","","","","","","","","","","","","","","","","","","","","",""
"OSA","OSA_tv_assets_armor.xml","TV_khuzait_armor_j","{=osa_tv_khuzait_armor_j}Eastern Alternating Lamellar Coat Over Mail","BodyArmor","Culture.khuzait","","TV_khuzait_armor_j","20.0","","","1","Plate","plate","","46","10","20","true","","","","","","","","","","","","","","","","","","","","","","","","","","","","","","","","","","","true","","","","","","","","","","3","","","","","","","","","","","","","","","","","","","","","","","","","","","","","","","","","","","","",""
"OSA","OSA_tv_assets_armor.xml","TV_khuzait_armor_k","{=osa_tv_khuzait_armor_k}Eastern Stitched Lamellar Coat Over Mail","BodyArmor","Culture.khuzait","","TV_khuzait_armor_k","20.0","","","1","Plate","plate","","52","10","23","true","","","","","","","","","","","","","","","","","","","","","","","","","","","","","","","","","","","true","","","","","","","","","","3","","","","","","","","","","","","","","","","","","","","","","","","","","","","","","","","","","","","",""
"OSA","OSA_tv_assets_armor.xml","TV_khuzait_armor_l","{=osa_tv_khuzait_armor_l}Eastern Alternating Lamellar Coat","BodyArmor","Culture.khuzait","body_armor","TV_khuzait_armor_l","12.5","","0","1","Plate","plate","","28","6","14","true","true","","","","","","","","","","","","","","","","","","","","","","","","","","","","","","","","","","true","","","","","","","","","","","","","","","","","","","","","","","","","","","","","","","","","","","","","","","","","","","","","","",""
"OSA","OSA_tv_assets_armor.xml","TV_khuzait_armor_m","{=osa_tv_khuzait_armor_m}Eastern Stitched Lamellar Coat","BodyArmor","Culture.khuzait","body_armor","TV_khuzait_armor_m","12.5","","0","1","Plate","plate","","32","6","18","true","true","","","","","","","","","","","","","","","","","","","","","","","","","","","","","","","","","","true","","","","","","","","","","","","","","","","","","","","","","","","","","","","","","","","","","","","","","","","","","","","","","",""
"OSA","OSA_tv_assets_armor.xml","TV_khuzait_armor_n","{=osa_tv_khuzait_armor_n}Eastern Alternating Lamellar Vest Over Mail","BodyArmor","Culture.khuzait","","TV_khuzait_armor_n","20.0","","","1","Plate","plate","","46","10","12","true","","","","","","","","","","","","","","","","","","","","","","","","","","","","","","","","","","","true","","","","","","","","","","3","","","","","","","","","","","","","","","","","","","","","","","","","","","","","","","","","","","","",""
"OSA","OSA_tv_assets_armor.xml","TV_khuzait_armor_o","{=osa_tv_khuzait_armor_o}Eastern Stitched Lamellar Vest Over Mail","BodyArmor","Culture.khuzait","","TV_khuzait_armor_o","20.0","","","1","Plate","plate","","52","10","12","true","","","","","","","","","","","","","","","","","","","","","","","","","","","","","","","","","","","true","","","","","","","","","","3","","","","","","","","","","","","","","","","","","","","","","","","","","","","","","","","","","","","",""
"OSA","OSA_tv_assets_armor.xml","TV_khuzait_armor_p","{=osa_tv_khuzait_armor_p}Eastern Alternating Lamellar Vest","BodyArmor","Culture.khuzait","body_armor","TV_khuzait_armor_p","12.5","","0","1","Plate","plate","","28","6","6","true","true","","","","","","","","","","","","","","","","","","","","","","","","","","","","","","","","","","true","","","","","","","","","","","","","","","","","","","","","","","","","","","","","","","","","","","","","","","","","","","","","","",""
"OSA","OSA_tv_assets_armor.xml","TV_khuzait_armor_q","{=osa_tv_khuzait_armor_q}Eastern Stitched Lamellar Vest","BodyArmor","Culture.khuzait","body_armor","TV_khuzait_armor_q","12.5","","0","1","Plate","plate","","32","6","6","true","true","","","","","","","","","","","","","","","","","","","","","","","","","","","","","","","","","","true","","","","","","","","","","","","","","","","","","","","","","","","","","","","","","","","","","","","","","","","","","","","","","",""
"OSA","OSA_tv_assets_armor.xml","TV_khuzait_armor_r","{=osa_tv_khuzait_armor_r}Eastern Studded Leather Coat","BodyArmor","Culture.khuzait","","TV_khuzait_armor_r","3.0","","","1","Leather","leather","","18","6","10","true","","","","","","","","","","","","","","","","","","","","","","","","","","","","","","","","","","","true","","","","","","","","","","","","","","","","","","","","","","","","","","","","","","","","","","","","","","","","","","","","","","",""
"OSA","OSA_tv_assets_armor.xml","TV_khuzait_armor_s","{=osa_tv_khuzait_armor_s}Eastern Studded Leather Coat Over Mail","BodyArmor","Culture.khuzait","","TV_khuzait_armor_s","3.0","","","1","Chainmail","chain","","30","10","12","true","","","","","","","","","","","","","","","","","","","","","","","","","","","","","","","","","","","true","","","","","","","","","","","","","","","","","","","","","","","","","","","","","","","","","","","","","","","","","","","","","","",""
"OSA","OSA_tv_assets_armor.xml","TV_khuzait_armor_t","{=osa_tv_khuzait_armor_t}Eastern Blackened Leather Lamellar Armor","BodyArmor","Culture.khuzait","","TV_khuzait_armor_t","14","","","1.2","Leather","leather","","24","6","12","true","","","","","","","","","","","","","","","","","","","","","","","","","","","","","","","","","","","true","","","","","","","","","","","","","","","","","","","","","","","","","","","","","","","","","","","","","","","","","","","","","","",""
"OSA","OSA_tv_assets_armor.xml","TV_khuzait_armor_u","{=osa_tv_khuzait_armor_u}Eastern Blackened Leather Lamellar Over Mail","BodyArmor","Culture.khuzait","","TV_khuzait_armor_u","28","","","3","Chainmail","chain","","38","14","16","true","","","","","","","","","","","","","","","","","","","","","","","","","","","","","","","","","","","true","","","","","","","","","","","","","","","","","","","","","","","","","","","","","","","","","","","","","","","","","","","","","","",""
"OSA","OSA_tv_assets_armor.xml","TV_monk_robe_a","{=osa_tv_monk_robe_a}Western Patterned Robe","BodyArmor","Culture.vlandia","","TV_monk_robe_a","0.5","","","1","Cloth","cloth_unarmoured","","5","1","2","true","","","","","","","","","","","","","","","","","","","","","","","","","","","","","true","","","","","","true","","","","","","","","","","","","","","","","","","","","","","","","","","","","","","","","","","","","","","","","","","","","","","",""
"OSA","OSA_tv_assets_armor.xml","TV_monk_robe_b","{=osa_tv_monk_robe_b}Western Mailled Patterned Robe","BodyArmor","Culture.vlandia","","TV_monk_robe_b","12","","","1","Chainmail","chain","","30","16","16","true","false","","","","","","","","","","","","","","","","","","","","","","","","","","","","","","","","","","true","","","","","","","","","","","","","","","","","","","","","","","","","","","","","","","","","","","","","","","","","","","","","","",""
"OSA","OSA_tv_assets_armor.xml","TV_monk_robe_c","{=osa_tv_monk_robe_c}Western Patterned Belted Robe","BodyArmor","Culture.vlandia","","TV_monk_robe_c","0.5","","","1","Cloth","cloth_unarmoured","","5","1","2","true","","","","","","","","","","","","","","","","","","","","","","","","","","","","","true","","","","","","true","","","","","","","","","","","","","","","","","","","","","","","","","","","","","","","","","","","","","","","","","","","","","","",""
"OSA","OSA_tv_assets_armor.xml","TV_monk_robe_d","{=osa_tv_monk_robe_d}Western Mailled Patterned Belted Robe","BodyArmor","Culture.vlandia","","TV_monk_robe_d","12","","","1","Chainmail","chain","","30","16","16","true","false","","","","","","","","","","","","","","","","","","","","","","","","","","","","","","","","","","true","","","","","","","","","","","","","","","","","","","","","","","","","","","","","","","","","","","","","","","","","","","","","","",""
"OSA","OSA_tv_assets_armor.xml","TV_sturgia_armor_a","{=osa_tv_sturgia_armor_a}Northern Double Hauberk","BodyArmor","Culture.sturgia","body_armor","TV_sturgia_armor_a","12.3","","","1.6","Chainmail","chain","","32","15","15","true","true","","","","","","","","","","","","","","","","","","","","","","","","","","","","","","","","","","true","","","","","","","","","","","","","","","","","","","","","","","","","","","","","","","","","","","","","","","","","","","","","","",""
"OSA","OSA_tv_assets_armor.xml","TV_sturgia_armor_a2","{=osa_tv_sturgia_armor_a2}Northern Decorated Double Hauberk","BodyArmor","Culture.sturgia","body_armor","TV_sturgia_armor_a2","12.3","","","1.6","Chainmail","chain","","32","15","15","true","true","","","","","","","","","","","","","","","","","","","","","","","","","","","","","","","","","","true","","","","","","","","","","","","","","","","","","","","","","","","","","","","","","","","","","","","","","","","","","","","","","",""
"OSA","OSA_tv_assets_armor.xml","TV_sturgia_armor_b","{=osa_tv_sturgia_armor_b}Northern Alternating Scale Over Hauberk","BodyArmor","Culture.sturgia","","TV_sturgia_armor_b","26","","","3","Plate","plate","","52","25","25","true","","","","","","","","","","","","","","","","","","","","","","","","","","","","","","","","","","","true","","","","","","","","","","","","","","","","","","","","","","","","","","","","","","","","","","","","","","","","","","","","","","",""
"OSA","OSA_tv_assets_armor.xml","TV_sturgia_armor_c","{=osa_tv_sturgia_armor_c}Northern Brass Scale Over Hauberk","BodyArmor","Culture.sturgia","","TV_sturgia_armor_c","26","","","3","Plate","plate","","52","25","25","true","","","","","","","","","","","","","","","","","","","","","","","","","","","","","","","","","","","true","","","","","","","","","","","","","","","","","","","","","","","","","","","","","","","","","","","","","","","","","","","","","","",""
"OSA","OSA_tv_assets_armor.xml","TV_sturgia_armor_d","{=osa_tv_sturgia_armor_d}Northern Steel Scale Over Hauberk","BodyArmor","Culture.sturgia","","TV_sturgia_armor_d","26","","","3","Plate","plate","","52","25","25","true","","","","","","","","","","","","","","","","","","","","","","","","","","","","","","","","","","","true","","","","","","","","","","","","","","","","","","","","","","","","","","","","","","","","","","","","","","","","","","","","","","",""
"OSA","OSA_tv_assets_armor.xml","TV_sturgia_armor_e","{=osa_tv_sturgia_armor_e}Northern Heavy Lamellar Over Hauberk","BodyArmor","Culture.sturgia","","TV_sturgia_armor_e","28","","","3","Plate","plate","","50","15","26","true","","","","","","","","","","","","","","","","","","","","","","","","","","","","","","","","","","","true","","","","","","","","","","","","","","","","","","","","","","","","","","","","","","","","","","","","","","","","","","","","","","",""
"OSA","OSA_tv_assets_armor.xml","TV_sturgia_armor_e2","{=osa_tv_sturgia_armor_e2}Northern Heavy Decorated Lamellar Over Hauberk","BodyArmor","Culture.sturgia","","TV_sturgia_armor_e2","28","","","3","Plate","plate","","50","15","26","true","","","","","","","","","","","","","","","","","","","","","","","","","","","","","","","","","","","true","","","","","","","","","","","","","","","","","","","","","","","","","","","","","","","","","","","","","","","","","","","","","","",""
"OSA","OSA_tv_assets_armor.xml","TV_sturgia_armor_e3","{=osa_tv_sturgia_armor_e3}Northern Heavy Gilded Lamellar Over Hauberk","BodyArmor","Culture.sturgia","","TV_sturgia_armor_e3","28","","","3","Plate","plate","","50","15","26","true","","","","","","","","","","","","","","","","","","","","","","","","","","","","","","","","","","","true","","","","","","","","","","","","","","","","","","","","","","","","","","","","","","","","","","","","","","","","","","","","","","",""
"OSA","OSA_tv_assets_armor.xml","TV_sturgia_armor_f","{=osa_tv_sturgia_armor_f}Northern Lamellar Over Hauberk","BodyArmor","Culture.sturgia","","TV_sturgia_armor_f","21.5","","","3","Plate","plate","","50","7","20","true","","","","","","","","","","","","","","","","","","","","","","","","","","","","","","","","","","","true","","","","","","","","","","","","","","","","","","","","","","","","","","","","","","","","","","","","","","","","","","","","","","",""
"OSA","OSA_tv_assets_armor.xml","TV_sturgia_armor_f2","{=osa_tv_sturgia_armor_f2}Northern Decorated Lamellar Over Hauberk","BodyArmor","Culture.sturgia","","TV_sturgia_armor_f2","21.5","","","3","Plate","plate","","50","7","20","true","","","","","","","","","","","","","","","","","","","","","","","","","","","","","","","","","","","true","","","","","","","","","","","","","","","","","","","","","","","","","","","","","","","","","","","","","","","","","","","","","","",""
"OSA","OSA_tv_assets_armor.xml","TV_sturgia_armor_f3","{=osa_tv_sturgia_armor_f3}Northern Gilded Lamellar Over Hauberk","BodyArmor","Culture.sturgia","","TV_sturgia_armor_f3","21.5","","","3","Plate","plate","","50","7","20","true","","","","","","","","","","","","","","","","","","","","","","","","","","","","","","","","","","","true","","","","","","","","","","","","","","","","","","","","","","","","","","","","","","","","","","","","","","","","","","","","","","",""
"OSA","OSA_tv_assets_armor.xml","TV_vlandia_armor_a","{=osa_tv_vlandia_armor_a}Western Leather Coat Over Mail","BodyArmor","Culture.vlandia","body_armor","TV_vlandia_armor_a","28.6","","","1.2","Chainmail","chain","","34","12","12","true","true","","","","","","","","","","","","","","","","","","","","","","","","","","","","","","","","","","true","","","","","","","","","","","","","","","","","","","","","","","","","","","","","","","","","","","","","","","","","","","","","","",""
"OSA","OSA_tv_assets_armor.xml","TV_vlandia_armor_b","{=osa_tv_vlandia_armor_b}Western Padded Coat Over Hauberk","BodyArmor","Culture.vlandia","body_armor","TV_vlandia_armor_b","28.6","","","1.2","Chainmail","chain","","31","12","14","true","true","","","","","","","","","","","","","","","","","","","","","","","","","","","","","","","","","","true","","","","","","","","","","","","","","","","","","","","","","","","","","","","","","","","","","","","","","","","","","","","","","",""
"OSA","OSA_tv_assets_armor.xml","TV_vlandia_armor_b2","{=osa_tv_vlandia_armor_b2}Western Sleeveless Padded Coat Over Hauberk","BodyArmor","Culture.vlandia","body_armor","TV_vlandia_armor_b2","28.6","","","1.2","Chainmail","chain","","28","8","14","true","true","","","","","","","","","","","","","","","","","","","","","","","","","","","","","","","","","","true","","","","","","","","","","","","","","","","","","","","","","","","","","","","","","","","","","","","","","","","","","","","","","",""
"OSA","OSA_tv_assets_armor.xml","TV_vlandia_armor_b3","{=osa_tv_vlandia_armor_b3}Western Padded Short Coat Over Hauberk","BodyArmor","Culture.vlandia","body_armor","TV_vlandia_armor_b3","28.6","","","1.2","Chainmail","chain","","31","12","8","true","true","","","","","","","","","","","","","","","","","","","","","","","","","","","","","","","","","","true","","","","","","","","","","","","","","","","","","","","","","","","","","","","","","","","","","","","","","","","","","","","","","",""
"OSA","OSA_tv_assets_armor.xml","TV_vlandia_armor_b4","{=osa_tv_vlandia_armor_b4}Western Sleeveless Padded Short Coat Over Hauberk","BodyArmor","Culture.vlandia","body_armor","TV_vlandia_armor_b4","28.6","","","1.2","Chainmail","chain","","28","8","8","true","true","","","","","","","","","","","","","","","","","","","","","","","","","","","","","","","","","","true","","","","","","","","","","","","","","","","","","","","","","","","","","","","","","","","","","","","","","","","","","","","","","",""
"OSA","OSA_tv_assets_armor.xml","TV_vlandia_armor_c","{=osa_tv_vlandia_armor_c}Western Patterned Tabard Over Mail Hauberk","BodyArmor","Culture.vlandia","body_armor","TV_vlandia_armor_c","9.6","","","1.2","Chainmail","chain","","34","12","12","true","true","","","","","","","","","","","","","","","","","","","","","","","","","","","","","","","","","","true","","","","","","","","","","","","","","","","","","","","","","","","","","","","","","","","","","","","","","","","","","","","","","",""
"OSA","OSA_tv_assets_armor.xml","TV_vlandia_armor_d","{=osa_tv_vlandia_armor_d}Western Steel Scale Cuirass Over Chainmail","BodyArmor","Culture.vlandia","","TV_vlandia_armor_d","10","","","1","Chainmail","chain","","47","14","14","true","true","","","","","","","","","","","","","","","","","","","","","","","","","","","","","","","","","","true","","","","","","","","","","","","","","","","","","","","","","","","","","","","","","","","","","","","","","","","","","","","","","",""
"OSA","OSA_tv_assets_armor.xml","TV_vlandia_armor_d2","{=osa_tv_vlandia_armor_d2}Western Brass Scale Cuirass Over Chainmail","BodyArmor","Culture.vlandia","","TV_vlandia_armor_d2","10","","","1","Chainmail","chain","","47","14","14","true","true","","","","","","","","","","","","","","","","","","","","","","","","","","","","","","","","","","true","","","","","","","","","","","","","","","","","","","","","","","","","","","","","","","","","","","","","","","","","","","","","","",""
"OSA","OSA_tv_assets_armor.xml","TV_vlandia_armor_e","{=osa_tv_vlandia_armor_e}Western Patterned Tabard Over Aketon","BodyArmor","Culture.vlandia","","TV_vlandia_armor_e","3.4","","","1","Cloth","cloth","","16","3","3","true","true","","","","","","","","","","","","","","","","","","","","","","","","","","","","","","","","","","true","","","","","","","","","","","","","","","","","","","","","","","","","","","","","","","","","","","","","","","","","","","","","","",""
"OSA","OSA_tv_assets_armor.xml","TV_vlandia_armor_f","{=osa_tv_vlandia_armor_f}Western Padded Chainmail","BodyArmor","Culture.vlandia","","TV_vlandia_armor_f","12","","","1","Chainmail","chain","","38","14","16","true","true","","","","","","","","","","","","","","","","","","","","","","","","","","","","","","","","","","true","","","","","","","","","","","","","","","","","","","","","","","","","","","","","","","","","","","","","","","","","","","","","","",""
"OSA","OSA_tv_assets_armor.xml","TV_vlandia_armor_g","{=osa_tv_vlandia_armor_g}Western Mailled Brigandine With Decorated Tabard","BodyArmor","Culture.vlandia","body_armor","TV_vlandia_armor_g","23.2","","0","3","Chainmail","chain","","50","14","16","true","true","","","","","","","","","","","","","","","","","","","","","","","","","","","","","","","","","","true","","","","","","","","","","","","","","","","","","","","","","","","","","","","","","","","","","","","","","","","","","","","","","",""
"OSA","OSA_tv_assets_armor.xml","TV_vlandia_armor_h","{=osa_tv_vlandia_armor_h}Western Padded Double Mail Hauberk","BodyArmor","Culture.vlandia","body_armor","TV_vlandia_armor_h","9.5","","0","1","Chainmail","chain","","32","14","16","true","true","","","","","","","","","","","","","","","","","","","","","","","","","","","","","","","","","","true","","","","","","","","","","","","","","","","","","","","","","","","","","","","","","","","","","","","","","","","","","","","","","",""
"OSA","OSA_tv_assets_armor.xml","TV_vlandia_armor_h2","{=osa_tv_vlandia_armor_h2}Western Double Mail Hauberk","BodyArmor","Culture.vlandia","body_armor","TV_vlandia_armor_h2","9.5","","0","1","Chainmail","chain","","27","12","14","true","true","","","","","","","","","","","","","","","","","","","","","","","","","","","","","","","","","","true","","","","","","","","","","","","","","","","","","","","","","","","","","","","","","","","","","","","","","","","","","","","","","",""
"OSA","OSA_tv_assets_armor.xml","TV_vlandia_armor_i","{=osa_tv_vlandia_armor_i}Western Patterned Coat Over Mail","BodyArmor","Culture.vlandia","body_armor","TV_vlandia_armor_i","28.6","","","1.2","Chainmail","chain","","34","12","12","true","true","","","","","","","","","","","","","","","","","","","","","","","","","","","","","","","","","","true","","","","","","","","","","","","","","","","","","","","","","","","","","","","","","","","","","","","","","","","","","","","","","",""
"OSA","OSA_tv_assets_armor.xml","TV_vlandia_armor_i2","{=osa_tv_vlandia_armor_i2}Western Decorated Coat Over Mail","BodyArmor","Culture.vlandia","body_armor","TV_vlandia_armor_i2","28.6","","","1.2","Chainmail","chain","","34","12","12","true","true","","","","","","","","","","","","","","","","","","","","","","","","","","","","","","","","","","true","","","","","","","","","","","","","","","","","","","","","","","","","","","","","","","","","","","","","","","","","","","","","","",""
"OSA","OSA_tv_assets_armor.xml","TV_vlandia_armor_j","{=osa_tv_vlandia_armor_j}Western Plated Leather Over Mail","BodyArmor","Culture.vlandia","","TV_vlandia_armor_j","8.6","","","1.6","Chainmail","chain","","29","8","10","true","true","","","","","","","","","","","","","","","","","","","","","","","","","","","","","","","","","","true","","","","","","","","","","","","","","","","","","","","","","","","","","","","","","","","","","","","","","","","","","","","","","",""
"OSA","OSA_tv_assets_armor.xml","TV_vlandia_armor_k","{=osa_tv_vlandia_armor_k}Western Decorated Tunic Over Long Hauberk","BodyArmor","Culture.vlandia","body_armor","TV_vlandia_armor_k","21","","0","1.2","Chainmail","chain","","40","12","22","true","true","","","","","","","","","","","","","","","","","","","","","","","","","","","","","","","","","","true","","","","","","","","","","","","","","","","","","","","","","","","","","","","","","","","","","","","","","","","","","","","","","",""
"OSA","OSA_tv_assets_armor.xml","TV_vlandia_armor_l","{=osa_tv_vlandia_armor_l}Western Mail Armor","BodyArmor","Culture.vlandia","","TV_vlandia_armor_l","10.3","","","0.7","Chainmail","chain","","29","14","12","true","true","","","","","","","","","","","","","","","","","","","","","","","","","","","","","","","","","","true","","","","","","","","","","","","","","","","","","","","","","","","","","","","","","","","","","","","","","","","","","","","","","",""
"OSA","OSA_tv_assets_armor.xml","TV_vlandia_armor_m","{=osa_tv_vlandia_armor_m}Western Heavy Padded Mail Hauberk","BodyArmor","Culture.vlandia","body_armor","TV_vlandia_armor_m","21","","0","1.2","Chainmail","chain","","40","12","22","true","true","","","","","","","","","","","","","","","","","","","","","","","","","","","","","","","","","","true","","","","","","","","","","","","","","","","","","","","","","","","","","","","","","","","","","","","","","","","","","","","","","",""
"OSA","OSA_tv_assets_armor.xml","TV_vlandia_armor_n","{=osa_tv_vlandia_armor_n}Western Decorated Aketon Over Mail","BodyArmor","Culture.vlandia","body_armor","TV_vlandia_armor_n","21","","0","1.2","Chainmail","chain","","40","12","22","true","true","","","","","","","","","","","","","","","","","","","","","","","","","","","","","","","","","","true","","","","","","","","","","","","","","","","","","","","","","","","","","","","","","","","","","","","","","","","","","","","","","",""
"OSA","OSA_tv_assets_armor.xml","TV_vlandia_armor_o","{=osa_tv_vlandia_armor_o}Western Heavy Plated Leather Over Mail","BodyArmor","Culture.vlandia","","TV_vlandia_armor_o","8.6","","","1.6","Chainmail","chain","","34","12","16","true","true","","","","","","","","","","","","","","","","","","","","","","","","","","","","","","","","","","true","","","","","","","","","","","","","","","","","","","","","","","","","","","","","","","","","","","","","","","","","","","","","","",""
"OSA","OSA_tv_assets_armor.xml","TV_vlandia_armor_p","{=osa_tv_vlandia_armor_p}Western Decorated Long Bronze Scale Cuirass","BodyArmor","Culture.vlandia","body_armor","TV_vlandia_armor_p","20.1","","0","3","Plate","plate","","50","10","20","true","true","","","","","","","","","","","","","","","","","","","","","","","","","","","","","","","","","","true","","","","","","","","","","","","","","","","","","","","","","","","","","","","","","","","","","","","","","","","","","","","","","",""
"OSA","OSA_tv_assets_armor.xml","TV_vlandia_armor_q","{=osa_tv_vlandia_armor_q}Western Decorated Long Steel Scale Cuirass","BodyArmor","Culture.vlandia","body_armor","TV_vlandia_armor_q","20.1","","0","3","Plate","plate","","50","10","20","true","true","","","","","","","","","","","","","","","","","","","","","","","","","","","","","","","","","","true","","","","","","","","","","","","","","","","","","","","","","","","","","","","","","","","","","","","","","","","","","","","","","",""
"OSA","OSA_tv_assets_armor.xml","TV_vlandia_armor_r","{=osa_tv_vlandia_armor_r}Western Heavy Padded Coat Over Hauberk","BodyArmor","Culture.vlandia","body_armor","TV_vlandia_armor_r","28.6","","","2.4","Chainmail","chain","","49","20","22","true","true","","","","","","","","","","","","","","","","","","","","","","","","","","","","","","","","","","true","","","","","","","","","","","","","","","","","","","","","","","","","","","","","","","","","","","","","","","","","","","","","","",""
"OSA","OSA_tv_assets_armor.xml","TV_vlandia_armor_s","{=osa_tv_vlandia_armor_s}Western Long Steel Scale Coat","BodyArmor","Culture.vlandia","body_armor","TV_vlandia_armor_s","20.1","","0","3","Plate","plate","","50","10","20","true","true","","","","","","","","","","","","","","","","","","","","","","","","","","","","","","","","","","true","","","","","","","","","","","","","","","","","","","","","","","","","","","","","","","","","","","","","","","","","","","","","","",""
"OSA","OSA_tv_assets_armor.xml","TV_vlandia_armor_s2","{=osa_tv_vlandia_armor_s2}Western Long Bronze Scale Coat","BodyArmor","Culture.vlandia","body_armor","TV_vlandia_armor_s2","20.1","","0","3","Plate","plate","","50","10","20","true","true","","","","","","","","","","","","","","","","","","","","","","","","","","","","","","","","","","true","","","","","","","","","","","","","","","","","","","","","","","","","","","","","","","","","","","","","","","","","","","","","","",""
"OSA","OSA_tv_assets_armor.xml","TV_vlandia_armor_t","{=osa_tv_vlandia_armor_t}Western Long Steel Scale Coat Over Hauberk","BodyArmor","Culture.vlandia","","TV_vlandia_armor_t","26","","","3","Plate","plate","","52","20","25","true","true","","","","","","","","","","","","","","","","","","","","","","","","","","","","","","","","","","true","","","","","","","","","","","","","","","","","","","","","","","","","","","","","","","","","","","","","","","","","","","","","","",""
"OSA","OSA_tv_assets_armor.xml","TV_vlandia_armor_t2","{=osa_tv_vlandia_armor_t2}Western Long Bronze Scale Coat Over Hauberk","BodyArmor","Culture.vlandia","","TV_vlandia_armor_t2","26","","","3","Plate","plate","","52","20","25","true","true","","","","","","","","","","","","","","","","","","","","","","","","","","","","","","","","","","true","","","","","","","","","","","","","","","","","","","","","","","","","","","","","","","","","","","","","","","","","","","","","","",""
"OSA","OSA_tv_assets_armor.xml","TV_vlandia_armor_u","{=osa_tv_vlandia_armor_u}Western Rich Tunic","BodyArmor","Culture.vlandia","","TV_vlandia_armor_u","0.4","","","2","Cloth","cloth_unarmoured","","2","1","1","true","","","","","","","","","","","","","","","","","","","","","","","","","","","","","true","","","","","","true","","","","","","","","","","","","","","","","","","","","","","","","","","","","","","","","","","","","","","","","","","","","","","",""
"OSA","OSA_tv_assets_head.xml","TV_phrygian_cap_a","{=osa_tv_phrygian_cap_a}Bent Conical Hat","HeadArmor","Culture.empire","head_armor","TV_phrygian_cap_a","1.2","","","1.3","Cloth","cloth","4","","","","","false","type1","none","","","","","","","","","","","","","","","","","","","","","","","","","","true","","","","","","true","","","","","","","","","","","","","","","","","","","","","","","","","","","","","","","","","","","","","","","","","","","","","","",""
"OSA","OSA_tv_assets_head.xml","TV_phrygian_cap_b","{=osa_tv_phrygian_cap_b}Plain Bent Conical Hat","HeadArmor","Culture.empire","head_armor","TV_phrygian_cap_b","1.2","","","1.3","Cloth","cloth","4","","","","","false","type1","none","","","","","","","","","","","","","","","","","","","","","","","","","","true","","","","","","true","","","","","","","","","","","","","","","","","","","","","","","","","","","","","","","","","","","","","","","","","","","","","","",""
"OSA","OSA_tv_assets_head.xml","TV_wolf_pelt_c","{=osa_tv_wolf_pelt_c}Brown Wolf Head","HeadArmor","Culture.battania","head_armor","TV_wolf_pelt_c","1.3","","","1.5","Leather","leather","16","","","","","false","all","","","","","","","","","","","","","","","","","","","","","","","","","","","","","","","","","true","","","","","","","","","","","","","","","","","","","","","","","","","","","","","","","","","","","","","","","","","","","","","","",""
"OSA","OSA_tv_assets_head.xml","TV_wolf_pelt_e","{=osa_tv_wolf_pelt_e}Eastern Wolf Head","HeadArmor","Culture.battania","head_armor","TV_wolf_pelt_e","1.3","","","1.5","Leather","leather","16","","","","","false","all","","","","","","","","","","","","","","","","","","","","","","","","","","","","","","","","","true","","","","","","","","","","","","","","","","","","","","","","","","","","","","","","","","","","","","","","","","","","","","","","",""
"OSA","OSA_tv_assets_head.xml","TV_aserai_guard_helmet_a","{=osa_tv_aserai_guard_helmet_a}Southern Fluted Steel Cap","HeadArmor","Culture.aserai","","TV_aserai_guard_helmet_a","1.2","","","1","Plate","plate","17","","","","","false","type1","none","","","","","","","","","","","","","","","","","","","","","","","","","","","","","","","","true","","","","","","","","","","","","","","","","","","","","","","","","","","","","","","","","","","","","","","","","","","","","","","",""
"OSA","OSA_tv_assets_head.xml","TV_aserai_guard_helmet_a2","{=osa_tv_aserai_guard_helmet_a2}Southern Fluted Steel Cap With Feathers","HeadArmor","Culture.aserai","","TV_aserai_guard_helmet_a2","1.2","","","1","Plate","plate","17","","","","","false","type1","none","","","","","","","","","","","","","","","","","","","","","","","","","","","","","","","","true","","","","","","","","","","","","","","","","","","","","","","","","","","","","","","","","","","","","","","","","","","","","","","",""
"OSA","OSA_tv_assets_head.xml","TV_aserai_guard_helmet_b","{=osa_tv_aserai_guard_helmet_b}Southern Fluted Steel Cap Over Cloth","HeadArmor","Culture.aserai","head_armor","TV_aserai_guard_helmet_b","2.2","","0","1.4","Plate","plate","19","","","","","false","type3","none","","","","","","","","","","","","","","","","","","","","","","","","","","","","","","","","true","","","","","","","","","","","","","","","","","","","","","","","","","","","","","","","","","","","","","","","","","","","","","","",""
"OSA","OSA_tv_assets_head.xml","TV_aserai_guard_helmet_b2","{=osa_tv_aserai_guard_helmet_b2}Southern Fluted Steel Cap Over Open Cloth","HeadArmor","Culture.aserai","head_armor","TV_aserai_guard_helmet_b2","1.3","","","2","Plate","plate","20","","","","","false","all","type3","","","","","","","","","","","","","","","","","","","","","","","","","","","","","","","","true","","","","","","","","","","","","","","","","","","","","","","","","","","","","","","","","","","","","","","","","","","","","","","",""
"OSA","OSA_tv_assets_head.xml","TV_aserai_guard_helmet_c","{=osa_tv_aserai_guard_helmet_c}Southern Fluted Steel Cap Over Mail","HeadArmor","Culture.aserai","head_armor","TV_aserai_guard_helmet_c","2.9","","0","1.2","Plate","plate","45","","","","","false","all","","","","","","","","","","","","","","","","","","","","","","","","","","","","","","","","","true","","","","","","","","","","","","","","","","","","","","","","","","","","","","","","","","","","","","","","","","","","","","","","",""
"OSA","OSA_tv_assets_head.xml","TV_aserai_guard_helmet_c2","{=osa_tv_aserai_guard_helmet_c2}Southern Fluted Steel Cap Over Wrapped Mail","HeadArmor","Culture.aserai","head_armor","TV_aserai_guard_helmet_c2","2.9","","0","1.2","Plate","plate","45","","","","","false","all","","","","","","","","","","","","","","","","","","","","","","","","","","","","","","","","","true","","","","","","","","","","","","","","","","","","","","","","","","","","","","","","","","","","","","","","","","","","","","","","",""
"OSA","OSA_tv_assets_head.xml","TV_aserai_guard_helmet_c3","{=osa_tv_aserai_guard_helmet_c3}Southern Fluted Steel Nasal Cap Over Mail","HeadArmor","Culture.aserai","head_armor","TV_aserai_guard_helmet_c3","2.9","","0","1.2","Plate","plate","45","","","","","false","all","","","","","","","","","","","","","","","","","","","","","","","","","","","","","","","","","true","","","","","","","","","","","","","","","","","","","","","","","","","","","","","","","","","","","","","","","","","","","","","","",""
"OSA","OSA_tv_assets_head.xml","TV_aserai_guard_helmet_c4","{=osa_tv_aserai_guard_helmet_c4}Southern Fluted Steel Nasal Cap Over Wrapped Mail","HeadArmor","Culture.aserai","head_armor","TV_aserai_guard_helmet_c4","2.9","","0","1.2","Plate","plate","45","","","","","false","all","","","","","","","","","","","","","","","","","","","","","","","","","","","","","","","","","true","","","","","","","","","","","","","","","","","","","","","","","","","","","","","","","","","","","","","","","","","","","","","","",""
"OSA","OSA_tv_assets_head.xml","TV_aserai_guard_helmet_c5","{=osa_tv_aserai_guard_helmet_c5}Southern Fluted Steel Cap Over Open Mail","HeadArmor","Culture.aserai","head_armor","TV_aserai_guard_helmet_c5","2.9","","0","1.2","Plate","plate","45","","","","","false","all","","","","","","","","","","","","","","","","","","","","","","","","","","","","","","","","","true","","","","","","","","","","","","","","","","","","","","","","","","","","","","","","","","","","","","","","","","","","","","","","",""
"OSA","OSA_tv_assets_head.xml","TV_aserai_guard_helmet_d","{=osa_tv_aserai_guard_helmet_d}Southern Fluted Steel Helmet","HeadArmor","Culture.aserai","head_armor","TV_aserai_guard_helmet_d","1.3","","","2","Plate","plate","19","","","","","false","all","type3","","","","","","","","","","","","","","","","","","","","","","","","","","","","","","","","true","","","","","","","","","","","","","","","","","","","","","","","","","","","","","","","","","","","","","","","","","","","","","","",""
"OSA","OSA_tv_assets_head.xml","TV_aserai_guard_helmet_d2","{=osa_tv_aserai_guard_helmet_d2}Southern Fluted Steel Helmet Over Open Cloth","HeadArmor","Culture.aserai","head_armor","TV_aserai_guard_helmet_d2","1.3","","","2","Plate","plate","21","","","","","false","all","type3","","","","","","","","","","","","","","","","","","","","","","","","","","","","","","","","true","","","","","","","","","","","","","","","","","","","","","","","","","","","","","","","","","","","","","","","","","","","","","","",""
"OSA","OSA_tv_assets_head.xml","TV_aserai_guard_helmet_d3","{=osa_tv_aserai_guard_helmet_d3}Southern Fluted Steel Helmet Over Wrapped Cloth","HeadArmor","Culture.aserai","head_armor","TV_aserai_guard_helmet_d3","1.3","","","2","Plate","plate","21","","","","","false","all","type3","","","","","","","","","","","","","","","","","","","","","","","","","","","","","","","","true","","","","","","","","","","","","","","","","","","","","","","","","","","","","","","","","","","","","","","","","","","","","","","",""
"OSA","OSA_tv_assets_head.xml","TV_aserai_guard_helmet_e","{=osa_tv_aserai_guard_helmet_e}Southern Fluted Steel Cap Over Closed Mail","HeadArmor","Culture.aserai","head_armor","TV_aserai_guard_helmet_e","2.5","","0","7","Plate","plate","42","","","","","false","all","all","","","","","","","","","","","","","","","","","","","","","","","","","","","","","","","","true","","","","","","","","","","","","","","","","","","","","","","","","","","","","","","","","","","","","","","","","","","","","","","",""
"OSA","OSA_tv_assets_head.xml","TV_aserai_guard_helmet_e2","{=osa_tv_aserai_guard_helmet_e2}Southern Fluted Steel Cap Over Closed Wrapped Mail","HeadArmor","Culture.aserai","head_armor","TV_aserai_guard_helmet_e2","2.55","","0","8","Plate","plate","43","","","","","false","all","all","","","","","","","","","","","","","","","","","","","","","","","","","","","","","","","","true","","","","","","","","","","","","","","","","","","","","","","","","","","","","","","","","","","","","","","","","","","","","","","",""
"OSA","OSA_tv_assets_head.xml","TV_aserai_guard_helmet_e3","{=osa_tv_aserai_guard_helmet_e3}Southern Fluted Steel Cap Over Closed Veiled Mail","HeadArmor","Culture.aserai","head_armor","TV_aserai_guard_helmet_e3","2.55","","0","8","Plate","plate","43","","","","","false","all","all","","","","","","","","","","","","","","","","","","","","","","","","","","","","","","","","true","","","","","","","","","","","","","","","","","","","","","","","","","","","","","","","","","","","","","","","","","","","","","","",""
"OSA","OSA_tv_assets_head.xml","TV_aserai_guard_helmet_f","{=osa_tv_aserai_guard_helmet_f}Southern Fluted Steel Helmet Over Closed Mail","HeadArmor","Culture.aserai","head_armor","TV_aserai_guard_helmet_f","2.5","","0","7","Plate","plate","47","","","","","false","all","all","","","","","","","","","","","","","","","","","","","","","","","","","","","","","","","","true","","","","","","","","","","","","","","","","","","","","","","","","","","","","","","","","","","","","","","","","","","","","","","",""
"OSA","OSA_tv_assets_head.xml","TV_aserai_guard_helmet_f2","{=osa_tv_aserai_guard_helmet_f2}Southern Fluted Steel Helmet Over Closed Wrapped Mail","HeadArmor","Culture.aserai","head_armor","TV_aserai_guard_helmet_f2","2.55","","0","8","Plate","plate","48","","","","","false","all","all","","","","","","","","","","","","","","","","","","","","","","","","","","","","","","","","true","","","","","","","","","","","","","","","","","","","","","","","","","","","","","","","","","","","","","","","","","","","","","","",""
"OSA","OSA_tv_assets_head.xml","TV_aserai_guard_helmet_f3","{=osa_tv_aserai_guard_helmet_f3}Southern Fluted Steel Helmet Over Closed Veiled Mail","HeadArmor","Culture.aserai","head_armor","TV_aserai_guard_helmet_f3","2.55","","0","8","Plate","plate","48","","","","","false","all","all","","","","","","","","","","","","","","","","","","","","","","","","","","","","","","","","true","","","","","","","","","","","","","","","","","","","","","","","","","","","","","","","","","","","","","","","","","","","","","","",""
"OSA","OSA_tv_assets_head.xml","TV_aserai_helmet_a","{=osa_tv_aserai_helmet_a}Southern Mailed Nasal Helmet With Headscarf","HeadArmor","Culture.aserai","","TV_aserai_helmet_a","2.1","","","1.6","Plate","plate","36","","","","","false","type3","none","","","","","","","","","","","","","","","","","","","","","","","","","","","","","","","","true","","","","","","","","","","","","","","","","","","","","","","","","","","","","","","","","","","","","","","","","","","","","","","",""
"OSA","OSA_tv_assets_head.xml","TV_aserai_helmet_b","{=osa_tv_aserai_helmet_b}Gilded Open Southern Helmet","HeadArmor","Culture.aserai","head_armor","TV_aserai_helmet_b","1.3","","","2","Plate","plate","22","","","","","false","all","type3","","","","","","","","","","","","","","","","","","","","","","","","","","","","","","","","true","","","","","","","","","","","","","","","","","","","","","","","","","","","","","","","","","","","","","","","","","","","","","","",""
"OSA","OSA_tv_assets_head.xml","TV_aserai_helmet_c","{=osa_tv_aserai_helmet_c}Gilded Closed Southern Helmet","HeadArmor","Culture.aserai","","TV_aserai_helmet_c","2.4","","","1.4","Plate","plate","23","","","","","false","all","all","","","","","","","","","","","","","","","","","","","","","","","","","","","","","","","","true","","","","","","","","","","","","","","","","","","","","","","","","","","","","","","","","","","","","","","","","","","","","","","",""
"OSA","OSA_tv_assets_head.xml","TV_aserai_helmet_d","{=osa_tv_aserai_helmet_d}Closed Southern Cap Helmet","HeadArmor","Culture.aserai","","TV_aserai_helmet_d","2.4","","","1.4","Plate","plate","23","","","","","false","all","all","","","","","","","","","","","","","","","","","","","","","","","","","","","","","","","","true","","","","","","","","","","","","","","","","","","","","","","","","","","","","","","","","","","","","","","","","","","","","","","",""
"OSA","OSA_tv_assets_head.xml","TV_aserai_helmet_e","{=osa_tv_aserai_helmet_e}Open Southern Cap Helmet","HeadArmor","Culture.aserai","head_armor","TV_aserai_helmet_e","1.3","","","2","Plate","plate","24","","","","","false","all","type3","","","","","","","","","","","","","","","","","","","","","","","","","","","","","","","","true","","","","","","","","","","","","","","","","","","","","","","","","","","","","","","","","","","","","","","","","","","","","","","",""
"OSA","OSA_tv_assets_head.xml","TV_aserai_helmet_f","{=osa_tv_aserai_helmet_f}Loose Wrapped Southern Nasalhelm","HeadArmor","Culture.aserai","","TV_aserai_helmet_f","2.1","","","1.5","Plate","plate","27","","","","","false","all","type2","","","","","","","","","","","","","","","","","","","","","","","","","","","","","","","","true","","","","","","","","","","","","","","","","","","","","","","","","","","","","","","","","","","","","","","","","","","","","","","",""
"OSA","OSA_tv_assets_head.xml","TV_aserai_helmet_g","{=osa_tv_aserai_helmet_g}Wrapped Southern Cap Helmet","HeadArmor","Culture.aserai","head_armor","TV_aserai_helmet_g","1.3","","","2","Plate","plate","22","","","","","false","all","type3","","","","","","","","","","","","","","","","","","","","","","","","","","","","","","","","true","","","","","","","","","","","","","","","","","","","","","","","","","","","","","","","","","","","","","","","","","","","","","","",""
"OSA","OSA_tv_assets_head.xml","TV_aserai_helmet_i","{=osa_tv_aserai_helmet_i}Darshi Decorated Spangenhelm With Closed Mail","HeadArmor","Culture.aserai","","TV_aserai_helmet_i","3.2","","","2.5","Chainmail","chain","52","","","","","false","all","type3","","","","","","","","","","","","","","","","","","","","","","","","","","","","","","","","true","","","","","","","","","","","","","","","","","","","","","","","","","","","","","","","","","","","","","","","","","","","","","","",""
"OSA","OSA_tv_assets_head.xml","TV_aserai_helmet_j","{=osa_tv_aserai_helmet_j}Tailed Southern Cap Helmet","HeadArmor","Culture.aserai","head_armor","TV_aserai_helmet_j","1.3","","","1","Plate","plate","23","","","","","false","all","type3","","","","","","","","","","","","","","","","","","","","","","","","","","","","","","","","true","","","","","","","","","","","","","","","","","","","","","","","","","","","","","","","","","","","","","","","","","","","","","","",""
"OSA","OSA_tv_assets_head.xml","TV_aserai_helmet_k","{=osa_tv_aserai_helmet_k}Southern Cap Helmet With Tuareg","HeadArmor","Culture.aserai","","TV_aserai_helmet_k","1.3","","","0.9","Plate","plate","32","","","","","","type2","","","","","","","","","","","","","","","","","","","","","","","","","","","","","","","","","true","","","","","","","","","","","","","","","","","","","","","","","","","","","","","","","","","","","","","","","","","","","","","","",""
"OSA","OSA_tv_assets_head.xml","TV_aserai_helmet_l","{=osa_tv_aserai_helmet_l}Darshi Plumed Decorated Spangenhelm With Closed Mail","HeadArmor","Culture.aserai","","TV_aserai_helmet_l","3.2","","","1.3","Plate","plate","52","","","","","false","all","all","","","","","","","","","","","","","","","","","","","","","","","","","","","","","","","","true","","","","","","","","","","","","","","","","","","","","","","","","","","","","","","","","","","","","","","","","","","","","","","",""
"OSA","OSA_tv_assets_head.xml","TV_aserai_helmet_m","{=osa_tv_aserai_helmet_m}Southern Open Spangenhelm","HeadArmor","Culture.aserai","head_armor","TV_aserai_helmet_m","1.3","","0","2","Plate","plate","22","","","","","false","all","type3","","","","","","","","","","","","","","","","","","","","","","","","","","","","","","","","true","","","","","","","","","","","","","","","","","","","","","","","","","","","","","","","","","","","","","","","","","","","","","","",""
"OSA","OSA_tv_assets_head.xml","TV_aserai_helmet_n","{=osa_tv_aserai_helmet_n}Southern Closed Spangenhelm","HeadArmor","Culture.aserai","","TV_aserai_helmet_n","2.4","","","1.4","Plate","plate","23","","","","","false","all","all","","","","","","","","","","","","","","","","","","","","","","","","","","","","","","","","true","","","","","","","","","","","","","","","","","","","","","","","","","","","","","","","","","","","","","","","","","","","","","","",""
"OSA","OSA_tv_assets_head.xml","TV_aserai_helmet_o","{=osa_tv_aserai_helmet_o}Southern Loose Wrapped Spangenhelm","HeadArmor","Culture.aserai","","TV_aserai_helmet_o","2.1","","","1.5","Plate","plate","22","","","","","false","all","type2","","","","","","","","","","","","","","","","","","","","","","","","","","","","","","","","true","","","","","","","","","","","","","","","","","","","","","","","","","","","","","","","","","","","","","","","","","","","","","","",""
"OSA","OSA_tv_assets_head.xml","TV_aserai_helmet_p","{=osa_tv_aserai_helmet_p}Southern Spangenhelm With Mail","HeadArmor","Culture.aserai","head_armor","TV_aserai_helmet_p","2.9","","0","1.2","Plate","plate","45","","","","","false","all","","","","","","","","","","","","","","","","","","","","","","","","","","","","","","","","","true","","","","","","","","","","","","","","","","","","","","","","","","","","","","","","","","","","","","","","","","","","","","","","",""
"OSA","OSA_tv_assets_head.xml","TV_aserai_helmet_q","{=osa_tv_aserai_helmet_q}Southern Spangenhelm With Heavy Mail","HeadArmor","Culture.aserai","head_armor","TV_aserai_helmet_q","3.0","","0","1.5","Chainmail","chain","46","","","","","false","all","type3","","","","","","","","","","","","","","","","","","","","","","","","","","","","","","","","true","","","","","","","","","","","","","","","","","","","","","","","","","","","","","","","","","","","","","","","","","","","","","","",""
"OSA","OSA_tv_assets_head.xml","TV_aserai_helmet_r","{=osa_tv_aserai_helmet_r}Southern Cap Helmet With Mail","HeadArmor","Culture.aserai","head_armor","TV_aserai_helmet_r","2.9","","0","1.2","Plate","plate","45","","","","","false","all","","","","","","","","","","","","","","","","","","","","","","","","","","","","","","","","","true","","","","","","","","","","","","","","","","","","","","","","","","","","","","","","","","","","","","","","","","","","","","","","",""
"OSA","OSA_tv_assets_head.xml","TV_aserai_helmet_s","{=osa_tv_aserai_helmet_s}Southern Cap Helmet With Heavy Mail","HeadArmor","Culture.aserai","head_armor","TV_aserai_helmet_s","3.0","","0","1.5","Chainmail","chain","46","","","","","false","all","type3","","","","","","","","","","","","","","","","","","","","","","","","","","","","","","","","true","","","","","","","","","","","","","","","","","","","","","","","","","","","","","","","","","","","","","","","","","","","","","","",""
"OSA","OSA_tv_assets_head.xml","TV_aserai_helmet_t","{=osa_tv_aserai_helmet_t}Southern Gilded Helmet With Mail","HeadArmor","Culture.aserai","head_armor","TV_aserai_helmet_t","2.9","","0","1.2","Plate","plate","45","","","","","false","all","","","","","","","","","","","","","","","","","","","","","","","","","","","","","","","","","true","","","","","","","","","","","","","","","","","","","","","","","","","","","","","","","","","","","","","","","","","","","","","","",""
"OSA","OSA_tv_assets_head.xml","TV_aserai_helmet_u","{=osa_tv_aserai_helmet_u}Southern Gilded Helmet With Heavy Mail","HeadArmor","Culture.aserai","head_armor","TV_aserai_helmet_u","3.0","","0","1.5","Chainmail","chain","46","","","","","false","all","type3","","","","","","","","","","","","","","","","","","","","","","","","","","","","","","","","true","","","","","","","","","","","","","","","","","","","","","","","","","","","","","","","","","","","","","","","","","","","","","","",""
"OSA","OSA_tv_assets_head.xml","TV_aserai_helmet_v","{=osa_tv_aserai_helmet_v}Darshi Decorated Spangenhelm Over Cloth","HeadArmor","Culture.aserai","head_armor","TV_aserai_helmet_v","2.2","","0","1.4","Plate","plate","20","","","","","false","type3","none","","","","","","","","","","","","","","","","","","","","","","","","","","","","","","","","true","","","","","","","","","","","","","","","","","","","","","","","","","","","","","","","","","","","","","","","","","","","","","","",""
"OSA","OSA_tv_assets_head.xml","TV_aserai_helmet_v2","{=osa_tv_aserai_helmet_v2}Darshi Decorated Spangenhelm","HeadArmor","Culture.aserai","head_armor","TV_aserai_helmet_v2","2.2","","0","1.4","Plate","plate","18","","","","","false","type1","none","","","","","","","","","","","","","","","","","","","","","","","","","","","","","","","","true","","","","","","","","","","","","","","","","","","","","","","","","","","","","","","","","","","","","","","","","","","","","","","",""
"OSA","OSA_tv_assets_head.xml","TV_aserai_helmet_w","{=osa_tv_aserai_helmet_w}Darshi Decorated Spangenhelm With Leather","HeadArmor","Culture.aserai","head_armor","TV_aserai_helmet_w","2.9","","0","1.2","Plate","plate","34","","","","","false","type3","none","","","","","","","","","","","","","","","","","","","","","","","","","","","","","","","","true","","","","","","","","","","","","","","","","","","","","","","","","","","","","","","","","","","","","","","","","","","","","","","",""
"OSA","OSA_tv_assets_head.xml","TV_aserai_helmet_x","{=osa_tv_aserai_helmet_x}Darshi Decorated Spangenhelm With Mail","HeadArmor","Culture.aserai","head_armor","TV_aserai_helmet_x","2.9","","0","1.2","Plate","plate","45","","","","","false","type3","none","","","","","","","","","","","","","","","","","","","","","","","","","","","","","","","","true","","","","","","","","","","","","","","","","","","","","","","","","","","","","","","","","","","","","","","","","","","","","","","",""
"OSA","OSA_tv_assets_head.xml","TV_aserai_helmet_y","{=osa_tv_aserai_helmet_y}Darshi Decorated Spangenhelm With Iron Scale","HeadArmor","Culture.aserai","head_armor","TV_aserai_helmet_y","2.9","","0","1.2","Plate","plate","50","","","","","false","type3","none","","","","","","","","","","","","","","","","","","","","","","","","","","","","","","","","true","","","","","","","","","","","","","","","","","","","","","","","","","","","","","","","","","","","","","","","","","","","","","","",""
"OSA","OSA_tv_assets_head.xml","TV_aserai_helmet_y2","{=osa_tv_aserai_helmet_y2}Darshi Decorated Spangenhelm With Brass Scale","HeadArmor","Culture.aserai","head_armor","TV_aserai_helmet_y2","2.9","","0","1.2","Plate","plate","50","","","","","false","type3","none","","","","","","","","","","","","","","","","","","","","","","","","","","","","","","","","true","","","","","","","","","","","","","","","","","","","","","","","","","","","","","","","","","","","","","","","","","","","","","","",""
"OSA","OSA_tv_assets_head.xml","TV_aserai_lord_helmet_b","{=osa_tv_aserai_lord_helmet_b}Ornate Southern Silvered Battle Crown","HeadArmor","Culture.aserai","head_armor","TV_aserai_lord_helmet_b","2.8","","","9","Plate","plate","44","","","","","false","all","type3","","","","","","","","","","","","","","","","","","","","","","","","","","","","","","","","true","","","","","","","","false","","","","","","","","","","","","","","","","","","","","","","","","","","","","","","","","","","","","","","",""
"OSA","OSA_tv_assets_head.xml","TV_aserai_lord_helmet_c","{=osa_tv_aserai_lord_helmet_c}Ornate Southern Battle Crown","HeadArmor","Culture.aserai","head_armor","TV_aserai_lord_helmet_c","2.8","","","9","Plate","plate","44","","","","","false","all","type3","","","","","","","","","","","","","","","","","","","","","","","","","","","","","","","","true","","","","","","","","false","","","","","","","","","","","","","","","","","","","","","","","","","","","","","","","","","","","","","","",""
"OSA","OSA_tv_assets_head.xml","TV_aserai_lord_helmet_d","{=osa_tv_aserai_lord_helmet_d}Decorated Southern Cap Helmet Over Turban","HeadArmor","Culture.aserai","","TV_aserai_lord_helmet_d","2.8","","","8","Plate","plate","42","","","","","false","all","type3","","","","","","","","","","","","","","","","","","","","","","","","","","","","","","","","true","","","","","","","","","","","","","","","","","","","","","","","","","","","","","","","","","","","","","","","","","","","","","","",""
"OSA","OSA_tv_assets_head.xml","tv_aserai_lord_helmet_e","{=osa_tv_aserai_lord_helmet_e}Southern Lord's Pointed Cap Helmet","headArmor","Culture.aserai","head_armor","tv_aserai_lord_helmet_e","3.8","","","3","Plate","plate","40","","","","","false","all","type2","","","","","","","","","","","","","","","","","","","","","","","","","","","","","","","","true","","","","","","","","","","","","","","","","","","","","","","","","","","","","","","","","","","","","","","","","","","","","","","",""
"OSA","OSA_tv_assets_head.xml","tv_aserai_lord_helmet_f","{=osa_tv_aserai_lord_helmet_f}Southern Lord's Domed Cevelliere","headArmor","Culture.aserai","head_armor","tv_aserai_lord_helmet_f","3.8","","","3","Plate","plate","40","","","","","false","all","type2","","","","","","","","","","","","","","","","","","","","","","","","","","","","","","","","true","","","","","","","","","","","","","","","","","","","","","","","","","","","","","","","","","","","","","","","","","","","","","","",""
"OSA","OSA_tv_assets_head.xml","tv_aserai_lord_helmet_g","{=osa_tv_aserai_lord_helmet_g}Southern Lord's Spangenhelm","HeadArmor","Culture.aserai","head_armor","tv_aserai_lord_helmet_g","2.9","","","4.2","Plate","plate","46","","","","","false","all","type3","","","","","","","","","","","","","","","","","","","","","","","","","","","","","","","","true","","","","","","","","","","","","","","","","","","","","","","","","","","","","","","","","","","","","","","","","","","","","","","",""
"OSA","OSA_tv_assets_head.xml","tv_aserai_lord_helmet_h","{=osa_tv_aserai_lord_helmet_h}Southern Gilded Cataphract's Helmet","headArmor","Culture.aserai","head_armor","tv_aserai_lord_helmet_h","3.7","","0","3","Plate","plate","52","","","","","false","all","all","","","","","","","","","","","","","","","","","","","","","","","","","","","","","","","","true","","","","","","","","","","","","","","","","","","","","","","","","","","","","","","","","","","","","","","","","","","","","","","",""
"OSA","OSA_tv_assets_head.xml","tv_aserai_lord_helmet_i","{=osa_tv_aserai_lord_helmet_i}Southern Cataphract's Spangenhelm","headArmor","Culture.aserai","head_armor","tv_aserai_lord_helmet_i","3.7","","0","3","Plate","plate","52","","","","","false","all","all","","","","","","","","","","","","","","","","","","","","","","","","","","","","","","","","true","","","","","","","","","","","","","","","","","","","","","","","","","","","","","","","","","","","","","","","","","","","","","","",""
"OSA","OSA_tv_assets_head.xml","TV_battania_helmet_a","{=osa_tv_battania_helmet_a}Highland Pointed Steel Kettle With Fringes","HeadArmor","Culture.battania","head_armor","TV_battania_helmet_a","3.5","","","3","Plate","plate","40","","","","","false","type3","type2","","","","","","","","","","","","","","","","","","","","","","","","","","","","","","","","true","","","","","","","","","","","","","","","","","","","","","","","","","","","","","","","","","","","","","","","","","","","","","","",""
"OSA","OSA_tv_assets_head.xml","TV_battania_helmet_b","{=osa_tv_battania_helmet_b}Highland Pointed Bronze Kettle With Fringes","HeadArmor","Culture.battania","head_armor","TV_battania_helmet_b","3.5","","","3","Plate","plate","40","","","","","false","type3","type2","","","","","","","","","","","","","","","","","","","","","","","","","","","","","","","","true","","","","","","","","","","","","","","","","","","","","","","","","","","","","","","","","","","","","","","","","","","","","","","",""
"OSA","OSA_tv_assets_head.xml","TV_battania_helmet_c","{=osa_tv_battania_helmet_c}Highland Fringed Decorated Steel Helmet","HeadArmor","Culture.battania","head_armor","TV_battania_helmet_c","3.1","","","3","Plate","plate","38","","","","","false","all","type2","","","","","","","","","","","","","","","","","","","","","","","","","","","","","","","","true","","","","","","","","","","","","","","","","","","","","","","","","","","","","","","","","","","","","","","","","","","","","","","",""
"OSA","OSA_tv_assets_head.xml","TV_battania_helmet_d","{=osa_tv_battania_helmet_d}Highland Fringed Decorated Bronze Helmet","HeadArmor","Culture.battania","head_armor","TV_battania_helmet_d","3.1","","","3","Plate","plate","38","","","","","false","all","type2","","","","","","","","","","","","","","","","","","","","","","","","","","","","","","","","true","","","","","","","","","","","","","","","","","","","","","","","","","","","","","","","","","","","","","","","","","","","","","","",""
"OSA","OSA_tv_assets_head.xml","TV_battania_helmet_e","{=osa_tv_battania_helmet_e}Highland Decorated Steel Helmet","HeadArmor","Culture.battania","head_armor","TV_battania_helmet_e","3.1","","","3","Plate","plate","38","","","","","false","all","type2","","","","","","","","","","","","","","","","","","","","","","","","","","","","","","","","true","","","","","","","","","","","","","","","","","","","","","","","","","","","","","","","","","","","","","","","","","","","","","","",""
"OSA","OSA_tv_assets_head.xml","TV_battania_helmet_f","{=osa_tv_battania_helmet_f}Highland Decorated Bronze Helmet","HeadArmor","Culture.battania","head_armor","TV_battania_helmet_f","3.1","","","3","Plate","plate","38","","","","","false","all","type2","","","","","","","","","","","","","","","","","","","","","","","","","","","","","","","","true","","","","","","","","","","","","","","","","","","","","","","","","","","","","","","","","","","","","","","","","","","","","","","",""
"OSA","OSA_tv_assets_head.xml","TV_battania_helmet_g","{=osa_tv_battania_helmet_g}Highland Heavy Bronze Spangenhelm","HeadArmor","Culture.battania","head_armor","TV_battania_helmet_g","3.5","","","3","Plate","plate","50","","","","","false","type3","type2","","","","","","","","","","","","","","","","","","","","","","","","","","","","","","","","true","","","","","","","","","","","","","","","","","","","","","","","","","","","","","","","","","","","","","","","","","","","","","","",""
"OSA","OSA_tv_assets_head.xml","TV_battania_helmet_h","{=osa_tv_battania_helmet_h}Highland Plumed Heavy Bronze Spangenhelm","HeadArmor","Culture.battania","head_armor","TV_battania_helmet_h","3.6","","","3","Plate","plate","52","","","","","false","type3","type2","","","","","","","","","","","","","","","","","","","","","","","","","","","","","","","","true","","","","","","","","","","","","","","","","","","","","","","","","","","","","","","","","","","","","","","","","","","","","","","",""
"OSA","OSA_tv_assets_head.xml","TV_battania_helmet_i","{=osa_tv_battania_helmet_i}Highland Feathered Heavy Bronze Spangenhelm","HeadArmor","Culture.battania","head_armor","TV_battania_helmet_i","3.6","","","3","Plate","plate","52","","","","","false","type3","type2","","","","","","","","","","","","","","","","","","","","","","","","","","","","","","","","true","","","","","","","","","","","","","","","","","","","","","","","","","","","","","","","","","","","","","","","","","","","","","","",""
"OSA","OSA_tv_assets_head.xml","TV_battania_helmet_j","{=osa_tv_battania_helmet_j}Highland Feathered Heavy Bronze Nasalhelm","HeadArmor","Culture.battania","head_armor","TV_battania_helmet_j","3.6","","","3","Plate","plate","54","","","","","false","type3","type2","","","","","","","","","","","","","","","","","","","","","","","","","","","","","","","","true","","","","","","","","","","","","","","","","","","","","","","","","","","","","","","","","","","","","","","","","","","","","","","",""
"OSA","OSA_tv_assets_head.xml","TV_battania_helmet_k","{=osa_tv_battania_helmet_k}Highland Heavy Bronze Nasalhelm","HeadArmor","Culture.battania","head_armor","TV_battania_helmet_k","3.6","","","3","Plate","plate","54","","","","","false","type3","type2","","","","","","","","","","","","","","","","","","","","","","","","","","","","","","","","true","","","","","","","","","","","","","","","","","","","","","","","","","","","","","","","","","","","","","","","","","","","","","","",""
"OSA","OSA_tv_assets_head.xml","TV_battania_helmet_l","{=osa_tv_battania_helmet_l}Highland Feathered Pointed Steel Cap Over Cloth","HeadArmor","Culture.battania","head_armor","TV_battania_helmet_l","2.9","","","3","Plate","plate","32","","","","","false","type3","type2","","","","","","","","","","","","","","","","","","","","","","","","","","","","","","","","true","","","","","","","","","","","","","","","","","","","","","","","","","","","","","","","","","","","","","","","","","","","","","","",""
"OSA","OSA_tv_assets_head.xml","TV_battania_helmet_m","{=osa_tv_battania_helmet_m}Highland Feathered Pointed Bronze Cap Over Cloth","HeadArmor","Culture.battania","head_armor","TV_battania_helmet_m","2.9","","","3","Plate","plate","32","","","","","false","type3","type2","","","","","","","","","","","","","","","","","","","","","","","","","","","","","","","","true","","","","","","","","","","","","","","","","","","","","","","","","","","","","","","","","","","","","","","","","","","","","","","",""
"OSA","OSA_tv_assets_head.xml","TV_battania_helmet_n","{=osa_tv_battania_helmet_n}Highland Horned Steel Helmet With Plume","HeadArmor","Culture.battania","head_armor","TV_battania_helmet_n","3.5","","","3","Plate","plate","42","","","","","false","type3","type2","","","","","","","","","","","","","","","","","","","","","","","","","","","","","","","","true","","","","","","","","","","","","","","","","","","","","","","","","","","","","","","","","","","","","","","","","","","","","","","",""
"OSA","OSA_tv_assets_head.xml","TV_battania_helmet_o","{=osa_tv_battania_helmet_o}Highland Horned Bronze Helmet With Plume","HeadArmor","Culture.battania","head_armor","TV_battania_helmet_o","3.5","","","3","Plate","plate","42","","","","","false","type3","type2","","","","","","","","","","","","","","","","","","","","","","","","","","","","","","","","true","","","","","","","","","","","","","","","","","","","","","","","","","","","","","","","","","","","","","","","","","","","","","","",""
"OSA","OSA_tv_assets_head.xml","TV_battania_helmet_p","{=osa_tv_battania_helmet_p}Highland Ridged Decorated Steel Nasalhelm","HeadArmor","Culture.battania","head_armor","TV_battania_helmet_p","3.2","","","3","Plate","plate","41","","","","","false","type3","type2","","","","","","","","","","","","","","","","","","","","","","","","","","","","","","","","true","","","","","","","","","","","","","","","","","","","","","","","","","","","","","","","","","","","","","","","","","","","","","","",""
"OSA","OSA_tv_assets_head.xml","TV_battania_helmet_q","{=osa_tv_battania_helmet_q}Highland Ridged Decorated Bronze Nasalhelm","HeadArmor","Culture.battania","head_armor","TV_battania_helmet_q","3.2","","","3","Plate","plate","41","","","","","false","type3","type2","","","","","","","","","","","","","","","","","","","","","","","","","","","","","","","","true","","","","","","","","","","","","","","","","","","","","","","","","","","","","","","","","","","","","","","","","","","","","","","",""
"OSA","OSA_tv_assets_head.xml","TV_battania_helmet_s","{=osa_tv_battania_helmet_s}Highland Pointed Steel Helmet","HeadArmor","Culture.battania","head_armor","TV_battania_helmet_s","3.2","","","3","Plate","plate","38","","","","","false","type3","type2","","","","","","","","","","","","","","","","","","","","","","","","","","","","","","","","true","","","","","","","","","","","","","","","","","","","","","","","","","","","","","","","","","","","","","","","","","","","","","","",""
"OSA","OSA_tv_assets_head.xml","TV_battania_helmet_s2","{=osa_tv_battania_helmet_s2}Highland Pointed Bronze Helmet","HeadArmor","Culture.battania","head_armor","TV_battania_helmet_s2","3.2","","","3","Plate","plate","38","","","","","false","type3","type2","","","","","","","","","","","","","","","","","","","","","","","","","","","","","","","","true","","","","","","","","","","","","","","","","","","","","","","","","","","","","","","","","","","","","","","","","","","","","","","",""
"OSA","OSA_tv_assets_head.xml","TV_battania_helmet_u","{=osa_tv_battania_helmet_u}Highland Ridged Decorated Steel Helmet","HeadArmor","Culture.battania","head_armor","TV_battania_helmet_u","3.2","","","3","Plate","plate","41","","","","","false","type3","type2","","","","","","","","","","","","","","","","","","","","","","","","","","","","","","","","true","","","","","","","","","","","","","","","","","","","","","","","","","","","","","","","","","","","","","","","","","","","","","","",""
"OSA","OSA_tv_assets_head.xml","TV_battania_helmet_u2","{=osa_tv_battania_helmet_u2}Highland Ridged Decorated Bronze Helmet","HeadArmor","Culture.battania","head_armor","TV_battania_helmet_u2","3.2","","","3","Plate","plate","41","","","","","false","type3","type2","","","","","","","","","","","","","","","","","","","","","","","","","","","","","","","","true","","","","","","","","","","","","","","","","","","","","","","","","","","","","","","","","","","","","","","","","","","","","","","",""
"OSA","OSA_tv_assets_head.xml","TV_battania_lord_helmet_a","{=osa_tv_battania_lord_helmet_a}Iron Highland Crown","HeadArmor","Culture.battania","head_armor","TV_battania_lord_helmet_a","2.3","","","3","Plate","plate","40","","","","","false","type3","none","","","","","","","","","","","","","","","","","","","","","","","","","","true","","","","","","true","","","","","","","","false","","","","","","","","","","","","","","","","","","","","","","","","","","","","","","","","","","","","","","",""
"OSA","OSA_tv_assets_head.xml","TV_battania_lord_helmet_b","{=osa_tv_battania_lord_helmet_b}Two Pronged Gold Crown","HeadArmor","Culture.battania","head_armor","TV_battania_lord_helmet_b","2.3","","","3","Plate","plate","40","","","","","false","type3","none","","","","","","","","","","","","","","","","","","","","","","","","","","true","","","","","","true","","","","","","","","false","","","","","","","","","","","","","","","","","","","","","","","","","","","","","","","","","","","","","","",""
"OSA","OSA_tv_assets_head.xml","TV_battania_lord_helmet_c","{=osa_tv_battania_lord_helmet_c}Crested Decorated Steel Cap With Cheek Guards","HeadArmor","Culture.battania","head_armor","TV_battania_lord_helmet_c","3.1","","","3","Plate","plate","38","","","","","false","type3","type2","","","","","","","","","","","","","","","","","","","","","","","","","","","","","","","","true","","","","","","","","","","","","","","","","","","","","","","","","","","","","","","","","","","","","","","","","","","","","","","",""
"OSA","OSA_tv_assets_head.xml","TV_battania_lord_helmet_d","{=osa_tv_battania_lord_helmet_d}Highland Plumed Kettle Helmet","HeadArmor","Culture.battania","head_armor","TV_battania_lord_helmet_d","3.7","","","1.3","Plate","plate","22","","","","","false","type3","none","","","","","","","","","","","","","","","","","","","","","","","","","","","","","","","","true","","","","","","","","","","","","","","","","","","","","","","","","","","","","","","","","","","","","","","","","","","","","","","",""
"OSA","OSA_tv_assets_head.xml","TV_battania_shoulders_a","{=osa_tv_battania_shoulders_a}Brown Bear Head","HeadArmor","Culture.battania","head_armor","TV_battania_shoulders_a","1.4","","","2","Leather","leather","24","","","","","false","type2","","","","","","","","","","","","","","","","","","","","","","","","","","","","","","","","","true","","","","","","","","","","","","","","","","","","","","","","","","","","","","","","","","","","","","","","","","","","","","","","",""
"OSA","OSA_tv_assets_head.xml","TV_battania_hood_a","{=osa_tv_battania_hood_a}Plaid Cloth Hood","HeadArmor","Culture.battania","head_armor","TV_battania_hood_a","0.5","300","","1","Cloth","cloth_unarmoured","11","","","","","false","type3","","","","","","","","","","","","","","","","","","","","","","","","","","","","","","","","","true","","","","","","","","","","","","","","","","","","","","","","","","","","","","","","","","","","","","","","","","","","","","","","",""
"OSA","OSA_tv_assets_head.xml","TV_battania_hood_a2","{=osa_tv_battania_hood_a2}Brown Plaid Cloth Hood","HeadArmor","Culture.battania","head_armor","TV_battania_hood_a2","0.5","300","","1","Cloth","cloth_unarmoured","11","","","","","false","type3","","","","","","","","","","","","","","","","","","","","","","","","","","","","","","","","","true","","","","","","","","","","","","","","","","","","","","","","","","","","","","","","","","","","","","","","","","","","","","","","",""
"OSA","OSA_tv_assets_head.xml","TV_battania_hood_a3","{=osa_tv_battania_hood_a3}Green Cloth Hood","HeadArmor","Culture.battania","head_armor","TV_battania_hood_a3","0.5","300","","1","Cloth","cloth_unarmoured","11","","","","","false","type3","","","","","","","","","","","","","","","","","","","","","","","","","","","","","","","","","true","","","","","","","","","","","","","","","","","","","","","","","","","","","","","","","","","","","","","","","","","","","","","","",""
"OSA","OSA_tv_assets_head.xml","TV_empire_crested_helm_a","{=osa_tv_empire_crested_helm_a}Imperial Gilded Crested Helmet With Faceguard","HeadArmor","Culture.empire","head_armor","TV_empire_crested_helm_a","3.7","","","1.3","Plate","plate","36","","","","","false","type2","type2","","","","","","","","","","","","","","","","","","","","","","","","","","","","","","","","true","","","","","","","","","","","","","","","","","","","","","","","","","","","","","","","","","","","","","","","","","","","","","","",""
"OSA","OSA_tv_assets_head.xml","TV_empire_helmet_a","{=osa_tv_empire_helmet_a}Imperial Feathered Decorated Steel Cap Over Stripped Mail","HeadArmor","Culture.empire","head_armor","TV_empire_helmet_a","3.9","","","2","Plate","plate","38","","","","","false","type2","none","","","","","","","","","","","","","","","","","","","","","","","","","","","","","","","","true","","","","","","","","","","","","","","","","","","","","","","","","","","","","","","","","","","","","","","","","","","","","","","",""
"OSA","OSA_tv_assets_head.xml","TV_empire_helmet_b","{=osa_tv_empire_helmet_b}Imperial Spiked Roundkettle Over Mail","HeadArmor","Culture.empire","head_armor","TV_empire_helmet_b","3.8","","","1","Plate","plate","32","","","","","false","all","none","","","","","","","","","","","","","","","","","","","","","","","","","","","","","","","","true","","","","","","","","","","","","","","","","","","","","","","","","","","","","","","","","","","","","","","","","","","","","","","",""
"OSA","OSA_tv_assets_head.xml","TV_empire_helmet_c","{=osa_tv_empire_helmet_c}Imperial Decorated Banded Helmet Over Mail Coif","HeadArmor","Culture.empire","","TV_empire_helmet_c","3.5","","","1","Plate","plate","34","","","","","false","all","type3","","","","","","","","","","","","","","","","","","","","","","","","","","","","","","","","true","","","","","","","","","","","","","","","","","","","","","","","","","","","","","","","","","","","","","","","","","","","","","","",""
"OSA","OSA_tv_assets_head.xml","TV_empire_helmet_d","{=osa_tv_empire_helmet_d}Imperial Decorated Banded Helmet With Faceguard Over Mail Coif","HeadArmor","Culture.empire","","TV_empire_helmet_d","3.5","","","1","Plate","plate","38","","","","","false","all","type3","","","","","","","","","","","","","","","","","","","","","","","","","","","","","","","","true","","","","","","","","","","","","","","","","","","","","","","","","","","","","","","","","","","","","","","","","","","","","","","",""
"OSA","OSA_tv_assets_head.xml","TV_empire_helmet_e","{=osa_tv_empire_helmet_e}Imperial Roundkettle Over Closed Mail Coif","HeadArmor","Culture.empire","head_armor","TV_empire_helmet_e","3.7","","","1.3","Plate","plate","36","","","","","false","all","all","","","","","","","","","","","","","","","","","","","","","","","","","","","","","","","","true","","","","","","","","","","","","","","","","","","","","","","","","","","","","","","","","","","","","","","","","","","","","","","",""
"OSA","OSA_tv_assets_head.xml","TV_empire_helmet_f","{=osa_tv_empire_helmet_f}Imperial Spiked Kettle Helmet Over Closed Mail Coif","HeadArmor","Culture.empire","head_armor","TV_empire_helmet_f","3.7","","","1.3","Plate","plate","38","","","","","false","all","all","","","","","","","","","","","","","","","","","","","","","","","","","","","","","","","","true","","","","","","","","","","","","","","","","","","","","","","","","","","","","","","","","","","","","","","","","","","","","","","",""
"OSA","OSA_tv_assets_head.xml","TV_empire_helmet_g","{=osa_tv_empire_helmet_g}Imperial Gilded Spangenhelm Over Padded Cloth","HeadArmor","Culture.empire","","TV_empire_helmet_g","2.7","","","2","Plate","plate","28","","","","","false","type3","none","","","","","","","","","","","","","","","","","","","","","","","","","","","","","","","","true","","","","","","","","","","","","","","","","","","","","","","","","","","","","","","","","","","","","","","","","","","","","","","",""
"OSA","OSA_tv_assets_head.xml","TV_empire_helmet_h","{=osa_tv_empire_helmet_h}Imperial Gilded Spangenhelm Over Mail","HeadArmor","Culture.empire","","TV_empire_helmet_h","2.7","","","2","Plate","plate","34","","","","","false","type3","none","","","","","","","","","","","","","","","","","","","","","","","","","","","","","","","","true","","","","","","","","","","","","","","","","","","","","","","","","","","","","","","","","","","","","","","","","","","","","","","",""
"OSA","OSA_tv_assets_head.xml","TV_empire_lord_helmet_a","{=osa_tv_empire_lord_helmet_a}Imperial Fluted Helmet With Metal Strips","HeadArmor","Culture.empire","head_armor","TV_empire_lord_helmet_a","3.8","","","3","Plate","plate","48","","","","","false","all","type2","","","","","","","","","","","","","","","","","","","","","","","","","","","","","","","","true","","","","","","","","","","","","","","","","","","","","","","","","","","","","","","","","","","","","","","","","","","","","","","",""
"OSA","OSA_tv_assets_head.xml","TV_empire_lord_helmet_b","{=osa_tv_empire_lord_helmet_b}Imperial Crested Decorated Silvered Ridge Helmet","HeadArmor","Culture.empire","head_armor","TV_empire_lord_helmet_b","3.1","","","3","Plate","plate","48","","","","","false","type3","type2","","","","","","","","","","","","","","","","","","","","","","","","","","","","","","","","true","","","","","","","","","","","","","","","","","","","","","","","","","","","","","","","","","","","","","","","","","","","","","","",""
"OSA","OSA_tv_assets_head.xml","TV_empire_lord_helmet_c","{=osa_tv_empire_lord_helmet_c}Imperial Crested Decorated Gilded Ridge Helmet","HeadArmor","Culture.empire","head_armor","TV_empire_lord_helmet_c","3.1","","","3","Plate","plate","48","","","","","false","type3","type2","","","","","","","","","","","","","","","","","","","","","","","","","","","","","","","","true","","","","","","","","","","","","","","","","","","","","","","","","","","","","","","","","","","","","","","","","","","","","","","",""
"OSA","OSA_tv_assets_head.xml","TV_empire_lord_helmet_d","{=osa_tv_empire_lord_helmet_d}Imperial Decorated Silvered Ridge Helmet","HeadArmor","Culture.empire","head_armor","TV_empire_lord_helmet_d","3.1","","","3","Plate","plate","48","","","","","false","type3","type2","","","","","","","","","","","","","","","","","","","","","","","","","","","","","","","","true","","","","","","","","","","","","","","","","","","","","","","","","","","","","","","","","","","","","","","","","","","","","","","",""
"OSA","OSA_tv_assets_head.xml","TV_empire_lord_helmet_e","{=osa_tv_empire_lord_helmet_e}Imperial Decorated Gilded Ridge Helmet","HeadArmor","Culture.empire","head_armor","TV_empire_lord_helmet_e","3.1","","","3","Plate","plate","48","","","","","false","type3","type2","","","","","","","","","","","","","","","","","","","","","","","","","","","","","","","","true","","","","","","","","","","","","","","","","","","","","","","","","","","","","","","","","","","","","","","","","","","","","","","",""
"OSA","OSA_tv_assets_head.xml","TV_empire_lord_helmet_f","{=osa_tv_empire_lord_helmet_f}Imperial Feather Crested Decorated Silvered Ridge Helmet","HeadArmor","Culture.empire","head_armor","TV_empire_lord_helmet_f","3.1","","","3","Plate","plate","47","","","","","false","type3","type2","","","","","","","","","","","","","","","","","","","","","","","","","","","","","","","","true","","","","","","","","","","","","","","","","","","","","","","","","","","","","","","","","","","","","","","","","","","","","","","",""
"OSA","OSA_tv_assets_head.xml","TV_empire_lord_helmet_g","{=osa_tv_empire_lord_helmet_g}Imperial Pointed Ridge Helmet With Faceguard Over Mail","headArmor","Culture.empire","head_armor","TV_empire_lord_helmet_g","3.6","","","3","Plate","plate","39","","","","","false","type3","type2","","","","","","","","","","","","","","","","","","","","","","","","","","","","","","","","true","","","","","","","","","","","","","","","","","","","","","","","","","","","","","","","","","","","","","","","","","","","","","","",""
"OSA","OSA_tv_assets_head.xml","TV_empire_lord_helmet_h","{=osa_tv_empire_lord_helmet_h}Imperial Gilded Plumed Spangenhelm Over Mail","headArmor","Culture.empire","head_armor","TV_empire_lord_helmet_h","3.6","","","3","Plate","plate","39","","","","","false","all","type2","","","","","","","","","","","","","","","","","","","","","","","","","","","","","","","","true","","","","","","","","","","","","","","","","","","","","","","","","","","","","","","","","","","","","","","","","","","","","","","",""
"OSA","OSA_tv_assets_head.xml","TV_empire_lord_helmet_j","{=osa_tv_empire_lord_helmet_j}Imperial Cataphract's Closed Fluted Helmet","HeadArmor","Culture.empire","","TV_empire_lord_helmet_j","1.8","","","1","Plate","plate","49","","","","","false","all","all","","","","","","","","","","","","","","","","","","","","","","","","","","","","","","","","true","","","","","","","","","","","","","","","","","","","","","","","","","","","","","","","","","","","","","","","","","","","","","","",""
"OSA","OSA_tv_assets_head.xml","TV_khuzait_helmet_a","{=osa_tv_khuzait_helmet_a}Eastern Helmet Over Open Lamellar","HeadArmor","Culture.khuzait","head_armor","TV_khuzait_helmet_a","3.3","","","1.6","Plate","plate","44","","","","","false","type2","type2","","","","","","","","","","","","","","","","","","","","","","","","","","","","","","","","true","","","","","","","","","","","","","","","","","","","","","","","","","","","","","","","","","","","","","","","","","","","","","","",""
"OSA","OSA_tv_assets_head.xml","TV_khuzait_helmet_a2","{=osa_tv_khuzait_helmet_a2}Eastern Helmet Over Leather","HeadArmor","Culture.khuzait","head_armor","TV_khuzait_helmet_a2","3.3","","","1.6","Plate","plate","33","","","","","false","type2","type2","","","","","","","","","","","","","","","","","","","","","","","","","","","","","","","","true","","","","","","","","","","","","","","","","","","","","","","","","","","","","","","","","","","","","","","","","","","","","","","",""
"OSA","OSA_tv_assets_head.xml","TV_khuzait_helmet_b","{=osa_tv_khuzait_helmet_b}Eastern Helmet Over Closed Lamellar Veil","HeadArmor","Culture.khuzait","head_armor","TV_khuzait_helmet_b","4.8","","","3.6","Plate","plate","49","","","","","false","all","all","","","","","","","","","","","","","","","","","","","","","","","","","","","","","","","","true","","","","","","","","","","","","","","","","","","","","","","","","","","","","","","","","","","","","","","","","","","","","","","",""
"OSA","OSA_tv_assets_head.xml","TV_khuzait_helmet_c","{=osa_tv_khuzait_helmet_c}Eastern Plated Steel Cap","HeadArmor","Culture.khuzait","head_armor","TV_khuzait_helmet_c","2.8","","0","2.6","Plate","plate","46","","","","","false","type2","none","","","","","","","","","","","","","","","","","","","","","","","","","","","","","","","","true","","","","","","","","","","","","","","","","","","","","","","","","","","","","","","","","","","","","","","","","","","","","","","",""
"OSA","OSA_tv_assets_head.xml","TV_khuzait_helmet_c2","{=osa_tv_khuzait_helmet_c2}Eastern Steel Cap","HeadArmor","Culture.khuzait","head_armor","TV_khuzait_helmet_c2","2.8","","0","2.6","Plate","plate","33","","","","","false","type2","none","","","","","","","","","","","","","","","","","","","","","","","","","","","","","","","","true","","","","","","","","","","","","","","","","","","","","","","","","","","","","","","","","","","","","","","","","","","","","","","",""
"OSA","OSA_tv_assets_head.xml","TV_khuzait_helmet_d","{=osa_tv_khuzait_helmet_d}Eastern Crested Plated Steel Cap","HeadArmor","Culture.khuzait","head_armor","TV_khuzait_helmet_d","2.8","","0","2.6","Plate","plate","44","","","","","false","type2","none","","","","","","","","","","","","","","","","","","","","","","","","","","","","","","","","true","","","","","","","","","","","","","","","","","","","","","","","","","","","","","","","","","","","","","","","","","","","","","","",""
"OSA","OSA_tv_assets_head.xml","TV_khuzait_helmet_e","{=osa_tv_khuzait_helmet_e}Eastern Plumed Plated Steel Cap","HeadArmor","Culture.khuzait","head_armor","TV_khuzait_helmet_e","2.8","","0","2.6","Plate","plate","44","","","","","false","type2","none","","","","","","","","","","","","","","","","","","","","","","","","","","","","","","","","true","","","","","","","","","","","","","","","","","","","","","","","","","","","","","","","","","","","","","","","","","","","","","","",""
"OSA","OSA_tv_assets_head.xml","TV_khuzait_helmet_f","{=osa_tv_khuzait_helmet_f}Eastern Feathered Plated Steel Cap","HeadArmor","Culture.khuzait","head_armor","TV_khuzait_helmet_f","2.8","","0","2.6","Plate","plate","46","","","","","false","type2","none","","","","","","","","","","","","","","","","","","","","","","","","","","","","","","","","true","","","","","","","","","","","","","","","","","","","","","","","","","","","","","","","","","","","","","","","","","","","","","","",""
"OSA","OSA_tv_assets_head.xml","TV_khuzait_helmet_g","{=osa_tv_khuzait_helmet_g}Eastern Pointed Steel Helmet Over Leather","HeadArmor","Culture.khuzait","head_armor","TV_khuzait_helmet_g","2.8","","0","2.6","Plate","plate","36","","","","","false","type2","none","","","","","","","","","","","","","","","","","","","","","","","","","","","","","","","","true","","","","","","","","","","","","","","","","","","","","","","","","","","","","","","","","","","","","","","","","","","","","","","",""
"OSA","OSA_tv_assets_head.xml","TV_khuzait_helmet_h","{=osa_tv_khuzait_helmet_h}Eastern Pointed Steel Helmet Over Closed Mail","HeadArmor","Culture.khuzait","head_armor","TV_khuzait_helmet_h","2.8","","0","2.6","Plate","plate","48","","","","","false","all","all","","","","","","","","","","","","","","","","","","","","","","","","","","","","","","","","true","","","","","","","","","","","","","","","","","","","","","","","","","","","","","","","","","","","","","","","","","","","","","","",""
"OSA","OSA_tv_assets_head.xml","TV_khuzait_helmet_i","{=osa_tv_khuzait_helmet_i}Eastern Pointed Steel Helmet Over Plates","HeadArmor","Culture.khuzait","head_armor","TV_khuzait_helmet_i","2.8","","0","2.6","Plate","plate","46","","","","","false","type2","none","","","","","","","","","","","","","","","","","","","","","","","","","","","","","","","","true","","","","","","","","","","","","","","","","","","","","","","","","","","","","","","","","","","","","","","","","","","","","","","",""
"OSA","OSA_tv_assets_head.xml","TV_khuzait_helmet_j","{=osa_tv_khuzait_helmet_j}Eastern Pointed Steel Helmet With Faceplate","HeadArmor","Culture.khuzait","head_armor","TV_khuzait_helmet_j","2.8","","0","2.6","Plate","plate","50","","","","","false","all","all","","","","","","","","","","","","","","","","","","","","","","","","","","","","","","","","true","","","","","","","","","","","","","","","","","","","","","","","","","","","","","","","","","","","","","","","","","","","","","","",""
"OSA","OSA_tv_assets_head.xml","TV_khuzait_helmet_k","{=osa_tv_khuzait_helmet_k}Eastern Pointed Steel Helmet With Plated Mail","HeadArmor","Culture.khuzait","head_armor","TV_khuzait_helmet_k","2.8","","0","2.6","Plate","plate","51","","","","","false","all","all","","","","","","","","","","","","","","","","","","","","","","","","","","","","","","","","true","","","","","","","","","","","","","","","","","","","","","","","","","","","","","","","","","","","","","","","","","","","","","","",""
"OSA","OSA_tv_assets_head.xml","TV_khuzait_helmet_l","{=osa_tv_khuzait_helmet_l}Steppe Steel Helmet With Lamellar","HeadArmor","Culture.khuzait","head_armor","TV_khuzait_helmet_l","2.8","","0","2.6","Plate","plate","46","","","","","false","type2","none","","","","","","","","","","","","","","","","","","","","","","","","","","","","","","","","true","","","","","","","","","","","","","","","","","","","","","","","","","","","","","","","","","","","","","","","","","","","","","","",""
"OSA","OSA_tv_assets_head.xml","TV_khuzait_helmet_m","{=osa_tv_khuzait_helmet_m}Steppe Feathered Steel Helmet With Lamellar","HeadArmor","Culture.khuzait","head_armor","TV_khuzait_helmet_m","2.8","","0","2.6","Plate","plate","46","","","","","false","type2","none","","","","","","","","","","","","","","","","","","","","","","","","","","","","","","","","true","","","","","","","","","","","","","","","","","","","","","","","","","","","","","","","","","","","","","","","","","","","","","","",""
"OSA","OSA_tv_assets_head.xml","TV_khuzait_helmet_n","{=osa_tv_khuzait_helmet_n}Steppe Plumed Steel Helmet With Lamellar","HeadArmor","Culture.khuzait","head_armor","TV_khuzait_helmet_n","2.8","","0","2.6","Plate","plate","48","","","","","false","type2","none","","","","","","","","","","","","","","","","","","","","","","","","","","","","","","","","true","","","","","","","","","","","","","","","","","","","","","","","","","","","","","","","","","","","","","","","","","","","","","","",""
"OSA","OSA_tv_assets_head.xml","TV_khuzait_helmet_o","{=osa_tv_khuzait_helmet_o}Steppe Furred Steel Helmet With Lamellar","HeadArmor","Culture.khuzait","head_armor","TV_khuzait_helmet_o","2.8","","0","2.6","Plate","plate","48","","","","","false","type2","none","","","","","","","","","","","","","","","","","","","","","","","","","","","","","","","","true","","","","","","","","","","","","","","","","","","","","","","","","","","","","","","","","","","","","","","","","","","","","","","",""
"OSA","OSA_tv_assets_head.xml","TV_khuzait_helmet_p","{=osa_tv_khuzait_helmet_p}Steppe Feathered Steel Nasalhelm With Lamellar","HeadArmor","Culture.khuzait","head_armor","TV_khuzait_helmet_p","2.8","","0","2.6","Plate","plate","48","","","","","false","type2","none","","","","","","","","","","","","","","","","","","","","","","","","","","","","","","","","true","","","","","","","","","","","","","","","","","","","","","","","","","","","","","","","","","","","","","","","","","","","","","","",""
"OSA","OSA_tv_assets_head.xml","TV_khuzait_helmet_q","{=osa_tv_khuzait_helmet_q}Eastern Steel Cap With Closed Lamellar","HeadArmor","Culture.khuzait","head_armor","TV_khuzait_helmet_q","2.8","","0","2.6","Plate","plate","50","","","","","false","all","all","","","","","","","","","","","","","","","","","","","","","","","","","","","","","","","","true","","","","","","","","","","","","","","","","","","","","","","","","","","","","","","","","","","","","","","","","","","","","","","",""
"OSA","OSA_tv_assets_head.xml","TV_khuzait_helmet_r","{=osa_tv_khuzait_helmet_r}Steppe Plumed Steel Helmet With Closed Lamellar","HeadArmor","Culture.khuzait","head_armor","TV_khuzait_helmet_r","2.8","","0","2.6","Plate","plate","50","","","","","false","all","all","","","","","","","","","","","","","","","","","","","","","","","","","","","","","","","","true","","","","","","","","","","","","","","","","","","","","","","","","","","","","","","","","","","","","","","","","","","","","","","",""
"OSA","OSA_tv_assets_head.xml","TV_khuzait_helmet_s","{=osa_tv_khuzait_helmet_s}Steppe Feathered Steel Helmet With Closed Lamellar","HeadArmor","Culture.khuzait","head_armor","TV_khuzait_helmet_s","2.8","","0","2.6","Plate","plate","50","","","","","false","all","all","","","","","","","","","","","","","","","","","","","","","","","","","","","","","","","","true","","","","","","","","","","","","","","","","","","","","","","","","","","","","","","","","","","","","","","","","","","","","","","",""
"OSA","OSA_tv_assets_head.xml","TV_khuzait_helmet_t","{=osa_tv_khuzait_helmet_t}Steppe Mailed Steel Nasalhelm","HeadArmor","Culture.khuzait","","TV_khuzait_helmet_t","3.15","","","1.6","Plate","plate","44","","","","","false","all","type2","","","","","","","","","","","","","","","","","","","","","","","","","","","","","","","","true","","","","","","","","","","","","","","","","","","","","","","","","","","","","","","","","","","","","","","","","","","","","","","",""
"OSA","OSA_tv_assets_head.xml","TV_khuzait_helmet_u","{=osa_tv_khuzait_helmet_u}Eastern Steel Cap With Lamellar Faceguard","HeadArmor","Culture.khuzait","head_armor","TV_khuzait_helmet_u","2.8","","0","2.6","Plate","plate","49","","","","","false","all","all","","","","","","","","","","","","","","","","","","","","","","","","","","","","","","","","true","","","","","","","","","","","","","","","","","","","","","","","","","","","","","","","","","","","","","","","","","","","","","","",""
"OSA","OSA_tv_assets_head.xml","TV_khuzait_helmet_v","{=osa_tv_khuzait_helmet_v}Eastern Lamellar Helmet","HeadArmor","Culture.khuzait","","TV_khuzait_helmet_v","1.7","","","1.6","Plate","plate","34","","","","","false","type3","none","","","","","","","","","","","","","","","","","","","","","","","","","","","","","","","","true","","","","","","","","","","","","","","","","","","","","","","","","","","","","","","","","","","","","","","","","","","","","","","",""
"OSA","OSA_tv_assets_head.xml","TV_khuzait_helmet_w","{=osa_tv_khuzait_helmet_w}Eastern Lamellar Helmet Over Leather","HeadArmor","Culture.khuzait","","TV_khuzait_helmet_w","1.7","","","1.6","Plate","plate","38","","","","","false","type3","none","","","","","","","","","","","","","","","","","","","","","","","","","","","","","","","","true","","","","","","","","","","","","","","","","","","","","","","","","","","","","","","","","","","","","","","","","","","","","","","",""
"OSA","OSA_tv_assets_head.xml","TV_khuzait_helmet_x","{=osa_tv_khuzait_helmet_x}Eastern Plumed Lamellar Helmet Over Mail","HeadArmor","Culture.khuzait","","TV_khuzait_helmet_x","1.7","","","1.6","Plate","plate","45","","","","","false","type3","none","","","","","","","","","","","","","","","","","","","","","","","","","","","","","","","","true","","","","","","","","","","","","","","","","","","","","","","","","","","","","","","","","","","","","","","","","","","","","","","",""
"OSA","OSA_tv_assets_head.xml","TV_khuzait_helmet_y","{=osa_tv_khuzait_helmet_y}Eastern Decorated Cap","HeadArmor","Culture.khuzait","head_armor","TV_khuzait_helmet_y","1.4","","0","1.6","Plate","plate","22","","","","","false","type1","none","","","","","","","","","","","","","","","","","","","","","","","","","","","","","","","","true","","","","","","","","","","","","","","","","","","","","","","","","","","","","","","","","","","","","","","","","","","","","","","",""
"OSA","OSA_tv_assets_head.xml","TV_khuzait_helmet_y2","{=osa_tv_khuzait_helmet_y2}Eastern Decorated Helmet","HeadArmor","Culture.khuzait","head_armor","TV_khuzait_helmet_y2","2.1","","0","2.2","Plate","plate","32","","","","","false","type2","none","","","","","","","","","","","","","","","","","","","","","","","","","","","","","","","","true","","","","","","","","","","","","","","","","","","","","","","","","","","","","","","","","","","","","","","","","","","","","","","",""
"OSA","OSA_tv_assets_head.xml","TV_khuzait_helmet_y3","{=osa_tv_khuzait_helmet_y3}Eastern Plumed Decorated Helmet","HeadArmor","Culture.khuzait","head_armor","TV_khuzait_helmet_y3","2.1","","0","2.2","Plate","plate","38","","","","","false","type2","none","","","","","","","","","","","","","","","","","","","","","","","","","","","","","","","","true","","","","","","","","","","","","","","","","","","","","","","","","","","","","","","","","","","","","","","","","","","","","","","",""
"OSA","OSA_tv_assets_head.xml","TV_khuzait_helmet_y4","{=osa_tv_khuzait_helmet_y4}Eastern Lordly Plumed Decorated Helmet","HeadArmor","Culture.khuzait","head_armor","TV_khuzait_helmet_y4","4.6","","","3.6","Plate","plate","44","","","","","false","all","none","","","","","","","","","","","","","","","","","","","","","","","","","","","","","","","","true","","","","","","","","","","","","","","","","","","","","","","","","","","","","","","","","","","","","","","","","","","","","","","",""
"OSA","OSA_tv_assets_head.xml","TV_khuzait_helmet_z","{=osa_tv_khuzait_helmet_z}Steppe Lamellar Helmet Over Cloth","HeadArmor","Culture.khuzait","","TV_khuzait_helmet_z","3.2","","","2.3","Plate","plate","46","","","","","false","type3","type1","","","","","","","","","","","","","","","","","","","","","","","","","","","","","","","","true","","","","","","","","","","","","","","","","","","","","","","","","","","","","","","","","","","","","","","","","","","","","","","",""
"OSA","OSA_tv_assets_head.xml","TV_khuzait_helmet_z2","{=osa_tv_khuzait_helmet_z2}Steppe Lamellar Helmet Over Leather","HeadArmor","Culture.khuzait","head_armor","TV_khuzait_helmet_z2","3.5","","0","2.6","Plate","plate","43","","","","","false","all","type3","","","","","","","","","","","","","","","","","","","","","","","","","","","","","","","","true","","","","","","","","","","","","","","","","","","","","","","","","","","","","","","","","","","","","","","","","","","","","","","",""
"OSA","OSA_tv_assets_head.xml","TV_khuzait_helmet_z3","{=osa_tv_khuzait_helmet_z3}Steppe Lamellar Helmet Over Mail","HeadArmor","Culture.khuzait","","TV_khuzait_helmet_z3","3.6","","","2.8","Plate","plate","48","","","","","false","all","type3","","","","","","","","","","","","","","","","","","","","","","","","","","","","","","","","true","","","","","","","","","","","","","","","","","","","","","","","","","","","","","","","","","","","","","","","","","","","","","","",""
"OSA","OSA_tv_assets_head.xml","TV_khuzait_helmet_za","{=osa_tv_khuzait_helmet_za}Eastern Silvered Helmet","HeadArmor","Culture.khuzait","head_armor","TV_khuzait_helmet_za","2.1","","0","2.2","Plate","plate","32","","","","","false","type2","none","","","","","","","","","","","","","","","","","","","","","","","","","","","","","","","","true","","","","","","","","","","","","","","","","","","","","","","","","","","","","","","","","","","","","","","","","","","","","","","",""
"OSA","OSA_tv_assets_head.xml","TV_khuzait_helmet_zb","{=osa_tv_khuzait_helmet_zb}Eastern Gilded Helmet","HeadArmor","Culture.khuzait","head_armor","TV_khuzait_helmet_zb","2.1","","0","2.2","Plate","plate","32","","","","","false","type2","none","","","","","","","","","","","","","","","","","","","","","","","","","","","","","","","","true","","","","","","","","","","","","","","","","","","","","","","","","","","","","","","","","","","","","","","","","","","","","","","",""
"OSA","OSA_tv_assets_head.xml","TV_khuzait_lord_helmet_a","{=osa_tv_khuzait_lord_helmet_a}Eastern Furred Noble Helmet With Plume","HeadArmor","Culture.khuzait","head_armor","TV_khuzait_lord_helmet_a","4.6","","","3.6","Plate","plate","45","","","","","false","type3","none","","","","","","","","","","","","","","","","","","","","","","","","","","","","","","","","true","","","","","","","","","","","","","","","","","","","","","","","","","","","","","","","","","","","","","","","","","","","","","","",""
"OSA","OSA_tv_assets_head.xml","TV_khuzait_lord_helmet_b","{=osa_tv_khuzait_lord_helmet_b}Eastern Furred Noble Helmet With Feathers","HeadArmor","Culture.khuzait","head_armor","TV_khuzait_lord_helmet_b","4.8","","","3.6","Plate","plate","47","","","","","false","all","type2","","","","","","","","","","","","","","","","","","","","","","","","","","","","","","","","true","","","","","","","","","","","","","","","","","","","","","","","","","","","","","","","","","","","","","","","","","","","","","","",""
"OSA","OSA_tv_assets_head.xml","TV_khuzait_lord_helmet_c","{=osa_tv_khuzait_lord_helmet_c}Eastern Decorated Battle Crown","HeadArmor","Culture.khuzait","head_armor","TV_khuzait_lord_helmet_c","2.7","","","4","Plate","plate","36","","","","","false","type2","type2","","","","","","","","","","","","","","","","","","","","","","","","","","","","","","","","true","","","","","","","","","","","","","","","","","","","","","","","","","","","","","","","","","","","","","","","","","","","","","","",""
"OSA","OSA_tv_assets_head.xml","TV_khuzait_lord_helmet_d","{=osa_tv_khuzait_lord_helmet_d}Eastern Ornate Cap","HeadArmor","Culture.khuzait","head_armor","TV_khuzait_lord_helmet_d","1.4","","","8","Plate","plate","22","","","","","false","type1","none","","","","","","","","","","","","","","","","","","","","","","","","","","","","","","","","true","","","","","","","","","","","","","","","","","","","","","","","","","","","","","","","","","","","","","","","","","","","","","","",""
"OSA","OSA_tv_assets_head.xml","TV_khuzait_lord_helmet_e","{=osa_tv_khuzait_lord_helmet_e}Decorated Spiked Helmet With Facemask","HeadArmor","Culture.khuzait","head_armor","TV_khuzait_lord_helmet_e","4.5","","","2.4","Plate","plate","51","","","","","false","all","all","","","","","","","","","","","","","","","","","","","","","","","","","","","","","","","","true","","","","","","","","","","","","","","","","","","","","","","","","","","","","","","","","","","","","","","","","","","","","","","",""
"OSA","OSA_tv_assets_head.xml","TV_khuzait_lord_helmet_f","{=osa_tv_khuzait_lord_helmet_f}Steppe Plumed Lamellar Helmet","HeadArmor","Culture.khuzait","head_armor","TV_khuzait_lord_helmet_f","3.4","","","3","Plate","plate","42","","","","","false","all","type2","","","","","","","","","","","","","","","","","","","","","","","","","","","","","","","","true","","","","","","","","","","","","","","","","","","","","","","","","","","","","","","","","","","","","","","","","","","","","","","",""
"OSA","OSA_tv_assets_head.xml","TV_khuzait_lord_helmet_g","{=osa_tv_khuzait_lord_helmet_g}Eastern Lordly Plumed Lamellar Helmet","HeadArmor","Culture.khuzait","head_armor","TV_khuzait_lord_helmet_g","4.6","","","3.6","Plate","plate","45","","","","","false","type3","none","","","","","","","","","","","","","","","","","","","","","","","","","","","","","","","","true","","","","","","","","","","","","","","","","","","","","","","","","","","","","","","","","","","","","","","","","","","","","","","",""
"OSA","OSA_tv_assets_head.xml","TV_khuzait_lord_helmet_h","{=osa_tv_khuzait_lord_helmet_h}Eastern Silvered Battle Crown With Lamellar","HeadArmor","Culture.khuzait","head_armor","TV_khuzait_lord_helmet_h","4.6","","","3.6","Plate","plate","45","","","","","false","type3","none","","","","","","","","","","","","","","","","","","","","","","","","","","","","","","","","true","","","","","","","","","","","","","","","","","","","","","","","","","","","","","","","","","","","","","","","","","","","","","","",""
"OSA","OSA_tv_assets_head.xml","TV_khuzait_lord_helmet_h2","{=osa_tv_khuzait_lord_helmet_h2}Eastern Gilded Battle Crown With Leather Lamellar","HeadArmor","Culture.khuzait","head_armor","TV_khuzait_lord_helmet_h2","4.6","","","3.6","Plate","plate","45","","","","","false","type3","none","","","","","","","","","","","","","","","","","","","","","","","","","","","","","","","","true","","","","","","","","","","","","","","","","","","","","","","","","","","","","","","","","","","","","","","","","","","","","","","",""
"OSA","OSA_tv_assets_head.xml","TV_khuzait_lord_helmet_i","{=osa_tv_khuzait_lord_helmet_i}Eastern Silvered Noble Helmet With Lamellar","HeadArmor","Culture.khuzait","head_armor","TV_khuzait_lord_helmet_i","2.7","","","4","Plate","plate","42","","","","","false","type2","type2","","","","","","","","","","","","","","","","","","","","","","","","","","","","","","","","true","","","","","","","","","","","","","","","","","","","","","","","","","","","","","","","","","","","","","","","","","","","","","","",""
"OSA","OSA_tv_assets_head.xml","TV_khuzait_lord_helmet_j","{=osa_tv_khuzait_lord_helmet_j}Eastern Gilded Noble Helmet With Leather Lamellar","HeadArmor","Culture.khuzait","head_armor","TV_khuzait_lord_helmet_j","2.7","","","4","Plate","plate","36","","","","","false","type2","type2","","","","","","","","","","","","","","","","","","","","","","","","","","","","","","","","true","","","","","","","","","","","","","","","","","","","","","","","","","","","","","","","","","","","","","","","","","","","","","","",""
"OSA","OSA_tv_assets_head.xml","TV_khuzait_lord_helmet_k","{=osa_tv_khuzait_lord_helmet_k}Eastern Gilded Noble Helmet With Plates","HeadArmor","Culture.khuzait","head_armor","TV_khuzait_lord_helmet_k","4.6","","","3.6","Plate","plate","46","","","","","false","all","type2","","","","","","","","","","","","","","","","","","","","","","","","","","","","","","","","true","","","","","","","","","","","","","","","","","","","","","","","","","","","","","","","","","","","","","","","","","","","","","","",""
"OSA","OSA_tv_assets_head.xml","TV_khuzait_lord_helmet_l","{=osa_tv_khuzait_lord_helmet_l}Steppe Spiked Iron Helmet With Facemask","HeadArmor","Culture.khuzait","head_armor","TV_khuzait_lord_helmet_l","4.5","","","2.4","Plate","plate","51","","","","","false","all","all","","","","","","","","","","","","","","","","","","","","","","","","","","","","","","","","true","","","","","","","","","","","","","","","","","","","","","","","","","","","","","","","","","","","","","","","","","","","","","","",""
"OSA","OSA_tv_assets_head.xml","TV_khuzait_lord_helmet_m","{=osa_tv_khuzait_lord_helmet_m}Eastern Plumed Noble Helmet With Plates","HeadArmor","Culture.khuzait","head_armor","TV_khuzait_lord_helmet_m","3.4","","0","4.6","Plate","plate","50","","","","","false","all","type2","","","","","","","","","","","","","","","","","","","","","","","","","","","","","","","","true","","","","","","","","","","","","","","","","","","","","","","","","","","","","","","","","","","","","","","","","","","","","","","",""
"OSA","OSA_tv_assets_head.xml","TV_khuzait_lord_helmet_n","{=osa_tv_khuzait_lord_helmet_n}Eastern Noble Fluted Helmet With Sideguards","HeadArmor","Culture.khuzait","head_armor","TV_khuzait_lord_helmet_n","3.9","","","4","Plate","plate","52","","","","","false","all","type3","","","","","","","","","","","","","","","","","","","","","","","","","","","","","","","","true","","","","","","","","","","","","","","","","","","","","","","","","","","","","","","","","","","","","","","","","","","","","","","",""
"OSA","OSA_tv_assets_head.xml","TV_nord_helmet_a","{=osa_tv_nord_helmet_a}Nordic Vendel Cap","HeadArmor","Culture.sturgia","","TV_nord_helmet_a","3.1","","","1.6","Plate","plate","40","","","","","false","type1","none","","","","","","","","","","","","","","","","","","","","","","","","","","","","","","","","true","","","","","","","","","","","","","","","","","","","","","","","","","","","","","","","","","","","","","","","","","","","","","","",""
"OSA","OSA_tv_assets_head.xml","TV_nord_helmet_b","{=osa_tv_nord_helmet_b}Nordic Vendel Cap Over Leather","HeadArmor","Culture.sturgia","","TV_nord_helmet_b","3.1","","","1.6","Plate","plate","46","","","","","false","type3","none","","","","","","","","","","","","","","","","","","","","","","","","","","","","","","","","true","","","","","","","","","","","","","","","","","","","","","","","","","","","","","","","","","","","","","","","","","","","","","","",""
"OSA","OSA_tv_assets_head.xml","TV_nord_helmet_c","{=osa_tv_nord_helmet_c}Nordic Vendel Cap Over Open Mail","HeadArmor","Culture.sturgia","","TV_nord_helmet_c","3.4","","","3.2","Plate","plate","50","","","","","false","all","none","","","","","","","","","","","","","","","","","","","","","","","","","","","","","","","","true","","","","","","","","","","","","","","","","","","","","","","","","","","","","","","","","","","","","","","","","","","","","","","",""
"OSA","OSA_tv_assets_head.xml","TV_nord_helmet_d","{=osa_tv_nord_helmet_d}Nordic Vendel Cap Over Closed Mail","HeadArmor","Culture.sturgia","","TV_nord_helmet_d","4.4","","","1.6","Chainmail","chain","51","","","","","false","all","all","","","","","","","","","","","","","","","","","","","","","","","","","","","","","","","","true","","","","","","","","","","","","","","","","","","","","","","","","","","","","","","","","","","","","","","","","","","","","","","",""
"OSA","OSA_tv_assets_head.xml","TV_nord_helmet_e","{=osa_tv_nord_helmet_e}Nordic Vendel Goggled Helm","HeadArmor","Culture.sturgia","","TV_nord_helmet_e","3.1","","","1.6","Plate","plate","40","","","","","false","type1","none","","","","","","","","","","","","","","","","","","","","","","","","","","","","","","","","true","","","","","","","","","","","","","","","","","","","","","","","","","","","","","","","","","","","","","","","","","","","","","","",""
"OSA","OSA_tv_assets_head.xml","TV_nord_helmet_f","{=osa_tv_nord_helmet_f}Nordic Vendel Goggled Helm Over Leather","HeadArmor","Culture.sturgia","","TV_nord_helmet_f","3.1","","","1.6","Plate","plate","46","","","","","false","type3","none","","","","","","","","","","","","","","","","","","","","","","","","","","","","","","","","true","","","","","","","","","","","","","","","","","","","","","","","","","","","","","","","","","","","","","","","","","","","","","","",""
"OSA","OSA_tv_assets_head.xml","TV_nord_helmet_g","{=osa_tv_nord_helmet_g}Nordic Vendel Goggled Helm Over Open Mail","HeadArmor","Culture.sturgia","","TV_nord_helmet_g","3.4","","","3.2","Plate","plate","50","","","","","false","all","none","","","","","","","","","","","","","","","","","","","","","","","","","","","","","","","","true","","","","","","","","","","","","","","","","","","","","","","","","","","","","","","","","","","","","","","","","","","","","","","",""
"OSA","OSA_tv_assets_head.xml","TV_nord_helmet_h","{=osa_tv_nord_helmet_h}Nordic Vendel Goggled Helm Over Closed Mail","HeadArmor","Culture.sturgia","","TV_nord_helmet_h","4.4","","","1.6","Chainmail","chain","51","","","","","false","all","all","","","","","","","","","","","","","","","","","","","","","","","","","","","","","","","","true","","","","","","","","","","","","","","","","","","","","","","","","","","","","","","","","","","","","","","","","","","","","","","",""
"OSA","OSA_tv_assets_head.xml","TV_nord_helmet_i","{=osa_tv_nord_helmet_i}Nordic Vendel Nasalhelm Over Leather","HeadArmor","Culture.sturgia","","TV_nord_helmet_i","3.1","","","1.6","Plate","plate","23","","","","","false","type3","none","","","","","","","","","","","","","","","","","","","","","","","","","","","","","","","","true","","","","","","","","","","","","","","","","","","","","","","","","","","","","","","","","","","","","","","","","","","","","","","",""
"OSA","OSA_tv_assets_head.xml","TV_nord_helmet_j","{=osa_tv_nord_helmet_j}Nordic Vendel Nasalhelm Over Open Mail","HeadArmor","Culture.sturgia","","TV_nord_helmet_j","3.4","","","3.2","Plate","plate","33","","","","","false","all","none","","","","","","","","","","","","","","","","","","","","","","","","","","","","","","","","true","","","","","","","","","","","","","","","","","","","","","","","","","","","","","","","","","","","","","","","","","","","","","","",""
"OSA","OSA_tv_assets_head.xml","TV_nord_helmet_k","{=osa_tv_nord_helmet_k}Nordic Vendel Nasalhelm With Faceguard","HeadArmor","Culture.sturgia","","TV_nord_helmet_k","3.6","","","3","Plate","plate","47","","","","","false","type3","type1","","","","","","","","","","","","","","","","","","","","","","","","","","","","","","","","true","","","","","","","","","","","","","","","","","","","","","","","","","","","","","","","","","","","","","","","","","","","","","","",""
"OSA","OSA_tv_assets_head.xml","TV_nord_helmet_l","{=osa_tv_nord_helmet_l}Nordic Vendel Nasalhelm With Goggled Faceguard","HeadArmor","Culture.sturgia","","TV_nord_helmet_l","3.6","","","3","Plate","plate","47","","","","","false","type3","type1","","","","","","","","","","","","","","","","","","","","","","","","","","","","","","","","true","","","","","","","","","","","","","","","","","","","","","","","","","","","","","","","","","","","","","","","","","","","","","","",""
"OSA","OSA_tv_assets_head.xml","TV_nord_helmet_m","{=osa_tv_nord_helmet_m}Northern Lendman's Cap","HeadArmor","Culture.sturgia","","TV_nord_helmet_m","3.1","","","1.6","Plate","plate","40","","","","","false","type1","none","","","","","","","","","","","","","","","","","","","","","","","","","","","","","","","","true","","","","","","","","","","","","","","","","","","","","","","","","","","","","","","","","","","","","","","","","","","","","","","",""
"OSA","OSA_tv_assets_head.xml","TV_nord_helmet_n","{=osa_tv_nord_helmet_n}Northern Lendman's Cap Over Leather","HeadArmor","Culture.sturgia","","TV_nord_helmet_n","3.1","","","1.6","Plate","plate","46","","","","","false","type3","none","","","","","","","","","","","","","","","","","","","","","","","","","","","","","","","","true","","","","","","","","","","","","","","","","","","","","","","","","","","","","","","","","","","","","","","","","","","","","","","",""
"OSA","OSA_tv_assets_head.xml","TV_nord_helmet_o","{=osa_tv_nord_helmet_o}Northern Lendman's Cap Over Open Mail","HeadArmor","Culture.sturgia","","TV_nord_helmet_o","3.4","","","3.2","Plate","plate","50","","","","","false","all","none","","","","","","","","","","","","","","","","","","","","","","","","","","","","","","","","true","","","","","","","","","","","","","","","","","","","","","","","","","","","","","","","","","","","","","","","","","","","","","","",""
"OSA","OSA_tv_assets_head.xml","TV_nord_helmet_p","{=osa_tv_nord_helmet_p}Northern Lendman's Cap Over Closed Mail","HeadArmor","Culture.sturgia","","TV_nord_helmet_p","4.4","","","1.6","Chainmail","chain","51","","","","","false","all","all","","","","","","","","","","","","","","","","","","","","","","","","","","","","","","","","true","","","","","","","","","","","","","","","","","","","","","","","","","","","","","","","","","","","","","","","","","","","","","","",""
"OSA","OSA_tv_assets_head.xml","TV_nord_helmet_q","{=osa_tv_nord_helmet_q}Nordic Nasal Helmet With Faceguard Over Leather","HeadArmor","Culture.sturgia","head_armor","TV_nord_helmet_q","2.9","","0","3.3","Plate","plate","36","","","","","false","type3","","","","","","","","","","","","","","","","","","","","","","","","","","","","","","","","","true","","","","","","","","","","","","","","","","","","","","","","","","","","","","","","","","","","","","","","","","","","","","","","",""
"OSA","OSA_tv_assets_head.xml","TV_nord_helmet_r","{=osa_tv_nord_helmet_r}Nordic Nasal Helmet With Faceguard Over Mail","HeadArmor","Culture.sturgia","head_armor","TV_nord_helmet_r","2.9","","0","3.3","Plate","plate","42","","","","","false","type3","","","","","","","","","","","","","","","","","","","","","","","","","","","","","","","","","true","","","","","","","","","","","","","","","","","","","","","","","","","","","","","","","","","","","","","","","","","","","","","","",""
"OSA","OSA_tv_assets_head.xml","TV_nord_helmet_s","{=osa_tv_nord_helmet_s}Nordic Goggled Nasal Helmet With Faceguard Over Mail","HeadArmor","Culture.sturgia","head_armor","TV_nord_helmet_s","2.9","","0","3.3","Plate","plate","48","","","","","false","type3","","","","","","","","","","","","","","","","","","","","","","","","","","","","","","","","","true","","","","","","","","","","","","","","","","","","","","","","","","","","","","","","","","","","","","","","","","","","","","","","",""
"OSA","OSA_tv_assets_head.xml","TV_nord_helmet_t","{=osa_tv_nord_helmet_t}Nordic Ridged Cap Over Cloth","HeadArmor","Culture.sturgia","head_armor","TV_nord_helmet_t","2.2","","0","1.4","Plate","plate","20","","","","","false","type3","none","","","","","","","","","","","","","","","","","","","","","","","","","","","","","","","","true","","","","","","","","","","","","","","","","","","","","","","","","","","","","","","","","","","","","","","","","","","","","","","",""
"OSA","OSA_tv_assets_head.xml","TV_nord_helmet_t2","{=osa_tv_nord_helmet_t2}Nordic Ridged Cap Over Mail","HeadArmor","Culture.sturgia","head_armor","TV_nord_helmet_t2","2.9","","0","1.2","Plate","plate","31","","","","","false","type3","none","","","","","","","","","","","","","","","","","","","","","","","","","","","","","","","","true","","","","","","","","","","","","","","","","","","","","","","","","","","","","","","","","","","","","","","","","","","","","","","",""
"OSA","OSA_tv_assets_head.xml","TV_nord_helmet_t3","{=osa_tv_nord_helmet_t3}Nordic Nasal Ridged Cap Over Mail","HeadArmor","Culture.sturgia","head_armor","TV_nord_helmet_t3","2.6","","0","2.4","Plate","plate","35","","","","","false","type3","none","","","","","","","","","","","","","","","","","","","","","","","","","","","","","","","","true","","","","","","","","","","","","","","","","","","","","","","","","","","","","","","","","","","","","","","","","","","","","","","",""
"OSA","OSA_tv_assets_head.xml","TV_nord_helmet_u","{=osa_tv_nord_helmet_u}Nordic Pointed Nasalhelm Over Leather","HeadArmor","Culture.sturgia","head_armor","TV_nord_helmet_u","2.9","","0","1.2","Plate","plate","31","","","","","false","type3","none","","","","","","","","","","","","","","","","","","","","","","","","","","","","","","","","true","","","","","","","","","","","","","","","","","","","","","","","","","","","","","","","","","","","","","","","","","","","","","","",""
"OSA","OSA_tv_assets_head.xml","TV_nord_helmet_u2","{=osa_tv_nord_helmet_u2}Nordic Pointed Nasalhelm Over Mail","HeadArmor","Culture.sturgia","head_armor","TV_nord_helmet_u2","2.6","","0","2.4","Plate","plate","35","","","","","false","type3","none","","","","","","","","","","","","","","","","","","","","","","","","","","","","","","","","true","","","","","","","","","","","","","","","","","","","","","","","","","","","","","","","","","","","","","","","","","","","","","","",""
"OSA","OSA_tv_assets_head.xml","TV_nord_helmet_u3","{=osa_tv_nord_helmet_u3}Nordic Pointed Nasalhelm With Faceguard Over Mail","HeadArmor","Culture.sturgia","head_armor","TV_nord_helmet_u3","2.9","","0","3.3","Plate","plate","42","","","","","false","type3","","","","","","","","","","","","","","","","","","","","","","","","","","","","","","","","","true","","","","","","","","","","","","","","","","","","","","","","","","","","","","","","","","","","","","","","","","","","","","","","",""
"OSA","OSA_tv_assets_head.xml","TV_nord_helmet_v","{=osa_tv_nord_helmet_v}Nordic Boar Nasal Helmet","HeadArmor","Culture.sturgia","head_armor","TV_nord_helmet_v","2.9","","0","1.2","Plate","plate","31","","","","","false","type1","none","","","","","","","","","","","","","","","","","","","","","","","","","","","","","","","","true","","","","","","","","","","","","","","","","","","","","","","","","","","","","","","","","","","","","","","","","","","","","","","",""
"OSA","OSA_tv_assets_head.xml","TV_nord_helmet_v2","{=osa_tv_nord_helmet_v2}Nordic Boar Nasal Helmet With Leather","HeadArmor","Culture.sturgia","head_armor","TV_nord_helmet_v2","2.6","","0","2.4","Plate","plate","35","","","","","false","type3","none","","","","","","","","","","","","","","","","","","","","","","","","","","","","","","","","true","","","","","","","","","","","","","","","","","","","","","","","","","","","","","","","","","","","","","","","","","","","","","","",""
"OSA","OSA_tv_assets_head.xml","TV_nord_helmet_v3","{=osa_tv_nord_helmet_v3}Nordic Boar Nasal Helmet With Mail","HeadArmor","Culture.sturgia","head_armor","TV_nord_helmet_v3","2.9","","0","1.3","Plate","plate","38","","","","","false","type3","","","","","","","","","","","","","","","","","","","","","","","","","","","","","","","","","true","","","","","","","","","","","","","","","","","","","","","","","","","","","","","","","","","","","","","","","","","","","","","","",""
"OSA","OSA_tv_assets_head.xml","TV_nord_helmet_w","{=osa_tv_nord_helmet_w}Nordic Heavy Guarded Nasal Helmet","HeadArmor","Culture.sturgia","head_armor","TV_nord_helmet_w","2.9","","0","1.2","Plate","plate","31","","","","","false","type2","none","","","","","","","","","","","","","","","","","","","","","","","","","","","","","","","","true","","","","","","","","","","","","","","","","","","","","","","","","","","","","","","","","","","","","","","","","","","","","","","",""
"OSA","OSA_tv_assets_head.xml","TV_nord_helmet_w2","{=osa_tv_nord_helmet_w2}Nordic Heavy Guarded Nasal Helmet With Padding","HeadArmor","Culture.sturgia","head_armor","TV_nord_helmet_w2","2.6","","0","2.4","Plate","plate","35","","","","","false","type3","none","","","","","","","","","","","","","","","","","","","","","","","","","","","","","","","","true","","","","","","","","","","","","","","","","","","","","","","","","","","","","","","","","","","","","","","","","","","","","","","",""
"OSA","OSA_tv_assets_head.xml","TV_nord_helmet_w3","{=osa_tv_nord_helmet_w3}Nordic Heavy Guarded Nasal Helmet With Mail","HeadArmor","Culture.sturgia","head_armor","TV_nord_helmet_w3","2.9","","0","1.3","Plate","plate","38","","","","","false","type3","","","","","","","","","","","","","","","","","","","","","","","","","","","","","","","","","true","","","","","","","","","","","","","","","","","","","","","","","","","","","","","","","","","","","","","","","","","","","","","","",""
"OSA","OSA_tv_assets_head.xml","TV_pict_helmet_a","{=osa_tv_pict_helmet_a}Highland Heavy Banded Nasal Helmet","HeadArmor","Culture.battania","head_armor","TV_pict_helmet_a","2.9","","0","1.2","Plate","plate","31","","","","","false","type2","none","","","","","","","","","","","","","","","","","","","","","","","","","","","","","","","","true","","","","","","","","","","","","","","","","","","","","","","","","","","","","","","","","","","","","","","","","","","","","","","",""
"OSA","OSA_tv_assets_head.xml","TV_pict_helmet_b","{=osa_tv_pict_helmet_b}Highland Heavy Banded Nasal Helmet Over Hide","HeadArmor","Culture.battania","head_armor","TV_pict_helmet_b","2.6","","0","2.4","Plate","plate","35","","","","","false","type3","none","","","","","","","","","","","","","","","","","","","","","","","","","","","","","","","","true","","","","","","","","","","","","","","","","","","","","","","","","","","","","","","","","","","","","","","","","","","","","","","",""
"OSA","OSA_tv_assets_head.xml","TV_pict_helmet_c","{=osa_tv_pict_helmet_c}Highland Plumed Heavy Banded Nasal Helmet Over Mail","HeadArmor","Culture.battania","head_armor","TV_pict_helmet_c","2.9","","0","1.3","Plate","plate","38","","","","","false","type3","","","","","","","","","","","","","","","","","","","","","","","","","","","","","","","","","true","","","","","","","","","","","","","","","","","","","","","","","","","","","","","","","","","","","","","","","","","","","","","","",""
"OSA","OSA_tv_assets_head.xml","TV_pict_helmet_d","{=osa_tv_pict_helmet_d}Highland Domed Nasal Spangenhelm","HeadArmor","Culture.battania","head_armor","TV_pict_helmet_d","2.9","","0","1.2","Plate","plate","31","","","","","false","type2","none","","","","","","","","","","","","","","","","","","","","","","","","","","","","","","","","true","","","","","","","","","","","","","","","","","","","","","","","","","","","","","","","","","","","","","","","","","","","","","","",""
"OSA","OSA_tv_assets_head.xml","TV_pict_helmet_e","{=osa_tv_pict_helmet_e}Highland Domed Nasal Spangenhelm Over Padding","HeadArmor","Culture.battania","head_armor","TV_pict_helmet_e","2.6","","0","2.4","Plate","plate","35","","","","","false","type3","none","","","","","","","","","","","","","","","","","","","","","","","","","","","","","","","","true","","","","","","","","","","","","","","","","","","","","","","","","","","","","","","","","","","","","","","","","","","","","","","",""
"OSA","OSA_tv_assets_head.xml","TV_pict_helmet_f","{=osa_tv_pict_helmet_f}Highland Domed Nasal Spangenhelm Over Mail","HeadArmor","Culture.battania","head_armor","TV_pict_helmet_f","2.9","","0","1.3","Plate","plate","38","","","","","false","type3","","","","","","","","","","","","","","","","","","","","","","","","","","","","","","","","","true","","","","","","","","","","","","","","","","","","","","","","","","","","","","","","","","","","","","","","","","","","","","","","",""
"OSA","OSA_tv_assets_head.xml","TV_pict_helmet_g","{=osa_tv_pict_helmet_g}Highland Tall Nasal Spangenhelm","HeadArmor","Culture.battania","head_armor","TV_pict_helmet_g","2.9","","0","1.2","Plate","plate","31","","","","","false","type2","none","","","","","","","","","","","","","","","","","","","","","","","","","","","","","","","","true","","","","","","","","","","","","","","","","","","","","","","","","","","","","","","","","","","","","","","","","","","","","","","",""
"OSA","OSA_tv_assets_head.xml","TV_pict_helmet_h","{=osa_tv_pict_helmet_h}Highland Tall Nasal Spangenhelm Over Cloth","HeadArmor","Culture.battania","head_armor","TV_pict_helmet_h","2.6","","0","2.4","Plate","plate","35","","","","","false","type3","none","","","","","","","","","","","","","","","","","","","","","","","","","","","","","","","","true","","","","","","","","","","","","","","","","","","","","","","","","","","","","","","","","","","","","","","","","","","","","","","",""
"OSA","OSA_tv_assets_head.xml","TV_pict_helmet_i","{=osa_tv_pict_helmet_i}Highland Tall Nasal Spangenhelm Over Mail","HeadArmor","Culture.battania","head_armor","TV_pict_helmet_i","2.9","","0","1.3","Plate","plate","38","","","","","false","type3","","","","","","","","","","","","","","","","","","","","","","","","","","","","","","","","","true","","","","","","","","","","","","","","","","","","","","","","","","","","","","","","","","","","","","","","","","","","","","","","",""
"OSA","OSA_tv_assets_head.xml","TV_pict_helmet_j","{=osa_tv_pict_helmet_j}Highland Tall Silvered Nasal Spangenhelm","HeadArmor","Culture.battania","head_armor","TV_pict_helmet_j","2.9","","0","1.2","Plate","plate","31","","","","","false","all","type3","","","","","","","","","","","","","","","","","","","","","","","","","","","","","","","","true","","","","","","","","","","","","","","","","","","","","","","","","","","","","","","","","","","","","","","","","","","","","","","",""
"OSA","OSA_tv_assets_head.xml","TV_pict_helmet_j2","{=osa_tv_pict_helmet_j2}Highland Tall Silvered Spangenhelm Cap","HeadArmor","Culture.battania","head_armor","TV_pict_helmet_j2","2.9","","0","1.2","Plate","plate","22","","","","","false","all","type3","","","","","","","","","","","","","","","","","","","","","","","","","","","","","","","","true","","","","","","","","","","","","","","","","","","","","","","","","","","","","","","","","","","","","","","","","","","","","","","",""
"OSA","OSA_tv_assets_head.xml","TV_pict_helmet_k","{=osa_tv_pict_helmet_k}Highland Plumed Tall Silvered Nasal Spangenhelm Over Leather","HeadArmor","Culture.battania","head_armor","TV_pict_helmet_k","2.6","","0","2.4","Plate","plate","35","","","","","false","all","type3","","","","","","","","","","","","","","","","","","","","","","","","","","","","","","","","true","","","","","","","","","","","","","","","","","","","","","","","","","","","","","","","","","","","","","","","","","","","","","","",""
"OSA","OSA_tv_assets_head.xml","TV_pict_helmet_l","{=osa_tv_pict_helmet_l}Highland Plumed Tall Silvered Nasal Spangenhelm Over Mail","HeadArmor","Culture.battania","head_armor","TV_pict_helmet_l","2.9","","0","1.3","Plate","plate","38","","","","","false","all","type3","","","","","","","","","","","","","","","","","","","","","","","","","","","","","","","","true","","","","","","","","","","","","","","","","","","","","","","","","","","","","","","","","","","","","","","","","","","","","","","",""
"OSA","OSA_tv_assets_head.xml","TV_pict_helmet_m","{=osa_tv_pict_helmet_m}Highland Banded Helmet","HeadArmor","Culture.battania","head_armor","TV_pict_helmet_m","3.1","","0","3","Plate","plate","35","","","","","false","all","type2","","","","","","","","","","","","","","","","","","","","","","","","","","","","","","","","true","","","","","","","","false","","","","","","","","","","","","","","","","","","","","","","","","","","","","","","","","","","","","","","",""
"OSA","OSA_tv_assets_head.xml","TV_pict_helmet_n","{=osa_tv_pict_helmet_n}Highland Decorated Banded Helmet","HeadArmor","Culture.battania","head_armor","TV_pict_helmet_n","3.1","","0","3","Plate","plate","42","","","","","false","all","type2","","","","","","","","","","","","","","","","","","","","","","","","","","","","","","","","true","","","","","","","","false","","","","","","","","","","","","","","","","","","","","","","","","","","","","","","","","","","","","","","",""
"OSA","OSA_tv_assets_head.xml","TV_pict_helmet_o","{=osa_tv_pict_helmet_o}Highland Crested Decorated Banded Helmet","HeadArmor","Culture.battania","head_armor","TV_pict_helmet_o","3.1","","0","3","Plate","plate","48","","","","","false","all","type2","","","","","","","","","","","","","","","","","","","","","","","","","","","","","","","","true","","","","","","","","false","","","","","","","","","","","","","","","","","","","","","","","","","","","","","","","","","","","","","","",""
"OSA","OSA_tv_assets_head.xml","TV_pict_helmet_p","{=osa_tv_pict_helmet_p}Highland Heavy Guarded Nasal Helmet","HeadArmor","Culture.battania","head_armor","TV_pict_helmet_p","2.9","","0","1.2","Plate","plate","31","","","","","false","type2","none","","","","","","","","","","","","","","","","","","","","","","","","","","","","","","","","true","","","","","","","","","","","","","","","","","","","","","","","","","","","","","","","","","","","","","","","","","","","","","","",""
"OSA","OSA_tv_assets_head.xml","TV_pict_helmet_q","{=osa_tv_pict_helmet_q}Highland Heavy Guarded Nasal Helmet With Leather","HeadArmor","Culture.battania","head_armor","TV_pict_helmet_q","2.6","","0","2.4","Plate","plate","35","","","","","false","type3","none","","","","","","","","","","","","","","","","","","","","","","","","","","","","","","","","true","","","","","","","","","","","","","","","","","","","","","","","","","","","","","","","","","","","","","","","","","","","","","","",""
"OSA","OSA_tv_assets_head.xml","TV_pict_helmet_r","{=osa_tv_pict_helmet_r}Highland Heavy Guarded Nasal Helmet With Mail","HeadArmor","Culture.battania","head_armor","TV_pict_helmet_r","2.9","","0","1.3","Plate","plate","38","","","","","false","type3","","","","","","","","","","","","","","","","","","","","","","","","","","","","","","","","","true","","","","","","","","","","","","","","","","","","","","","","","","","","","","","","","","","","","","","","","","","","","","","","",""
"OSA","OSA_tv_assets_head.xml","TV_sturgia_helmet_a","{=osa_tv_sturgia_helmet_a}Northern Closed Spangenhelm","HeadArmor","Culture.sturgia","","TV_sturgia_helmet_a","3.8","","","2","Plate","plate","54","","","","","false","all","all","","","","","","","","","","","","","","","","","","","","","","","","","","","","","","","","true","","","","","","","","","","","","","","","","","","","","","","","","","","","","","","","","","","","","","","","","","","","","","","",""
"OSA","OSA_tv_assets_head.xml","TV_sturgia_helmet_b","{=osa_tv_sturgia_helmet_b}Northern Tailed Closed Spangenhelm","HeadArmor","Culture.sturgia","","TV_sturgia_helmet_b","3.8","","","2","Plate","plate","54","","","","","false","all","all","","","","","","","","","","","","","","","","","","","","","","","","","","","","","","","","true","","","","","","","","","","","","","","","","","","","","","","","","","","","","","","","","","","","","","","","","","","","","","","",""
"OSA","OSA_tv_assets_head.xml","TV_sturgia_helmet_c","{=osa_tv_sturgia_helmet_c}Northern Plumed Open Helmet","HeadArmor","Culture.sturgia","","TV_sturgia_helmet_c","3.2","","","3.4","Plate","plate","49","","","","","false","all","type2","","","","","","","","","","","","","","","","","","","","","","","","","","","","","","","","true","","","","","","","","","","","","","","","","","","","","","","","","","","","","","","","","","","","","","","","","","","","","","","",""
"OSA","OSA_tv_assets_head.xml","TV_sturgia_helmet_d","{=osa_tv_sturgia_helmet_d}Northern Blackened Steel Closed Helmet","HeadArmor","Culture.sturgia","","TV_sturgia_helmet_d","3.8","","","3","Plate","plate","53","","","","","false","all","all","","","","","","","","","","","","","","","","","","","","","","","","","","","","","","","","true","","","","","","","","","","","","","","","","","","","","","","","","","","","","","","","","","","","","","","","","","","","","","","",""
"OSA","OSA_tv_assets_head.xml","TV_sturgia_helmet_e","{=osa_tv_sturgia_helmet_e}Northern Blackened Steel Open Helmet","HeadArmor","Culture.sturgia","","TV_sturgia_helmet_e","3.15","","","1.6","Plate","plate","49","","","","","false","all","type2","","","","","","","","","","","","","","","","","","","","","","","","","","","","","","","","true","","","","","","","","","","","","","","","","","","","","","","","","","","","","","","","","","","","","","","","","","","","","","","",""
"OSA","OSA_tv_assets_head.xml","TV_sturgia_helmet_f","{=osa_tv_sturgia_helmet_f}Northern Closed Pointed Helmet","HeadArmor","Culture.sturgia","","TV_sturgia_helmet_f","3.8","","","3","Plate","plate","51","","","","","false","all","all","","","","","","","","","","","","","","","","","","","","","","","","","","","","","","","","true","","","","","","","","","","","","","","","","","","","","","","","","","","","","","","","","","","","","","","","","","","","","","","",""
"OSA","OSA_tv_assets_head.xml","TV_sturgia_helmet_g","{=osa_tv_sturgia_helmet_g}Northern Gilded Steel Nasal Helmet","HeadArmor","Culture.sturgia","","TV_sturgia_helmet_g","3.15","","","1.6","Plate","plate","49","","","","","false","all","type2","","","","","","","","","","","","","","","","","","","","","","","","","","","","","","","","true","","","","","","","","","","","","","","","","","","","","","","","","","","","","","","","","","","","","","","","","","","","","","","",""
"OSA","OSA_tv_assets_head.xml","TV_sturgia_helmet_g2","{=osa_tv_sturgia_helmet_g2}Northern Gilded Steel Closed Nasal Helmet","HeadArmor","Culture.sturgia","","TV_sturgia_helmet_g2","3.8","","","3","Plate","plate","53","","","","","false","all","all","","","","","","","","","","","","","","","","","","","","","","","","","","","","","","","","true","","","","","","","","","","","","","","","","","","","","","","","","","","","","","","","","","","","","","","","","","","","","","","",""
"OSA","OSA_tv_assets_head.xml","TV_sturgia_helmet_h","{=osa_tv_sturgia_helmet_h}Northern Gilded Steel Helmet","HeadArmor","Culture.sturgia","","TV_sturgia_helmet_h","3.15","","","1.6","Plate","plate","49","","","","","false","all","type2","","","","","","","","","","","","","","","","","","","","","","","","","","","","","","","","true","","","","","","","","","","","","","","","","","","","","","","","","","","","","","","","","","","","","","","","","","","","","","","",""
"OSA","OSA_tv_assets_head.xml","TV_sturgia_helmet_i","{=osa_tv_sturgia_helmet_i}Northern Blackened Steel Helmet","HeadArmor","Culture.sturgia","head_armor","TV_sturgia_helmet_i","2.9","","0","1.2","Plate","plate","31","","","","","false","type3","none","","","","","","","","","","","","","","","","","","","","","","","","","","","","","","","","true","","","","","","","","","","","","","","","","","","","","","","","","","","","","","","","","","","","","","","","","","","","","","","",""
"OSA","OSA_tv_assets_head.xml","TV_sturgia_helmet_j","{=osa_tv_sturgia_helmet_j}Northern Steel Helmet","HeadArmor","Culture.sturgia","head_armor","TV_sturgia_helmet_j","2.9","","0","1.2","Plate","plate","31","","","","","false","all","type2","","","","","","","","","","","","","","","","","","","","","","","","","","","","","","","","true","","","","","","","","","","","","","","","","","","","","","","","","","","","","","","","","","","","","","","","","","","","","","","",""
"OSA","OSA_tv_assets_head.xml","TV_sturgia_helmet_j2","{=osa_tv_sturgia_helmet_j2}Northern Gilded Helmet","HeadArmor","Culture.sturgia","head_armor","TV_sturgia_helmet_j2","2.9","","0","1.2","Plate","plate","31","","","","","false","all","type2","","","","","","","","","","","","","","","","","","","","","","","","","","","","","","","","true","","","","","","","","","","","","","","","","","","","","","","","","","","","","","","","","","","","","","","","","","","","","","","",""
"OSA","OSA_tv_assets_head.xml","TV_sturgia_helmet_k","{=osa_tv_sturgia_helmet_k}Northern Gilded Spangenhelm","HeadArmor","Culture.sturgia","head_armor","TV_sturgia_helmet_k","2.9","","0","1.2","Plate","plate","34","","","","","false","all","type2","","","","","","","","","","","","","","","","","","","","","","","","","","","","","","","","true","","","","","","","","","","","","","","","","","","","","","","","","","","","","","","","","","","","","","","","","","","","","","","",""
"OSA","OSA_tv_assets_head.xml","TV_sturgia_helmet_k2","{=osa_tv_sturgia_helmet_k2}Northern Mailed Gilded Spangenhelm","HeadArmor","Culture.sturgia","head_armor","TV_sturgia_helmet_k2","2.9","","0","1.2","Plate","plate","44","","","","","false","all","type2","","","","","","","","","","","","","","","","","","","","","","","","","","","","","","","","true","","","","","","","","","","","","","","","","","","","","","","","","","","","","","","","","","","","","","","","","","","","","","","",""
"OSA","OSA_tv_assets_head.xml","TV_sturgia_lord_helmet_a","{=osa_tv_sturgia_lord_helmet_a}Northern Blackened Steel Battle Crown","HeadArmor","Culture.sturgia","","TV_sturgia_lord_helmet_a","2.2","","","3","Plate","plate","47","","","","","false","all","none","","","","","","","","","","","","","","","","","","","","","","","","","","","","","","","","true","","","","","","","","","","","","","","","","","","","","","","","","","","","","","","","","","","","","","","","","","","","","","","",""
"OSA","OSA_tv_assets_head.xml","TV_sturgia_lord_helmet_b","{=osa_tv_sturgia_lord_helmet_b}Northern Noble Mailed Steel Helmet","HeadArmor","Culture.sturgia","","TV_sturgia_lord_helmet_b","3.15","","","1.6","Plate","plate","45","","","","","false","all","type2","","","","","","","","","","","","","","","","","","","","","","","","","","","","","","","","true","","","","","","","","","","","","","","","","","","","","","","","","","","","","","","","","","","","","","","","","","","","","","","",""
"OSA","OSA_tv_assets_head.xml","TV_sturgia_lord_helmet_b2","{=osa_tv_sturgia_lord_helmet_b2}Northern Noble Mailed Steel Nasal Helmet","HeadArmor","Culture.sturgia","","TV_sturgia_lord_helmet_b2","3.15","","","1.6","Plate","plate","48","","","","","false","all","type2","","","","","","","","","","","","","","","","","","","","","","","","","","","","","","","","true","","","","","","","","","","","","","","","","","","","","","","","","","","","","","","","","","","","","","","","","","","","","","","",""
"OSA","OSA_tv_assets_head.xml","TV_sturgia_lord_helmet_c","{=osa_tv_sturgia_lord_helmet_c}Northern Noble Mailed Gilded Helmet","HeadArmor","Culture.sturgia","","TV_sturgia_lord_helmet_c","3.15","","","1.6","Plate","plate","45","","","","","false","all","type2","","","","","","","","","","","","","","","","","","","","","","","","","","","","","","","","true","","","","","","","","","","","","","","","","","","","","","","","","","","","","","","","","","","","","","","","","","","","","","","",""
"OSA","OSA_tv_assets_head.xml","TV_sturgia_lord_helmet_c2","{=osa_tv_sturgia_lord_helmet_c2}Northern Noble Mailed Gilded Nasal Helmet","HeadArmor","Culture.sturgia","","TV_sturgia_lord_helmet_c2","3.15","","","1.6","Plate","plate","48","","","","","false","all","type2","","","","","","","","","","","","","","","","","","","","","","","","","","","","","","","","true","","","","","","","","","","","","","","","","","","","","","","","","","","","","","","","","","","","","","","","","","","","","","","",""
"OSA","OSA_tv_assets_head.xml","TV_sturgia_lord_helmet_d","{=osa_tv_sturgia_lord_helmet_d}Northern Mailed Gilded Spangenhelm With Feathers","HeadArmor","Culture.sturgia","","TV_sturgia_lord_helmet_d","3.15","","","1.6","Plate","plate","47","","","","","false","all","type2","","","","","","","","","","","","","","","","","","","","","","","","","","","","","","","","true","","","","","","","","","","","","","","","","","","","","","","","","","","","","","","","","","","","","","","","","","","","","","","",""
"OSA","OSA_tv_assets_head.xml","TV_sturgia_lord_helmet_e","{=osa_tv_sturgia_lord_helmet_e}Northern Mailed Gilded Spangenhelm With Plume","HeadArmor","Culture.sturgia","","TV_sturgia_lord_helmet_e","3.15","","","1.6","Plate","plate","47","","","","","false","all","type2","","","","","","","","","","","","","","","","","","","","","","","","","","","","","","","","true","","","","","","","","","","","","","","","","","","","","","","","","","","","","","","","","","","","","","","","","","","","","","","",""
"OSA","OSA_tv_assets_head.xml","tv_vlandia_helmet_a","{=osa_tv_vlandia_helmet_a}Western Painted Nasalhelm","HeadArmor","Culture.vlandia","","tv_vlandia_helmet_a","2.1","","","1.4","Plate","plate","20","","","","","false","type1","none","","","","","","","","","","","","","","","","","","","","","","","","","","","","","","","","true","","","","","","","","","","","","","","","","","","","","","","","","","","","","","","","","","","","","","","","","","","","","","","",""
"OSA","OSA_tv_assets_head.xml","tv_vlandia_helmet_a2","{=osa_tv_vlandia_helmet_a2}Western Painted Nasalhelm Over Padded Cloth","HeadArmor","Culture.vlandia","head_armor","tv_vlandia_helmet_a2","2.6","","0","2.8","Plate","plate","28","","","","","false","all","type2","","","","","","","","","","","","","","","","","","","","","","","","","","","","","","","","true","","","","","","","","","","","","","","","","","","","","","","","","","","","","","","","","","","","","","","","","","","","","","","",""
"OSA","OSA_tv_assets_head.xml","tv_vlandia_helmet_a3","{=osa_tv_vlandia_helmet_a3}Western Painted Nasalhelm Over Mail","HeadArmor","Culture.vlandia","","tv_vlandia_helmet_a3","3.1","","","2","Plate","plate","36","","","","","false","all","type2","","","","","","","","","","","","","","","","","","","","","","","","","","","","","","","","true","","","","","","","","","","","","","","","","","","","","","","","","","","","","","","","","","","","","","","","","","","","","","","",""
"OSA","OSA_tv_assets_head.xml","tv_vlandia_helmet_a4","{=osa_tv_vlandia_helmet_a4}Western Painted Nasalhelm Over Open Mail Coif","HeadArmor","Culture.vlandia","","tv_vlandia_helmet_a4","3.2","","","2","Plate","plate","42","","","","","false","all","type4","","","","","","","","","","","","","","","","","","","","","","","","","","","","","","","","true","","","","","","","","","","","","","","","","","","","","","","","","","","","","","","","","","","","","","","","","","","","","","","",""
"OSA","OSA_tv_assets_head.xml","tv_vlandia_helmet_a5","{=osa_tv_vlandia_helmet_a5}Western Painted Nasalhelm Over Closed Mail Coif","HeadArmor","Culture.vlandia","","tv_vlandia_helmet_a5","3.2","","","2","Plate","plate","48","","","","","false","all","all","","","","","","","","","","","","","","","","","","","","","","","","","","","","","","","","true","","","","","","","","","","","","","","","","","","","","","","","","","","","","","","","","","","","","","","","","","","","","","","",""
"OSA","OSA_tv_assets_head.xml","tv_vlandia_helmet_b","{=osa_tv_vlandia_helmet_b}Western Nasal Helmet","HeadArmor","Culture.vlandia","","tv_vlandia_helmet_b","2.1","","","1.4","Plate","plate","20","","","","","false","type1","none","","","","","","","","","","","","","","","","","","","","","","","","","","","","","","","","true","","","","","","","","","","","","","","","","","","","","","","","","","","","","","","","","","","","","","","","","","","","","","","",""
"OSA","OSA_tv_assets_head.xml","tv_vlandia_helmet_b2","{=osa_tv_vlandia_helmet_b2}Western Nasal Helmet Over Padded Leather","HeadArmor","Culture.vlandia","head_armor","tv_vlandia_helmet_b2","2.6","","0","2.8","Plate","plate","28","","","","","false","all","type2","","","","","","","","","","","","","","","","","","","","","","","","","","","","","","","","true","","","","","","","","","","","","","","","","","","","","","","","","","","","","","","","","","","","","","","","","","","","","","","",""
"OSA","OSA_tv_assets_head.xml","tv_vlandia_helmet_b3","{=osa_tv_vlandia_helmet_b3}Western Nasal Helmet Over Mail","HeadArmor","Culture.vlandia","","tv_vlandia_helmet_b3","3.1","","","2","Plate","plate","36","","","","","false","all","type2","","","","","","","","","","","","","","","","","","","","","","","","","","","","","","","","true","","","","","","","","","","","","","","","","","","","","","","","","","","","","","","","","","","","","","","","","","","","","","","",""
"OSA","OSA_tv_assets_head.xml","tv_vlandia_helmet_b4","{=osa_tv_vlandia_helmet_b4}Western Nasal Helmet Over Open Mail Coif","HeadArmor","Culture.vlandia","","tv_vlandia_helmet_b4","3.2","","","2","Plate","plate","42","","","","","false","all","type4","","","","","","","","","","","","","","","","","","","","","","","","","","","","","","","","true","","","","","","","","","","","","","","","","","","","","","","","","","","","","","","","","","","","","","","","","","","","","","","",""
"OSA","OSA_tv_assets_head.xml","tv_vlandia_helmet_b5","{=osa_tv_vlandia_helmet_b5}Western Nasal Helmet Over Closed Mail Coif","HeadArmor","Culture.vlandia","","tv_vlandia_helmet_b5","3.2","","","2","Plate","plate","48","","","","","false","all","all","","","","","","","","","","","","","","","","","","","","","","","","","","","","","","","","true","","","","","","","","","","","","","","","","","","","","","","","","","","","","","","","","","","","","","","","","","","","","","","",""
"OSA","OSA_tv_assets_head.xml","tv_vlandia_helmet_c","{=osa_tv_vlandia_helmet_c}Western Conical Nasalhelm","HeadArmor","Culture.vlandia","","tv_vlandia_helmet_c","2.1","","","1.4","Plate","plate","20","","","","","false","type1","none","","","","","","","","","","","","","","","","","","","","","","","","","","","","","","","","true","","","","","","","","","","","","","","","","","","","","","","","","","","","","","","","","","","","","","","","","","","","","","","",""
"OSA","OSA_tv_assets_head.xml","tv_vlandia_helmet_c2","{=osa_tv_vlandia_helmet_c2}Western Conical Nasalhelm Over Padded Cloth","HeadArmor","Culture.vlandia","head_armor","tv_vlandia_helmet_c2","2.6","","0","2.8","Plate","plate","28","","","","","false","all","type2","","","","","","","","","","","","","","","","","","","","","","","","","","","","","","","","true","","","","","","","","","","","","","","","","","","","","","","","","","","","","","","","","","","","","","","","","","","","","","","",""
"OSA","OSA_tv_assets_head.xml","tv_vlandia_helmet_c3","{=osa_tv_vlandia_helmet_c3}Western Conical Nasalhelm Over Mail","HeadArmor","Culture.vlandia","","tv_vlandia_helmet_c3","3.1","","","2","Plate","plate","36","","","","","false","all","type2","","","","","","","","","","","","","","","","","","","","","","","","","","","","","","","","true","","","","","","","","","","","","","","","","","","","","","","","","","","","","","","","","","","","","","","","","","","","","","","",""
"OSA","OSA_tv_assets_head.xml","tv_vlandia_helmet_c4","{=osa_tv_vlandia_helmet_c4}Western Conical Nasalhelm Over Open Mail Coif","HeadArmor","Culture.vlandia","","tv_vlandia_helmet_c4","3.2","","","2","Plate","plate","42","","","","","false","all","type4","","","","","","","","","","","","","","","","","","","","","","","","","","","","","","","","true","","","","","","","","","","","","","","","","","","","","","","","","","","","","","","","","","","","","","","","","","","","","","","",""
"OSA","OSA_tv_assets_head.xml","tv_vlandia_helmet_c5","{=osa_tv_vlandia_helmet_c5}Western Conical Nasalhelm Over Closed Mail Coif","HeadArmor","Culture.vlandia","","tv_vlandia_helmet_c5","3.2","","","2","Plate","plate","48","","","","","false","all","all","","","","","","","","","","","","","","","","","","","","","","","","","","","","","","","","true","","","","","","","","","","","","","","","","","","","","","","","","","","","","","","","","","","","","","","","","","","","","","","",""
"OSA","OSA_tv_assets_head.xml","tv_vlandia_helmet_d","{=osa_tv_vlandia_helmet_d}Western Fluted Helmet Over Mail","HeadArmor","Culture.vlandia","head_armor","tv_vlandia_helmet_d","4.1","","","3","Plate","plate","47","","","","","false","all","type3","","","","","","","","","","","","","","","","","","","","","","","","","","","","","","","","true","","","","","","","","","","","","","","","","","","","","","","","","","","","","","","","","","","","","","","","","","","","","","","",""
"OSA","OSA_tv_assets_head.xml","tv_vlandia_helmet_f","{=osa_tv_vlandia_helmet_f}Northern Nasal Helmet With Closed Mail","HeadArmor","Culture.sturgia","","tv_vlandia_helmet_f","4","","","2.7","Plate","plate","51","","","","","false","all","all","","","","","","","","","","","","","","","","","","","","","","","","","","","","","","","","true","","","","","","","","","","","","","","","","","","","","","","","","","","","","","","","","","","","","","","","","","","","","","","",""
"OSA","OSA_tv_assets_head.xml","TV_vlandia_helmet_g","{=osa_tv_vlandia_helmet_g}Roundkettle Helmet Over Mail","HeadArmor","Culture.vlandia","head_armor","TV_vlandia_helmet_g","2.9","","","1.5","Plate","plate","36","","","","","false","all","type3","","","","","","","","","","","","","","","","","","","","","","","","","","","","","","","","true","","","","","","","","","","","","","","","","","","","","","","","","","","","","","","","","","","","","","","","","","","","","","","",""
"OSA","OSA_tv_assets_head.xml","TV_vlandia_helmet_h","{=osa_tv_vlandia_helmet_h}Roundkettle Helmet Over Studded Leather","HeadArmor","Culture.vlandia","head_armor","TV_vlandia_helmet_h","2.4","","","1.6","Plate","plate","33","","","","","false","all","type3","","","","","","","","","","","","","","","","","","","","","","","","","","","","","","","","true","","","","","","","","","","","","","","","","","","","","","","","","","","","","","","","","","","","","","","","","","","","","","","",""
"OSA","OSA_tv_assets_head.xml","tv_vlandia_helmet_i","{=osa_tv_vlandia_helmet_i}Western Bent Conical Helmet Over Padded Cloth","HeadArmor","Culture.vlandia","head_armor","tv_vlandia_helmet_i","2.6","","0","2.8","Plate","plate","28","","","","","false","all","type2","","","","","","","","","","","","","","","","","","","","","","","","","","","","","","","","true","","","","","","","","","","","","","","","","","","","","","","","","","","","","","","","","","","","","","","","","","","","","","","",""
"OSA","OSA_tv_assets_head.xml","tv_vlandia_helmet_i2","{=osa_tv_vlandia_helmet_i2}Western Bent Conical Helmet Over Padded Mail","HeadArmor","Culture.vlandia","","tv_vlandia_helmet_i2","3.1","","","2","Plate","plate","36","","","","","false","all","type2","","","","","","","","","","","","","","","","","","","","","","","","","","","","","","","","true","","","","","","","","","","","","","","","","","","","","","","","","","","","","","","","","","","","","","","","","","","","","","","",""
"OSA","OSA_tv_assets_head.xml","tv_vlandia_helmet_i3","{=osa_tv_vlandia_helmet_i3}Western Bent Conical Helmet Over Open Mail Coif","HeadArmor","Culture.vlandia","","tv_vlandia_helmet_i3","3.2","","","2","Plate","plate","42","","","","","false","all","type4","","","","","","","","","","","","","","","","","","","","","","","","","","","","","","","","true","","","","","","","","","","","","","","","","","","","","","","","","","","","","","","","","","","","","","","","","","","","","","","",""
"OSA","OSA_tv_assets_head.xml","tv_vlandia_helmet_i4","{=osa_tv_vlandia_helmet_i4}Western Bent Conical Helmet Over Closed Mail Coif","HeadArmor","Culture.vlandia","","tv_vlandia_helmet_i4","3.2","","","2","Plate","plate","48","","","","","false","all","all","","","","","","","","","","","","","","","","","","","","","","","","","","","","","","","","true","","","","","","","","","","","","","","","","","","","","","","","","","","","","","","","","","","","","","","","","","","","","","","",""
"OSA","OSA_tv_assets_head.xml","tv_vlandia_helmet_j","{=osa_tv_vlandia_helmet_j}Western Heavy Nasalhelm Over Open Mail Coif","HeadArmor","Culture.vlandia","","tv_vlandia_helmet_j","3.2","","","2","Plate","plate","42","","","","","false","all","type4","","","","","","","","","","","","","","","","","","","","","","","","","","","","","","","","true","","","","","","","","","","","","","","","","","","","","","","","","","","","","","","","","","","","","","","","","","","","","","","",""
"OSA","OSA_tv_assets_head.xml","tv_vlandia_helmet_j2","{=osa_tv_vlandia_helmet_j2}Western Heavy Nasalhelm Over Closed Mail Coif","HeadArmor","Culture.vlandia","","tv_vlandia_helmet_j2","3.2","","","2","Plate","plate","48","","","","","false","all","all","","","","","","","","","","","","","","","","","","","","","","","","","","","","","","","","true","","","","","","","","","","","","","","","","","","","","","","","","","","","","","","","","","","","","","","","","","","","","","","",""
"OSA","OSA_tv_assets_head.xml","tv_vlandia_helmet_k","{=osa_tv_vlandia_helmet_k}Western Peaked Helmet","HeadArmor","Culture.vlandia","","tv_vlandia_helmet_k","2.1","","","1.4","Plate","plate","20","","","","","false","type2","none","","","","","","","","","","","","","","","","","","","","","","","","","","","","","","","","true","","","","","","","","","","","","","","","","","","","","","","","","","","","","","","","","","","","","","","","","","","","","","","",""
"OSA","OSA_tv_assets_head.xml","tv_vlandia_helmet_k2","{=osa_tv_vlandia_helmet_k2}Western Peaked Helmet Over Leather","HeadArmor","Culture.vlandia","head_armor","tv_vlandia_helmet_k2","2.8","","0","1.8","Plate","plate","37","","","","","false","type3","type2","","","","","","","","","","","","","","","","","","","","","","","","","","","","","","","","true","","","","","","","","","","","","","","","","","","","","","","","","","","","","","","","","","","","","","","","","","","","","","","",""
"OSA","OSA_tv_assets_head.xml","tv_vlandia_helmet_k3","{=osa_tv_vlandia_helmet_k3}Western Peaked Helmet Over Mail","HeadArmor","Culture.vlandia","head_armor","tv_vlandia_helmet_k3","3","","0","2","Plate","plate","42","","","","","false","type3","type2","","","","","","","","","","","","","","","","","","","","","","","","","","","","","","","","true","","","","","","","","","","","","","","","","","","","","","","","","","","","","","","","","","","","","","","","","","","","","","","",""
"OSA","OSA_tv_assets_head.xml","tv_vlandia_helmet_k4","{=osa_tv_vlandia_helmet_k4}Western Peaked Helmet Over Iron Scale","HeadArmor","Culture.vlandia","head_armor","tv_vlandia_helmet_k4","3","","0","2","Plate","plate","50","","","","","false","type3","type2","","","","","","","","","","","","","","","","","","","","","","","","","","","","","","","","true","","","","","","","","","","","","","","","","","","","","","","","","","","","","","","","","","","","","","","","","","","","","","","",""
"OSA","OSA_tv_assets_head.xml","tv_vlandia_helmet_k5","{=osa_tv_vlandia_helmet_k5}Western Peaked Helmet Over Steel Scale","HeadArmor","Culture.vlandia","head_armor","tv_vlandia_helmet_k5","3","","0","2","Plate","plate","50","","","","","false","type3","type2","","","","","","","","","","","","","","","","","","","","","","","","","","","","","","","","true","","","","","","","","","","","","","","","","","","","","","","","","","","","","","","","","","","","","","","","","","","","","","","",""
"OSA","OSA_tv_assets_head.xml","tv_vlandia_helmet_k6","{=osa_tv_vlandia_helmet_k6}Western Peaked Helmet Over Closed Mail Coif","HeadArmor","Culture.vlandia","","tv_vlandia_helmet_k6","3.2","","","2","Plate","plate","48","","","","","false","all","all","","","","","","","","","","","","","","","","","","","","","","","","","","","","","","","","true","","","","","","","","","","","","","","","","","","","","","","","","","","","","","","","","","","","","","","","","","","","","","","",""
"OSA","OSA_tv_assets_head.xml","TV_vlandia_helmet_l","{=osa_tv_vlandia_helmet_l}Western Peaked Lancer's Helmet Over Cloth","HeadArmor","Culture.vlandia","head_armor","TV_vlandia_helmet_l","2.8","","","1.8","Plate","plate","33","","","","","false","all","type3","","","","","","","","","","","","","","","","","","","","","","","","","","","","","","","","true","","","","","","","","","","","","","","","","","","","","","","","","","","","","","","","","","","","","","","","","","","","","","","",""
"OSA","OSA_tv_assets_head.xml","TV_vlandia_helmet_m","{=osa_tv_vlandia_helmet_m}Western Peaked Lancer's Helmet Over Leather","HeadArmor","Culture.vlandia","head_armor","TV_vlandia_helmet_m","2.5","","","1.8","Plate","plate","35","","","","","false","all","type3","","","","","","","","","","","","","","","","","","","","","","","","","","","","","","","","true","","","","","","","","","","","","","","","","","","","","","","","","","","","","","","","","","","","","","","","","","","","","","","",""
"OSA","OSA_tv_assets_head.xml","TV_vlandia_helmet_n","{=osa_tv_vlandia_helmet_n}Western Peaked Lancer's Helmet Over Mail","HeadArmor","Culture.vlandia","","TV_vlandia_helmet_n","2.8","","","1.9","Plate","plate","38","","","","","false","all","type3","","","","","","","","","","","","","","","","","","","","","","","","","","","","","","","","true","","","","","","","","","","","","","","","","","","","","","","","","","","","","","","","","","","","","","","","","","","","","","","",""
"OSA","OSA_tv_assets_head.xml","tv_vlandia_helmet_o","{=osa_tv_vlandia_helmet_o}Western Banded Nasal Cevelliere Over Padded Cloth","HeadArmor","Culture.vlandia","head_armor","tv_vlandia_helmet_o","2.6","","0","2.8","Plate","plate","28","","","","","false","all","type2","","","","","","","","","","","","","","","","","","","","","","","","","","","","","","","","true","","","","","","","","","","","","","","","","","","","","","","","","","","","","","","","","","","","","","","","","","","","","","","",""
"OSA","OSA_tv_assets_head.xml","tv_vlandia_helmet_o2","{=osa_tv_vlandia_helmet_o2}Western Banded Nasal Cevelliere Over Padded Mail","HeadArmor","Culture.vlandia","","tv_vlandia_helmet_o2","3.1","","","2","Plate","plate","36","","","","","false","all","type2","","","","","","","","","","","","","","","","","","","","","","","","","","","","","","","","true","","","","","","","","","","","","","","","","","","","","","","","","","","","","","","","","","","","","","","","","","","","","","","",""
"OSA","OSA_tv_assets_head.xml","tv_vlandia_helmet_o3","{=osa_tv_vlandia_helmet_o3}Western Banded Nasal Cevelliere Over Open Mail Coif","HeadArmor","Culture.vlandia","","tv_vlandia_helmet_o3","3.2","","","2","Plate","plate","42","","","","","false","all","type4","","","","","","","","","","","","","","","","","","","","","","","","","","","","","","","","true","","","","","","","","","","","","","","","","","","","","","","","","","","","","","","","","","","","","","","","","","","","","","","",""
"OSA","OSA_tv_assets_head.xml","tv_vlandia_helmet_o4","{=osa_tv_vlandia_helmet_o4}Western Banded Nasal Cevelliere Over Closed Mail Coif","HeadArmor","Culture.vlandia","","tv_vlandia_helmet_o4","3.2","","","2","Plate","plate","48","","","","","false","all","all","","","","","","","","","","","","","","","","","","","","","","","","","","","","","","","","true","","","","","","","","","","","","","","","","","","","","","","","","","","","","","","","","","","","","","","","","","","","","","","",""
"OSA","OSA_tv_assets_head.xml","TV_vlandia_helmet_p","{=osa_tv_vlandia_helmet_p}Western Pointed Skullcap With Closed Mail","HeadArmor","Culture.vlandia","","TV_vlandia_helmet_p","2.8","","","2.7","Plate","plate","44","","","","","false","all","all","","","","","","","","","","","","","","","","","","","","","","","","","","","","","","","","true","","","","","","","","","","","","","","","","","","","","","","","","","","","","","","","","","","","","","","","","","","","","","","",""
"OSA","OSA_tv_assets_head.xml","TV_vlandia_helmet_p2","{=osa_tv_vlandia_helmet_p2}Western Pointed Skullcap Over Closed Mail Coif","HeadArmor","Culture.vlandia","","TV_vlandia_helmet_p2","2.8","","","2.7","Plate","plate","48","","","","","false","all","all","","","","","","","","","","","","","","","","","","","","","","","","","","","","","","","","true","","","","","","","","","","","","","","","","","","","","","","","","","","","","","","","","","","","","","","","","","","","","","","",""
"OSA","OSA_tv_assets_head.xml","TV_vlandia_helmet_q","{=osa_tv_vlandia_helmet_q}Western Nasal Helmet With Closed Mail","HeadArmor","Culture.vlandia","","TV_vlandia_helmet_q","2.8","","","2.7","Plate","plate","44","","","","","false","all","all","","","","","","","","","","","","","","","","","","","","","","","","","","","","","","","","true","","","","","","","","","","","","","","","","","","","","","","","","","","","","","","","","","","","","","","","","","","","","","","",""
"OSA","OSA_tv_assets_head.xml","TV_vlandia_helmet_q2","{=osa_tv_vlandia_helmet_q2}Western Nasal Helmet Over Closed Mail Coif","HeadArmor","Culture.vlandia","","TV_vlandia_helmet_q2","2.8","","","2.7","Plate","plate","48","","","","","false","all","all","","","","","","","","","","","","","","","","","","","","","","","","","","","","","","","","true","","","","","","","","","","","","","","","","","","","","","","","","","","","","","","","","","","","","","","","","","","","","","","",""
"OSA","OSA_tv_assets_head.xml","tv_vlandia_helmet_r","{=osa_tv_vlandia_helmet_r}Western Banded Nasalhelm Over Padded Cloth","HeadArmor","Culture.vlandia","head_armor","tv_vlandia_helmet_r","2.6","","0","2.8","Plate","plate","28","","","","","false","all","type2","","","","","","","","","","","","","","","","","","","","","","","","","","","","","","","","true","","","","","","","","","","","","","","","","","","","","","","","","","","","","","","","","","","","","","","","","","","","","","","",""
"OSA","OSA_tv_assets_head.xml","tv_vlandia_helmet_r2","{=osa_tv_vlandia_helmet_r2}Western Banded Nasalhelm Over Padded Mail","HeadArmor","Culture.vlandia","","tv_vlandia_helmet_r2","3.1","","","2","Plate","plate","36","","","","","false","all","type2","","","","","","","","","","","","","","","","","","","","","","","","","","","","","","","","true","","","","","","","","","","","","","","","","","","","","","","","","","","","","","","","","","","","","","","","","","","","","","","",""
"OSA","OSA_tv_assets_head.xml","tv_vlandia_helmet_r3","{=osa_tv_vlandia_helmet_r3}Western Banded Nasalhelm Over Open Mail Coif","HeadArmor","Culture.vlandia","","tv_vlandia_helmet_r3","3.2","","","2","Plate","plate","42","","","","","false","all","type4","","","","","","","","","","","","","","","","","","","","","","","","","","","","","","","","true","","","","","","","","","","","","","","","","","","","","","","","","","","","","","","","","","","","","","","","","","","","","","","",""
"OSA","OSA_tv_assets_head.xml","tv_vlandia_helmet_r4","{=osa_tv_vlandia_helmet_r4}Western Banded Nasalhelm Over Closed Mail Coif","HeadArmor","Culture.vlandia","","tv_vlandia_helmet_r4","3.2","","","2","Plate","plate","48","","","","","false","all","all","","","","","","","","","","","","","","","","","","","","","","","","","","","","","","","","true","","","","","","","","","","","","","","","","","","","","","","","","","","","","","","","","","","","","","","","","","","","","","","",""
"OSA","OSA_tv_assets_head.xml","TV_vlandia_helmet_s","{=osa_tv_vlandia_helmet_s}Western Peaked Lancer's Helmet Over Cloth Cap","HeadArmor","Culture.vlandia","head_armor","TV_vlandia_helmet_s","2.8","","","1.8","Plate","plate","30","","","","","false","type3","none","","","","","","","","","","","","","","","","","","","","","","","","","","","","","","","","true","","","","","","","","","","","","","","","","","","","","","","","","","","","","","","","","","","","","","","","","","","","","","","",""
"OSA","OSA_tv_assets_head.xml","tv_vlandia_helmet_t","{=osa_tv_vlandia_helmet_t}Western Bent Conical Nasalhelm","HeadArmor","Culture.vlandia","","tv_vlandia_helmet_t","2.1","","","1.4","Plate","plate","20","","","","","false","type2","none","","","","","","","","","","","","","","","","","","","","","","","","","","","","","","","","true","","","","","","","","","","","","","","","","","","","","","","","","","","","","","","","","","","","","","","","","","","","","","","",""
"OSA","OSA_tv_assets_head.xml","tv_vlandia_helmet_t2","{=osa_tv_vlandia_helmet_t2}Western Bent Conical Nasalhelm Over Leather","HeadArmor","Culture.vlandia","head_armor","tv_vlandia_helmet_t2","2.8","","0","1.8","Plate","plate","37","","","","","false","type3","type2","","","","","","","","","","","","","","","","","","","","","","","","","","","","","","","","true","","","","","","","","","","","","","","","","","","","","","","","","","","","","","","","","","","","","","","","","","","","","","","",""
"OSA","OSA_tv_assets_head.xml","tv_vlandia_helmet_t3","{=osa_tv_vlandia_helmet_t3}Western Bent Conical Nasalhelm Over Mail","HeadArmor","Culture.vlandia","head_armor","tv_vlandia_helmet_t3","3","","0","2","Plate","plate","42","","","","","false","type3","type2","","","","","","","","","","","","","","","","","","","","","","","","","","","","","","","","true","","","","","","","","","","","","","","","","","","","","","","","","","","","","","","","","","","","","","","","","","","","","","","",""
"OSA","OSA_tv_assets_head.xml","tv_vlandia_helmet_t4","{=osa_tv_vlandia_helmet_t4}Western Bent Conical Nasalhelm Over Closed Mail Coif","HeadArmor","Culture.vlandia","","tv_vlandia_helmet_t4","3.2","","","2","Plate","plate","48","","","","","false","all","all","","","","","","","","","","","","","","","","","","","","","","","","","","","","","","","","true","","","","","","","","","","","","","","","","","","","","","","","","","","","","","","","","","","","","","","","","","","","","","","",""
"OSA","OSA_tv_assets_head.xml","tv_vlandia_helmet_u","{=osa_tv_vlandia_helmet_u}Western Banded Helmet With Faceguard Over Padded Cloth","HeadArmor","Culture.vlandia","head_armor","tv_vlandia_helmet_u","2.6","","0","2.8","Plate","plate","32","","","","","false","all","type2","","","","","","","","","","","","","","","","","","","","","","","","","","","","","","","","true","","","","","","","","","","","","","","","","","","","","","","","","","","","","","","","","","","","","","","","","","","","","","","",""
"OSA","OSA_tv_assets_head.xml","tv_vlandia_helmet_u2","{=osa_tv_vlandia_helmet_u2}Western Banded Helmet With Faceguard Over Padded Mail","HeadArmor","Culture.vlandia","","tv_vlandia_helmet_u2","3.1","","","2","Plate","plate","40","","","","","false","all","type2","","","","","","","","","","","","","","","","","","","","","","","","","","","","","","","","true","","","","","","","","","","","","","","","","","","","","","","","","","","","","","","","","","","","","","","","","","","","","","","",""
"OSA","OSA_tv_assets_head.xml","tv_vlandia_helmet_u3","{=osa_tv_vlandia_helmet_u3}Western Banded Helmet With Faceguard Over Open Mail Coif","HeadArmor","Culture.vlandia","","tv_vlandia_helmet_u3","3.2","","","2","Plate","plate","46","","","","","false","all","type4","","","","","","","","","","","","","","","","","","","","","","","","","","","","","","","","true","","","","","","","","","","","","","","","","","","","","","","","","","","","","","","","","","","","","","","","","","","","","","","",""
"OSA","OSA_tv_assets_head.xml","tv_vlandia_lord_helmet_a","{=osa_tv_vlandia_lord_helmet_a}Western Fluted Helmet With Steel Visor Over Mail","HeadArmor","Culture.vlandia","head_armor","tv_vlandia_lord_helmet_a","4.8","","","2","Plate","plate","58","","","","","false","all","","","","","","","","","","","","","","","","","","","","","","","","","","","","","","","","","true","","","","","","","","","","","","","","","","","","","","","","","","","","","","","","","","","","","","","","","","","","","","","","",""
"OSA","OSA_tv_assets_head.xml","tv_vlandia_lord_helmet_a2","{=osa_tv_vlandia_lord_helmet_a2}Western Fluted Helmet With Gilded Visor Over Mail","HeadArmor","Culture.vlandia","head_armor","tv_vlandia_lord_helmet_a2","4.8","","","2","Plate","plate","58","","","","","false","all","","","","","","","","","","","","","","","","","","","","","","","","","","","","","","","","","true","","","","","","","","","","","","","","","","","","","","","","","","","","","","","","","","","","","","","","","","","","","","","","",""
"OSA","OSA_tv_assets_head.xml","tv_vlandia_lord_helmet_b","{=osa_tv_vlandia_lord_helmet_b}Western Fluted Helmet With Steel Visor Over Mail","HeadArmor","Culture.vlandia","head_armor","tv_vlandia_lord_helmet_b","4.8","","","2","Plate","plate","58","","","","","false","all","","","","","","","","","","","","","","","","","","","","","","","","","","","","","","","","","true","","","","","","","","","","","","","","","","","","","","","","","","","","","","","","","","","","","","","","","","","","","","","","",""
"OSA","OSA_tv_assets_head.xml","tv_vlandia_lord_helmet_b2","{=osa_tv_vlandia_lord_helmet_b2}Western Fluted Helmet With Gilded Visor Over Mail","HeadArmor","Culture.vlandia","head_armor","tv_vlandia_lord_helmet_b2","4.8","","","2","Plate","plate","58","","","","","false","all","","","","","","","","","","","","","","","","","","","","","","","","","","","","","","","","","true","","","","","","","","","","","","","","","","","","","","","","","","","","","","","","","","","","","","","","","","","","","","","","",""
"OSA","OSA_tv_assets_head.xml","tv_vlandia_lord_helmet_c","{=osa_tv_vlandia_lord_helmet_c}Western Noble Peaked Lancer's Helmet","HeadArmor","Culture.vlandia","head_armor","tv_vlandia_lord_helmet_c","3.2","","","5","Plate","plate","53","","","","","false","all","type2","","","","","","","","","","","","","","","","","","","","","","","","","","","","","","","","true","","","","","","","","","","","","","","","","","","","","","","","","","","","","","","","","","","","","","","","","","","","","","","",""
"OSA","OSA_tv_assets_head.xml","tv_vlandia_lord_helmet_d","{=osa_tv_vlandia_lord_helmet_d}Western Crested Noble Peaked Lancer's Helmet","HeadArmor","Culture.vlandia","head_armor","tv_vlandia_lord_helmet_d","3.2","","","5","Plate","plate","53","","","","","false","all","type2","","","","","","","","","","","","","","","","","","","","","","","","","","","","","","","","true","","","","","","","","","","","","","","","","","","","","","","","","","","","","","","","","","","","","","","","","","","","","","","",""
"OSA","OSA_tv_assets_head.xml","tv_vlandia_lord_helmet_e","{=osa_tv_vlandia_lord_helmet_e}Western Crested Noble Domed Cevelliere","headArmor","Culture.vlandia","head_armor","tv_vlandia_lord_helmet_e","3.8","","","3","Plate","plate","44","","","","","false","type3","type2","","","","","","","","","","","","","","","","","","","","","","","","","","","","","","","","true","","","","","","","","","","","","","","","","","","","","","","","","","","","","","","","","","","","","","","","","","","","","","","",""
"OSA","OSA_tv_assets_head.xml","tv_vlandia_lord_helmet_f","{=osa_tv_vlandia_lord_helmet_f}Western Bent Conical Helmet With Steel Visor Over Mail","HeadArmor","Culture.vlandia","","tv_vlandia_lord_helmet_f","3.6","","","1","Plate","plate","52","","","","","false","all","all","","","","","","","","","","","","","","","","","","","","","","","","","","","","","","","","true","","","","","","","","","","","","","","","","","","","","","","","","","","","","","","","","","","","","","","","","","","","","","","",""
"OSA","OSA_tv_assets_head.xml","tv_vlandia_lord_helmet_f2","{=osa_tv_vlandia_lord_helmet_f2}Western Bent Conical Helmet With Gilded Visor Over Mail","HeadArmor","Culture.vlandia","","tv_vlandia_lord_helmet_f2","3.6","","","1","Plate","plate","52","","","","","false","all","all","","","","","","","","","","","","","","","","","","","","","","","","","","","","","","","","true","","","","","","","","","","","","","","","","","","","","","","","","","","","","","","","","","","","","","","","","","","","","","","",""
"OSA","OSA_tv_assets_head.xml","tv_vlandia_lord_helmet_g","{=osa_tv_vlandia_lord_helmet_g}Western Simple Plated Helmet","HeadArmor","Culture.vlandia","head_armor","tv_vlandia_lord_helmet_g","3.6","","","4.2","Plate","plate","45","","","","","false","all","type4","","","","","","","","","","","","","","","","","","","","","","","","","","","","","","","","true","","","","","","","","","","","","","","","","","","","","","","","","","","","","","","","","","","","","","","","","","","","","","","",""
"OSA","OSA_tv_assets_head.xml","tv_vlandia_lord_helmet_h","{=osa_tv_vlandia_lord_helmet_h}Western Segmented Cevelliere With Steel Visor Over Mail","HeadArmor","Culture.vlandia","","tv_vlandia_lord_helmet_h","3.6","","","1","Plate","plate","51","","","","","false","all","all","","","","","","","","","","","","","","","","","","","","","","","","","","","","","","","","true","","","","","","","","","","","","","","","","","","","","","","","","","","","","","","","","","","","","","","","","","","","","","","",""
"OSA","OSA_tv_assets_head.xml","tv_vlandia_lord_helmet_h2","{=osa_tv_vlandia_lord_helmet_h2}Western Segmented Cevelliere With Gilded Visor Over Mail","HeadArmor","Culture.vlandia","","tv_vlandia_lord_helmet_h2","3.6","","","1","Plate","plate","51","","","","","false","all","all","","","","","","","","","","","","","","","","","","","","","","","","","","","","","","","","true","","","","","","","","","","","","","","","","","","","","","","","","","","","","","","","","","","","","","","","","","","","","","","",""
"OSA","OSA_tv_assets_head.xml","tv_vlandia_lord_helmet_i","{=osa_tv_vlandia_lord_helmet_i}Western Noble Domed Helmet Over Scale","HeadArmor","Culture.vlandia","head_armor","tv_vlandia_lord_helmet_i","3.1","","","3","Plate","plate","51","","","","","false","all","type2","","","","","","","","","","","","","","","","","","","","","","","","","","","","","","","","true","","","","","","","","","","","","","","","","","","","","","","","","","","","","","","","","","","","","","","","","","","","","","","",""
"OSA","OSA_tv_assets_head.xml","tv_vlandia_lord_helmet_j","{=osa_tv_vlandia_lord_helmet_j}Knightly Helmet With Gilded Faceguard Over Mail","HeadArmor","Culture.vlandia","head_armor","tv_vlandia_lord_helmet_j","2.3","","","1.5","Plate","plate","52","","","","","false","all","all","","","","","","","","","","","","","","","","","","","","","","","","","","","","","","","","true","","","","","","","","","","","","","","","","","","","","","","","","","","","","","","","","","","","","","","","","","","","","","","",""
"OSA","OSA_tv_assets_head.xml","tv_vlandia_lord_helmet_j2","{=osa_tv_vlandia_lord_helmet_j2}Knightly Helmet With Steel Faceguard Over Mail","HeadArmor","Culture.vlandia","head_armor","tv_vlandia_lord_helmet_j2","2.3","","","1.5","Plate","plate","52","","","","","false","all","all","","","","","","","","","","","","","","","","","","","","","","","","","","","","","","","","true","","","","","","","","","","","","","","","","","","","","","","","","","","","","","","","","","","","","","","","","","","","","","","",""
"OSA","OSA_tv_assets_head.xml","tv_vlandia_lord_helmet_k","{=osa_tv_vlandia_lord_helmet_k}Western Segmented Cevelliere With Visor Over Mail Coif","HeadArmor","Culture.vlandia","","tv_vlandia_lord_helmet_k","3.6","","","1","Plate","plate","51","","","","","false","all","all","","","","","","","","","","","","","","","","","","","","","","","","","","","","","","","","true","","","","","","","","","","","","","","","","","","","","","","","","","","","","","","","","","","","","","","","","","","","","","","",""
"OSA","OSA_tv_assets_head.xml","tv_vlandia_lord_helmet_k2","{=osa_tv_vlandia_lord_helmet_k2}Western Gilded Segmented Cevelliere With Visor Over Mail Coif","HeadArmor","Culture.vlandia","","tv_vlandia_lord_helmet_k2","3.6","","","1","Plate","plate","51","","","","","false","all","all","","","","","","","","","","","","","","","","","","","","","","","","","","","","","","","","true","","","","","","","","","","","","","","","","","","","","","","","","","","","","","","","","","","","","","","","","","","","","","","",""
"OSA","OSA_tv_assets_head.xml","tv_vlandia_lord_helmet_l","{=osa_tv_vlandia_lord_helmet_l}Western Bent Conical Helmet With Visor Over Mail Coif","HeadArmor","Culture.vlandia","","tv_vlandia_lord_helmet_l","3.6","","","1","Plate","plate","52","","","","","false","all","all","","","","","","","","","","","","","","","","","","","","","","","","","","","","","","","","true","","","","","","","","","","","","","","","","","","","","","","","","","","","","","","","","","","","","","","","","","","","","","","",""
"OSA","OSA_tv_assets_head.xml","tv_vlandia_lord_helmet_l2","{=osa_tv_vlandia_lord_helmet_l2}Western Gilded Bent Conical Helmet With Visor Over Mail Coif","HeadArmor","Culture.vlandia","","tv_vlandia_lord_helmet_l2","3.6","","","1","Plate","plate","52","","","","","false","all","all","","","","","","","","","","","","","","","","","","","","","","","","","","","","","","","","true","","","","","","","","","","","","","","","","","","","","","","","","","","","","","","","","","","","","","","","","","","","","","","",""
"OSA","OSA_tv_assets_head.xml","TV_vlandia_royal_helmet_a","{=osa_tv_vlandia_royal_helmet_a}Western Crown Over Mail Coif","HeadArmor","Culture.vlandia","head_armor","TV_vlandia_royal_helmet_a","1.7","","0","1","Chainmail","chain","20","","","","","false","all","type2","","","","","","","","","","","","","","","","","","","","","","","","","","","","","","","","true","","","","","","","","false","","","","","","","","","","","","","","","","","","","","","","","","","","","","","","","","","","","","","","",""
"OSA","OSA_tv_assets_head.xml","TV_vlandia_royal_helmet_b","{=osa_tv_vlandia_royal_helmet_b}Western Crowned Heavy Nasalhelm Over Mail Coif","HeadArmor","Culture.vlandia","","TV_vlandia_royal_helmet_b","3.2","","","2","Plate","plate","44","","","","","false","all","type2","","","","","","","","","","","","","","","","","","","","","","","","","","","","","","","","true","","","","","","","","","","","","","","","","","","","","","","","","","","","","","","","","","","","","","","","","","","","","","","",""
"OSA","OSA_tv_assets_head.xml","TV_vlandia_royal_helmet_c","{=osa_tv_vlandia_royal_helmet_c}Western Crowned Fluted Helmet Over Mail","HeadArmor","Culture.vlandia","head_armor","TV_vlandia_royal_helmet_c","4.1","","","3","Plate","plate","50","","","","","false","all","type2","","","","","","","","","","","","","","","","","","","","","","","","","","","","","","","","true","","","","","","","","","","","","","","","","","","","","","","","","","","","","","","","","","","","","","","","","","","","","","","",""
"OSW","OSA_ar_reforms_shields.xml","AR_shield_infantry_a","{=osa_ar_shield_infantry_a}Iron Rimmed Oval Shield","Shield","","","AR_shield_infantry_a","4.7","","","1.1","","","","","","","","","","","","","","","","","LargeShield","","70","5","Blunt","82","82","","","","shield","hand_shield","","","","","","","bo_cap_shield_aserai_infantary_a","","","","true","true","","","true","","true","","","","0.0,0.1,0","","shield_kite:shield_2:shield_3:shield_4","","false","bo_shield_aserai_infantary_a","true","","1","0.0,0.065,0.05","","340","","wood_shield","0.19, -0.02, -0.05","","-20,40,-10","","","","","","","","","","","","true","","","","true","","","","","","","",""
"OSW","OSA_ar_reforms_shields.xml","AR_shield_infantry_a2","{=osa_ar_shield_infantry_a2}Bronze Rimmed Oval Shield","Shield","","","AR_shield_infantry_a2","4.7","","","1.1","","","","","","","","","","","","","","","","","LargeShield","","70","5","Blunt","82","82","","","","shield","hand_shield","","","","","","","bo_cap_shield_aserai_infantary_a","","","","true","true","","","true","","true","","","","0.0,0.1,0","","shield_kite:shield_2:shield_3:shield_4","","false","bo_shield_aserai_infantary_a","true","","1","0.0,0.065,0.05","","340","","wood_shield","0.19, -0.02, -0.05","","-20,40,-10","","","","","","","","","","","","true","","","","true","","","","","","","",""
"OSW","OSA_ar_reforms_shields.xml","AR_shield_infantry_b","{=osa_ar_shield_infantry_b}Iron Reinforced Oval Shield","Shield","","","AR_shield_infantry_b","4.7","","","1.1","","","","","","","","","","","","","","","","","LargeShield","","70","5","Blunt","82","82","","","","shield","hand_shield","","","","","","","bo_cap_shield_aserai_infantary_b","","","","true","true","","","true","","true","","","","0.0,0.1,0","","shield_kite:shield_2:shield_3:shield_4","","false","bo_shield_aserai_infantary_b","true","","2","0.0,0.065,0.05","","360","","wood_shield","0.19, -0.02, -0.05","","-20,40,-10","","","","","","","","","","","","true","","","","true","","","","","","","",""
"OSW","OSA_ar_reforms_shields.xml","AR_shield_infantry_b2","{=osa_ar_shield_infantry_b2}Bronze Reinforced Oval Shield","Shield","","","AR_shield_infantry_b2","4.7","","","1.1","","","","","","","","","","","","","","","","","LargeShield","","70","5","Blunt","82","82","","","","shield","hand_shield","","","","","","","bo_cap_shield_aserai_infantary_b","","","","true","true","","","true","","true","","","","0.0,0.1,0","","shield_kite:shield_2:shield_3:shield_4","","false","bo_shield_aserai_infantary_b","true","","2","0.0,0.065,0.05","","360","","wood_shield","0.19, -0.02, -0.05","","-20,40,-10","","","","","","","","","","","","true","","","","true","","","","","","","",""
"OSW","OSA_ar_reforms_shields.xml","AR_shield_infantry_c","{=osa_ar_shield_infantry_c}Iron Decorated Oval Shield","Shield","","","AR_shield_infantry_c","4.7","","","1.1","","","","","","","","","","","","","","","","","LargeShield","","70","5","Blunt","82","82","","","","shield","hand_shield","","","","","","","bo_cap_shield_aserai_infantary_c","","","","true","true","","","true","","true","","","","0.0,0.1,0","","shield_kite:shield_2:shield_3:shield_4","","false","bo_shield_aserai_infantary_c","true","","6","0.0,0.065,0.05","","410","","wood_shield","0.19, -0.02, -0.05","","-20,40,-10","","","","","","","","","","","","true","","","","true","","","","","","","",""
"OSW","OSA_ar_reforms_shields.xml","AR_shield_infantry_c2","{=osa_ar_shield_infantry_c2}Bronze Decorated Oval Shield","Shield","","","AR_shield_infantry_c2","4.7","","","1.1","","","","","","","","","","","","","","","","","LargeShield","","70","5","Blunt","82","82","","","","shield","hand_shield","","","","","","","bo_cap_shield_aserai_infantary_c","","","","true","true","","","true","","true","","","","0.0,0.1,0","","shield_kite:shield_2:shield_3:shield_4","","false","bo_shield_aserai_infantary_c","true","","6","0.0,0.065,0.05","","410","","wood_shield","0.19, -0.02, -0.05","","-20,40,-10","","","","","","","","","","","","true","","","","true","","","","","","","",""
"OSW","OSA_ar_reforms_shields.xml","AR_shield_infantry_d","{=osa_ar_shield_infantry_d}Iron Simple Round Shield","Shield","Culture.empire","","AR_shield_infantry_d","3.3","","","5","","","","","","","","","","","","","","","","","LargeShield","","70","5","Blunt","82","87","","","","","hand_shield","","","","","","","bo_cap_shield_sturgia_infantary_a","","","true","","true","","","true","","true","","","","0.0,0,0.01","","shield_round:shield_4","","false","bo_cap_shield_sturgia_infantary_b","true","","2","0.0,0.065,0.05","","280","","wood_shield","-0.02, 0.0, 0.0","","195.0,-90.0,-10.0","","","","","","","","","","","","true","","","","true","","","","","","","",""
"OSW","OSA_ar_reforms_shields.xml","AR_shield_infantry_d2","{=osa_ar_shield_infantry_d2}Bronze Simple Round Shield","Shield","Culture.empire","","AR_shield_infantry_d2","3.3","","","5","","","","","","","","","","","","","","","","","LargeShield","","70","5","Blunt","82","87","","","","","hand_shield","","","","","","","bo_cap_shield_sturgia_infantary_a","","","true","","true","","","true","","true","","","","0.0,0,0.01","","shield_round:shield_4","","false","bo_cap_shield_sturgia_infantary_b","true","","2","0.0,0.065,0.05","","280","","wood_shield","-0.02, 0.0, 0.0","","195.0,-90.0,-10.0","","","","","","","","","","","","true","","","","true","","","","","","","",""
"OSW","OSA_ar_reforms_shields.xml","AR_shield_infantry_e","{=osa_ar_shield_infantry_e}Iron Reinforced Round Shield","Shield","Culture.empire","","AR_shield_infantry_e","3.5","","","","","","","","","","","","","","","","","","","","LargeShield","","70","5","Blunt","82","82","","","","shield","hand_shield","","","","","","","bo_cap_shield_sturgia_infantary_a","","","true","","true","","","true","","true","","","","0.0,0,0.01","","shield_round:shield_4","","false","bo_shield_sturgia_infantary_a","true","","6","0.0,0.065,0.05","","430","","wood_shield","-0.02, 0.0, 0.0","","-15.0,-90.0,-10.0","","","","","","","","","","","","true","","","","true","","","","","","","",""
"OSW","OSA_ar_reforms_shields.xml","AR_shield_infantry_e2","{=osa_ar_shield_infantry_e2}Bronze Reinforced Round Shield","Shield","Culture.empire","","AR_shield_infantry_e2","3.5","","","","","","","","","","","","","","","","","","","","LargeShield","","70","5","Blunt","82","82","","","","shield","hand_shield","","","","","","","bo_cap_shield_sturgia_infantary_a","","","true","","true","","","true","","true","","","","0.0,0,0.01","","shield_round:shield_4","","false","bo_shield_sturgia_infantary_a","true","","6","0.0,0.065,0.05","","430","","wood_shield","-0.02, 0.0, 0.0","","-15.0,-90.0,-10.0","","","","","","","","","","","","true","","","","true","","","","","","","",""
"OSW","OSA_ar_reforms_shields.xml","AR_shield_infantry_f","{=osa_ar_shield_infantry_f}Iron Rimmed Wooden Oval Shield","Shield","","","AR_shield_infantry_f","4.7","","","1.1","","","","","","","","","","","","","","","","","LargeShield","","132","5","Blunt","82","82","","","","shield","hand_shield","","","","","","","bo_cap_aserai_shields_b","","","","true","true","","","true","","true","","","","0.0,0.1,0","","shield_kite:shield_2:shield_3:shield_4","","false","bo_aserai_shields_b","true","","1","0.0,0.065,0.05","","340","","wood_shield","0.19, -0.02, -0.05","","-20,40,-10","","","","","","","","","","","","true","","","","true","","","","","","","",""
"OSW","OSA_ar_reforms_shields.xml","AR_shield_infantry_f2","{=osa_ar_shield_infantry_f2}Bronze Rimmed Wooden Oval Shield","Shield","","","AR_shield_infantry_f2","4.7","","","1.1","","","","","","","","","","","","","","","","","LargeShield","","132","5","Blunt","82","82","","","","shield","hand_shield","","","","","","","bo_cap_aserai_shields_b","","","","true","true","","","true","","true","","","","0.0,0.1,0","","shield_kite:shield_2:shield_3:shield_4","","false","bo_aserai_shields_b","true","","1","0.0,0.065,0.05","","340","","wood_shield","0.19, -0.02, -0.05","","-20,40,-10","","","","","","","","","","","","true","","","","true","","","","","","","",""
"OSW","OSA_ar_reforms_shields.xml","AR_shield_infantry_g","{=osa_ar_shield_infantry_g}Iron Reinforced Wooden Oval Shield","Shield","","","AR_shield_infantry_g","4.7","","","1.1","","","","","","","","","","","","","","","","","LargeShield","","132","5","Blunt","82","82","","","","shield","hand_shield","","","","","","","bo_cap_aserai_shields_a","","","","true","true","","","true","","true","","","","0.0,0.1,0","","shield_kite:shield_2:shield_3:shield_4","","false","bo_aserai_shields_a","true","","2","0.0,0.065,0.05","","360","","wood_shield","0.19, -0.02, -0.05","","-20,40,-10","","","","","","","","","","","","true","","","","true","","","","","","","",""
"OSW","OSA_ar_reforms_shields.xml","AR_shield_infantry_g2","{=osa_ar_shield_infantry_g2}Bronze Reinforced Wooden Oval Shield","Shield","","","AR_shield_infantry_g2","4.7","","","1.1","","","","","","","","","","","","","","","","","LargeShield","","132","5","Blunt","82","82","","","","shield","hand_shield","","","","","","","bo_cap_aserai_shields_a","","","","true","true","","","true","","true","","","","0.0,0.1,0","","shield_kite:shield_2:shield_3:shield_4","","false","bo_aserai_shields_a","true","","2","0.0,0.065,0.05","","360","","wood_shield","0.19, -0.02, -0.05","","-20,40,-10","","","","","","","","","","","","true","","","","true","","","","","","","",""
"OSW","OSA_ar_reforms_shields.xml","AR_shield_infantry_h","{=osa_ar_shield_infantry_h}Iron Decorated Wooden Oval Shield","Shield","","","AR_shield_infantry_h","4.7","","","1.1","","","","","","","","","","","","","","","","","LargeShield","","132","5","Blunt","82","82","","","","shield","hand_shield","","","","","","","bo_cap_aserai_shields_a","","","","true","true","","","true","","true","","","","0.0,0.1,0","","shield_kite:shield_2:shield_3:shield_4","","false","bo_aserai_shields_a","true","","6","0.0,0.065,0.05","","410","","wood_shield","0.19, -0.02, -0.05","","-20,40,-10","","","","","","","","","","","","true","","","","true","","","","","","","",""
"OSW","OSA_ar_reforms_shields.xml","AR_shield_infantry_h2","{=osa_ar_shield_infantry_h2}Bronze Decorated Wooden Oval Shield","Shield","","","AR_shield_infantry_h2","4.7","","","1.1","","","","","","","","","","","","","","","","","LargeShield","","132","5","Blunt","82","82","","","","shield","hand_shield","","","","","","","bo_cap_aserai_shields_a","","","","true","true","","","true","","true","","","","0.0,0.1,0","","shield_kite:shield_2:shield_3:shield_4","","false","bo_aserai_shields_a","true","","6","0.0,0.065,0.05","","410","","wood_shield","0.19, -0.02, -0.05","","-20,40,-10","","","","","","","","","","","","true","","","","true","","","","","","","",""
"OSW","OSA_ar_reforms_shields.xml","AR_shield_infantry_i","{=osa_ar_shield_infantry_i}Wrapped Wicker Shield","Shield","","","AR_shield_infantry_i","4.7","","","1.1","","","","","","","","","","","","","","","","","LargeShield","","90","5","Blunt","82","82","","","","shield","hand_shield","","","","","","","bo_cap_shield_khuzait_infantary_a","","","","true","true","","","true","","true","","","","0.0,0.1,0","","shield_kite:shield_2:shield_3:shield_4","","false","bo_shield_khuzait_infantary_a","true","","1","0.0,0.065,0.05","","260","","wood_shield","0.19, -0.02, -0.05","","-20,40,-10","","","","","","","","","","","","true","","","","true","","","","","","","",""
"OSW","OSA_ar_reforms_shields.xml","AR_shield_infantry_i2","{=osa_ar_shield_infantry_i2}Wrapped Timber Shield","Shield","","","AR_shield_infantry_i2","4.7","","","1.1","","","","","","","","","","","","","","","","","LargeShield","","90","5","Blunt","82","82","","","","shield","hand_shield","","","","","","","bo_cap_shield_khuzait_infantary_a","","","","true","true","","","true","","true","","","","0.0,0.1,0","","shield_kite:shield_2:shield_3:shield_4","","false","bo_shield_khuzait_infantary_a","true","","1","0.0,0.065,0.05","","260","","wood_shield","0.19, -0.02, -0.05","","-20,40,-10","","","","","","","","","","","","true","","","","true","","","","","","","",""
"OSW","OSA_ar_reforms_shields.xml","AR_shield_infantry_j","{=osa_ar_shield_infantry_j}Reinforced Wicker Shield","Shield","","","AR_shield_infantry_j","4.7","","","1.1","","","","","","","","","","","","","","","","","LargeShield","","90","5","Blunt","82","82","","","","shield","hand_shield","","","","","","","bo_cap_shield_khuzait_infantary_a","","","","true","true","","","true","","true","","","","0.0,0.1,0","","shield_kite:shield_2:shield_3:shield_4","","false","bo_shield_khuzait_infantary_a","true","","2","0.0,0.065,0.05","","300","","wood_shield","0.19, -0.02, -0.05","","-20,40,-10","","","","","","","","","","","","true","","","","true","","","","","","","",""
"OSW","OSA_ar_reforms_shields.xml","AR_shield_infantry_j2","{=osa_ar_shield_infantry_j2}Reinforced Timber Shield","Shield","","","AR_shield_infantry_j2","4.7","","","1.1","","","","","","","","","","","","","","","","","LargeShield","","90","5","Blunt","82","82","","","","shield","hand_shield","","","","","","","bo_cap_shield_khuzait_infantary_a","","","","true","true","","","true","","true","","","","0.0,0.1,0","","shield_kite:shield_2:shield_3:shield_4","","false","bo_shield_khuzait_infantary_a","true","","2","0.0,0.065,0.05","","300","","wood_shield","0.19, -0.02, -0.05","","-20,40,-10","","","","","","","","","","","","true","","","","true","","","","","","","",""
"OSW","OSA_ar_reforms_shields.xml","AR_shield_infantry_k","{=osa_ar_shield_infantry_k}Decorated Wicker Shield","Shield","","","AR_shield_infantry_k","4.7","","","1.1","","","","","","","","","","","","","","","","","LargeShield","","90","5","Blunt","82","82","","","","shield","hand_shield","","","","","","","bo_cap_shield_khuzait_infantary_a","","","","true","true","","","true","","true","","","","0.0,0.1,0","","shield_kite:shield_2:shield_3:shield_4","","false","bo_shield_khuzait_infantary_a","true","","6","0.0,0.065,0.05","","340","","wood_shield","0.19, -0.02, -0.05","","-20,40,-10","","","","","","","","","","","","true","","","","true","","","","","","","",""
"OSW","OSA_ar_reforms_shields.xml","AR_shield_infantry_k2","{=osa_ar_shield_infantry_k2}Decorated Timber Shield","Shield","","","AR_shield_infantry_k2","4.7","","","1.1","","","","","","","","","","","","","","","","","LargeShield","","90","5","Blunt","82","82","","","","shield","hand_shield","","","","","","","bo_cap_shield_khuzait_infantary_a","","","","true","true","","","true","","true","","","","0.0,0.1,0","","shield_kite:shield_2:shield_3:shield_4","","false","bo_shield_khuzait_infantary_a","true","","6","0.0,0.065,0.05","","340","","wood_shield","0.19, -0.02, -0.05","","-20,40,-10","","","","","","","","","","","","true","","","","true","","","","","","","",""
"OSW","OSA_ar_reforms_shields.xml","AR_shield_infantry_l","{=osa_ar_shield_infantry_l}Wicker Shield","Shield","","","AR_shield_infantry_l","4.7","","","1.1","","","","","","","","","","","","","","","","","LargeShield","","90","5","Blunt","82","82","","","","shield","hand_shield","","","","","","","bo_cap_shield_khuzait_infantary_a","","","","true","true","","","true","","true","","","","0.0,0.1,0","","shield_kite:shield_2:shield_3:shield_4","","false","bo_shield_khuzait_infantary_a","true","","1","0.0,0.065,0.05","","220","","wood_shield","0.19, -0.02, -0.05","","-20,40,-10","","","","","","","","","","","","true","","","","true","","","","","","","",""
"OSW","OSA_ar_reforms_shields.xml","AR_shield_infantry_l2","{=osa_ar_shield_infantry_l2}Timber Shield","Shield","","","AR_shield_infantry_l2","4.7","","","1.1","","","","","","","","","","","","","","","","","LargeShield","","90","5","Blunt","82","82","","","","shield","hand_shield","","","","","","","bo_cap_shield_khuzait_infantary_a","","","","true","true","","","true","","true","","","","0.0,0.1,0","","shield_kite:shield_2:shield_3:shield_4","","false","bo_shield_khuzait_infantary_a","true","","1","0.0,0.065,0.05","","220","","wood_shield","0.19, -0.02, -0.05","","-20,40,-10","","","","","","","","","","","","true","","","","true","","","","","","","",""
"OSW","OSA_ar_reforms_shields.xml","AR_shield_infantry_m","{=osa_ar_shield_infantry_m}Strapped Iron Bound Round Shield","Shield","Culture.aserai","","AR_shield_infantry_m","7.3","","","","","","","","","","","","","","","","","","","","LargeShield","","60","","Blunt","82","82","","","","shield","shield","","","","","","","bo_cap_aserai_shields_c","","","","true","true","","","true","","true","","","","-0.12,-0.15,-0.025","","shield:shield_2:shield_3:shield_4","","false","bo_aserai_shields_d","true","","1","-0.0, 0.1, 0.1","","245","","wood_shield","0.0, 0.00, 0.00","","0.0,10.0,40.00","","","","","","","","","","","","true","","","","true","","","","","","","",""
"OSW","OSA_ar_reforms_shields.xml","AR_shield_infantry_m2","{=osa_ar_shield_infantry_m2}Strapped Bronze Bound Round Shield","Shield","Culture.aserai","","AR_shield_infantry_m2","7.3","","","","","","","","","","","","","","","","","","","","LargeShield","","60","","Blunt","82","82","","","","shield","shield","","","","","","","bo_cap_aserai_shields_c","","","","true","true","","","true","","true","","","","-0.12,-0.15,-0.025","","shield:shield_2:shield_3:shield_4","","false","bo_aserai_shields_d","true","","1","-0.0, 0.1, 0.1","","245","","wood_shield","0.0, 0.00, 0.00","","0.0,10.0,40.00","","","","","","","","","","","","true","","","","true","","","","","","","",""
"OSW","OSA_ar_reforms_shields.xml","AR_shield_infantry_n","{=osa_ar_shield_infantry_n}Strapped Iron Reinforced Round Shield","Shield","Culture.aserai","","AR_shield_infantry_n","7.3","","","0.9","","","","","","","","","","","","","","","","","LargeShield","","70","","Blunt","82","82","","","","shield","shield","","","","","","","bo_cap_aserai_shields_d","","","","true","true","","","true","","true","","","","-0.12,-0.20,-0.08","","shield_round:shield_4","","false","bo_aserai_shields_c","true","","2","-0.0, 0.12, 0.1","","300","","wood_shield","0.0, 0.00, 0.00","","0.0,10.0,40.00","","","","","","","","","","","","true","","","","true","","","","","","","",""
"OSW","OSA_ar_reforms_shields.xml","AR_shield_infantry_n2","{=osa_ar_shield_infantry_n2}Strapped Bronze Reinforced Round Shield","Shield","Culture.aserai","","AR_shield_infantry_n2","7.3","","","0.9","","","","","","","","","","","","","","","","","LargeShield","","70","","Blunt","82","82","","","","shield","shield","","","","","","","bo_cap_aserai_shields_d","","","","true","true","","","true","","true","","","","-0.12,-0.20,-0.08","","shield_round:shield_4","","false","bo_aserai_shields_c","true","","2","-0.0, 0.12, 0.1","","300","","wood_shield","0.0, 0.00, 0.00","","0.0,10.0,40.00","","","","","","","","","","","","true","","","","true","","","","","","","",""
"OSW","OSA_ar_reforms_shields.xml","AR_shield_infantry_o","{=osa_ar_shield_infantry_o}Strapped Iron Decorated Round Shield","Shield","Culture.aserai","","AR_shield_infantry_o","7.3","","","0.9","","","","","","","","","","","","","","","","","LargeShield","","70","","Blunt","82","82","","","","shield","shield","","","","","","","bo_cap_aserai_shields_d","","","","true","true","","","true","","true","","","","-0.12,-0.20,-0.08","","shield_round:shield_4","","false","bo_aserai_shields_c","true","","6","-0.0, 0.12, 0.1","","330","","wood_shield","0.0, 0.00, 0.00","","0.0,10.0,40.00","","","","","","","","","","","","true","","","","true","","","","","","","",""
"OSW","OSA_ar_reforms_shields.xml","AR_shield_infantry_o2","{=osa_ar_shield_infantry_o2}Strapped Bronze Decorated Round Shield","Shield","Culture.aserai","","AR_shield_infantry_o2","7.3","","","0.9","","","","","","","","","","","","","","","","","LargeShield","","70","","Blunt","82","82","","","","shield","shield","","","","","","","bo_cap_aserai_shields_d","","","","true","true","","","true","","true","","","","-0.12,-0.20,-0.08","","shield_round:shield_4","","false","bo_aserai_shields_c","true","","6","-0.0, 0.12, 0.1","","330","","wood_shield","0.0, 0.00, 0.00","","0.0,10.0,40.00","","","","","","","","","","","","true","","","","true","","","","","","","",""
"OSW","OSA_ar_reforms_shields.xml","AR_shield_infantry_p","{=osa_ar_shield_infantry_p}Strapped Northern Round Shield","Shield","Culture.sturgia","","AR_shield_infantry_p","7.3","","","5","","","","","","","","","","","","","","","","","LargeShield","","70","","Blunt","82","87","","","","shield","shield","","","","","","","bo_cap_shield_sturgia_infantary_a","","","","true","true","","","true","","true","","","","-0.12,-0.20,-0.08","","shield_round:shield_4","","false","bo_cap_shield_sturgia_infantary_b","true","","2","0.0,0.065,0.05","","280","","wood_shield","0.0, 0.00, 0.00","","0.0,10.0,40.00","","","","","","","","","","","","true","","","","true","","","","","","","",""
"OSW","OSA_ar_reforms_shields.xml","AR_shield_infantry_q","{=osa_ar_shield_infantry_q}Strapped Norse Round Shield","Shield","Culture.sturgia","","AR_shield_infantry_q","7.3","","","5","","","","","","","","","","","","","","","","","LargeShield","","70","","Blunt","82","87","","","","shield","shield","","","","","","","bo_cap_shield_sturgia_infantary_a","","","","true","true","","","true","","true","","","","-0.12,-0.20,-0.08","","shield_round:shield_4","","false","bo_cap_shield_sturgia_infantary_b","true","","2","0.0,0.065,0.05","","430","","wood_shield","0.0, 0.00, 0.00","","0.0,10.0,40.00","","","","","","","","","","","","true","","","","true","","","","","","","",""
"OSW","OSA_ar_reforms_shields.xml","AR_shield_infantry_r","{=osa_ar_shield_infantry_r}Strapped Iron Simple Round Shield","Shield","Culture.empire","","AR_shield_infantry_r","7.3","","","5","","","","","","","","","","","","","","","","","LargeShield","","70","","Blunt","82","87","","","","shield","shield","","","","","","","bo_cap_shield_sturgia_infantary_a","","","","true","true","","","true","","true","","","","-0.12,-0.20,-0.08","","shield_round:shield_4","","false","bo_cap_shield_sturgia_infantary_b","true","","2","0.0,0.065,0.05","","280","","wood_shield","0.0, 0.00, 0.00","","0.0,10.0,40.00","","","","","","","","","","","","true","","","","true","","","","","","","",""
"OSW","OSA_ar_reforms_shields.xml","AR_shield_infantry_r2","{=osa_ar_shield_infantry_r2}Strapped Bronze Simple Round Shield","Shield","Culture.empire","","AR_shield_infantry_r2","7.3","","","5","","","","","","","","","","","","","","","","","LargeShield","","70","","Blunt","82","87","","","","shield","shield","","","","","","","bo_cap_shield_sturgia_infantary_a","","","","true","true","","","true","","true","","","","-0.12,-0.20,-0.08","","shield_round:shield_4","","false","bo_cap_shield_sturgia_infantary_b","true","","2","0.0,0.065,0.05","","280","","wood_shield","0.0, 0.00, 0.00","","0.0,10.0,40.00","","","","","","","","","","","","true","","","","true","","","","","","","",""
"OSW","OSA_ar_reforms_shields.xml","AR_shield_infantry_s","{=osa_ar_shield_infantry_s}Strapped Iron Reinforced Round Shield","Shield","Culture.empire","","AR_shield_infantry_s","7.3","","","5","","","","","","","","","","","","","","","","","LargeShield","","70","","Blunt","82","87","","","","shield","shield","","","","","","","bo_cap_shield_sturgia_infantary_a","","","","true","true","","","true","","true","","","","-0.12,-0.20,-0.08","","shield_round:shield_4","","false","bo_cap_shield_sturgia_infantary_b","true","","2","0.0,0.065,0.05","","430","","wood_shield","0.0, 0.00, 0.00","","0.0,10.0,40.00","","","","","","","","","","","","true","","","","true","","","","","","","",""
"OSW","OSA_ar_reforms_shields.xml","AR_shield_infantry_s2","{=osa_ar_shield_infantry_s2}Strapped Bronze Reinforced Round Shield","Shield","Culture.empire","","AR_shield_infantry_s2","7.3","","","5","","","","","","","","","","","","","","","","","LargeShield","","70","","Blunt","82","87","","","","shield","shield","","","","","","","bo_cap_shield_sturgia_infantary_a","","","","true","true","","","true","","true","","","","-0.12,-0.20,-0.08","","shield_round:shield_4","","false","bo_cap_shield_sturgia_infantary_b","true","","2","0.0,0.065,0.05","","430","","wood_shield","0.0, 0.00, 0.00","","0.0,10.0,40.00","","","","","","","","","","","","true","","","","true","","","","","","","",""
"OSW","OSA_ar_reforms_shields.xml","AR_shield_infantry_t","{=osa_ar_shield_infantry_t}Iron Reinforced Round Shield","Shield","Culture.empire","","AR_shield_infantry_t","3.5","","","","","","","","","","","","","","","","","","","","LargeShield","","70","5","Blunt","82","82","","","","shield","hand_shield","","","","","","","bo_cap_aserai_shields_d","","","true","","true","","","true","","true","","","","0.0,0,0.01","","shield_round:shield_4","","false","bo_aserai_shields_c","true","","6","0.0,0.065,0.05","","300","","wood_shield","-0.02, 0.0, 0.0","","-15.0,-90.0,-10.0","","","","","","","","","","","","true","","","","true","","","","","","","",""
"OSW","OSA_ar_reforms_shields.xml","AR_shield_infantry_t2","{=osa_ar_shield_infantry_t2}Bronze Reinforced Round Shield","Shield","Culture.empire","","AR_shield_infantry_t2","3.5","","","","","","","","","","","","","","","","","","","","LargeShield","","70","5","Blunt","82","82","","","","shield","hand_shield","","","","","","","bo_cap_aserai_shields_d","","","true","","true","","","true","","true","","","","0.0,0,0.01","","shield_round:shield_4","","false","bo_aserai_shields_c","true","","6","0.0,0.065,0.05","","300","","wood_shield","-0.02, 0.0, 0.0","","-15.0,-90.0,-10.0","","","","","","","","","","","","true","","","","true","","","","","","","",""
"OSW","OSA_ar_reforms_shields.xml","AR_shield_infantry_u","{=osa_ar_shield_infantry_u}Iron Decorated Round Shield","Shield","Culture.empire","","AR_shield_infantry_u","3.5","","","","","","","","","","","","","","","","","","","","LargeShield","","70","5","Blunt","82","82","","","","shield","hand_shield","","","","","","","bo_cap_aserai_shields_d","","","true","","true","","","true","","true","","","","0.0,0,0.01","","shield_round:shield_4","","false","bo_aserai_shields_c","true","","6","0.0,0.065,0.05","","330","","wood_shield","-0.02, 0.0, 0.0","","-15.0,-90.0,-10.0","","","","","","","","","","","","true","","","","true","","","","","","","",""
"OSW","OSA_ar_reforms_shields.xml","AR_shield_infantry_u2","{=osa_ar_shield_infantry_u2}Bronze Decorated Round Shield","Shield","Culture.empire","","AR_shield_infantry_u2","3.5","","","","","","","","","","","","","","","","","","","","LargeShield","","70","5","Blunt","82","82","","","","shield","hand_shield","","","","","","","bo_cap_aserai_shields_d","","","true","","true","","","true","","true","","","","0.0,0,0.01","","shield_round:shield_4","","false","bo_aserai_shields_c","true","","6","0.0,0.065,0.05","","330","","wood_shield","-0.02, 0.0, 0.0","","-15.0,-90.0,-10.0","","","","","","","","","","","","true","","","","true","","","","","","","",""
"OSW","OSA_ar_reforms_shields.xml","AR_shield_infantry_v","{=osa_ar_shield_infantry_v}Wooden Square Shield","Shield","","","AR_shield_infantry_v","4.7","","","1.1","","","","","","","","","","","","","","","","","LargeShield","","80","5","Blunt","82","82","","","","shield","hand_shield","","","","","","","bo_cap_shield_sturgia_infantary_a","","","","true","true","","","true","","true","","","","0.0,0.1,0","","shield_kite:shield_2:shield_3:shield_4","","false","bo_cap_shield_sturgia_infantary_b","true","","1","0.0,0.065,0.05","","260","","wood_shield","0.19, -0.02, -0.05","","-20,40,-10","","","","","","","","","","","","true","","","","true","","","","","","","",""
"OSW","OSA_ar_reforms_shields.xml","AR_shield_infantry_w","{=osa_ar_shield_infantry_w}Leather Rimmed Wooden Square Shield","Shield","","","AR_shield_infantry_w","4.7","","","1.1","","","","","","","","","","","","","","","","","LargeShield","","80","5","Blunt","82","82","","","","shield","hand_shield","","","","","","","bo_cap_shield_sturgia_infantary_a","","","","true","true","","","true","","true","","","","0.0,0.1,0","","shield_kite:shield_2:shield_3:shield_4","","false","bo_cap_shield_sturgia_infantary_b","true","","2","0.0,0.065,0.05","","300","","wood_shield","0.19, -0.02, -0.05","","-20,40,-10","","","","","","","","","","","","true","","","","true","","","","","","","",""
"OSW","OSA_ar_reforms_shields.xml","AR_shield_infantry_x","{=osa_ar_shield_infantry_x}Iron Rimmed Wooden Square Shield","Shield","","","AR_shield_infantry_x","4.7","","","1.1","","","","","","","","","","","","","","","","","LargeShield","","80","5","Blunt","82","82","","","","shield","hand_shield","","","","","","","bo_cap_shield_sturgia_infantary_a","","","","true","true","","","true","","true","","","","0.0,0.1,0","","shield_kite:shield_2:shield_3:shield_4","","false","bo_cap_shield_sturgia_infantary_b","true","","6","0.0,0.065,0.05","","340","","wood_shield","0.19, -0.02, -0.05","","-20,40,-10","","","","","","","","","","","","true","","","","true","","","","","","","",""
"OSW","OSA_ar_reforms_shields.xml","AR_shield_infantry_y","{=osa_ar_shield_infantry_y}Iron Reinforced Wooden Square Shield","Shield","","","AR_shield_infantry_y","4.7","","","1.1","","","","","","","","","","","","","","","","","LargeShield","","80","5","Blunt","82","82","","","","shield","hand_shield","","","","","","","bo_cap_shield_sturgia_infantary_a","","","","true","true","","","true","","true","","","","0.0,0.1,0","","shield_kite:shield_2:shield_3:shield_4","","false","bo_cap_shield_sturgia_infantary_b","true","","6","0.0,0.065,0.05","","360","","wood_shield","0.19, -0.02, -0.05","","-20,40,-10","","","","","","","","","","","","true","","","","true","","","","","","","",""
"OSW","OSA_ar_reforms_shields.xml","AR_shield_infantry_z","{=osa_ar_shield_infantry_z}Leather Rimmed Coffin Shield","Shield","","","AR_shield_infantry_z","4.7","","","1.1","","","","","","","","","","","","","","","","","LargeShield","","120","5","Blunt","82","82","","","","shield","hand_shield","","","","","","","bo_cap_battania_large_shield_c","","","","true","true","","","true","","true","","","","0.0,0.1,0","","shield_kite:shield_2:shield_3:shield_4","","false","bo_battania_large_shield_c","true","","1","0.0,0.065,0.05","","340","","wood_shield","0.19, -0.02, -0.05","","-20,40,-10","","","","","","","","","","","","true","","","","true","","","","","","","",""
"OSW","OSA_ar_reforms_shields.xml","AR_shield_infantry_za","{=osa_ar_shield_infantry_za}Iron Reinforced Coffin Shield","Shield","","","AR_shield_infantry_za","4.7","","","1.1","","","","","","","","","","","","","","","","","LargeShield","","120","5","Blunt","82","82","","","","shield","hand_shield","","","","","","","bo_cap_battania_large_shield_c","","","","true","true","","","true","","true","","","","0.0,0.1,0","","shield_kite:shield_2:shield_3:shield_4","","false","bo_battania_large_shield_c","true","","2","0.0,0.065,0.05","","360","","wood_shield","0.19, -0.02, -0.05","","-20,40,-10","","","","","","","","","","","","true","","","","true","","","","","","","",""
"OSW","OSA_ar_reforms_shields.xml","AR_shield_infantry_zb","{=osa_ar_shield_infantry_zb}Iron Decorated Coffin Shield","Shield","","","AR_shield_infantry_zb","4.7","","","1.1","","","","","","","","","","","","","","","","","LargeShield","","120","5","Blunt","82","82","","","","shield","hand_shield","","","","","","","bo_cap_battania_large_shield_c","","","","true","true","","","true","","true","","","","0.0,0.1,0","","shield_kite:shield_2:shield_3:shield_4","","false","bo_battania_large_shield_c","true","","6","0.0,0.065,0.05","","410","","wood_shield","0.19, -0.02, -0.05","","-20,40,-10","","","","","","","","","","","","true","","","","true","","","","","","","",""
"OSW","OSA_ar_reforms_shields.xml","AR_shield_infantry_zc","{=osa_ar_shield_infantry_zc}Steel Round Shield","Shield","Culture.khuzait","","AR_shield_infantry_zc","4","","","0.9","","","","","","","","","","","","","","","","","LargeShield","","60","","Blunt","82","82","","","","shield","shield","","","","","","","bo_cap_aserai_shields_g","","","","true","true","","","true","","true","","","","-0.1,-0.07,-0.05","","shield:shield_2:shield_3:shield_4","","false","bo_aserai_shields_g","","","1","0.01, 0.07, 0.1","","520","","metal_shield","0.0, 0.00, 0.00","","0.0,10.0,40.00","","","","","","","","","","","","true","","","","true","","","","","","","",""
"OSW","OSA_ar_reforms_shields.xml","AR_shield_infantry_zd","{=osa_ar_shield_infantry_zd}Leather Rimmed Rectangular Shield","Shield","","","AR_shield_infantry_zd","4.7","","","1.1","","","","","","","","","","","","","","","","","LargeShield","","120","5","Blunt","82","82","","","","shield","hand_shield","","","","","","","bo_cap_battania_large_shield_c","","","","true","true","","","true","","true","","","","0.0,0.1,0","","shield_kite:shield_2:shield_3:shield_4","","false","bo_battania_large_shield_c","true","","1","0.0,0.065,0.05","","340","","wood_shield","0.19, -0.02, -0.05","","-20,40,-10","","","","","","","","","","","","true","","","","true","","","","","","","",""
"OSW","OSA_ar_reforms_shields.xml","AR_shield_infantry_ze","{=osa_ar_shield_infantry_ze}Iron Reinforced Rectangular Shield","Shield","","","AR_shield_infantry_ze","4.7","","","1.1","","","","","","","","","","","","","","","","","LargeShield","","120","5","Blunt","82","82","","","","shield","hand_shield","","","","","","","bo_cap_battania_large_shield_c","","","","true","true","","","true","","true","","","","0.0,0.1,0","","shield_kite:shield_2:shield_3:shield_4","","false","bo_battania_large_shield_c","true","","2","0.0,0.065,0.05","","360","","wood_shield","0.19, -0.02, -0.05","","-20,40,-10","","","","","","","","","","","","true","","","","true","","","","","","","",""
"OSW","OSA_ar_reforms_shields.xml","AR_shield_infantry_zf","{=osa_ar_shield_infantry_zf}Cloth Wrapped Rectangular Shield","Shield","","","AR_shield_infantry_zf","4.7","","","1.1","","","","","","","","","","","","","","","","","LargeShield","","120","5","Blunt","82","82","","","","shield","hand_shield","","","","","","","bo_cap_battania_large_shield_c","","","","true","true","","","true","","true","","","","0.0,0.1,0","","shield_kite:shield_2:shield_3:shield_4","","false","bo_battania_large_shield_c","true","","2","0.0,0.065,0.05","","260","","wood_shield","0.19, -0.02, -0.05","","-20,40,-10","","","","","","","","","","","","true","","","","true","","","","","","","",""
"OSW","OSA_ar_reforms_shields.xml","AR_shield_infantry_zg","{=osa_ar_shield_infantry_zg}Zebra Skin Adarga","Shield","Culture.aserai","","AR_shield_infantry_zg","7.3","","","","","","","","","","","","","","","","","","","","LargeShield","","60","8","Blunt","82","82","","","","","shield","","","","","","","bo_cap_aserai_shields_h","","","","true","true","","","true","","true","","","","-0.1,-0.0,0","","shield:shield_2:shield_3:shield_4","","false","bo_aserai_shields_h","false","","4","0.0,0.05,0.05","","220","","wood_shield","0.0, 0.00, 0.00","","0.0,10.0,40.00","","","","","","","","","","","","true","","","","true","","","","","","","",""
"OSW","OSA_ar_reforms_shields.xml","AR_shield_infantry_zh","{=osa_ar_shield_infantry_zh}Leopard Pelt Adarga","Shield","Culture.aserai","","AR_shield_infantry_zh","7.3","","","","","","","","","","","","","","","","","","","","LargeShield","","60","8","Blunt","82","82","","","","","shield","","","","","","","bo_cap_aserai_shields_h","","","","true","true","","","true","","true","","","","-0.1,-0.0,0","","shield:shield_2:shield_3:shield_4","","false","bo_aserai_shields_h","false","","4","0.0,0.05,0.05","","240","","wood_shield","0.0, 0.00, 0.00","","0.0,10.0,40.00","","","","","","","","","","","","true","","","","true","","","","","","","",""
"OSW","OSA_ar_reforms_shields.xml","AR_shield_infantry_zi","{=osa_ar_shield_infantry_zi}Lion Pelt Adarga","Shield","Culture.aserai","","AR_shield_infantry_zi","7.3","","","","","","","","","","","","","","","","","","","","LargeShield","","60","8","Blunt","82","82","","","","","shield","","","","","","","bo_cap_aserai_shields_h","","","","true","true","","","true","","true","","","","-0.1,-0.0,0","","shield:shield_2:shield_3:shield_4","","false","bo_aserai_shields_h","false","","4","0.0,0.05,0.05","","240","","wood_shield","0.0, 0.00, 0.00","","0.0,10.0,40.00","","","","","","","","","","","","true","","","","true","","","","","","","",""
"OSW","OSA_ar_reforms_shields.xml","AR_shield_infantry_zj","{=osa_ar_shield_infantry_zj}Zebra Skin Oval Shield","Shield","","","AR_shield_infantry_zj","4.7","","","1.1","","","","","","","","","","","","","","","","","LargeShield","","120","5","Blunt","82","82","","","","shield","hand_shield","","","","","","","bo_cap_aserai_shields_c","","","","true","true","","","true","","true","","","","0.0,0.1,0","","shield_kite:shield_2:shield_3:shield_4","","false","bo_aserai_shields_d","false","","2","0.0,0.065,0.05","","280","","wood_shield","0.19, -0.02, -0.05","","-20,40,-10","","","","","","","","","","","","true","","","","true","","","","","","","",""
"OSW","OSA_ar_reforms_shields.xml","AR_shield_infantry_zk","{=osa_ar_shield_infantry_zk}Leopard Pelt Oval Shield","Shield","","","AR_shield_infantry_zk","4.7","","","1.1","","","","","","","","","","","","","","","","","LargeShield","","120","5","Blunt","82","82","","","","shield","hand_shield","","","","","","","bo_cap_aserai_shields_c","","","","true","true","","","true","","true","","","","0.0,0.1,0","","shield_kite:shield_2:shield_3:shield_4","","false","bo_aserai_shields_d","false","","2","0.0,0.065,0.05","","280","","wood_shield","0.19, -0.02, -0.05","","-20,40,-10","","","","","","","","","","","","true","","","","true","","","","","","","",""
"OSW","OSA_ar_reforms_shields.xml","AR_shield_infantry_zl","{=osa_ar_shield_infantry_zl}Lion Pelt Oval Shield","Shield","","","AR_shield_infantry_zl","4.7","","","1.1","","","","","","","","","","","","","","","","","LargeShield","","120","5","Blunt","82","82","","","","shield","hand_shield","","","","","","","bo_cap_aserai_shields_c","","","","true","true","","","true","","true","","","","0.0,0.1,0","","shield_kite:shield_2:shield_3:shield_4","","false","bo_aserai_shields_d","false","","2","0.0,0.065,0.05","","280","","wood_shield","0.19, -0.02, -0.05","","-20,40,-10","","","","","","","","","","","","true","","","","true","","","","","","","",""
"OSW","OSA_ar_reforms_shields.xml","AR_shield_infantry_zm","{=osa_ar_shield_infantry_zm}Iron Simple Domed Shield","Shield","Culture.empire","","AR_shield_infantry_zm","3.3","","","5","","","","","","","","","","","","","","","","","LargeShield","","70","5","Blunt","82","87","","","","","hand_shield","","","","","","","bo_cap_shield_sturgia_infantary_a","","","true","","true","","","true","","true","","","","0.0,0,0.01","","shield_round:shield_4","","false","bo_cap_shield_sturgia_infantary_b","true","","2","0.0,0.065,0.05","","280","","wood_shield","-0.02, 0.0, 0.0","","-15.0,-90.0,-10.0","","","","","","","","","","","","true","","","","true","","","","","","","",""
"OSW","OSA_ar_reforms_shields.xml","AR_shield_infantry_zm2","{=osa_ar_shield_infantry_zm2}Bronze Simple Domed Shield","Shield","Culture.empire","","AR_shield_infantry_zm2","3.3","","","5","","","","","","","","","","","","","","","","","LargeShield","","70","5","Blunt","82","87","","","","","hand_shield","","","","","","","bo_cap_shield_sturgia_infantary_a","","","true","","true","","","true","","true","","","","0.0,0,0.01","","shield_round:shield_4","","false","bo_cap_shield_sturgia_infantary_b","true","","2","0.0,0.065,0.05","","280","","wood_shield","-0.02, 0.0, 0.0","","-15.0,-90.0,-10.0","","","","","","","","","","","","true","","","","true","","","","","","","",""
"OSW","OSA_ar_reforms_shields.xml","AR_shield_infantry_zn","{=osa_ar_shield_infantry_zn}Iron Reinforced Domed Shield","Shield","Culture.empire","","AR_shield_infantry_zn","3.5","","","","","","","","","","","","","","","","","","","","LargeShield","","70","8","Blunt","82","82","","","","","hand_shield","","","","","","","bo_cap_shield_sturgia_infantary_a","","","true","","true","","","true","","true","","","","0.0,0,0.01","","shield_round:shield_4","","false","bo_shield_sturgia_infantary_a","true","","5","0.0,0.065,0.05","","350","","wood_shield","-0.02, 0.0, 0.0","","-15.0,-90.0,-10.0","","","","","","","","","","","","true","","","","true","","","","","","","",""
"OSW","OSA_ar_reforms_shields.xml","AR_shield_infantry_zn2","{=osa_ar_shield_infantry_zn2}Bronze Reinforced Domed Shield","Shield","Culture.empire","","AR_shield_infantry_zn2","3.5","","","","","","","","","","","","","","","","","","","","LargeShield","","70","8","Blunt","82","82","","","","","hand_shield","","","","","","","bo_cap_shield_sturgia_infantary_a","","","true","","true","","","true","","true","","","","0.0,0,0.01","","shield_round:shield_4","","false","bo_shield_sturgia_infantary_a","true","","5","0.0,0.065,0.05","","350","","wood_shield","-0.02, 0.0, 0.0","","-15.0,-90.0,-10.0","","","","","","","","","","","","true","","","","true","","","","","","","",""
"OSW","OSA_ar_reforms_shields.xml","AR_shield_infantry_zo","{=osa_ar_shield_infantry_zo}Iron Decorated Domed Shield","Shield","Culture.empire","","AR_shield_infantry_zo","3.5","","","","","","","","","","","","","","","","","","","","LargeShield","","70","8","Blunt","82","82","","","","","hand_shield","","","","","","","bo_cap_aserai_shields_d","","","true","","true","","","true","","true","","","","0.0,0,0.01","","shield_round:shield_4","","false","bo_aserai_shields_c","true","","5","0.0,0.065,0.05","","410","","wood_shield","-0.02, 0.0, 0.0","","-15.0,-90.0,-10.0","","","","","","","","","","","","true","","","","true","","","","","","","",""
"OSW","OSA_ar_reforms_shields.xml","AR_shield_infantry_zo2","{=osa_ar_shield_infantry_zo2}Bronze Decorated Domed Shield","Shield","Culture.empire","","AR_shield_infantry_zo2","3.5","","","","","","","","","","","","","","","","","","","","LargeShield","","70","8","Blunt","82","82","","","","","hand_shield","","","","","","","bo_cap_aserai_shields_d","","","true","","true","","","true","","true","","","","0.0,0,0.01","","shield_round:shield_4","","false","bo_aserai_shields_c","true","","5","0.0,0.065,0.05","","410","","wood_shield","-0.02, 0.0, 0.0","","-15.0,-90.0,-10.0","","","","","","","","","","","","true","","","","true","","","","","","","",""
"OSW","OSA_ar_reforms_shields.xml","AR_shield_infantry_zp","{=osa_ar_shield_infantry_zp}Leather Bound Heavy Round Shield","Shield","Culture.sturgia","","AR_shield_infantry_zp","4.7","","0","0.9","","","","","","","","","","","","","","","","","LargeShield","","70","8","Blunt","86","86","","","","","hand_shield","","","","","","","bo_cap_sturgia_shield_a","","","true","","true","","","true","","true","","","","0,0,0","","shield_round:shield_4","","false","bo_sturgia_shield_a","true","","7","0, 0, 0","","450","","wood_shield","-0.02, 0.0, 0.0","","-15.0,-90.0,-10.0","","","","","","","","","","","","true","","","","true","","","","","","","",""
"OSW","OSA_ar_reforms_shields.xml","AR_shield_infantry_zq","{=osa_ar_shield_infantry_zq}Leather Bound Large Round Shield","Shield","Culture.sturgia","","AR_shield_infantry_zq","6.9","","0","","","","","","","","","","","","","","","","","","LargeShield","","70","8","Blunt","89","89","","","","","hand_shield","","","","","","","bo_cap_sturgia_shield_a","","","true","","true","","","true","","true","","","","0,0,0.01","","shield_round:shield_4","","false","bo_sturgia_shield_b","true","","5","0, 0.15, 0","","440","","wood_shield","-0.02, 0.0, 0.0","","-15.0,-90.0,-10.0","","","","","","","","","","","","true","","","","true","","","","","","","",""
"OSW","OSA_ar_reforms_shields.xml","AR_shield_infantry_zr","{=osa_ar_shield_infantry_zr}Large Round Shield","Shield","Culture.sturgia","","AR_shield_infantry_zr","7.3","","0","","","","","","","","","","","","","","","","","","LargeShield","","70","8","Blunt","82","82","","","","","hand_shield","","","","","","","bo_cap_sturgia_shield_a","","","true","","true","","","true","","true","","","","0,0,0.01","","shield_round:shield_4","","false","bo_sturgia_shield_c","true","","6","0, 0, 0","","410","","wood_shield","-0.02, 0.0, 0.0","","-15.0,-90.0,-10.0","","","","","","","","","","","","true","","","","true","","","","","","","",""
"OSW","OSA_ar_reforms_shields.xml","AR_shield_infantry_zs","{=osa_ar_shield_infantry_zs}Round Wicker Shield","Shield","Culture.khuzait","","AR_shield_infantry_zs","7.3","","","1","","","","","","","","","","","","","","","","","LargeShield","","60","","Blunt","82","82","","","","shield","shield","","","","","","","bo_cap_aserai_shields_c","","","","true","true","","","true","","true","","","","-0.12,-0.15,-0.025","","shield:shield_2:shield_3:shield_4","","false","bo_aserai_shields_d","true","","1","-0.0, 0.1, 0.1","","245","","wood_shield","0.0, 0.00, 0.00","","0.0,10.0,40.00","","","","","","","","","","","","true","","","","true","","","","","","","",""
"OSW","OSA_ar_reforms_shields.xml","AR_shield_infantry_zs2","{=osa_ar_shield_infantry_zs2}Round Timber Shield","Shield","Culture.khuzait","","AR_shield_infantry_zs2","7.3","","","1","","","","","","","","","","","","","","","","","LargeShield","","60","","Blunt","82","82","","","","shield","shield","","","","","","","bo_cap_aserai_shields_c","","","","true","true","","","true","","true","","","","-0.12,-0.15,-0.025","","shield:shield_2:shield_3:shield_4","","false","bo_aserai_shields_d","true","","1","-0.0, 0.1, 0.1","","245","","wood_shield","0.0, 0.00, 0.00","","0.0,10.0,40.00","","","","","","","","","","","","true","","","","true","","","","","","","",""
"OSW","OSA_ar_reforms_shields.xml","AR_shield_infantry_zt","{=osa_ar_shield_infantry_zt}Heavy Round Wicker Shield","Shield","Culture.khuzait","","AR_shield_infantry_zt","7.3","","","1","","","","","","","","","","","","","","","","","LargeShield","","60","","Blunt","82","82","","","","shield","shield","","","","","","","bo_cap_aserai_shields_c","","","","true","true","","","true","","true","","","","-0.12,-0.15,-0.025","","shield:shield_2:shield_3:shield_4","","false","bo_aserai_shields_d","true","","1","-0.0, 0.1, 0.1","","350","","wood_shield","0.0, 0.00, 0.00","","0.0,10.0,40.00","","","","","","","","","","","","true","","","","true","","","","","","","",""
"OSW","OSA_ar_reforms_shields.xml","AR_shield_infantry_zt2","{=osa_ar_shield_infantry_zt2}Heavy Round Timber Shield","Shield","Culture.khuzait","","AR_shield_infantry_zt2","7.3","","","1","","","","","","","","","","","","","","","","","LargeShield","","60","","Blunt","82","82","","","","shield","shield","","","","","","","bo_cap_aserai_shields_c","","","","true","true","","","true","","true","","","","-0.12,-0.15,-0.025","","shield:shield_2:shield_3:shield_4","","false","bo_aserai_shields_d","true","","1","-0.0, 0.1, 0.1","","350","","wood_shield","0.0, 0.00, 0.00","","0.0,10.0,40.00","","","","","","","","","","","","true","","","","true","","","","","","","",""
"OSW","OSA_ar_reforms_shields.xml","AR_shield_infantry_zu","{=osa_ar_shield_infantry_zu}Wicker Oval Shield","Shield","Culture.khuzait","","AR_shield_infantry_zu","4.7","","","1.1","","","","","","","","","","","","","","","","","LargeShield","","70","5","Blunt","82","82","","","","shield","hand_shield","","","","","","","bo_cap_shield_aserai_infantary_a","","","","true","true","","","true","","true","","","","0.0,0.1,0","","shield_kite:shield_2:shield_3:shield_4","","false","bo_shield_aserai_infantary_a","true","","1","0.0,0.065,0.05","","260","","wood_shield","0.19, -0.02, -0.05","","-20,40,-10","","","","","","","","","","","","true","","","","true","","","","","","","",""
"OSW","OSA_ar_reforms_shields.xml","AR_shield_infantry_zu2","{=osa_ar_shield_infantry_zu2}Timber Oval Shield","Shield","Culture.khuzait","","AR_shield_infantry_zu2","4.7","","","1.1","","","","","","","","","","","","","","","","","LargeShield","","70","5","Blunt","82","82","","","","shield","hand_shield","","","","","","","bo_cap_shield_aserai_infantary_a","","","","true","true","","","true","","true","","","","0.0,0.1,0","","shield_kite:shield_2:shield_3:shield_4","","false","bo_shield_aserai_infantary_a","true","","1","0.0,0.065,0.05","","260","","wood_shield","0.19, -0.02, -0.05","","-20,40,-10","","","","","","","","","","","","true","","","","true","","","","","","","",""
"OSW","OSA_ar_reforms_shields.xml","AR_shield_infantry_zv","{=osa_ar_shield_infantry_zv}Heavy Wicker Oval Shield","Shield","Culture.khuzait","","AR_shield_infantry_zv","4.7","","","1.1","","","","","","","","","","","","","","","","","LargeShield","","70","5","Blunt","82","82","","","","shield","hand_shield","","","","","","","bo_cap_shield_aserai_infantary_b","","","","true","true","","","true","","true","","","","0.0,0.1,0","","shield_kite:shield_2:shield_3:shield_4","","false","bo_shield_aserai_infantary_b","true","","2","0.0,0.065,0.05","","300","","wood_shield","0.19, -0.02, -0.05","","-20,40,-10","","","","","","","","","","","","true","","","","true","","","","","","","",""
"OSW","OSA_ar_reforms_shields.xml","AR_shield_infantry_zv2","{=osa_ar_shield_infantry_zv2}Heavy Timber Oval Shield","Shield","Culture.khuzait","","AR_shield_infantry_zv2","4.7","","","1.1","","","","","","","","","","","","","","","","","LargeShield","","70","5","Blunt","82","82","","","","shield","hand_shield","","","","","","","bo_cap_shield_aserai_infantary_b","","","","true","true","","","true","","true","","","","0.0,0.1,0","","shield_kite:shield_2:shield_3:shield_4","","false","bo_shield_aserai_infantary_b","true","","2","0.0,0.065,0.05","","300","","wood_shield","0.19, -0.02, -0.05","","-20,40,-10","","","","","","","","","","","","true","","","","true","","","","","","","",""
"OSW","OSA_ar_reforms_shields.xml","AR_shield_infantry_zw","{=osa_ar_shield_infantry_zw}Decorated Wicker Oval Shield","Shield","Culture.khuzait","","AR_shield_infantry_zw","4.7","","","1.1","","","","","","","","","","","","","","","","","LargeShield","","70","5","Blunt","82","82","","","","shield","hand_shield","","","","","","","bo_cap_shield_aserai_infantary_c","","","","true","true","","","true","","true","","","","0.0,0.1,0","","shield_kite:shield_2:shield_3:shield_4","","false","bo_shield_aserai_infantary_c","true","","6","0.0,0.065,0.05","","340","","wood_shield","0.19, -0.02, -0.05","","-20,40,-10","","","","","","","","","","","","true","","","","true","","","","","","","",""
"OSW","OSA_ar_reforms_shields.xml","AR_shield_infantry_zw2","{=osa_ar_shield_infantry_zw2}Decorated Timber Oval Shield","Shield","Culture.khuzait","","AR_shield_infantry_zw2","4.7","","","1.1","","","","","","","","","","","","","","","","","LargeShield","","70","5","Blunt","82","82","","","","shield","hand_shield","","","","","","","bo_cap_shield_aserai_infantary_c","","","","true","true","","","true","","true","","","","0.0,0.1,0","","shield_kite:shield_2:shield_3:shield_4","","false","bo_shield_aserai_infantary_c","true","","6","0.0,0.065,0.05","","340","","wood_shield","0.19, -0.02, -0.05","","-20,40,-10","","","","","","","","","","","","true","","","","true","","","","","","","",""
"OSW","OSA_ar_reforms_shields.xml","AR_shield_infantry_zx","{=osa_ar_shield_infantry_zx}Nomadic Steppe Shield","Shield","Culture.khuzait","","AR_shield_infantry_zx","4.7","","","0.9","","","","","","","","","","","","","","","","","LargeShield","","60","","Blunt","82","82","","","","shield","shield","","","","","","","bo_cap_shield_khuzait_cavalary_a","","","","true","true","","","true","","true","","","","-0.1,-0.05,0.01","","shield_kite:shield_2:shield_3:shield_4","","false","bo_shield_khuzait_cavalary_a","true","","1","-0.0,0.075,0.05","","340","","wood_shield","0.0, 0.00, 0.00","","0.0,10.0,40.00","","","","","","","","","","","","true","","","","true","","","","","","","",""
"OSW","OSA_ar_reforms_shields.xml","AR_shield_infantry_zy","{=osa_ar_shield_infantry_zy}Eastern Rider Shield","Shield","","","AR_shield_infantry_zy","2.7","","","0.9","","","","","","","","","","","","","","","","","LargeShield","","60","","Blunt","82","82","","","","shield","shield","","","","","","","bo_cap_shield_khuzait_cavalary_d","","","","true","true","","","true","","true","","","","-0.1,-0.05,0.01","","shield_kite:shield_2:shield_3:shield_4","","false","bo_shield_khuzait_cavalary_d","true","","1","-0.0,0.075,0.05","","350","","wood_shield","0.0, 0.00, 0.00","","0.0,10.0,40.00","","","","","","","","","","","","true","","","","true","","","","","","","",""
"OSW","OSA_ar_reforms_shields.xml","AR_shield_infantry_zz","{=osa_ar_shield_infantry_zz}Highland Large Rimmed Shield","Shield","Culture.battania","","AR_shield_infantry_zz","3.5","","","0.5","","","","","","","","","","","","","","","","","LargeShield","","70","5","Blunt","82","82","","","","shield","hand_shield","","","","","","","bo_cap_battania_large_shield_c","","","true","","true","","","true","","true","","","","0.0,0.1,0,0","","shield_kite:shield_2:shield_3:shield_4","","false","bo_battania_large_shield_c","true","","1","0.0,0.065,0.05","","410","","wood_shield","0.01, 0.0, -0.01","","254.50,-68.80,8.70","","","","","","","","","","","","true","","","","true","","","","","","","",""
"OSW","OSA_ar_reforms_shields.xml","AR_shield_infantry_zza","{=osa_ar_shield_infantry_zza}Highland Large Reinforced Shield","Shield","Culture.battania","","AR_shield_infantry_zza","3.5","","","0.5","","","","","","","","","","","","","","","","","LargeShield","","70","5","Blunt","82","82","","","","shield","hand_shield","","","","","","","bo_cap_battania_large_shield_c","","","true","","true","","","true","","true","","","","0.0,0.1,0,0","","shield_kite:shield_2:shield_3:shield_4","","false","bo_battania_large_shield_c","true","","1","0.0,0.065,0.05","","450","","wood_shield","0.01, 0.0, -0.01","","254.50,-68.80,8.70","","","","","","","","","","","","true","","","","true","","","","","","","",""
"OSW","OSA_ar_reforms_shields.xml","AR_shield_infantry_zzb","{=osa_ar_shield_infantry_zzb}Iron Reinforced Buckler","Shield","Culture.empire","","AR_shield_infantry_zzb","2.5","","","1.1","","","","","","","","","","","","","","","","","LargeShield","","70","","Blunt","82","82","","","","shield","shield","","","","","","","bo_cap_battania_targe_b","","","","true","true","","","true","","true","","","","0.0,0.0,0","","shield_kite:shield_2:shield_3:shield_4","","false","bo_battania_targe_b","true","","1","-0.0, 0.12, 0.1","","300","","wood_shield","0.18, -0.04, 0.00","","-5.90,19.00,38.50","","","","","","","","","","","","true","","","","true","","","","","","","",""
"OSW","OSA_ar_reforms_shields.xml","AR_shield_infantry_zzb2","{=osa_ar_shield_infantry_zzb2}Bronze Reinforced Buckler","Shield","Culture.empire","","AR_shield_infantry_zzb2","2.5","","","1.1","","","","","","","","","","","","","","","","","LargeShield","","70","","Blunt","82","82","","","","shield","shield","","","","","","","bo_cap_battania_targe_b","","","","true","true","","","true","","true","","","","0.0,0.0,0","","shield_kite:shield_2:shield_3:shield_4","","false","bo_battania_targe_b","true","","1","-0.0, 0.12, 0.1","","300","","wood_shield","0.18, -0.04, 0.00","","-5.90,19.00,38.50","","","","","","","","","","","","true","","","","true","","","","","","","",""
"OSW","OSA_ar_reforms_shields.xml","AR_shield_infantry_zzc","{=osa_ar_shield_infantry_zzc}Iron Decorated Buckler","Shield","Culture.empire","","AR_shield_infantry_zzc","2.5","","","1.1","","","","","","","","","","","","","","","","","LargeShield","","70","","Blunt","82","82","","","","shield","shield","","","","","","","bo_cap_battania_targe_b","","","","true","true","","","true","","true","","","","0.0,0.0,0","","shield_kite:shield_2:shield_3:shield_4","","false","bo_battania_targe_b","true","","1","-0.0, 0.12, 0.1","","380","","wood_shield","0.18, -0.04, 0.00","","-5.90,19.00,38.50","","","","","","","","","","","","true","","","","true","","","","","","","",""
"OSW","OSA_ar_reforms_shields.xml","AR_shield_infantry_zzc2","{=osa_ar_shield_infantry_zzc2}Bronze Decorated Buckler","Shield","Culture.empire","","AR_shield_infantry_zzc2","2.5","","","1.1","","","","","","","","","","","","","","","","","LargeShield","","70","","Blunt","82","82","","","","shield","shield","","","","","","","bo_cap_battania_targe_b","","","","true","true","","","true","","true","","","","0.0,0.0,0","","shield_kite:shield_2:shield_3:shield_4","","false","bo_battania_targe_b","true","","1","-0.0, 0.12, 0.1","","380","","wood_shield","0.18, -0.04, 0.00","","-5.90,19.00,38.50","","","","","","","","","","","","true","","","","true","","","","","","","",""
"OSW","OSA_ar_reforms_shields.xml","AR_shield_infantry_zzd","{=osa_ar_shield_infantry_zzd}Bronze Round Shield","Shield","Culture.empire","","AR_shield_infantry_zzd","4","","","0.9","","","","","","","","","","","","","","","","","LargeShield","","60","","Blunt","82","82","","","","shield","shield","","","","","","","bo_cap_aserai_shields_g","","","","true","true","","","true","","true","","","","-0.1,-0.07,-0.05","","shield:shield_2:shield_3:shield_4","","false","bo_aserai_shields_g","","","1","0.01, 0.07, 0.1","","520","","metal_shield","0.0, 0.00, 0.00","","0.0,10.0,40.00","","","","","","","","","","","","true","","","","true","","","","","","","",""
"OSW","OSA_ar_reforms_shields.xml","AR_shield_infantry_zzd2","{=osa_ar_shield_infantry_zzd2}Rimmed Bronze Round Shield","Shield","Culture.empire","","AR_shield_infantry_zzd2","4","","","0.9","","","","","","","","","","","","","","","","","LargeShield","","60","","Blunt","82","82","","","","shield","shield","","","","","","","bo_cap_aserai_shields_g","","","","true","true","","","true","","true","","","","-0.1,-0.07,-0.05","","shield:shield_2:shield_3:shield_4","","false","bo_aserai_shields_g","","","1","0.01, 0.07, 0.1","","520","","metal_shield","0.0, 0.00, 0.00","","0.0,10.0,40.00","","","","","","","","","","","","true","","","","true","","","","","","","",""
"OSW","OSA_ar_reforms_shields.xml","AR_shield_infantry_zze","{=osa_ar_shield_infantry_zze}Bronze Buckler","Shield","Culture.empire","","AR_shield_infantry_zze","2.5","","","1.1","","","","","","","","","","","","","","","","","LargeShield","","70","","Blunt","82","82","","","","shield","shield","","","","","","","bo_cap_battania_targe_b","","","","true","true","","","true","","true","","","","0.0,0.0,0","","shield_kite:shield_2:shield_3:shield_4","","false","bo_battania_targe_b","true","","1","-0.0, 0.12, 0.1","","380","","metal_shield","0.18, -0.04, 0.00","","-5.90,19.00,38.50","","","","","","","","","","","","true","","","","true","","","","","","","",""
"OSW","OSA_ar_reforms_shields.xml","AR_shield_infantry_zze2","{=osa_ar_shield_infantry_zze2}Rimmed Bronze Buckler","Shield","Culture.empire","","AR_shield_infantry_zze2","2.5","","","1.1","","","","","","","","","","","","","","","","","LargeShield","","70","","Blunt","82","82","","","","shield","shield","","","","","","","bo_cap_battania_targe_b","","","","true","true","","","true","","true","","","","0.0,0.0,0","","shield_kite:shield_2:shield_3:shield_4","","false","bo_battania_targe_b","true","","1","-0.0, 0.12, 0.1","","380","","metal_shield","0.18, -0.04, 0.00","","-5.90,19.00,38.50","","","","","","","","","","","","true","","","","true","","","","","","","",""
"OSW","OSA_ar_reforms_shields.xml","AR_shield_infantry_zzf","{=osa_ar_shield_infantry_zzf}Wooden Tower Shield","Shield","Culture.vlandia","","AR_shield_infantry_zzf","4.7","","","1","","","","","","","","","","","","","","","","","LargeShield","","90","","Blunt","82","82","","","","shield","shield","","","","","","","bo_cap_heater_shield_d","","","","true","true","","","true","","true","","","","-0.1,-0.1,-0.0","","shield_kite:shield_2:shield_3:shield_4","","false","bo_heater_shield_d","true","","1","0.0,0.1,0.05","","300","","wood_shield","0.0, 0.00, 0.00","","0.0,10.0,40.00","","","","","","","","","","","","true","","","","true","","","","","","","",""
"OSW","OSA_ar_reforms_shields.xml","AR_shield_infantry_zzg","{=osa_ar_shield_infantry_zzg}Hide Wrapped Tower Shield","Shield","Culture.vlandia","","AR_shield_infantry_zzg","4.7","","","1","","","","","","","","","","","","","","","","","LargeShield","","90","","Blunt","82","82","","","","shield","shield","","","","","","","bo_cap_heater_shield_d","","","","true","true","","","true","","true","","","","-0.1,-0.1,-0.0","","shield_kite:shield_2:shield_3:shield_4","","false","bo_heater_shield_d","true","","1","0.0,0.1,0.05","","340","","wood_shield","0.0, 0.00, 0.00","","0.0,10.0,40.00","","","","","","","","","","","","true","","","","true","","","","","","","",""
"OSW","OSA_ar_reforms_shields.xml","AR_shield_infantry_zzh","{=osa_ar_shield_infantry_zzh}Timber Round Shield","Shield","Culture.empire","","AR_shield_infantry_zzh","3.3","","","5","","","","","","","","","","","","","","","","","LargeShield","","70","5","Blunt","82","87","","","","","hand_shield","","","","","","","bo_cap_shield_sturgia_infantary_a","","","true","","true","","","true","","true","","","","0.0,0,0.01","","shield_round:shield_4","","false","bo_cap_shield_sturgia_infantary_b","true","","2","0.0,0.065,0.05","","260","","wood_shield","-0.02, 0.0, 0.0","","195.0,-90.0,-10.0","","","","","","","","","","","","true","","","","true","","","","","","","",""
"OSW","OSA_ar_reforms_shields.xml","AR_shield_infantry_zzi","{=osa_ar_shield_infantry_zzi}Wrapped Domed Shield","Shield","Culture.empire","","AR_shield_infantry_zzi","4","","","0.9","","","","","","","","","","","","","","","","","LargeShield","","60","","Blunt","82","82","","","","shield","shield","","","","","","","bo_cap_aserai_shields_g","","","","true","true","","","true","","true","","","","-0.1,-0.07,-0.05","","shield:shield_2:shield_3:shield_4","","false","bo_aserai_shields_g","true","","1","0.01, 0.07, 0.1","","380","","wood_shield","0.0, 0.00, 0.00","","0.0,10.0,40.00","","","","","","","","","","","","true","","","","true","","","","","","","",""
"OSW","OSA_ar_reforms_shields.xml","AR_shield_infantry_zzi2","{=osa_ar_shield_infantry_zzi2}Iron Domed Shield","Shield","Culture.empire","","AR_shield_infantry_zzi2","4","","","0.9","","","","","","","","","","","","","","","","","LargeShield","","60","","Blunt","82","82","","","","shield","shield","","","","","","","bo_cap_aserai_shields_g","","","","true","true","","","true","","true","","","","-0.1,-0.07,-0.05","","shield:shield_2:shield_3:shield_4","","false","bo_aserai_shields_g","true","","1","0.01, 0.07, 0.1","","450","","wood_shield","0.0, 0.00, 0.00","","0.0,10.0,40.00","","","","","","","","","","","","true","","","","true","","","","","","","",""
"OSW","OSA_ar_reforms_shields.xml","AR_shield_infantry_zzi3","{=osa_ar_shield_infantry_zzi3}Brass Domed Shield","Shield","Culture.empire","","AR_shield_infantry_zzi3","4","","","0.9","","","","","","","","","","","","","","","","","LargeShield","","60","","Blunt","82","82","","","","shield","shield","","","","","","","bo_cap_aserai_shields_g","","","","true","true","","","true","","true","","","","-0.1,-0.07,-0.05","","shield:shield_2:shield_3:shield_4","","false","bo_aserai_shields_g","true","","1","0.01, 0.07, 0.1","","450","","wood_shield","0.0, 0.00, 0.00","","0.0,10.0,40.00","","","","","","","","","","","","true","","","","true","","","","","","","",""
"OSW","OSA_ar_reforms_shields.xml","AR_shield_infantry_zzj","{=osa_ar_shield_infantry_zzj}Timber Shield","Shield","Culture.sturgia","","AR_shield_infantry_zzj","4.7","","","1.1","","","","","","","","","","","","","","","","","LargeShield","","90","5","Blunt","82","82","","","","shield","hand_shield","","","","","","","bo_cap_shield_khuzait_infantary_a","","","","true","true","","","true","","true","","","","0.0,0.1,0","","shield_kite:shield_2:shield_3:shield_4","","false","bo_shield_khuzait_infantary_a","true","","1","0.0,0.065,0.05","","260","","wood_shield","0.20, -0.02, -0.05","","-20,40,-10","","","","","","","","","","","","true","","","","true","","","","","","","",""
"OSW","OSA_ar_reforms_shields.xml","AR_shield_infantry_zzk","{=osa_ar_shield_infantry_zzk}Bound Timber Shield","Shield","Culture.sturgia","","AR_shield_infantry_zzk","4.7","","","1.1","","","","","","","","","","","","","","","","","LargeShield","","90","5","Blunt","82","82","","","","shield","hand_shield","","","","","","","bo_cap_shield_khuzait_infantary_a","","","","true","true","","","true","","true","","","","0.0,0.1,0","","shield_kite:shield_2:shield_3:shield_4","","false","bo_shield_khuzait_infantary_a","true","","2","0.0,0.065,0.05","","300","","wood_shield","0.20, -0.02, -0.05","","-20,40,-10","","","","","","","","","","","","true","","","","true","","","","","","","",""
"OSW","OSA_ar_reforms_shields.xml","AR_shield_infantry_zzl","{=osa_ar_shield_infantry_zzl}Reinforced Timber Shield","Shield","Culture.sturgia","","AR_shield_infantry_zzl","4.7","","","1.1","","","","","","","","","","","","","","","","","LargeShield","","90","5","Blunt","82","82","","","","shield","hand_shield","","","","","","","bo_cap_shield_khuzait_infantary_a","","","","true","true","","","true","","true","","","","0.0,0.1,0","","shield_kite:shield_2:shield_3:shield_4","","false","bo_shield_khuzait_infantary_a","true","","6","0.0,0.065,0.05","","340","","wood_shield","0.20, -0.02, -0.05","","-20,40,-10","","","","","","","","","","","","true","","","","true","","","","","","","",""
"OSW","OSA_ar_reforms_shields.xml","AR_shield_infantry_zzm","{=osa_ar_shield_infantry_zzm}Highland Buckler","Shield","Culture.battania","","AR_shield_infantry_zzm","4.7","","","1.1","","","","","","","","","","","","","","","","","LargeShield","","90","5","Blunt","82","82","","","","shield","hand_shield","","","","","","","bo_cap_battania_targe_b","","","","true","true","","","true","","true","","","","0.0,0.1,0","","shield_kite:shield_2:shield_3:shield_4","","false","bo_battania_targe_b","true","","6","0.0,0.065,0.05","","300","","wood_shield","0.20, -0.02, -0.05","","-20,40,-10","","","","","","","","","","","","true","","","","true","","","","","","","",""
"OSW","OSA_ar_reforms_shields.xml","AR_shield_infantry_zzn","{=osa_ar_shield_infantry_zzn}Highland Reinforced Buckler","Shield","Culture.battania","","AR_shield_infantry_zzn","4.7","","","1.1","","","","","","","","","","","","","","","","","LargeShield","","90","5","Blunt","82","82","","","","shield","hand_shield","","","","","","","bo_cap_battania_targe_b","","","","true","true","","","true","","true","","","","0.0,0.1,0","","shield_kite:shield_2:shield_3:shield_4","","false","bo_battania_targe_b","true","","6","0.0,0.065,0.05","","340","","wood_shield","0.20, -0.02, -0.05","","-20,40,-10","","","","","","","","","","","","true","","","","true","","","","","","","",""
"OSW","OSA_ar_reforms_shields.xml","AR_shield_infantry_zzo","{=osa_ar_shield_infantry_zzo}Iron Decorated Round Shield","Shield","Culture.empire","","AR_shield_infantry_zzo","3.5","","","","","","","","","","","","","","","","","","","","LargeShield","","70","5","Blunt","82","82","","","","shield","hand_shield","","","","","","","bo_cap_shield_sturgia_infantary_a","","","true","","true","","","true","","true","","","","0.0,0,0.01","","shield_round:shield_4","","false","bo_shield_sturgia_infantary_a","true","","6","0.0,0.065,0.05","","430","","wood_shield","-0.02, 0.0, 0.0","","-15.0,-90.0,-10.0","","","","","","","","","","","","true","","","","true","","","","","","","",""
"OSW","OSA_ar_reforms_shields.xml","AR_shield_infantry_zzo2","{=osa_ar_shield_infantry_zzo2}Bronze Decorated Round Shield","Shield","Culture.empire","","AR_shield_infantry_zzo2","3.5","","","","","","","","","","","","","","","","","","","","LargeShield","","70","5","Blunt","82","82","","","","shield","hand_shield","","","","","","","bo_cap_shield_sturgia_infantary_a","","","true","","true","","","true","","true","","","","0.0,0,0.01","","shield_round:shield_4","","false","bo_shield_sturgia_infantary_a","true","","6","0.0,0.065,0.05","","430","","wood_shield","-0.02, 0.0, 0.0","","-15.0,-90.0,-10.0","","","","","","","","","","","","true","","","","true","","","","","","","",""
"OSW","OSA_ar_reforms_shields.xml","AR_shield_infantry_zzp","{=osa_ar_shield_infantry_zzp}Reinforced Zebra Skin Oval Shield","Shield","Culture.aserai","","AR_shield_infantry_zzp","3.2","","","1","","","","","","","","","","","","","","","","","LargeShield","","70","","Blunt","82","82","","","","shield","shield","","","","","","","bo_cap_aserai_shields_d","","","","true","true","","","true","","true","","","","0.0,0.1,0","","shield_kite:shield_2:shield_3:shield_4","","false","bo_aserai_shields_c","true","","1","0.0,0.065,0.05","","320","","wood_shield","0.19, -0.02, -0.05","","-20,40,-10","","","","","","","","","","","","true","","","","true","","","","","","","",""
"OSW","OSA_ar_reforms_shields.xml","AR_shield_infantry_zzp2","{=osa_ar_shield_infantry_zzp2}Reinforced Leopard Pelt Oval Shield","Shield","Culture.aserai","","AR_shield_infantry_zzp2","3.2","","","1","","","","","","","","","","","","","","","","","LargeShield","","70","","Blunt","82","82","","","","shield","shield","","","","","","","bo_cap_aserai_shields_d","","","","true","true","","","true","","true","","","","0.0,0.1,0","","shield_kite:shield_2:shield_3:shield_4","","false","bo_aserai_shields_c","true","","1","0.0,0.065,0.05","","320","","wood_shield","0.19, -0.02, -0.05","","-20,40,-10","","","","","","","","","","","","true","","","","true","","","","","","","",""
"OSW","OSA_ar_reforms_shields.xml","AR_shield_infantry_zzp3","{=osa_ar_shield_infantry_zzp3}Reinforced Lion Pelt Oval Shield","Shield","Culture.aserai","","AR_shield_infantry_zzp3","3.2","","","1","","","","","","","","","","","","","","","","","LargeShield","","70","","Blunt","82","82","","","","shield","shield","","","","","","","bo_cap_aserai_shields_d","","","","true","true","","","true","","true","","","","0.0,0.1,0","","shield_kite:shield_2:shield_3:shield_4","","false","bo_aserai_shields_c","true","","1","0.0,0.065,0.05","","320","","wood_shield","0.19, -0.02, -0.05","","-20,40,-10","","","","","","","","","","","","true","","","","true","","","","","","","",""
"OSW","OSA_ar_reforms_shields.xml","AR_shield_infantry_zzq","{=osa_ar_shield_infantry_zzq}Woven Reed Oval Shield","Shield","","","AR_shield_infantry_zzq","4.7","","","1.1","","","","","","","","","","","","","","","","","LargeShield","","120","5","Blunt","82","82","","","","shield","hand_shield","","","","","","","bo_cap_aserai_shields_c","","","","true","true","","","true","","true","","","","0.0,0.1,0","","shield_kite:shield_2:shield_3:shield_4","","false","bo_aserai_shields_d","true","","2","0.0,0.065,0.05","","280","","wood_shield","0.19, -0.02, -0.05","","-20,40,-10","","","","","","","","","","","","true","","","","true","","","","","","","",""
"OSW","OSA_ar_reforms_shields.xml","AR_shield_infantry_zzr","{=osa_ar_shield_infantry_zzr}Reinforced Woven Reed Oval Shield","Shield","Culture.aserai","","AR_shield_infantry_zzr","3.2","","","1","","","","","","","","","","","","","","","","","LargeShield","","70","","Blunt","82","82","","","","shield","shield","","","","","","","bo_cap_aserai_shields_d","","","","true","true","","","true","","true","","","","0.0,0.1,0","","shield_kite:shield_2:shield_3:shield_4","","false","bo_aserai_shields_c","true","","1","0.0,0.065,0.05","","320","","wood_shield","0.19, -0.02, -0.05","","-20,40,-10","","","","","","","","","","","","true","","","","true","","","","","","","",""
"OSW","OSA_ar_reforms_weapons.xml","AR_plumbata","{=osa_ar_plumbata}Plumbata Darts","Thrown","Culture.empire","","AR_plumbata","0.3","2000","","0.1","","","","","","","","","","","","","","","","","Stone","Stone","34","50","Pierce","100","100","99","82","5","","stone","","","","","","","bo_throwing_stone","","","","","","","","","","true","bo_axe_short","bolt_bl_e_quiver","bolt_bl_e_quiver","","","quiver_bolts:quiver_bolts_2:quiver_back_middle:quiver_back_top","","","","","","","0,0,-0.1","event:/mission/combat/missile/foley/passby","","event:/mission/combat/missile/passby","missile","","","0, -80, 25","","","","","","","","true","","true","","","","","true","","","","","","true","","","true"
"OSW","OSA_ar_reforms_weapons.xml","AR_plumbata_heavy","{=osa_ar_plumbata_heavy}Heavy Plumbata Darts","Thrown","Culture.empire","","AR_plumbata_heavy","0.4","5000","20","0.1","","","","","","","","","","","","","","","","","Stone","Stone","47","60","Pierce","100","100","97","78","5","","stone","","","","","","","bo_throwing_stone","","","","","","","","","","true","bo_axe_short","bolt_bl_a_quiver","bolt_bl_a_quiver","","","quiver_bolts:quiver_bolts_2:quiver_back_middle:quiver_back_top","","","","","","","0,0,-0.1","event:/mission/combat/missile/foley/passby","","event:/mission/combat/missile/passby","missile","","","0, -80, 25","","","","","","","","true","","true","","","true","","true","","","","","","true","","","true"
"OSW","OSA_ar_reforms_weapons.xml","AR_martiobarbuli","{=osa_ar_martiobarbuli}Martiobarbuli Darts","Thrown","Culture.aserai","","AR_Martiobarbuli","0.4","5000","40","0.1","","","","","","","","","","","","","","","","","Stone","Stone","38","60","Pierce","100","100","99","82","3","","stone","","","","","","","bo_throwing_stone","","","","","","","","","","true","bo_axe_short","bolt_bl_c_quiver","bolt_bl_c_quiver","","","quiver_bolts:quiver_bolts_2:quiver_back_middle:quiver_back_top","","","","","","","0,0,-0.1","event:/mission/combat/missile/foley/passby","","event:/mission/combat/missile/passby","missile","","","0, -80, 25","","","","","","","","true","","true","","","true","","true","","","","","","true","","","true"
"OSW","OSA_ar_reforms_weapons.xml","AR_throwing_pot","{=osa_ar_throwing_pot}Throwing Pots","Thrown","","","AR_throwing_pot","0.5","100","0","0.1","","","","","","","","","","","","","","","","","Stone","Stone","10","15","","102","102","45","40","5","","stone","","","","","","","bo_throwing_stone","","","","","","","","","AR_throwing_pot","true","bo_axe_short","stone_holster","stone_holster","","","throwing_stone:throwing_stone_2","","","","","","","","","","","pot_breakable","","","100,30,20","0, -3.0, 0","","","","true","","true","","","true","","","","","true","","","","","","true","","true","true"
"OSW","OSA_ar_reforms_weapons.xml","AR_war_dart_a","{=osa_ar_war_dart_a}War Darts","Thrown","Culture.battania","","AR_war_dart_a","0.4","5000","40","0.1","","","","","","","","","","","","","","","","","Stone","Stone","38","50","Pierce","100","100","99","82","5","","stone","","","","","","","bo_throwing_stone","","","","","","","","","","true","bo_axe_short","arrow_bl_h_quiver","arrow_bl_h_quiver","","","quiver_bolts:quiver_bolts_2:quiver_back_middle:quiver_back_top","","","","","","","0,0,-0.1","event:/mission/combat/missile/foley/passby","","event:/mission/combat/missile/passby","missile","","","0, -80, 25","","","","","","","","true","","true","","","true","","true","","","","","","true","","","true"
"OSW","OSA_ar_reforms_weapons.xml","AR_war_dart_b","{=osa_ar_war_dart_b}War Darts","Thrown","Culture.aserai","","AR_war_dart_a","0.4","5000","40","0.1","","","","","","","","","","","","","","","","","Stone","Stone","38","60","Pierce","100","100","99","82","5","","stone","","","","","","","bo_throwing_stone","","","","","","","","","","true","bo_axe_short","arrow_bl_g_quiver","arrow_bl_g_quiver","","","quiver_bolts:quiver_bolts_2:quiver_back_middle:quiver_back_top","","","","","","","0,0,-0.1","event:/mission/combat/missile/foley/passby","","event:/mission/combat/missile/passby","missile","","","0, -80, 25","","","","","","","","true","","true","","","true","","true","","","","","","true","","","true"
"OSW","OSA_ar_reforms_weapons.xml","AR_naptha_pot","{=osa_ar_naptha_pot}Calradic Fire Pots","Thrown","","","AR_fire_pot","0.5","36842","120","0.1","","","","","","","","","","","","","","","","","Stone","Stone","10","200","Blunt","102","102","45","40","5","","stone","","","","","","","bo_throwing_stone","","","","","","","","","AR_fire_pot","true","bo_axe_short","stone_holster","stone_holster","","","throwing_stone:throwing_stone_2","","","","","","","","event:/mission/combat/boulder/passby","","","burning_jar","","","100,30,20","0, -3.0, 0","","","psys_game_burning_jar_trail","","true","true","","","","true","","true","","true","","","true","true","false","true","true","","true"
"OSW","OSA_ar_reforms_weapons.xml","AR_cheirosiphon_a","{=osa_ar_cheirosiphon_a}Calradic Fire Siphon","Crossbow","Culture.empire","","AR_cheirosiphon_a","2.0","56842","200","0.8","","","","","","","","","","","","","","","","","Crossbow","Bolt","95","100","Blunt","20","10","50","40","","crossbow","crossbow","0.0, 0.02131, 0.24650","","","","","","bo_cross_bow_heavy","","","","","","","","","","","","","","0.02,0,-0.4","false","crossbow_back:bow_hip:mace_right_hip:bow_hip_2","","","","","1","","0,0,0.4","","","","wood_weapon","","2","","","","","","","","","","","","","","","true","","","true","","","true","true","true","",""
"OSW","OSA_ar_reforms_weapons.xml","AR_cheirosiphon_ammo_a","{=osa_ar_cheirosiphon_ammo_a}Calradic Fire","Bolts","","","AR_cheirosiphon_ammo_a","0.05","36842","200","1","","","","","","","","","","","","","","","","","Bolt","","47","2","Blunt","0","10","","10","12","bolt","","","","","","","","bo_capsule_arrow","","","","","","","","","AR_cheirosiphon_ammo_a","","bo_axe_short","stone_holster","stone_holster","","false","quiver_bolts:quiver_bolts_2:quiver_back_middle:quiver_back_top","","","","","","","0,0,-0.1","","","event:/mission/combat/missile/passby","burning_jar","","","180, 0, 0","","0,-0.47,0","90,0,0","psys_game_burning_agent","","true","true","true","true","","true","","true","","true","","","true","true","","","","",""
"OSW","OSA_extra_contribution_weapons.xml","AD_shield_infantry_a","{=osa_ad_shield_infantry_a}Highland Iron Rimmed Oval Shield","Shield","Culture.battania","","AD_shield_infantry_a","3.5","","","1.1","","","","","","","","","","","","","","","","","LargeShield","","70","5","Blunt","82","82","","","","shield","hand_shield","","","","","","","bo_cap_battania_large_shield_a","","","true","","true","","","true","","true","","","","0.0,0.1,0","","shield_kite:shield_2:shield_3:shield_4","","false","bo_battania_large_shield_a","true","","1","0.0,0.065,0.05","","430","","wood_shield","0.05, -0.01, 0.00","","-91.80,-62.90,0.00","","","","","","","","","","","","true","","","","true","","","","","","","",""
"OSW","OSA_extra_contribution_weapons.xml","AD_shield_infantry_a2","{=osa_ad_shield_infantry_a2}Highland Brass Rimmed Oval Shield","Shield","Culture.battania","","AD_shield_infantry_a2","3.5","","","1.1","","","","","","","","","","","","","","","","","LargeShield","","70","5","Blunt","82","82","","","","shield","hand_shield","","","","","","","bo_cap_battania_large_shield_a","","","true","","true","","","true","","true","","","","0.0,0.1,0","","shield_kite:shield_2:shield_3:shield_4","","false","bo_battania_large_shield_a","true","","1","0.0,0.065,0.05","","430","","wood_shield","0.05, -0.01, 0.00","","-91.80,-62.90,0.00","","","","","","","","","","","","true","","","","true","","","","","","","",""
"OSW","OSA_extra_contribution_weapons.xml","AD_shield_infantry_b","{=osa_ad_shield_infantry_b}Highland Iron Reinforced Oval Shield","Shield","Culture.battania","","AD_shield_infantry_b","3.5","","","1","","","","","","","","","","","","","","","","","LargeShield","","70","5","Blunt","82","82","","","","shield","hand_shield","","","","","","","bo_cap_battania_large_shield_b","","","true","","true","","","true","","true","","","","0.0,0.1,0","","shield_kite:shield_2:shield_3:shield_4","","false","bo_battania_large_shield_b","true","","1","0.0,0.065,0.05","","480","","wood_shield","0.04, -0.01, 0.0","","254.50,-62.10,8.70","","","","","","","","","","","","true","","","","true","","","","","","","",""
"OSW","OSA_extra_contribution_weapons.xml","AD_shield_infantry_b2","{=osa_ad_shield_infantry_b2}Highland Brass Reinforced Oval Shield","Shield","Culture.battania","","AD_shield_infantry_b2","3.5","","","1","","","","","","","","","","","","","","","","","LargeShield","","70","5","Blunt","82","82","","","","shield","hand_shield","","","","","","","bo_cap_battania_large_shield_b","","","true","","true","","","true","","true","","","","0.0,0.1,0","","shield_kite:shield_2:shield_3:shield_4","","false","bo_battania_large_shield_b","true","","1","0.0,0.065,0.05","","480","","wood_shield","0.04, -0.01, 0.0","","254.50,-62.10,8.70","","","","","","","","","","","","true","","","","true","","","","","","","",""
"OSW","OSA_extra_contribution_weapons.xml","AD_shield_infantry_c","{=osa_ad_shield_infantry_c}Highland Iron Rimmed Rectangular Shield","Shield","Culture.battania","","AD_shield_infantry_c","3.5","","","1","","","","","","","","","","","","","","","","","LargeShield","","70","5","Blunt","82","82","","","","shield","hand_shield","","","","","","","bo_cap_battania_large_shield_b","","","true","","true","","","true","","true","","","","0.0,0.1,0","","shield_kite:shield_2:shield_3:shield_4","","false","bo_battania_large_shield_b","true","","1","0.0,0.065,0.05","","430","","wood_shield","0.04, -0.01, 0.0","","254.50,-62.10,8.70","","","","","","","","","","","","true","","","","true","","","","","","","",""
"OSW","OSA_extra_contribution_weapons.xml","AD_shield_infantry_c2","{=osa_ad_shield_infantry_c2}Highland Brass Rimmed Rectangular Shield","Shield","Culture.battania","","AD_shield_infantry_c2","3.5","","","1","","","","","","","","","","","","","","","","","LargeShield","","70","5","Blunt","82","82","","","","shield","hand_shield","","","","","","","bo_cap_battania_large_shield_b","","","true","","true","","","true","","true","","","","0.0,0.1,0","","shield_kite:shield_2:shield_3:shield_4","","false","bo_battania_large_shield_b","true","","1","0.0,0.065,0.05","","430","","wood_shield","0.04, -0.01, 0.0","","254.50,-62.10,8.70","","","","","","","","","","","","true","","","","true","","","","","","","",""
"OSW","OSA_extra_contribution_weapons.xml","AD_shield_infantry_d","{=osa_ad_shield_infantry_d}Highland Iron Reinforced Rectangular Shield","Shield","Culture.battania","","AD_shield_infantry_d","3.5","","","1","","","","","","","","","","","","","","","","","LargeShield","","70","5","Blunt","82","82","","","","shield","hand_shield","","","","","","","bo_cap_battania_large_shield_b","","","true","","true","","","true","","true","","","","0.0,0.1,0","","shield_kite:shield_2:shield_3:shield_4","","false","bo_battania_large_shield_b","true","","1","0.0,0.065,0.05","","480","","wood_shield","0.04, -0.01, 0.0","","254.50,-62.10,8.70","","","","","","","","","","","","true","","","","true","","","","","","","",""
"OSW","OSA_extra_contribution_weapons.xml","AD_shield_infantry_d2","{=osa_ad_shield_infantry_d2}Highland Brass Reinforced Rectangular Shield","Shield","Culture.battania","","AD_shield_infantry_d2","3.5","","","1","","","","","","","","","","","","","","","","","LargeShield","","70","5","Blunt","82","82","","","","shield","hand_shield","","","","","","","bo_cap_battania_large_shield_b","","","true","","true","","","true","","true","","","","0.0,0.1,0","","shield_kite:shield_2:shield_3:shield_4","","false","bo_battania_large_shield_b","true","","1","0.0,0.065,0.05","","480","","wood_shield","0.04, -0.01, 0.0","","254.50,-62.10,8.70","","","","","","","","","","","","true","","","","true","","","","","","","",""
"Saddlery","OSA_ar_reforms_saddlery.xml","AR_horse_armor_a","{=osa_ar_horse_armor_a}Imperial Decorated Half Mail Barding","HorseHarness","Culture.empire","","AR_horse_armor_a","65","","","0.6","Chainmail","chain","","60","","","","","","","all","0","0","0","1","horse_harness_imperial_b_rein","","","","","","","","","","","","","","","","","","","","true","","","","","","true","","","","","","","","","","","","","","","","","","","","","","","","","","","","","","","","","","","","","","","","","","","","","","",""
"Saddlery","OSA_ar_reforms_saddlery.xml","AR_horse_armor_a2","{=osa_ar_horse_armor_a2}Imperial Decorated Half Mail Barding","HorseHarness","Culture.empire","","AR_horse_armor_a2","65","","","0.6","Chainmail","chain","","60","","","","","","","all","0","0","0","1","horse_harness_roman_b_new_rein","","","","","","","","","","","","","","","","","","","","true","","","","","","true","","","","","","","","","","","","","","","","","","","","","","","","","","","","","","","","","","","","","","","","","","","","","","",""
"Saddlery","OSA_ar_reforms_saddlery.xml","AR_horse_armor_b","{=osa_ar_horse_armor_b}Imperial Half Mail Barding","HorseHarness","Culture.empire","","AR_horse_armor_b","65","","","0.6","Chainmail","chain","","58","","","","","","","all","0","0","0","1","horse_harness_imperial_b_rein","","","","","","","","","","","","","","","","","","","","true","","","","","","true","","","","","","","","","","","","","","","","","","","","","","","","","","","","","","","","","","","","","","","","","","","","","","",""
"Saddlery","OSA_ar_reforms_saddlery.xml","AR_horse_armor_b2","{=osa_ar_horse_armor_b2}Imperial Half Mail Barding","HorseHarness","Culture.empire","","AR_horse_armor_b2","65","","","0.6","Chainmail","chain","","58","","","","","","","all","0","0","0","1","horse_harness_roman_b_new_rein","","","","","","","","","","","","","","","","","","","","true","","","","","","true","","","","","","","","","","","","","","","","","","","","","","","","","","","","","","","","","","","","","","","","","","","","","","",""
"Saddlery","OSA_ar_reforms_saddlery.xml","AR_horse_armor_c","{=osa_ar_horse_armor_c}Southern Scale Barding","HorseHarness","Culture.aserai","body_armor","AR_horse_armor_c","135","","0","0.5","Chainmail","chain","","75","","","","","","","all","","","","1","horse_harness_aserai_c_rein","","","","","","","","","","","","","","","","","","","","true","","","","","","","","","","","","","","","","","","","","","","","","","","","","","","","","","","","","","","","","","","","","","","","","","","","","",""
"Saddlery","OSA_ar_reforms_saddlery.xml","AR_horse_armor_c2","{=osa_ar_horse_armor_c2}Southern Lamellar Barding","HorseHarness","Culture.aserai","body_armor","AR_horse_armor_c2","135","","0","0.5","Chainmail","chain","","75","","","","","","","all","","","","1","AR_horse_armor_c2_rein","","","","","","","","","","","","","","","","","","","","true","","","","","","","","","","","","","","","","","","","","","","","","","","","","","","","","","","","","","","","","","","","","","","","","","","","","",""
"Saddlery","OSA_ar_reforms_saddlery.xml","AR_horse_armor_c3","{=osa_ar_horse_armor_c3}Southern Gilded Lamellar Barding","HorseHarness","Culture.aserai","body_armor","AR_horse_armor_c3","135","","0","0.5","Chainmail","chain","","75","","","","","","","all","","","","1","AR_horse_armor_c3_rein","","","","","","","","","","","","","","","","","","","","true","","","","","","","","","","","","","","","","","","","","","","","","","","","","","","","","","","","","","","","","","","","","","","","","","","","","",""
"Saddlery","OSA_ar_reforms_saddlery.xml","AR_horse_armor_d","{=osa_ar_horse_armor_d}Southern Half Scale Barding","HorseHarness","Culture.aserai","body_armor","AR_horse_armor_d","80","","0","0.5","Chainmail","chain","","60","","","","","","","all","","","","1","horse_harness_aserai_c_rein","","","","","","","","","","","","","","","","","","","","true","","","","","","","","","","","","","","","","","","","","","","","","","","","","","","","","","","","","","","","","","","","","","","","","","","","","",""
"Saddlery","OSA_ar_reforms_saddlery.xml","AR_horse_armor_d2","{=osa_ar_horse_armor_d2}Southern Half Lamellar Barding","HorseHarness","Culture.aserai","body_armor","AR_horse_armor_d2","80","","0","0.5","Chainmail","chain","","60","","","","","","","all","","","","1","AR_horse_armor_c2_rein","","","","","","","","","","","","","","","","","","","","true","","","","","","","","","","","","","","","","","","","","","","","","","","","","","","","","","","","","","","","","","","","","","","","","","","","","",""
"Saddlery","OSA_ar_reforms_saddlery.xml","AR_horse_armor_d3","{=osa_ar_horse_armor_d3}Southern Gilded Half Lamellar Barding","HorseHarness","Culture.aserai","body_armor","AR_horse_armor_d3","80","","0","0.5","Chainmail","chain","","60","","","","","","","all","","","","1","AR_horse_armor_c3_rein","","","","","","","","","","","","","","","","","","","","true","","","","","","","","","","","","","","","","","","","","","","","","","","","","","","","","","","","","","","","","","","","","","","","","","","","","",""
"Saddlery","OSA_ar_reforms_saddlery.xml","AR_horse_armor_e","{=osa_ar_horse_armor_e}Imperial Plate Barding","HorseHarness","Culture.empire","body_armor","AR_horse_armor_e","145","","0","0.4","Plate","plate","","70","","","","","","","all","","","","1","horse_harness_imperial_b_rein","","","","","","","","","","","","","","","","","","","","true","","","","","","","","","","","","","","","","","","","","","","","","","","","","","","","","","","","","","","","","","","","","","","","","","","","","",""
"Saddlery","OSA_ar_reforms_saddlery.xml","AR_horse_armor_f","{=osa_ar_horse_armor_f}Imperial Half Plate Barding","HorseHarness","Culture.empire","body_armor","AR_horse_armor_f","90","","0","0.6","Plate","plate","","60","","","","","","","all","","","","1","horse_harness_imperial_b_rein","","","","","","","","","","","","","","","","","","","","true","","","","","","","","","","","","","","","","","","","","","","","","","","","","","","","","","","","","","","","","","","","","","","","","","","","","",""
"Saddlery","OSA_ar_reforms_saddlery.xml","AR_horse_armor_g","{=osa_ar_horse_armor_g}Eastern Studded Mail Barding","HorseHarness","Culture.khuzait","body_armor","AR_horse_armor_g","95","","0","0.6","Chainmail","chain","","58","","","","","","","all","","","","1","horse_harness_aserai_c_rein","","","","","","","","","","","","","","","","","","","","true","","","","","","","","","","","","","","","","","","","","","","","","","","","","","","","","","","","","","","","","","","","","","","","","","","","","",""
"Saddlery","OSA_ar_reforms_saddlery.xml","AR_horse_armor_h","{=osa_ar_horse_armor_h}Imperial Studded Leather Barding","HorseHarness","Culture.empire","body_armor","AR_horse_armor_h","85","","0","0.6","Chainmail","chain","","46","","","","","","","all","","","","1","horse_harness_imperial_b_rein","","","","","","","","","","","","","","","","","","","","true","","","","","","","","","","","","","","","","","","","","","","","","","","","","","","","","","","","","","","","","","","","","","","","","","","","","",""
"Saddlery","OSA_ar_reforms_saddlery.xml","AR_horse_armor_i","{=osa_ar_horse_armor_i}Imperial Half Leather Barding","HorseHarness","Culture.empire","body_armor","AR_horse_armor_i","70","","0","1","Chainmail","chain","","42","","","","","","","all","","","","1","horse_harness_imperial_b_rein","","","","","","","","","","","","","","","","","","","","true","","","","","","","","","","","","","","","","","","","","","","","","","","","","","","","","","","","","","","","","","","","","","","","","","","","","",""
"Saddlery","OSA_ar_reforms_saddlery.xml","AR_horse_armor_j","{=osa_ar_horse_armor_j}Western Scale And Mail Barding","HorseHarness","Culture.vlandia","body_armor","AR_horse_armor_j","140","","0","0.5","Plate","plate","","75","","","","","","","all","","","","1","horse_harness_vlandia_a_rein","","","","","","","","","","","","","","","","","","","","true","","","","","","","","","","","","","","","","","","","","","","","","","","","","","","","","","","","","","","","","","","","","","","","","","","","","",""
"Saddlery","OSA_ar_reforms_saddlery.xml","AR_horse_armor_j2","{=osa_ar_horse_armor_j2}Western Lamellar And Mail Barding","HorseHarness","Culture.vlandia","body_armor","AR_horse_armor_j2","140","","0","0.5","Plate","plate","","75","","","","","","","all","","","","1","horse_harness_roman_b_new_rein","","","","","","","","","","","","","","","","","","","","true","","","","","","","","","","","","","","","","","","","","","","","","","","","","","","","","","","","","","","","","","","","","","","","","","","","","",""
"Saddlery","OSA_ar_reforms_saddlery.xml","AR_horse_armor_k","{=osa_ar_horse_armor_k}Western Half Scale Barding","HorseHarness","Culture.vlandia","body_armor","AR_horse_armor_k","135","","0","0.5","Plate","plate","","70","","","","","","","all","","","","1","horse_harness_vlandia_a_rein","","","","","","","","","","","","","","","","","","","","true","","","","","","","","","","","","","","","","","","","","","","","","","","","","","","","","","","","","","","","","","","","","","","","","","","","","",""
"Saddlery","OSA_ar_reforms_saddlery.xml","AR_horse_armor_k2","{=osa_ar_horse_armor_k2}Western Half Lamellar Barding","HorseHarness","Culture.vlandia","body_armor","AR_horse_armor_k2","135","","0","0.5","Plate","plate","","70","","","","","","","all","","","","1","horse_harness_roman_b_new_rein","","","","","","","","","","","","","","","","","","","","true","","","","","","","","","","","","","","","","","","","","","","","","","","","","","","","","","","","","","","","","","","","","","","","","","","","","",""
"Saddlery","OSA_ar_reforms_saddlery.xml","AR_horse_armor_l","{=osa_ar_horse_armor_l}Western Leather Scale Barding","HorseHarness","Culture.vlandia","body_armor","AR_horse_armor_l","135","","0","0.5","Leather","leather","","60","","","","","","","all","","","","1","horse_harness_vlandia_b_rein","","","","","","","","","","","","","","","","","","","","true","","","","","","","","","","","","","","","","","","","","","","","","","","","","","","","","","","","","","","","","","","","","","","","","","","","","",""
"Saddlery","OSA_ar_reforms_saddlery.xml","AR_horse_armor_m","{=osa_ar_horse_armor_m}Western Half Leather Scale Barding","HorseHarness","Culture.vlandia","body_armor","AR_horse_armor_m","135","","0","0.5","Leather","leather","","50","","","","","","","all","","","","1","horse_harness_vlandia_b_rein","","","","","","","","","","","","","","","","","","","","true","","","","","","","","","","","","","","","","","","","","","","","","","","","","","","","","","","","","","","","","","","","","","","","","","","","","",""
"Saddlery","OSA_ar_reforms_saddlery.xml","AR_horse_armor_n","{=osa_ar_horse_armor_n}Imperial Half Padded Barding","HorseHarness","Culture.empire","body_armor","AR_horse_armor_n","60","","0","0.5","Leather","leather","","36","","","","","","","all","","","","1","horse_harness_imperial_b_rein","","","","","","","","","","","","","","","","","","","","true","","","","","","","","","","","","","","","","","","","","","","","","","","","","","","","","","","","","","","","","","","","","","","","","","","","","",""
"Saddlery","OSA_ar_reforms_saddlery.xml","AR_horse_armor_n2","{=osa_ar_horse_armor_n2}Imperial Half Plain Padded Barding","HorseHarness","Culture.empire","body_armor","AR_horse_armor_n2","60","","0","0.5","Leather","leather","","36","","","","","","","all","","","","1","horse_harness_imperial_b_rein","","","","","","","","","","","","","","","","","","","","true","","","","","","true","","","","","","","","","","","","","","","","","","","","","","","","","","","","","","","","","","","","","","","","","","","","","","",""
"Saddlery","OSA_ar_reforms_saddlery.xml","AR_horse_armor_n3","{=osa_ar_horse_armor_n3}Imperial Half Plain Padded Barding","HorseHarness","Culture.empire","body_armor","AR_horse_armor_n3","60","","0","0.5","Leather","leather","","30","","","","","","","none","","","","1","horse_harness_roman_b_new_rein","","","","","","","","","","","","","","","","","","","","true","","","","","","","","","","","","","","","","","","","","","","","","","","","","","","","","","","","","","","","","","","","","","","","","","","","","",""
"Saddlery","OSA_ar_reforms_saddlery.xml","AR_horse_armor_o","{=osa_ar_horse_armor_o}Western Half Padded Barding","HorseHarness","Culture.vlandia","body_armor","AR_horse_armor_o","135","","0","0.5","Leather","leather","","40","","","","","","","all","","","","1","horse_harness_imperial_a_rein","","","","","","","","","","","","","","","","","","","","true","","","","","","true","","","","","","","","","","","","","","","","","","","","","","","","","","","","","","","","","","","","","","","","","","","","","","",""
"Saddlery","OSA_ar_reforms_saddlery.xml","AR_horse_armor_p","{=osa_ar_horse_armor_p}Western Padded Barding","HorseHarness","Culture.vlandia","body_armor","AR_horse_armor_p","135","","0","0.5","Leather","leather","","50","","","","","","","all","","","","1","horse_harness_vlandia_b_rein","","","","","","","","","","","","","","","","","","","","true","","","","","","true","","","","","","","","","","","","","","","","","","","","","","","","","","","","","","","","","","","","","","","","","","","","","","",""
"Saddlery","OSA_ar_reforms_saddlery.xml","AR_horse_armor_p2","{=osa_ar_horse_armor_p2}Western Padded Barding","HorseHarness","Culture.vlandia","body_armor","AR_horse_armor_p2","135","","0","0.5","Leather","leather","","50","","","","","","","all","","","","1","horse_harness_vlandia_b_rein","","","","","","","","","","","","","","","","","","","","true","","","","","","true","","","","","","","","","","","","","","","","","","","","","","","","","","","","","","","","","","","","","","","","","","","","","","",""
"Saddlery","OSA_ar_reforms_saddlery.xml","AR_horse_armor_q","{=osa_ar_horse_armor_q}Southern Half Padded Barding","HorseHarness","Culture.aserai","body_armor","AR_horse_armor_q","60","","0","0.5","Leather","leather","","35","","","","","","","all","","","","1","horse_harness_vlandia_b_rein","","","","","","","","","","","","","","","","","","","","true","","","","","","true","","","","","","","","","","","","","","","","","","","","","","","","","","","","","","","","","","","","","","","","","","","","","","",""
"Saddlery","OSA_ar_reforms_saddlery.xml","AR_horse_armor_q2","{=osa_ar_horse_armor_q2}Southern Half Decorated Padded Barding","HorseHarness","Culture.aserai","body_armor","AR_horse_armor_q2","60","","0","0.5","Leather","leather","","35","","","","","","","all","","","","1","horse_harness_aserai_c_rein","","","","","","","","","","","","","","","","","","","","true","","","","","","","","","","","","","","","","","","","","","","","","","","","","","","","","","","","","","","","","","","","","","","","","","","","","",""
"Saddlery","OSA_ar_reforms_saddlery.xml","AR_horse_armor_q3","{=osa_ar_horse_armor_q3}Southern Half Decorated Padded Barding","HorseHarness","Culture.aserai","body_armor","AR_horse_armor_q3","60","","0","0.5","Leather","leather","","35","","","","","","","all","","","","1","horse_harness_aserai_c_rein","","","","","","","","","","","","","","","","","","","","true","","","","","","","","","","","","","","","","","","","","","","","","","","","","","","","","","","","","","","","","","","","","","","","","","","","","",""
"Saddlery","OSA_ar_reforms_saddlery.xml","AR_horse_armor_r","{=osa_ar_horse_armor_r}Southern Padded Barding","HorseHarness","Culture.aserai","body_armor","AR_horse_armor_r","60","","0","0.5","Leather","leather","","40","","","","","","","all","","","","1","horse_harness_vlandia_b_rein","","","","","","","","","","","","","","","","","","","","true","","","","","","true","","","","","","","","","","","","","","","","","","","","","","","","","","","","","","","","","","","","","","","","","","","","","","",""
"Saddlery","OSA_ar_reforms_saddlery.xml","AR_horse_armor_r2","{=osa_ar_horse_armor_r2}Southern Decorated Padded Barding","HorseHarness","Culture.aserai","body_armor","AR_horse_armor_r2","60","","0","0.5","Leather","leather","","40","","","","","","","all","","","","1","horse_harness_aserai_c_rein","","","","","","","","","","","","","","","","","","","","true","","","","","","","","","","","","","","","","","","","","","","","","","","","","","","","","","","","","","","","","","","","","","","","","","","","","",""
"Saddlery","OSA_ar_reforms_saddlery.xml","AR_horse_armor_r3","{=osa_ar_horse_armor_r3}Southern Decorated Padded Barding","HorseHarness","Culture.aserai","body_armor","AR_horse_armor_r3","60","","0","0.5","Leather","leather","","40","","","","","","","all","","","","1","horse_harness_aserai_c_rein","","","","","","","","","","","","","","","","","","","","true","","","","","","","","","","","","","","","","","","","","","","","","","","","","","","","","","","","","","","","","","","","","","","","","","","","","",""
"Saddlery","OSA_ar_reforms_saddlery.xml","AR_horse_armor_s","{=osa_ar_horse_armor_s}Western Heavy Harness","HorseHarness","Culture.vlandia","body_armor","AR_horse_armor_s","30","","","1","Leather","leather","","12","","","","","","","none","","","","1","horse_harness_vlandia_b_rein","","","","","","","","","","","","","","","","","","","","true","","","","","","","","","","","","","","","","","","","","","","","","","","","","","","","","","","","","","","","","","","","","","","","","","","","","",""
"Saddlery","OSA_ar_reforms_saddlery.xml","AR_horse_armor_t","{=osa_ar_horse_armor_t}Southern Decorated Half Mail Barding","HorseHarness","Culture.aserai","","AR_horse_armor_t","65","","","0.6","Chainmail","chain","","60","","","","","","","all","0","0","0","1","horse_harness_aserai_c_rein","","","","","","","","","","","","","","","","","","","","true","","","","","","true","","","","","","","","","","","","","","","","","","","","","","","","","","","","","","","","","","","","","","","","","","","","","","",""
"Saddlery","OSA_ar_reforms_saddlery.xml","AR_horse_armor_t2","{=osa_ar_horse_armor_t2}Southern Decorated Half Mail Barding","HorseHarness","Culture.aserai","","AR_horse_armor_t2","65","","","0.6","Chainmail","chain","","60","","","","","","","all","0","0","0","1","horse_harness_aserai_c_rein","","","","","","","","","","","","","","","","","","","","true","","","","","","true","","","","","","","","","","","","","","","","","","","","","","","","","","","","","","","","","","","","","","","","","","","","","","",""
"Saddlery","OSA_ar_reforms_saddlery.xml","AR_horse_armor_u","{=osa_ar_horse_armor_u}Southern Half Mail Barding","HorseHarness","Culture.aserai","","AR_horse_armor_u","65","","","0.6","Chainmail","chain","","58","","","","","","","all","0","0","0","1","horse_harness_vlandia_b_rein","","","","","","","","","","","","","","","","","","","","true","","","","","","true","","","","","","","","","","","","","","","","","","","","","","","","","","","","","","","","","","","","","","","","","","","","","","",""
"Saddlery","OSA_ar_reforms_saddlery.xml","AR_horse_armor_u2","{=osa_ar_horse_armor_u2}Southern Half Mail Barding","HorseHarness","Culture.aserai","","AR_horse_armor_u2","65","","","0.6","Chainmail","chain","","58","","","","","","","all","0","0","0","1","horse_harness_vlandia_b_rein","","","","","","","","","","","","","","","","","","","","true","","","","","","true","","","","","","","","","","","","","","","","","","","","","","","","","","","","","","","","","","","","","","","","","","","","","","",""
"Saddlery","OSA_ar_reforms_saddlery.xml","AR_horse_armor_v","{=osa_ar_horse_armor_v}Eastern Half Iron Plate Barding","HorseHarness","Culture.khuzait","body_armor","AR_horse_armor_v","70","","0","1","Plate","plate","","58","","","","","","","all","","","","1","horse_harness_aserai_c_rein","","","","","","","","","","","","","","","","","","","","true","","","","","","","","","","","","","","","","","","","","","","","","","","","","","","","","","","","","","","","","","","","","","","","","","","","","",""
"Saddlery","OSA_ar_reforms_saddlery.xml","AR_horse_armor_w","{=osa_ar_horse_armor_w}Eastern Reinforced Iron Plate Barding","HorseHarness","Culture.khuzait","body_armor","AR_horse_armor_w","85","","0","0.6","Plate","plate","","65","","","","","","","all","","","","1","horse_harness_aserai_c_rein","","","","","","","","","","","","","","","","","","","","true","","","","","","","","","","","","","","","","","","","","","","","","","","","","","","","","","","","","","","","","","","","","","","","","","","","","",""
"Saddlery","OSA_ar_reforms_saddlery.xml","AR_horse_armor_x","{=osa_ar_horse_armor_x}Eastern Reinforced Iron Plate and Mail Barding","HorseHarness","Culture.khuzait","body_armor","AR_horse_armor_x","95","","0","0.6","Plate","plate","","75","","","","","","","all","","","","1","horse_harness_aserai_c_rein","","","","","","","","","","","","","","","","","","","","true","","","","","","","","","","","","","","","","","","","","","","","","","","","","","","","","","","","","","","","","","","","","","","","","","","","","",""
"Saddlery","OSA_ar_reforms_saddlery.xml","AR_horse_armor_y","{=osa_ar_horse_armor_y}Eastern Half Lamellar Barding","HorseHarness","Culture.khuzait","body_armor","AR_horse_armor_y","80","","0","0.5","Chainmail","chain","","60","","","","","","","all","","","","1","horse_harness_aserai_c_rein","","","","","","","","","","","","","","","","","","","","true","","","","","","","","","","","","","","","","","","","","","","","","","","","","","","","","","","","","","","","","","","","","","","","","","","","","",""
"Saddlery","OSA_ar_reforms_saddlery.xml","AR_horse_armor_y2","{=osa_ar_horse_armor_y2}Eastern Half Studded Barding","HorseHarness","Culture.khuzait","body_armor","AR_horse_armor_y2","135","","0","0.5","Leather","leather","","50","","","","","","","all","","","","1","horse_harness_khuzait_c_rein","","","","","","","","","","","","","","","","","","","","true","","","","","","","","","","","","","","","","","","","","","","","","","","","","","","","","","","","","","","","","","","","","","","","","","","","","",""
"Saddlery","OSA_ar_reforms_saddlery.xml","AR_horse_armor_y3","{=osa_ar_horse_armor_y3}Eastern Half Alternating Lamellar Barding","HorseHarness","Culture.khuzait","body_armor","AR_horse_armor_y3","80","","0","0.5","Chainmail","chain","","60","","","","","","","all","","","","1","horse_harness_aserai_c_rein","","","","","","","","","","","","","","","","","","","","true","","","","","","","","","","","","","","","","","","","","","","","","","","","","","","","","","","","","","","","","","","","","","","","","","","","","",""
"Saddlery","OSA_ar_reforms_saddlery.xml","AR_horse_armor_z","{=osa_ar_horse_armor_z}Eastern Lamellar Barding","HorseHarness","Culture.khuzait","body_armor","AR_horse_armor_z","135","","0","0.5","Chainmail","chain","","75","","","","","","","all","","","","1","horse_harness_aserai_c_rein","","","","","","","","","","","","","","","","","","","","true","","","","","","","","","","","","","","","","","","","","","","","","","","","","","","","","","","","","","","","","","","","","","","","","","","","","",""
"Saddlery","OSA_ar_reforms_saddlery.xml","AR_horse_armor_z2","{=osa_ar_horse_armor_z2}Eastern Studded Barding","HorseHarness","Culture.khuzait","body_armor","AR_horse_armor_z2","135","","0","0.5","Leather","leather","","60","","","","","","","all","","","","1","horse_harness_khuzait_c_rein","","","","","","","","","","","","","","","","","","","","true","","","","","","","","","","","","","","","","","","","","","","","","","","","","","","","","","","","","","","","","","","","","","","","","","","","","",""
"Saddlery","OSA_ar_reforms_saddlery.xml","AR_horse_armor_z3","{=osa_ar_horse_armor_z3}Eastern Alternating Lamellar Barding","HorseHarness","Culture.khuzait","body_armor","AR_horse_armor_z3","135","","0","0.5","Chainmail","chain","","75","","","","","","","all","","","","1","horse_harness_aserai_c_rein","","","","","","","","","","","","","","","","","","","","true","","","","","","","","","","","","","","","","","","","","","","","","","","","","","","","","","","","","","","","","","","","","","","","","","","","","",""
"Saddlery","OSA_ar_reforms_saddlery.xml","AR_horse_armor_zaa","{=osa_ar_horse_armor_zaa}Imperial Gilded Half Scale Barding","HorseHarness","Culture.empire","body_armor","AR_horse_armor_zaa","80","","0","0.5","Chainmail","","","60","","","","","","","all","","","","1","AR_horse_armor_zaa_rein","","","","","","","","","","","","","","","","","","","","true","","","","","","","","","","","","","","","","","","","","","","","","","","","","","","","","","","","","","","","","","","","","","","","","","","","","",""
"Saddlery","OSA_ar_reforms_saddlery.xml","AR_horse_armor_zab","{=osa_ar_horse_armor_zab}Imperial Gilded Scale Barding","HorseHarness","Culture.empire","body_armor","AR_horse_armor_zab","135","","0","0.5","Chainmail","","","75","","","","","","","all","","","","1","AR_horse_armor_zaa_rein","","","","","","","","","","","","","","","","","","","","true","","","","","","","","","","","","","","","","","","","","","","","","","","","","","","","","","","","","","","","","","","","","","","","","","","","","",""
"Saddlery","OSA_ar_reforms_saddlery.xml","AR_horse_armor_zac","{=osa_ar_horse_armor_zac}Imperial Silvered Half Scale Barding","HorseHarness","Culture.empire","body_armor","AR_horse_armor_zac","80","","0","0.5","Chainmail","","","60","","","","","","","all","","","","1","AR_horse_armor_zac_rein","","","","","","","","","","","","","","","","","","","","true","","","","","","","","","","","","","","","","","","","","","","","","","","","","","","","","","","","","","","","","","","","","","","","","","","","","",""
"Saddlery","OSA_ar_reforms_saddlery.xml","AR_horse_armor_zad","{=osa_ar_horse_armor_zad}Imperial Silvered Scale Barding","HorseHarness","Culture.empire","body_armor","AR_horse_armor_zad","135","","0","0.5","Chainmail","","","75","","","","","","","all","","","","1","AR_horse_armor_zac_rein","","","","","","","","","","","","","","","","","","","","true","","","","","","","","","","","","","","","","","","","","","","","","","","","","","","","","","","","","","","","","","","","","","","","","","","","","",""
"Saddlery","OSA_ar_reforms_saddlery.xml","AR_horse_armor_zae","{=osa_ar_horse_armor_zae}Northern Iron Scale Barding","HorseHarness","Culture.sturgia","","AR_horse_armor_zae","82","","","0.9","Chainmail","","","60","","","","","","","all","","","","1","horse_harness_roman_b_new_rein","","","","","","","","","","","","","","","","","","","","true","","","","","","","","","","","","","","","","","","","","","","","","","","","","","","","","","","","","","","","","","","","","","","","","","","","","",""
"Saddlery","OSA_ar_reforms_saddlery.xml","AR_horse_armor_zae2","{=osa_ar_horse_armor_zae2}Northern Steel Scale Barding","HorseHarness","Culture.sturgia","","AR_horse_armor_zae2","82","","","0.9","Chainmail","","","60","","","","","","","all","","","","1","horse_harness_roman_b_new_rein","","","","","","","","","","","","","","","","","","","","true","","","","","","","","","","","","","","","","","","","","","","","","","","","","","","","","","","","","","","","","","","","","","","","","","","","","",""
"Saddlery","OSA_ar_reforms_saddlery.xml","AR_horse_armor_zaf","{=osa_ar_horse_armor_zaf}Northern Ringed Mail Barding","HorseHarness","Culture.sturgia","","AR_horse_armor_zaf","82","","","0.9","Chainmail","","","60","","","","","","","all","","","","1","horse_harness_sturgia_a_rein","","","","","","","","","","","","","","","","","","","","true","","","","","","","","","","","","","","","","","","","","","","","","","","","","","","","","","","","","","","","","","","","","","","","","","","","","",""
"Saddlery","OSA_ar_reforms_saddlery.xml","AR_horse_armor_zag","{=osa_ar_horse_armor_zag}Northern Chainmail Barding","HorseHarness","Culture.sturgia","","AR_horse_armor_zag","82","","","0.9","Chainmail","","","58","","","","","","","all","","","","1","horse_harness_roman_b_new_rein","","","","","","","","","","","","","","","","","","","","true","","","","","","","","","","","","","","","","","","","","","","","","","","","","","","","","","","","","","","","","","","","","","","","","","","","","",""
"Saddlery","OSA_ar_reforms_saddlery.xml","AR_horse_armor_zah","{=osa_ar_horse_armor_zah}Western Light Harness","HorseHarness","Culture.vlandia","","AR_horse_armor_zah","20","","","1","Leather","","","10","","","","","","","none","0","0","0","1","horse_harness_imperial_a_rein","","","","","","","","","","","","","","","","","","","","true","","","","","","","","","","","","","","","","","","","","","","","","","","","","","","","","","","","","","","","","","","","","","","","","","","","","",""
"Saddlery","OSA_ar_reforms_saddlery.xml","AR_horse_armor_zai","{=osa_ar_horse_armor_zai}Western Heavy Harness","HorseHarness","Culture.vlandia","body_armor","AR_horse_armor_zah","30","","","1","Leather","leather","","12","","","","","","","none","","","","1","horse_harness_vlandia_b_rein","","","","","","","","","","","","","","","","","","","","true","","","","","","","","","","","","","","","","","","","","","","","","","","","","","","","","","","","","","","","","","","","","","","","","","","","","",""
"Saddlery","OSA_ar_reforms_saddlery.xml","AR_horse_armor_zaj","{=osa_ar_horse_armor_zaj}Western Heavy Padded Barding","HorseHarness","Culture.vlandia","body_armor","AR_horse_armor_zaj","135","","0","0.5","Plate","plate","","40","","","","","","","all","","","","1","horse_harness_e_rein","","","","","","","","","","","","","","","","","","","","true","","","","","","true","","","","","","","","","","","","","","","","","","","","","","","","","","","","","","","","","","","","","","","","","","","","","","",""
"Saddlery","OSA_ar_reforms_saddlery.xml","AR_horse_armor_zak","{=osa_ar_horse_armor_zak}Western Padded Barding","HorseHarness","Culture.vlandia","body_armor","AR_horse_armor_zak","110","","0","0.5","Plate","plate","","35","","","","","","","none","","","","1","horse_harness_vlandia_b_rein","","","","","","","","","","","","","","","","","","","","true","","","","","","true","","","","","","","","","","","","","","","","","","","","","","","","","","","","","","","","","","","","","","","","","","","","","","",""
"Saddlery","OSA_ar_reforms_saddlery.xml","AR_horse_armor_zal","{=osa_ar_horse_armor_zal}Western Half Padded Barding","HorseHarness","Culture.vlandia","body_armor","AR_horse_armor_zal","70","","0","0.5","Plate","plate","","30","","","","","","","all","","","","1","horse_harness_vlandia_b_rein","","","","","","","","","","","","","","","","","","","","true","","","","","","true","","","","","","","","","","","","","","","","","","","","","","","","","","","","","","","","","","","","","","","","","","","","","","",""
"Saddlery","OSA_ar_reforms_saddlery.xml","AR_horse_armor_zam","{=osa_ar_horse_armor_zam}Western Heavy Padded Mail Barding","HorseHarness","Culture.vlandia","","AR_horse_armor_zam","65","","","0.6","Chainmail","chain","","60","","","","","","","all","0","0","0","1","horse_harness_vlandia_a_rein","","","","","","","","","","","","","","","","","","","","true","","","","","","true","","","","","","","","","","","","","","","","","","","","","","","","","","","","","","","","","","","","","","","","","","","","","","",""
"Saddlery","OSA_ar_reforms_saddlery.xml","AR_horse_armor_zan","{=osa_ar_horse_armor_zan}Western Padded Mail Barding","HorseHarness","Culture.vlandia","","AR_horse_armor_zan","65","","","0.6","Chainmail","chain","","58","","","","","","","all","0","0","0","1","horse_harness_vlandia_b_rein","","","","","","","","","","","","","","","","","","","","true","","","","","","true","","","","","","","","","","","","","","","","","","","","","","","","","","","","","","","","","","","","","","","","","","","","","","",""
"Saddlery","OSA_ar_reforms_saddlery.xml","AR_horse_armor_zao","{=osa_ar_horse_armor_zao}Western Reinforced Chainmail Barding","HorseHarness","Culture.vlandia","","AR_horse_armor_zao","130","","","0.5","Chainmail","","","64","","","","","","","all","0","0","0","1","horse_harness_vlandia_a_rein","","","","","","","","","","","","","","","","","","all","","true","","","","","","","","","","","","","","","","","","","","","","","","","","","","","","","","","","","","","","","","","","","","","","","","","","","","",""
"Saddlery","OSA_ar_reforms_saddlery.xml","AR_horse_armor_zap","{=osa_ar_horse_armor_zap}Southern Half Plate Barding","HorseHarness","Culture.aserai","body_armor","AR_horse_armor_zap","90","","0","0.6","Plate","plate","","60","","","","","","","all","","","","1","horse_harness_aserai_c_rein","","","","","","","","","","","","","","","","","","","","true","","","","","","","","","","","","","","","","","","","","","","","","","","","","","","","","","","","","","","","","","","","","","","","","","","","","",""
"Saddlery","OSA_ar_reforms_saddlery.xml","AR_horse_armor_zap2","{=osa_ar_horse_armor_zap2}Southern Plate Barding","HorseHarness","Culture.aserai","body_armor","AR_horse_armor_zap2","145","","0","0.4","Plate","plate","","70","","","","","","","all","","","","1","horse_harness_aserai_c_rein","","","","","","","","","","","","","","","","","","","","true","","","","","","","","","","","","","","","","","","","","","","","","","","","","","","","","","","","","","","","","","","","","","","","","","","","","",""
"Saddlery","OSA_ar_reforms_saddlery.xml","AR_horse_armor_zaq","{=osa_ar_horse_armor_zaq}Southern Half Mail And Plate Barding","HorseHarness","Culture.aserai","body_armor","AR_horse_armor_zaq","90","","0","0.6","Plate","plate","","60","","","","","","","all","","","","1","horse_harness_aserai_c_rein","","","","","","","","","","","","","","","","","","","","true","","","","","","","","","","","","","","","","","","","","","","","","","","","","","","","","","","","","","","","","","","","","","","","","","","","","",""
"Saddlery","OSA_ar_reforms_saddlery.xml","AR_horse_armor_zaq2","{=osa_ar_horse_armor_zaq2}Southern Mail And Plate Barding","HorseHarness","Culture.aserai","body_armor","AR_horse_armor_zaq2","145","","0","0.4","Plate","plate","","70","","","","","","","all","","","","1","horse_harness_aserai_c_rein","","","","","","","","","","","","","","","","","","","","true","","","","","","","","","","","","","","","","","","","","","","","","","","","","","","","","","","","","","","","","","","","","","","","","","","","","",""
"Saddlery","OSA_ar_reforms_saddlery.xml","AR_horse_armor_zar","{=osa_ar_horse_armor_zar}Western Heavy Cloth Barding","HorseHarness","Culture.vlandia","body_armor","AR_horse_armor_zar","135","","0","0.5","Plate","plate","","40","","","","","","","all","","","","1","horse_harness_e_rein","","","","","","","","","","","","","","","","","","","","true","","","","","","true","","","","","","","","","","","","","","","","","","","","","","","","","","","","","","","","","","","","","","","","","","","","","","",""
"Saddlery","OSA_ar_reforms_saddlery.xml","AR_horse_armor_zas","{=osa_ar_horse_armor_zak}Western Cloth Barding","HorseHarness","Culture.vlandia","body_armor","AR_horse_armor_zas","110","","0","0.5","Plate","plate","","35","","","","","","","none","","","","1","horse_harness_vlandia_b_rein","","","","","","","","","","","","","","","","","","","","true","","","","","","true","","","","","","","","","","","","","","","","","","","","","","","","","","","","","","","","","","","","","","","","","","","","","","",""
"Saddlery","OSA_ar_reforms_saddlery.xml","AR_horse_armor_zat","{=osa_ar_horse_armor_zal}Western Half Cloth Barding","HorseHarness","Culture.vlandia","body_armor","AR_horse_armor_zat","70","","0","0.5","Plate","plate","","30","","","","","","","all","","","","1","horse_harness_vlandia_b_rein","","","","","","","","","","","","","","","","","","","","true","","","","","","true","","","","","","","","","","","","","","","","","","","","","","","","","","","","","","","","","","","","","","","","","","","","","","",""
"Saddlery","OSA_ar_reforms_saddlery.xml","AR_horse_armor_zau","{=osa_ar_horse_armor_zau}Western Half Cloth Barding","HorseHarness","Culture.vlandia","body_armor","AR_horse_armor_zau","135","","0","0.5","Leather","leather","","40","","","","","","","all","","","","1","horse_harness_imperial_a_rein","","","","","","","","","","","","","","","","","","","","true","","","","","","true","","","","","","","","","","","","","","","","","","","","","","","","","","","","","","","","","","","","","","","","","","","","","","",""
"Saddlery","OSA_ar_reforms_saddlery.xml","AR_horse_armor_za","{=osa_ar_horse_armor_za}Reinforced Studded Leather Barding","HorseHarness","Culture.khuzait","body_armor","horse_harness_khuzait_c_clotest","90","","0","0.6","Chainmail","chain","","60","","","","","","","all","","","","1","horse_harness_aserai_c_rein","","","","","","","","","","","","","","","","","","","","true","","","","","","","","","","","","","","","","","","","","","","","","","","","","","","","","","","","","","","","","","","","","","","","","","","","","",""
"Saddlery","OSA_ar_reforms_saddlery.xml","AR_horse_armor_zb","{=osa_ar_horse_armor_zb}Imperial Stripped Noble Harness","HorseHarness","Culture.empire","body_armor","horse_harness_imperial_a_clotest","30","","0","1","Leather","leather","","18","","","","","","","none","","","","1","horse_harness_imperial_b_rein","","","","","","","","","","","","","","","","","","","","true","","","","","","","","","","","","","","","","","","","","","","","","","","","","","","","","","","","","","","","","","","","","","","","","","","","","",""
"Saddlery","OSA_ar_reforms_saddlery.xml","AR_horse_armor_zc","{=osa_ar_horse_armor_zc}Imperial Noble Harness","HorseHarness","Culture.empire","","horse_harness_a_new","26","","","1","Leather","leather","","12","","","","","","","none","","","","1","horse_harness_imperial_b_rein","","","","","","","","","","","","","","","","","","","","true","","","","","","","","","","","","","","","","","","","","","","","","","","","","","","","","","","","","","","","","","","","","","","","","","","","","",""
"Saddlery","OSA_ar_reforms_saddlery.xml","AR_horse_armor_zd","{=osa_ar_horse_armor_zd}Northern Plated Ring Barding","HorseHarness","Culture.sturgia","","horse_harness_sturgia_a_clotest","88","","","0.9","Chainmail","chain","","47","","","","","","","all","","","","1","horse_harness_roman_b_new_rein","","","","","","","","","","","","","","","","","","","","true","","","","","","","","","","","","","","","","","","","","","","","","","","","","","","","","","","","","","","","","","","","","","","","","","","","","",""
"Saddlery","OSA_ar_reforms_saddlery.xml","AR_horse_armor_ze","{=osa_ar_horse_armor_ze}Southern Heavy Harness","HorseHarness","Culture.aserai","body_armor","horse_harness_aserai_b_clotest","27","","0","1","Cloth","cloth","","12","","","","","","","none","","","","1","horse_harness_vlandia_b_rein","","","","","","","","","","","","","","","","","","","","true","","","","","","","","","","","","","","","","","","","","","","","","","","","","","","","","","","","","","","","","","","","","","","","","","","","","",""
"Saddlery","OSA_ar_reforms_saddlery.xml","AR_horse_armor_zf","{=osa_ar_horse_armor_zf}Steppe Heavy Saddle","HorseHarness","Culture.khuzait","body_armor","horse_harness_khuzait_b_clotest","23.5","","0","1","Chainmail","chain","","12","","","","","","","none","","","","1","horse_harness_khuzait_c_rein","","","","","","","","","","","","","","","","","","","","true","","","","","","","","","","","","","","","","","","","","","","","","","","","","","","","","","","","","","","","","","","","","","","","","","","","","",""
"Saddlery","OSA_ar_reforms_saddlery.xml","AR_horse_armor_zg","{=osa_ar_horse_armor_zg}Imperial Light Harness","HorseHarness","Culture.empire","","horse_harness_roman_b_new","22","","","1","Leather","leather","","9","","","","","","","none","","","","1","horse_harness_a_new_rein","","","","","","","","","","","","","","","","","","","","true","","","","","","","","","","","","","","","","","","","","","","","","","","","","","","","","","","","","","","","","","","","","","","","","","","","","",""
"Saddlery","OSA_ar_reforms_saddlery.xml","AR_horse_armor_zh","{=osa_ar_horse_armor_zh}Steppe Heavy Fur Harness","HorseHarness","Culture.khuzait","body_armor","horse_harness_khuzait_a_clotest","25.5","","0","1","Chainmail","","","18","","","","","","","none","","","","1","horse_harness_khuzait_c_rein","","","","","","","","","","","","","","","","","","","","true","","","","","","","","","","","","","","","","","","","","","","","","","","","","","","","","","","","","","","","","","","","","","","","","","","","","",""
"Saddlery","OSA_ar_reforms_saddlery.xml","AR_horse_armor_zi","{=osa_ar_horse_armor_zi}Northern Heavy Noble Harness","HorseHarness","Culture.sturgia","","horse_harness_sturgia_b_clotest","35","","","1","Leather","","","17","","","","","","","none","","","","1","horse_harness_sturgia_a_rein","","","","","","","","","","","","","","","","","","","","true","","","","","","","","","","","","","","","","","","","","","","","","","","","","","","","","","","","","","","","","","","","","","","","","","","","","",""
"Saddlery","OSA_dz_custom_saddlery.xml","DZ_horse_armor_a","{=osa_dz_horse_armor_a}Imperial Silvered Lamellar Heavy Barding","HorseHarness","Culture.empire","body_armor","DZ_horse_armor_a","135","","0","0.5","Plate","plate","","75","","","","","","","all","","","","1","horse_harness_e_rein","","","","","","","","","","","","","","","","","","","","true","","","","","","","","","","","","","","","","","","","","","","","","","","","","","","","","","","","","","","","","","","","","","","","","","","","","",""
"Saddlery","OSA_dz_custom_saddlery.xml","DZ_horse_armor_b","{=osa_dz_horse_armor_b}Imperial Silvered Lamellar Barding","HorseHarness","Culture.empire","body_armor","DZ_horse_armor_b","110","","0","0.5","Plate","plate","","60","","","","","","","none","","","","1","horse_harness_roman_b_new_rein","","","","","","","","","","","","","","","","","","","","true","","","","","","","","","","","","","","","","","","","","","","","","","","","","","","","","","","","","","","","","","","","","","","","","","","","","",""
"Saddlery","OSA_dz_custom_saddlery.xml","DZ_horse_armor_c","{=osa_dz_horse_armor_c}Imperial Lamellar Heavy Barding","HorseHarness","Culture.empire","body_armor","DZ_horse_armor_c","135","","0","0.5","Plate","plate","","75","","","","","","","all","","","","1","horse_harness_e_rein","","","","","","","","","","","","","","","","","","","","true","","","","","","","","","","","","","","","","","","","","","","","","","","","","","","","","","","","","","","","","","","","","","","","","","","","","",""
"Saddlery","OSA_dz_custom_saddlery.xml","DZ_horse_armor_d","{=osa_dz_horse_armor_d}Imperial Lamellar Barding","HorseHarness","Culture.empire","body_armor","DZ_horse_armor_d","110","","0","0.5","Plate","plate","","60","","","","","","","none","","","","1","horse_harness_roman_b_new_rein","","","","","","","","","","","","","","","","","","","","true","","","","","","","","","","","","","","","","","","","","","","","","","","","","","","","","","","","","","","","","","","","","","","","","","","","","",""
"Saddlery","OSA_dz_custom_saddlery.xml","DZ_horse_armor_e","{=osa_dz_horse_armor_e}Imperial Half Silvered Lamellar Heavy Barding","HorseHarness","Culture.empire","body_armor","DZ_horse_armor_e","80","","0","0.5","Plate","plate","","50","","","","","","","all","","","","1","horse_harness_imperial_a_rein","","","","","","","","","","","","","","","","","","","","true","","","","","","","","","","","","","","","","","","","","","","","","","","","","","","","","","","","","","","","","","","","","","","","","","","","","",""
"Saddlery","OSA_dz_custom_saddlery.xml","DZ_horse_armor_f","{=osa_dz_horse_armor_f}Imperial Half Silvered Lamellar Barding","HorseHarness","Culture.empire","body_armor","DZ_horse_armor_f","70","","0","0.5","Plate","plate","","50","","","","","","","all","","","","1","horse_harness_roman_b_new_rein","","","","","","","","","","","","","","","","","","","","true","","","","","","","","","","","","","","","","","","","","","","","","","","","","","","","","","","","","","","","","","","","","","","","","","","","","",""
"Saddlery","OSA_dz_custom_saddlery.xml","DZ_horse_armor_g","{=osa_dz_horse_armor_g}Imperial Half Lamellar Heavy Barding","HorseHarness","Culture.empire","body_armor","DZ_horse_armor_g","80","","0","0.5","Plate","plate","","50","","","","","","","all","","","","1","horse_harness_imperial_a_rein","","","","","","","","","","","","","","","","","","","","true","","","","","","","","","","","","","","","","","","","","","","","","","","","","","","","","","","","","","","","","","","","","","","","","","","","","",""
"Saddlery","OSA_dz_custom_saddlery.xml","DZ_horse_armor_h","{=osa_dz_horse_armor_h}Imperial Half Lamellar Barding","HorseHarness","Culture.empire","body_armor","DZ_horse_armor_h","70","","0","0.5","Plate","plate","","50","","","","","","","all","","","","1","horse_harness_roman_b_new_rein","","","","","","","","","","","","","","","","","","","","true","","","","","","","","","","","","","","","","","","","","","","","","","","","","","","","","","","","","","","","","","","","","","","","","","","","","",""
"Saddlery","OSA_tv_custom_saddlery.xml","tv_camel_armor_a","{=osa_tv_camel_armor_a}Southern Brass Half Scale Dromedary Barding","HorseHarness","Culture.aserai","","tv_camel_armor_a","80","","","1","Plate","plate","","60","","","","","","","all","","","","2","","","","","","","","","","","","","","","","","","","","","true","","","","","","","","","","","","","","true","","","","","","","","","","","","","","","","","","","","","","","","","","","","","","","","","","","","","","",""
"Saddlery","OSA_tv_custom_saddlery.xml","tv_camel_armor_b","{=osa_tv_camel_armor_b}Southern Steel Half Scale Dromedary Barding","HorseHarness","Culture.aserai","","tv_camel_armor_b","80","","","1","Plate","plate","","60","","","","","","","all","","","","2","","","","","","","","","","","","","","","","","","","","","true","","","","","","","","","","","","","","true","","","","","","","","","","","","","","","","","","","","","","","","","","","","","","","","","","","","","","",""
"Saddlery","OSA_tv_custom_saddlery.xml","tv_camel_armor_c","{=osa_tv_camel_armor_c}Southern Brass Scale Dromedary Barding","HorseHarness","Culture.aserai","","tv_camel_armor_c","140","","","1","Plate","plate","","75","","","","","","","all","","","","2","","","","","","","","","","","","","","","","","","","","","true","","","","","","","","","","","","","","true","","","","","","","","","","","","","","","","","","","","","","","","","","","","","","","","","","","","","","",""
"Saddlery","OSA_tv_custom_saddlery.xml","tv_camel_armor_d","{=osa_tv_camel_armor_d}Southern Steel Scale Dromedary Barding","HorseHarness","Culture.aserai","","tv_camel_armor_d","140","","","1","Plate","plate","","75","","","","","","","all","","","","2","","","","","","","","","","","","","","","","","","","","","true","","","","","","","","","","","","","","true","","","","","","","","","","","","","","","","","","","","","","","","","","","","","","","","","","","","","","",""
"Saddlery","OSA_tv_custom_saddlery.xml","tv_camel_armor_e","{=osa_tv_camel_armor_e}Southern Half Studded Leather Dromedary Barding","HorseHarness","Culture.aserai","","tv_camel_armor_e","70","","","1","Chainmail","chain","","50","","","","","","","all","","","","2","","","","","","","","","","","","","","","","","","","","","true","","","","","","","","","","","","","","true","","","","","","","","","","","","","","","","","","","","","","","","","","","","","","","","","","","","","","",""
"Saddlery","OSA_tv_custom_saddlery.xml","tv_camel_armor_f","{=osa_tv_camel_armor_f}Southern Studded Leather Dromedary Barding","HorseHarness","Culture.aserai","","tv_camel_armor_f","85","","","1","Chainmail","chain","","60","","","","","","","all","","","","2","","","","","","","","","","","","","","","","","","","","","true","","","","","","","","","","","","","","true","","","","","","","","","","","","","","","","","","","","","","","","","","","","","","","","","","","","","","",""
"Saddlery","OSA_tv_custom_saddlery.xml","tv_camel_armor_g","{=osa_tv_camel_armor_g}Southern Half Padded Leather Dromedary Barding","HorseHarness","Culture.aserai","","tv_camel_armor_g","70","","","1","Leather","leather","","35","","","","","","","all","","","","2","","","","","","","","","","","","","","","","","","","","","true","","","","","","","","","","","","","","true","","","","","","","","","","","","","","","","","","","","","","","","","","","","","","","","","","","","","","",""
"Saddlery","OSA_tv_custom_saddlery.xml","tv_camel_armor_h","{=osa_tv_camel_armor_h}Southern Padded Leather Dromedary Barding","HorseHarness","Culture.aserai","","tv_camel_armor_h","85","","","1","Leather","leather","","40","","","","","","","all","","","","2","","","","","","","","","","","","","","","","","","","","","true","","","","","","","","","","","","","","true","","","","","","","","","","","","","","","","","","","","","","","","","","","","","","","","","","","","","","",""
"Saddlery","OSA_tv_custom_saddlery.xml","tv_camel_armor_i","{=osa_tv_camel_armor_i}Southern Half Wicker Dromedary Barding","HorseHarness","Culture.aserai","","tv_camel_armor_i","60","","","1","Leather","leather","","30","","","","","","","all","","","","2","","","","","","","","","","","","","","","","","","","","","true","","","","","","","","","","","","","","true","","","","","","","","","","","","","","","","","","","","","","","","","","","","","","","","","","","","","","",""
"Saddlery","OSA_tv_custom_saddlery.xml","tv_camel_armor_j","{=osa_tv_camel_armor_j}Southern Wicker Dromedary Barding","HorseHarness","Culture.aserai","","tv_camel_armor_j","70","","","1","Leather","leather","","35","","","","","","","all","","","","2","","","","","","","","","","","","","","","","","","","","","true","","","","","","","","","","","","","","true","","","","","","","","","","","","","","","","","","","","","","","","","","","","","","","","","","","","","","",""
"Saddlery","OSA_tv_custom_saddlery.xml","TV_horse_armor_a","{=osa_tv_horse_armor_a}Western Heavy Steel Scale Barding","HorseHarness","Culture.vlandia","body_armor","TV_horse_armor_a","135","","0","0.5","Plate","plate","","75","","","","","","","all","","","","1","horse_harness_e_rein","","","","","","","","","","","","","","","","","","","","true","","","","","","","","","","","","","","","","","","","","","","","","","","","","","","","","","","","","","","","","","","","","","","","","","","","","",""
"Saddlery","OSA_tv_custom_saddlery.xml","TV_horse_armor_a2","{=osa_tv_horse_armor_a2}Western Heavy Lamellar Barding","HorseHarness","Culture.vlandia","body_armor","TV_horse_armor_a2","135","","0","0.5","Plate","plate","","75","","","","","","","all","","","","1","horse_harness_e_rein","","","","","","","","","","","","","","","","","","","","true","","","","","","","","","","","","","","","","","","","","","","","","","","","","","","","","","","","","","","","","","","","","","","","","","","","","",""
"Saddlery","OSA_tv_custom_saddlery.xml","TV_horse_armor_a3","{=osa_tv_horse_armor_a3}Western Heavy Padded Barding","HorseHarness","Culture.vlandia","body_armor","TV_horse_armor_a3","135","","0","0.5","Plate","plate","","40","","","","","","","all","","","","1","horse_harness_e_rein","","","","","","","","","","","","","","","","","","","","true","","","","","","","","","","","","","","","","","","","","","","","","","","","","","","","","","","","","","","","","","","","","","","","","","","","","",""
"Saddlery","OSA_tv_custom_saddlery.xml","TV_horse_armor_b","{=osa_tv_horse_armor_b}Western Steel Scale Barding","HorseHarness","Culture.vlandia","body_armor","TV_horse_armor_b","110","","0","0.5","Plate","plate","","60","","","","","","","none","","","","1","horse_harness_vlandia_b_rein","","","","","","","","","","","","","","","","","","","","true","","","","","","","","","","","","","","","","","","","","","","","","","","","","","","","","","","","","","","","","","","","","","","","","","","","","",""
"Saddlery","OSA_tv_custom_saddlery.xml","TV_horse_armor_b2","{=osa_tv_horse_armor_b2}Western Lamellar Barding","HorseHarness","Culture.vlandia","body_armor","TV_horse_armor_b2","110","","0","0.5","Plate","plate","","60","","","","","","","none","","","","1","horse_harness_vlandia_b_rein","","","","","","","","","","","","","","","","","","","","true","","","","","","","","","","","","","","","","","","","","","","","","","","","","","","","","","","","","","","","","","","","","","","","","","","","","",""
"Saddlery","OSA_tv_custom_saddlery.xml","TV_horse_armor_b3","{=osa_tv_horse_armor_b3}Western Padded Barding","HorseHarness","Culture.vlandia","body_armor","TV_horse_armor_b3","110","","0","0.5","Plate","plate","","35","","","","","","","none","","","","1","horse_harness_vlandia_b_rein","","","","","","","","","","","","","","","","","","","","true","","","","","","","","","","","","","","","","","","","","","","","","","","","","","","","","","","","","","","","","","","","","","","","","","","","","",""
"Saddlery","OSA_tv_custom_saddlery.xml","TV_horse_armor_c","{=osa_tv_horse_armor_c}Western Half Steel Scale Barding","HorseHarness","Culture.vlandia","body_armor","TV_horse_armor_c","70","","0","0.5","Plate","plate","","50","","","","","","","all","","","","1","horse_harness_vlandia_b_rein","","","","","","","","","","","","","","","","","","","","true","","","","","","","","","","","","","","","","","","","","","","","","","","","","","","","","","","","","","","","","","","","","","","","","","","","","",""
"Saddlery","OSA_tv_custom_saddlery.xml","TV_horse_armor_c2","{=osa_tv_horse_armor_c2}Western Half Lamellar Barding","HorseHarness","Culture.vlandia","body_armor","TV_horse_armor_c2","70","","0","0.5","Plate","plate","","50","","","","","","","all","","","","1","horse_harness_vlandia_b_rein","","","","","","","","","","","","","","","","","","","","true","","","","","","","","","","","","","","","","","","","","","","","","","","","","","","","","","","","","","","","","","","","","","","","","","","","","",""
"Saddlery","OSA_tv_custom_saddlery.xml","TV_horse_armor_c3","{=osa_tv_horse_armor_c3}Western Half Padded Barding","HorseHarness","Culture.vlandia","body_armor","TV_horse_armor_c3","70","","0","0.5","Plate","plate","","30","","","","","","","all","","","","1","horse_harness_vlandia_b_rein","","","","","","","","","","","","","","","","","","","","true","","","","","","","","","","","","","","","","","","","","","","","","","","","","","","","","","","","","","","","","","","","","","","","","","","","","",""
"Saddlery","OSA_tv_custom_saddlery.xml","TV_horse_armor_d","{=osa_tv_horse_armor_d}Western Half Steel Scale Barding","HorseHarness","Culture.vlandia","body_armor","TV_horse_armor_d","80","","0","0.5","Chainmail","chain","","60","","","","","","","all","","","","1","horse_harness_imperial_a_rein","","","","","","","","","","","","","","","","","","","","true","","","","","","","","","","","","","","","","","","","","","","","","","","","","","","","","","","","","","","","","","","","","","","","","","","","","",""
"Saddlery","OSA_tv_custom_saddlery.xml","TV_horse_armor_d2","{=osa_tv_horse_armor_d2}Western Half Lamellar Barding","HorseHarness","Culture.vlandia","body_armor","TV_horse_armor_d2","17","","0","0.5","Chainmail","chain","90","50","60","5","","","","","all","","","","1","horse_harness_imperial_a_rein","","","","","","","","","","","","","","","","","","","","true","","","","","","","","","","","","","","","","","","","","","","","","","","","","","","","","","","","","","","","","","","","","","","","","","","","","",""
"Saddlery","OSA_tv_custom_saddlery.xml","TV_horse_armor_d3","{=osa_tv_horse_armor_d3}Western Half Padded Barding","HorseHarness","Culture.vlandia","body_armor","TV_horse_armor_d3","135","","0","0.5","Leather","leather","","40","","","","","","","all","","","","1","horse_harness_imperial_a_rein","","","","","","","","","","","","","","","","","","","","true","","","","","","true","","","","","","","","","","","","","","","","","","","","","","","","","","","","","","","","","","","","","","","","","","","","","","",""
